"aa_id"|"examschool"|"examschooltype"|"subject"|"result"|"gov"|"cat"|"qualification"|"piece"|"composer"|"piority"|"lastupdate"|"staffid"|"remarks"|"event"
"S008097"|""|"Music Audition"|"Vocal"|""|"N/A"|""|"ABRSM G8 [result pending] Aug 2012"|"Du bist die Ruh"|"Schubert"|2|"20120908173245"|"AA00003"|""|"MUSIC AUDITION-TOP SCHOOLS WEEKEND 2012"
"S008097"|""|"Music Audition"|"Vocal"|""|"N/A"|""|"Please also see recommendation letter from school music teacher"|""|""|2|"20120908173245"|"AA00003"|""|"MUSIC AUDITION-TOP SCHOOLS WEEKEND 2012"
"S008097"|""|"Music Audition"|"Trumpet"|""|"N/A"|""|"ABRSM G5 [107] Nov 2006"|"Etude (in form of a Cadenza)"|"Paolo Longinotti"|3|"20120908175527"|"AA00003"|""|"MUSIC AUDITION-TOP SCHOOLS WEEKEND 2012"
"S008097"|""|"Music Audition"|"Trumpet"|""|"N/A"|""|"ABRSM G2 [134] Oct 2005"|""|""|3|"20120908175527"|"AA00003"|""|"MUSIC AUDITION-TOP SCHOOLS WEEKEND 2012"
"S007155"|""|"Music Audition"|"Bassoon"|""|"N/A"|""|"ABRSM G6 [125] May 2012"|"Sonatine: 2nd Movement, Aria"|"Tansman"|2|"20120908185509"|"AA00003"|""|"MUSIC AUDITION-TOP SCHOOLS WEEKEND 2012"
"S007146"|""|"Music Audition"|"Violin"|""|"N/A"|""|"ABRSM G7 [130] Nov 2011"|"Violin Concerto in E minor Op.64"|"Felix Mendelssohn-Bartholdy"|1|"20120908191946"|"AA00003"|""|"MUSIC AUDITION-TOP SCHOOLS WEEKEND 2012"
"S007146"|""|"Music Audition"|"Violin"|""|"N/A"|""|"ABRSM G5 [127] Oct 2009"|"Concerto in E major Op.3 No. 12"|"Antonio Vivaldi"|1|"20120908191946"|"AA00003"|""|"MUSIC AUDITION-TOP SCHOOLS WEEKEND 2012"
"S007146"|""|"Music Audition"|"Oboe"|""|"N/A"|""|"ABRSM G7 [126] Apr 2012"|"Konzert VIIg/C1"|"Haydn"|2|"20120908192255"|"AA00003"|""|"MUSIC AUDITION-TOP SCHOOLS WEEKEND 2012"
"S007146"|""|"Music Audition"|"Oboe"|""|"N/A"|""|"ABRSM G4 [116] May 2010"|""|""|2|"20120908192255"|"AA00003"|""|"MUSIC AUDITION-TOP SCHOOLS WEEKEND 2012"
"S009132"|""|"Music Audition"|"Cello"|""|"N/A"|""|"ABRSM G8 [127] Oct 2011"|"Tarantella Op.23"|"William Henry Squire"|1|"20120908194645"|"AA00003"|""|"MUSIC AUDITION-TOP SCHOOLS WEEKEND 2012"
"S009132"|""|"Music Audition"|"Cello"|""|"N/A"|""|"ABRSM G6 [136] Nov 2009"|"Chant du Ménestrel Op.71"|"Alexander Glazunov"|1|"20120908194645"|"AA00003"|""|"MUSIC AUDITION-TOP SCHOOLS WEEKEND 2012"
"S009132"|""|"Music Audition"|"Piano"|""|"N/A"|""|"ABRSM G5 [116] Sep 2009"|""|""|2|"20120908195052"|"AA00003"|""|"MUSIC AUDITION-TOP SCHOOLS WEEKEND 2012"
"S004273"|""|"Music Audition"|"Cello"|""|"N/A"|""|"ABRSM G8 [136] Oct 2011"|"Sonata in E major Op. 38 1st Movement"|"Brahms"|1|"20120908200123"|"AA00003"|""|"MUSIC AUDITION-TOP SCHOOLS WEEKEND 2012"
"S004273"|""|"Music Audition"|"Piano"|""|"N/A"|""|"ABRSM G8 [130] Apr 2011"|""|""|2|"20120908200506"|"AA00003"|""|"MUSIC AUDITION-TOP SCHOOLS WEEKEND 2012"
"S004273"|""|"Music Audition"|"Piano"|""|"N/A"|""|"Trinity ATCL [result pending] Aug 2012"|"Intermezzo in A Op.118 No.2"|"Brahms"|2|"20120908200506"|"AA00003"|""|"MUSIC AUDITION-TOP SCHOOLS WEEKEND 2012"
"S004273"|""|"Music Audition"|"Cello"|""|"N/A"|""|"Trinity ATCL exam to be taken in Nov 2012"|"Prelude Suite No.1 BWV 1007 1st Movement"|"Bach"|1|"20120908200611"|"AA00003"|"Member of APA"|"MUSIC AUDITION-TOP SCHOOLS WEEKEND 2012"
"S005373"|""|"Music Audition"|"Viola"|""|"N/A"|""|"ABRSM G5 [114] May 2007"|""|""|2|"20120908202458"|"AA00003"|""|"MUSIC AUDITION-TOP SCHOOLS WEEKEND 2012"
"S005373"|""|"Music Audition"|"Violin"|""|"N/A"|""|"Trinity LTCL [86] Nov 2011"|"Partita No.2 (Allemande)"|"Bach"|1|"20120908202524"|"AA00003"|"Member of Dr Yip's"|"MUSIC AUDITION-TOP SCHOOLS WEEKEND 2012"
"S006132"|""|"Music Audition"|"Alto Saxophone"|""|"N/A"|""|"ABRSM G8 [133] Oct 2010"|"Sonata G minor BWV1020 1st Movement"|"Bach"|1|"20120908203622"|"AA00003"|""|"MUSIC AUDITION-TOP SCHOOLS WEEKEND 2012"
"S005373"|""|"Music Audition"|"Viola"|""|"N/A"|""|"ABRSM G8 [121] Oct 2010"|"Viola Concerto in B flat 3rd Movement"|"A. Stamitz"|2|"20120908204651"|"AA00003"|""|"MUSIC AUDITION-TOP SCHOOLS WEEKEND 2012"
"S009576"|""|"Music Audition"|"Violin"|""|"N/A"|""|"ABRSM G8 [126] Nov 2011"|"4 Romantic Pieces Op.75 for Violin and Piano, Cavatina, Allegro Moderato"|"Antonín Dvořák"|1|"20120908210125"|"AA00003"|""|"MUSIC AUDITION-TOP SCHOOLS WEEKEND 2012"
"S007155"|""|"Music Audition"|"Cello"|""|"N/A"|""|"ABRSM G8 [103] Nov 2010"|"Suite No.1 in G 1st Movement"|"Bach"|1|"20120908210226"|"AA00003"|"Member of: School Full Orchestra, School String Orchestra, School Wind Band"|"MUSIC AUDITION-TOP SCHOOLS WEEKEND 2012"
"S003935"|""|"Music Audition"|"Piano"|""|"N/A"|""|"ABRSM G8 [130] Oct 2009"|"Sonata in E flat major Hob. XVI:52 2nd Movement"|"Haydn"|1|"20120908211653"|"AA00003"|"Member of Diocesan Boys' School Senior Choir (member and accompanist)
Member of Diocesan Boys' School and Diocesan Girls' School Senior Mixed Choir (member and accompanist)"|"MUSIC AUDITION-TOP SCHOOLS WEEKEND 2012"
"S003935"|""|"Music Audition"|"Vocal"|""|"N/A"|""|"ABRSM G5 [133] Apr 2007"|""|""|2|"20120908212202"|"AA00003"|""|"MUSIC AUDITION-TOP SCHOOLS WEEKEND 2012"
"S003935"|""|"Music Audition"|"Vocal"|""|"N/A"|""|"ABRSM G8 [133] Aug 2011"|"Danza, danza, fanciulla gentile"|"Francesco Durante"|2|"20120908212202"|"AA00003"|""|"MUSIC AUDITION-TOP SCHOOLS WEEKEND 2012"
"S009641"|""|"Music Audition"|"Piano"|""|"N/A"|""|"ABRSM G8 [133] Apr 2012"|"Sonata in C minor Op.13 3rd Movement"|"Beethoven"|1|"20120908212923"|"AA00003"|""|"MUSIC AUDITION-TOP SCHOOLS WEEKEND 2012"
"S009641"|""|"Music Audition"|"Piano"|""|"N/A"|""|"ABRSM G6 [111] Nov 2008"|"King for a Day"|"Dave Brubeck"|1|"20120908212923"|"AA00003"|""|"MUSIC AUDITION-TOP SCHOOLS WEEKEND 2012"
"S005378"|""|"Music Audition"|"Oboe"|""|"N/A"|""|"ABRSM G5 [108] May 2010"|"Six Metamorphoses after Ovid No.3"|"Britten"|1|"20120913191418"|"AA00003"|""|"MUSIC AUDITION-TOP SCHOOLS WEEKEND 2012"
"S005378"|""|"Music Audition"|"Piano"|""|"N/A"|""|"ABRSM G6 [100] Sep 2010"|"Allegro: 1st Movement from Sonata in D, K. 284/205b"|"Mozart"|2|"20120913191910"|"AA00003"|""|"MUSIC AUDITION-TOP SCHOOLS WEEKEND 2012"
"S005378"|""|"Music Audition"|"Piano"|""|"N/A"|""|"ABRSM G4 [110] Oct 2008"|""|""|2|"20120913191910"|"AA00003"|""|"MUSIC AUDITION-TOP SCHOOLS WEEKEND 2012"
"S010005"|""|"Music Audition"|"Piano"|""|"N/A"|""|"ABRSM G5 [126] Sep 2008"|"Sonata in F Major HOB.XVI:23 1st Movement"|"Haydn"|1|"20120913193139"|"AA00003"|""|"MUSIC AUDITION-TOP SCHOOLS WEEKEND 2012"
"S010005"|""|"Music Audition"|"Violin"|""|"N/A"|""|"N/A"|""|""|2|"20120913193222"|"AA00003"|""|"MUSIC AUDITION-TOP SCHOOLS WEEKEND 2012"
"S010005"|""|"Music Audition"|"Piano"|""|"N/A"|""|"ABRSM G8 [130] Nov 2010"|"French Suite No.5 in G BWV 816 1. Allemande 2. Courante"|"Bach"|1|"20120913193256"|"AA00003"|"Member of Dr Yip's"|"MUSIC AUDITION-TOP SCHOOLS WEEKEND 2012"
"S009342"|""|"Music Audition"|"Violin"|""|"N/A"|""|"Trinity LTCL [74] Apr 2012"|"Concerto in D major, K218 1st Movement"|"Mozart"|1|"20120913200204"|"AA00003"|"Member of Dr Yip's"|"MUSIC AUDITION-TOP SCHOOLS WEEKEND 2012"
"S009696"|""|"Music Audition"|"Piano"|""|"N/A"|""|"ABRSM G8 [122] Oct 2008"|"The Puppet's Dance, No.5 from Puppets, Book 1"|"Martinů"|2|"20120913201524"|"AA00003"|""|"MUSIC AUDITION-TOP SCHOOLS WEEKEND 2012"
"S009696"|""|"Music Audition"|"Piano"|""|"N/A"|""|"ABRSM G6 [125] Sep 2006"|""|""|2|"20120913201524"|"AA00003"|""|"MUSIC AUDITION-TOP SCHOOLS WEEKEND 2012"
"S009696"|""|"Music Audition"|"Viola"|""|"N/A"|""|""|"Notturno for Viola and Piano, Op.42 2nd Movement"|"Beethoven"|1|"20120913201914"|"AA00003"|""|"MUSIC AUDITION-TOP SCHOOLS WEEKEND 2012"
"S009696"|""|"Music Audition"|"Violin & Guzheng (Chinese zither)"|""|"N/A"|""|"Violin- No exam taken"|"Violin- Concerto in E Major, BWV 1042, 1st Movement / Guzheng- Fantasia"|"Violin- Bach / Guzheng- Wang JianMin"|3|"20120913211924"|"AA00003"|""|"MUSIC AUDITION-TOP SCHOOLS WEEKEND 2012"
"S009696"|""|"Music Audition"|"Violin & Guzheng (Chinese zither)"|""|"N/A"|""|"Guzheng- Central Conservatory of Music Diploma [Pass] Jul 2012 (Cert to be issued in Oct 2012)"|""|""|3|"20120913212451"|"AA00003"|""|"MUSIC AUDITION-TOP SCHOOLS WEEKEND 2012"
"S009704"|""|"Music Audition"|"Percussion"|""|"N/A"|""|"ABRSM G7 [120] Sep 2010"|"Sicilienne"|"Kevin Hathway"|1|"20120913215138"|"AA00003"|""|"MUSIC AUDITION-TOP SCHOOLS WEEKEND 2012"
"S009704"|""|"Music Audition"|"Vocal"|""|"N/A"|""|"ABRSM G8 [126] Oct 2011"|"The Sunshine of Your Smile"|"Lilian Ray"|2|"20120913222005"|"AA00003"|""|"MUSIC AUDITION-TOP SCHOOLS WEEKEND 2012"
"S009704"|""|"Music Audition"|"Vocal"|""|"N/A"|""|"ABRSM G6 [135] Sep 2009"|""|""|2|"20120913222005"|"AA00003"|""|"MUSIC AUDITION-TOP SCHOOLS WEEKEND 2012"
"S009704"|""|"Music Audition"|"Percussion"|""|"N/A"|""|"ABRSM G8 [123] Oct 2011"|"Czardas"|"Monti"|1|"20120913222107"|"AA00003"|"Member of Hong Kong Youth Wind Philharmonia
Member of Hong Kong Children's Choir"|"MUSIC AUDITION-TOP SCHOOLS WEEKEND 2012"
"S007907"|""|"Music Audition"|"Piano"|""|"N/A"|""|"ABRSM G8 [140] Oct 2007"|"Sonate KV 310 2nd Movement"|"Mozart"|1|"20120916170817"|"AA00003"|""|"MUSIC AUDITION-TOP SCHOOLS WEEKEND 2012"
"S007907"|""|"Music Audition"|"Violin"|""|"N/A"|""|"ABRSM G8 exam to be taken in Oct 2012"|"Sonata in G major Op.13 3rd Movement"|"Edvard Grieg"|2|"20120916170830"|"AA00003"|""|"MUSIC AUDITION-TOP SCHOOLS WEEKEND 2012"
"S010006"|""|"Music Audition"|"Violin"|""|"N/A"|""|"ABRSM G8 [137] Oct 2010"|"Czardas"|"Monti"|1|"20120916185608"|"AA00003"|""|"MUSIC AUDITION-TOP SCHOOLS WEEKEND 2012"
"S010101"|""|"Music Audition"|"Violin"|""|"N/A"|""|"ABRSM G6 [130] Sep 2009"|"Cantabile"|"Nicolò Paganini"|1|"20120916190002"|"AA00003"|""|"MUSIC AUDITION-TOP SCHOOLS WEEKEND 2012"
"S010101"|""|"Music Audition"|"Piano"|""|"N/A"|""|"ABRSM G6 [118] Nov 2010 / G8 exam to be taken in Oct 2012"|"Sonata in F# minor Kp.25"|"Domenico Scarlatti"|2|"20120916190337"|"AA00003"|""|"MUSIC AUDITION-TOP SCHOOLS WEEKEND 2012"
"S010101"|""|"Music Audition"|"Piano"|""|"N/A"|""|"ABRSM G4 [126] Nov 2008"|""|""|2|"20120916190337"|"AA00003"|""|"MUSIC AUDITION-TOP SCHOOLS WEEKEND 2012"
"S010101"|""|"Music Audition"|"Violin"|""|"N/A"|""|"ABRSM G8 [113] May 2012"|"Concerto in E major Op.3 No.12 1st Movement"|"Antonio Vivaldi"|1|"20120916190419"|"AA00003"|"Member of Hong Kong Music Academy"|"MUSIC AUDITION-TOP SCHOOLS WEEKEND 2012"
"S009621"|""|"Music Audition"|"Piano"|""|"N/A"|""|"Trinity LTCL [74] Apr 2012"|"Partita No.5 Praeambulum"|"Bach"|1|"20120916191058"|"AA00003"|""|"MUSIC AUDITION-TOP SCHOOLS WEEKEND 2012"
"S009621"|""|"Music Audition"|"Piano"|""|"N/A"|""|"Trinity ATCL [70] Nov 2010"|"Allegro de Concierto"|"Enrique Granados"|1|"20120916191058"|"AA00003"|""|"MUSIC AUDITION-TOP SCHOOLS WEEKEND 2012"
"S009625"|""|"Music Audition"|"Piano"|""|"N/A"|""|"ABRSM G8 [124] Aug 2008"|"Sonata in A minor K310 1st Movement"|"Mozart"|1|"20120916191720"|"AA00003"|""|"MUSIC AUDITION-TOP SCHOOLS WEEKEND 2012"
"S009625"|""|"Music Audition"|"Viola"|""|"N/A"|""|"ABRSM G6 [116] May 2008"|""|""|2|"20120916192248"|"AA00003"|""|"MUSIC AUDITION-TOP SCHOOLS WEEKEND 2012"
"S009625"|""|"Music Audition"|"Vocal"|""|"N/A"|""|"ABRSM G8 [126] Sep 2010"|"Hong Dou Ci"|"Cao Xueqin"|3|"20120916192550"|"AA00003"|""|"MUSIC AUDITION-TOP SCHOOLS WEEKEND 2012"
"S009625"|""|"Music Audition"|"Vocal"|""|"N/A"|""|"ABRSM G6 [124] Nov 2008"|""|""|3|"20120916192550"|"AA00003"|""|"MUSIC AUDITION-TOP SCHOOLS WEEKEND 2012"
"S009625"|""|"Music Audition"|"Piano"|""|"N/A"|""|"Trinity ATCL [93] Nov 2010"|"Impromptu in B-flat D.935 3rd Movement"|"Schubert"|1|"20120916192832"|"AA00003"|"Member of Dr Yip's
Member of Diocesan Girls' School - String Orchestra
Member of Diocesan Girls' School - School Orchestra"|"MUSIC AUDITION-TOP SCHOOLS WEEKEND 2012"
"S006360"|""|"Music Audition"|"Violin"|""|"N/A"|""|"ABRSM G7 [134] Aug 2009"|""|""|2|"20120916193515"|"AA00003"|""|"MUSIC AUDITION-TOP SCHOOLS WEEKEND 2012"
"S009570"|""|"Music Audition"|"Piano"|""|"N/A"|""|"ABRSM G7 [123] Sep 2009"|""|""|2|"20120916194405"|"AA00003"|""|"MUSIC AUDITION-TOP SCHOOLS WEEKEND 2012"
"S004683"|""|"Music Audition"|"Flute"|""|"N/A"|""|"ABRSM G7 [121] Oct 2010"|"Sonate für Flöte und Klavier, I. Heiterbewegt"|"Hindemith"|1|"20120916195141"|"AA00003"|""|"MUSIC AUDITION-TOP SCHOOLS WEEKEND 2012"
"S004683"|""|"Music Audition"|"Piano"|""|"N/A"|""|"ABRSM G8 [111] Oct 2009"|""|""|2|"20120916195626"|"AA00003"|""|"MUSIC AUDITION-TOP SCHOOLS WEEKEND 2012"
"S009640"|""|"Music Audition"|"Trombone"|""|"N/A"|""|"ABRSM G7 [124] Nov 2008"|"Concerto Pour Trombone et Piano ou Orchestre 1st Movement"|"Launy Grøndahl"|1|"20120916214147"|"AA00003"|""|"MUSIC AUDITION-TOP SCHOOLS WEEKEND 2012"
"S009640"|""|"Music Audition"|"Trombone"|""|"N/A"|""|"ABRSM G8 [136] Sep 2009"|"Concerto for Trombone (arr. & ed Christopher Mowat)"|"Rimsky-Korsakov"|1|"20120916214500"|"AA00003"|"Member of School Wind Orchestra
Member of School Orchestra"|"MUSIC AUDITION-TOP SCHOOLS WEEKEND 2012"
"S007676"|""|"Music Audition"|"Cello"|""|"N/A"|""|"ABRSM G7 [134] Sep 2011"|"Romance Op 69 in A major"|"Gabriel Fauré"|1|"20120916215320"|"AA00003"|""|"MUSIC AUDITION-TOP SCHOOLS WEEKEND 2012"
"S007676"|""|"Music Audition"|"Cello"|""|"N/A"|""|"ABRSM G5 [131] Apr 2010"|"Rondo"|"Boccherini"|1|"20120916215320"|"AA00003"|""|"MUSIC AUDITION-TOP SCHOOLS WEEKEND 2012"
"S007676"|""|"Music Audition"|"Piano"|""|"N/A"|""|"ABRSM G6 [133] Oct 2011"|"Prelude in D major"|"Bach"|2|"20120916215531"|"AA00003"|""|"MUSIC AUDITION-TOP SCHOOLS WEEKEND 2012"
"S007676"|""|"Music Audition"|"Piano"|""|"N/A"|""|"ABRSM G2 [131] Oct 2007"|""|""|2|"20120916215531"|"AA00003"|""|"MUSIC AUDITION-TOP SCHOOLS WEEKEND 2012"
"S008171"|""|"Music Audition"|"Violin"|""|"N/A"|""|"ABRSM G7 [121] Sep 2009"|"Melodies 2nd Movement"|"Sergey Prokofiev"|1|"20120916215925"|"AA00003"|""|"MUSIC AUDITION-TOP SCHOOLS WEEKEND 2012"
"S008171"|""|"Music Audition"|"Violin"|""|"N/A"|""|"ABRSM G8 [127] May 2011"|"Sonate Opus 24 1st Movement"|"Beethoven"|1|"20120916215930"|"AA00003"|""|"MUSIC AUDITION-TOP SCHOOLS WEEKEND 2012"
"S008171"|""|"Music Audition"|"Piano"|""|"N/A"|""|"Trinity ATCL [61] Apr 2011"|"Intermezzo"|"Johannes Brahms"|2|"20120916215952"|"AA00003"|""|"MUSIC AUDITION-TOP SCHOOLS WEEKEND 2012"
"S008171"|""|"Music Audition"|"Piano"|""|"N/A"|""|"ABRSM G8 [124] Oct 2009"|""|""|2|"20120916215956"|"AA00003"|""|"MUSIC AUDITION-TOP SCHOOLS WEEKEND 2012"
"S006827"|""|"Music Audition"|"Violin"|""|"N/A"|""|"Trinity ATCL [76] Nov 2010"|"Zigeunerweisen (Gypsy Airs) Op.20 No.1"|"Sarasate"|1|"20120916220654"|"AA00003"|""|"MUSIC AUDITION-TOP SCHOOLS WEEKEND 2012"
"S006827"|""|"Music Audition"|"Piano"|""|"N/A"|""|"ABRSM G8 [133] Apr 2011"|"Sonata in C minor Op.13 1st Movement"|"Beethoven"|2|"20120916220959"|"AA00003"|""|"MUSIC AUDITION-TOP SCHOOLS WEEKEND 2012"
"S006827"|""|"Music Audition"|"Violin"|""|"N/A"|""|"Trinity LTCL [95] May 2012"|"Sonata for Piano and Violin in A major 4th Movement"|"César Franck"|1|"20120916221009"|"AA00003"|"Member of APA"|"MUSIC AUDITION-TOP SCHOOLS WEEKEND 2012"
"S002666"|""|"Music Audition"|"French Horn"|""|"N/A"|""|"ABRSM G3 [mark sheet misplaced] 2010"|"Romanze"|"Mozart"|1|"20120916221937"|"AA00003"|""|"MUSIC AUDITION-TOP SCHOOLS WEEKEND 2012"
"S002666"|""|"Music Audition"|"Vocal"|""|"N/A"|""|"N/A (please refer to the attached singing certificate)"|"Caro Mio Ben Thou All My Bliss Arietta"|"Giordanello"|2|"20120916222318"|"AA00003"|""|"MUSIC AUDITION-TOP SCHOOLS WEEKEND 2012"
"S002666"|""|"Music Audition"|"French Horn"|""|"N/A"|""|"ABRSM G5 [mark sheet misplaced] 2012"|"March of the Gimps Gnomemarsh Marche des bioreux"|"Richard Bissill"|1|"20120916222439"|"AA00003"|"Member of Diocesan Boys' School Wind Orchestra"|"MUSIC AUDITION-TOP SCHOOLS WEEKEND 2012"
"S009810"|""|"Music Audition"|"Violin"|""|"N/A"|""|"ABRSM G5 [133] Oct 2007"|"Concerto No.2 in E major 1st Movement"|"Bach"|1|"20120916223209"|"AA00003"|""|"MUSIC AUDITION-TOP SCHOOLS WEEKEND 2012"
"S009810"|""|"Music Audition"|"Violin"|""|"N/A"|""|"ABRSM G8 [120] Nov 2010"|"Cavatina from ""Six Morceaux"""|"Joseph Joachim Raff"|1|"20120916223232"|"AA00003"|"Member of Dr Yip's (2004-2011)"|"MUSIC AUDITION-TOP SCHOOLS WEEKEND 2012"
"S009685"|""|"Music Audition"|"Piano"|""|"N/A"|""|""|"Sonetto 123 del Petrarca"|"Liszt"|1|"20120916224515"|"AA00003"|""|"MUSIC AUDITION-TOP SCHOOLS WEEKEND 2012"
"S009685"|""|"Music Audition"|"Piano"|""|"N/A"|""|"Please refer to the attached certificates"|"Variations Brillantes in B-Dur Op.12"|"Chopin"|1|"20120916224722"|"AA00003"|"Member of APA"|"MUSIC AUDITION-TOP SCHOOLS WEEKEND 2012"
"S008487"|""|"Music Audition"|"Violin"|""|"N/A"|""|"ABRSM G7 [128] Apr 2012"|"Partita No.2 in D minor BWV1004 4th Movement (GIGA)"|"Bach"|1|"20120916225300"|"AA00003"|""|"MUSIC AUDITION-TOP SCHOOLS WEEKEND 2012"
"S008487"|""|"Music Audition"|"Violin"|""|"N/A"|""|"ABRSM G5 [133] Oct 2010"|"Remembrances"|"John Williams"|1|"20120916225300"|"AA00003"|""|"MUSIC AUDITION-TOP SCHOOLS WEEKEND 2012"
"S008487"|""|"Music Audition"|"Piano"|""|"N/A"|""|"ABRSM G5 [118] Oct 2011"|"Theme from ""Schindler's List"" (Reprise)"|"John Williams"|2|"20120916225505"|"AA00003"|""|"MUSIC AUDITION-TOP SCHOOLS WEEKEND 2012"
"S008487"|""|"Music Audition"|"Piano"|""|"N/A"|""|"ABRSM G3 [135] Oct 2009"|""|""|2|"20120916225505"|"AA00003"|""|"MUSIC AUDITION-TOP SCHOOLS WEEKEND 2012"
"S009793"|""|"Music Audition"|"Percussion"|""|"N/A"|""|"ABRSM G8 [132] Sep 2009"|"Sonata For Timpani 2nd & 3rd Movements"|"John Beck"|1|"20120916230918"|"AA00003"|""|"MUSIC AUDITION-TOP SCHOOLS WEEKEND 2012"
"S009793"|""|"Music Audition"|"Piano"|""|"N/A"|""|"Trinity ATCL [74] Nov 2010"|"Sonata Op.14 No.2 1st Movement"|"Beethoven"|2|"20120916231143"|"AA00003"|""|"MUSIC AUDITION-TOP SCHOOLS WEEKEND 2012"
"S009793"|""|"Music Audition"|"Piano"|""|"N/A"|""|"ABRSM G8 [125] Sep 2008"|""|""|2|"20120916231143"|"AA00003"|""|"MUSIC AUDITION-TOP SCHOOLS WEEKEND 2012"
"S009954"|""|"Music Audition"|"Cello"|""|"N/A"|""|"ABRSM G8 [125] Apr 2012"|"Sonata in D minor, Op.40 1st Movement"|"Shostakovich"|1|"20120916235655"|"AA00003"|""|"MUSIC AUDITION-TOP SCHOOLS WEEKEND 2012"
"S009954"|""|"Music Audition"|"Piano"|""|"N/A"|""|"ABRSM G7 [121] Oct 2011"|"Sonate cis-Moll, Hob. XVI:36"|"Haydn"|2|"20120917000013"|"AA00003"|""|"MUSIC AUDITION-TOP SCHOOLS WEEKEND 2012"
"S009954"|""|"Music Audition"|"Piano"|""|"N/A"|""|"ABRSM G5 [130] Apr 2010"|""|""|2|"20120917000013"|"AA00003"|""|"MUSIC AUDITION-TOP SCHOOLS WEEKEND 2012"
"S007538"|""|"Music Audition"|"Cello"|""|"N/A"|""|"Trinity ATCL [78] Apr 2012"|"Suite III, Bourree I & II"|"Bach"|1|"20120917000945"|"AA00003"|"Member of HK 18 Symphony Orchestra"|"MUSIC AUDITION-TOP SCHOOLS WEEKEND 2012"
"S007538"|""|"Music Audition"|"Cello"|""|"N/A"|""|"ABRSM G8 [120] Aug 2010"|"Cello Concerto in C, 1st Movement"|"Haydn"|1|"20120917000945"|"AA00003"|"Member of HK 18 Symphony Orchestra"|"MUSIC AUDITION-TOP SCHOOLS WEEKEND 2012"
"S007538"|""|"Music Audition"|"Piano"|""|"N/A"|""|"ABRSM G6 [113] Apr 2009"|"Sonata in C K.545 1st Movement"|"Mozart"|2|"20120917001306"|"AA00003"|""|"MUSIC AUDITION-TOP SCHOOLS WEEKEND 2012"
"S008050"|""|"Music Audition"|"Piano"|""|"N/A"|""|"ABRSM G8 [140] Oct 2010"|"Trois Nocturnes I Larghetto"|"Chopin"|1|"20120917001838"|"AA00003"|"Member of Metropolitan Youth Orchestra"|"MUSIC AUDITION-TOP SCHOOLS WEEKEND 2012"
"S008050"|""|"Music Audition"|"Piano"|""|"N/A"|""|"ABRSM G7 [133] Oct 2009"|"Sonata in F Allegro"|"Mozart"|1|"20120917001838"|"AA00003"|"Member of Metropolitan Youth Orchestra"|"MUSIC AUDITION-TOP SCHOOLS WEEKEND 2012"
"S008050"|""|"Music Audition"|"Violin"|""|"N/A"|""|"ABRSM G8 [138] Apr 2011"|"Sonata for Piano and Violin in F major Op.24 (Spring) Allegro"|"Beethoven"|2|"20120917002139"|"AA00003"|""|"MUSIC AUDITION-TOP SCHOOLS WEEKEND 2012"
"S008050"|""|"Music Audition"|"Violin"|""|"N/A"|""|"ABRSM G6 [120] May 2009"|""|""|2|"20120917002139"|"AA00003"|""|"MUSIC AUDITION-TOP SCHOOLS WEEKEND 2012"
"S009576"|""|"Music Audition"|"Violin"|""|"N/A"|""|"ABRSM G5 [122] Aug 2009"|"Sonata for Violin and Keyboard No.1 in B minor, BWV 1014 4th Movement"|"Bach"|1|"20120917005713"|"AA00003"|""|"MUSIC AUDITION-TOP SCHOOLS WEEKEND 2012"
"S006132"|""|"Music Audition"|"Alto Saxophone"|""|"N/A"|""|"Trinity ATCL [65] May 2012"|"Histoires pour Saxophone et Piano 1st, 2nd, 6th, 7th, 8th & 9th Movement"|"Jacques Ibert"|1|"20120917010122"|"AA00003"|"Member of Ying Wah College Band
Member of Ying Wah College Treble Choir"|"MUSIC AUDITION-TOP SCHOOLS WEEKEND 2012"
"S010006"|""|"Music Audition"|"Violin"|""|"N/A"|""|"Trinity LTCL [75] Oct 2011"|"Praeludium and Allegro"|"Kreisler"|1|"20120917011317"|"AA00003"|"Member of Dr Yip's
Member of APA"|"MUSIC AUDITION-TOP SCHOOLS WEEKEND 2012"
"S009954"|""|"Music Audition"|"Cello"|""|"N/A"|""|"Trinity ATCL [87] May 2012"|"Concerto in C major 1st Movement"|"Haydn"|1|"20120917014415"|"AA00003"|"Member of APA"|"MUSIC AUDITION-TOP SCHOOLS WEEKEND 2012"
"S008097"|""|"Music Audition"|"Piano"|""|"N/A"|""|"ABRSM G6 [130] Sep 2008"|"Alligator Crawl"|"Fats Waller"|1|"20120918212623"|"AA00003"|""|"MUSIC AUDITION-TOP SCHOOLS WEEKEND 2012"
"S007907"|""|"Music Audition"|"Piano"|""|"N/A"|""|"Trinity ATCL [93] May 2011"|"Rondo Capriccioso Op.14"|"Mendelssohn-Bartholdy"|1|"20120918213532"|"AA00003"|"Programme for Musically Gifted at St Paul's College
See also ""Summary of Achievements"""|"MUSIC AUDITION-TOP SCHOOLS WEEKEND 2012"
"S009553"|""|"Music Audition"|"Viola"|""|"N/A"|""|"Trinity ATCL [72] May 2012"|"Cello Suite No.3 BWV 1009 Prelude"|"Bach"|1|"20120918214411"|"AA00003"|"Member of Hong Kong Youth Symphony Orchestra"|"MUSIC AUDITION-TOP SCHOOLS WEEKEND 2012"
"S009553"|""|"Music Audition"|"Viola"|""|"N/A"|""|"ABRSM G8 [130] May 2011"|"Sonata in A minor D821 1st Movement"|"Schubert"|1|"20120918214411"|"AA00003"|"Member of Hong Kong Youth Symphony Orchestra"|"MUSIC AUDITION-TOP SCHOOLS WEEKEND 2012"
"S009553"|""|"Music Audition"|"Piano"|""|"N/A"|""|"ABRSM G8 [130] May 2010"|"Sonata in F major KV332 1st Movement"|"Mozart"|2|"20120918214926"|"AA00003"|""|"MUSIC AUDITION-TOP SCHOOLS WEEKEND 2012"
"S009553"|""|"Music Audition"|"Piano"|""|"N/A"|""|"ABRSM G7 [125] Oct 2008"|""|""|2|"20120918214926"|"AA00003"|""|"MUSIC AUDITION-TOP SCHOOLS WEEKEND 2012"
"S009553"|""|"Music Audition"|"Violin"|""|"N/A"|""|"ABRSM G6 [130] Sep 2008"|"Partita No.3 in E major BWV 1006 Preludio"|"Bach"|3|"20120918215224"|"AA00003"|""|"MUSIC AUDITION-TOP SCHOOLS WEEKEND 2012"
"S009132"|""|"Music Audition"|"Piano"|""|"N/A"|""|"ABRSM G8 [120] Oct 2011"|"Allegro Assai: Piano Sonate K332"|"Mozart"|2|"20120918220140"|"AA00003"|""|"MUSIC AUDITION-TOP SCHOOLS WEEKEND 2012"
"S005373"|""|"Music Audition"|"Violin"|""|"N/A"|""|"Trinity ATCL [82] Dec 2009"|"Violin Concerto No.3 Op.61 3rd Movement Molto moderato e maestoso"|"Saint-Saëns"|1|"20120918220724"|"AA00003"|""|"MUSIC AUDITION-TOP SCHOOLS WEEKEND 2012"
"S003935"|""|"Music Audition"|"Piano"|""|"N/A"|""|"Trinity ATCL [86] Nov 2010"|"Scherzo Opus 31 No.2 in B flat minor"|"Chopin"|1|"20120918224420"|"AA00003"|"Member of Diocesan Boys' School Senior Choir (member and accompanist)
Member of Diocesan Boys' School and Diocesan Girls' School Senior Mixed Choir (member and accompanist)"|"MUSIC AUDITION-TOP SCHOOLS WEEKEND 2012"
"S009342"|""|"Music Audition"|"Violin"|""|"N/A"|""|"DipABRSM [40] Apr 2011"|"Zigeunerweisen Op.20"|"Pablo de Sarasate"|1|"20120919130835"|"AA00003"|""|"MUSIC AUDITION-TOP SCHOOLS WEEKEND 2012"
"S005378"|""|"Music Audition"|"Oboe"|""|"N/A"|""|"ABRSM G6 [mark sheet misplaced] 2011 / G8 exam to be taken in Nov 2012"|"Oboe Sonata in D major Op.166 Andantino"|"Saint-Saëns"|1|"20120919131606"|"AA00003"|""|"MUSIC AUDITION-TOP SCHOOLS WEEKEND 2012"
"S009696"|""|"Music Audition"|"Viola"|""|"N/A"|""|"ABRSM G8 [130] Apr 2012"|"Sonatensatz (Scherzo) in C minor, Op. posth"|"Brahms"|1|"20120919132307"|"AA00003"|"Member of Hong Kong Festival Orchestra
Member of Choi Ngar Si Zheng Ensemble"|"MUSIC AUDITION-TOP SCHOOLS WEEKEND 2012"
"S009625"|""|"Music Audition"|"Viola"|""|"N/A"|""|"ABRSM G8 [115] Oct 2009"|"Sonata II in Es-dur für Viola und Klavier"|"Alessandro Rolla"|2|"20120919132716"|"AA00003"|""|"MUSIC AUDITION-TOP SCHOOLS WEEKEND 2012"
"S006360"|""|"Music Audition"|"Piano"|""|"N/A"|""|"ABRSM G8 [140] May 2010"|"Intermezzo in A flat major"|"Poulenc"|1|"20120919132909"|"AA00003"|""|"MUSIC AUDITION-TOP SCHOOLS WEEKEND 2012"
"S006360"|""|"Music Audition"|"Piano"|""|"N/A"|""|"Trinity ATCL [73] Oct 2011"|"Excursions 1 & 3"|"Samuel Barber"|1|"20120919132920"|"AA00003"|"Member of Diocesan Girls' School - String Orchestra 
Member of Diocesan Girls' School - School Orchestra 
Member of Diocesan Girls' School - Junior Choir"|"MUSIC AUDITION-TOP SCHOOLS WEEKEND 2012"
"S009570"|""|"Music Audition"|"Violin"|""|"N/A"|""|"ABRSM G8 [result pending] Sep 2012"|"Resignation"|"Charles Dancla"|1|"20120919133119"|"AA00003"|"Member of Hong Kong Junior Music Academy - String Orchestra"|"MUSIC AUDITION-TOP SCHOOLS WEEKEND 2012"
"S009570"|""|"Music Audition"|"Violin"|""|"N/A"|""|"ABRSM G6 [132] Sep 2010"|"Sonata in F major Op.24 3rd Movement"|"Beethoven"|1|"20120919133128"|"AA00003"|""|"MUSIC AUDITION-TOP SCHOOLS WEEKEND 2012"
"S009342"|""|"Music Audition"|"Liu Qin (Chinese instrument)"|""|"N/A"|""|"Academy of Music, Shanghai G5 [result pending] Aug 2012"|"Love Song at Torch Festival"|"Gao Hua Xin"|2|"20120919164257"|"AA00003"|""|"MUSIC AUDITION-TOP SCHOOLS WEEKEND 2012"
"S006827"|""|"Music Audition"|"Piano"|""|"N/A"|""|"ABRSM G6 [128] Apr 2009 - mark sheet misplaced"|""|""|2|"20120919164948"|"AA00003"|""|"MUSIC AUDITION-TOP SCHOOLS WEEKEND 2012"
"S009791"|""|"Music Audition"|"Cello"|""|"N/A"|""|"ABRSM G8 [mark sheet misplaced] Nov 2009"|"Hungarian Rhapsody Op.68"|"David Popper"|1|"20120919171224"|"AA00003"|"Member of La Salle College Orchestra
Member of La Salle College Chinese Orchestra (2008-2010)"|"MUSIC AUDITION-TOP SCHOOLS WEEKEND 2012"
"S009791"|""|"Music Audition"|"Cello"|""|"N/A"|""|"ABRSM G5 [132] Nov 2005"|"Sonata in G minor BWV 1029"|"Bach"|1|"20120919171224"|"AA00003"|"Member of La Salle College Orchestra
Member of La Salle College Chinese Orchestra (2008-2010)"|"MUSIC AUDITION-TOP SCHOOLS WEEKEND 2012"
"S009793"|""|"Music Audition"|"Percussion"|""|"N/A"|""|"DipABRSM [75] May 2011"|"Yellow After The Rain (Solo Marimba piece)"|"Mitchell Peters"|1|"20120919172243"|"AA00003"|"Member of Hong Kong Youth Symphony Orchestra"|"MUSIC AUDITION-TOP SCHOOLS WEEKEND 2012"
"S006132"|""|"Music Audition"|"Vocal"|""|"N/A"|""|"N/A"|"When Daisies Pied"|"Thomas Arne"|2|"20120919174107"|"AA00003"|""|"MUSIC AUDITION-TOP SCHOOLS WEEKEND 2012"
"S006360"|""|"Music Audition"|"Violin"|""|"N/A"|""|"ABRSM G8 [133] Oct 2010"|"Violin Concerto No.23 in G major 1st Movement"|"Viotti"|2|"20120919174531"|"AA00003"|""|"MUSIC AUDITION-TOP SCHOOLS WEEKEND 2012"
"S008097"|""|"Music Audition"|"Piano"|""|"N/A"|""|"ABRSM G8 [112] Sep 2010"|"Sonata in A:1st Movement"|"Clementi"|1|"20120919211130"|"AA00003"|""|"MUSIC AUDITION-TOP SCHOOLS WEEKEND 2012"
"S007155"|""|"Music Audition"|"Cello"|""|"N/A"|""|"ABRSM G7 [109] May 2009"|"Tarantella Op.24"|"Goens"|1|"20120919211645"|"AA00003"|""|"MUSIC AUDITION-TOP SCHOOLS WEEKEND 2012"
"S009570"|""|"Music Audition"|"Piano"|""|"N/A"|""|"ABRSM G8 [120] Nov 2011"|"Intermezzo in A major Op.118"|"Brahms"|2|"20120919213816"|"AA00003"|""|"MUSIC AUDITION-TOP SCHOOLS WEEKEND 2012"
"S009647"|""|"Music Audition"|"Violin"|""|"N/A"|""|"ABRSM G8 [113] Oct 2011"|"Concerto in E major Op.3 No.12 1st Movement"|"Antonio Vivaldi"|2|"20120919220426"|"AA00003"|""|"MUSIC AUDITION-TOP SCHOOLS WEEKEND 2012"
"S009647"|""|"Music Audition"|"Violin"|""|"N/A"|""|"ABRSM G6 [120] May 2009"|""|""|2|"20120919220501"|"AA00003"|""|"MUSIC AUDITION-TOP SCHOOLS WEEKEND 2012"
"S009647"|""|"Music Audition"|"Piano"|""|"N/A"|""|"ABRSM G5 [126] Oct 2007"|"Novelette in Fourths"|"George Gershwinby"|1|"20120919220558"|"AA00003"|""|"MUSIC AUDITION-TOP SCHOOLS WEEKEND 2012"
"S009647"|""|"Music Audition"|"Piano"|""|"N/A"|""|"ABRSM G6 [126] Oct 2010"|"Sonata in D, K.284/205b 1st Movement"|"Mozart"|1|"20120919220612"|"AA00003"|"Memeber of Hong Kong Children's Chior"|"MUSIC AUDITION-TOP SCHOOLS WEEKEND 2012"
"S009685"|""|"Music Audition"|"Flute"|""|"N/A"|""|"ABRSM G2 [127] May 2011"|"The Liberty Bell"|"Sousa"|2|"20120920102414"|"AA00003"|""|"MUSIC AUDITION-TOP SCHOOLS WEEKEND 2012"
"S009640"|""|"Music Audition"|"Euphonium"|""|"N/A"|""|"ABRSM G7 [112] Apr 2010"|"Concerto in Two Movements (arranged for Euphonium) 2nd Movement"|"Mozart"|2|"20120920174955"|"AA00003"|""|"MUSIC AUDITION-TOP SCHOOLS WEEKEND 2012"
"S009791"|""|"Music Audition"|"Piano"|""|"N/A"|""|"ABRSM G5 [116] Aug 2007"|"Not Offering"|"Not Offering"|2|"20120920175201"|"AA00003"|""|"MUSIC AUDITION-TOP SCHOOLS WEEKEND 2012"
"S005194"|""|"Music Audition"|"Violin"|""|"N/A"|""|"Trinity ATCL [62] Nov 2011"|"Praeludium and Allegro"|"Fritz Kreisler"|1|"20120920181839"|"AA00003"|"Member of School Orchestra"|"MUSIC AUDITION-TOP SCHOOLS WEEKEND 2012"
"S005194"|""|"Music Audition"|"Violin"|""|"N/A"|""|"ABRSM G8 [124] Oct 2009"|"Partita No.1 in B minor Tempo di Bourrée"|"Bach"|1|"20120920181839"|"AA00003"|"Member of School Orchestra"|"MUSIC AUDITION-TOP SCHOOLS WEEKEND 2012"
"S004683"|""|"Music Audition"|"Flute"|""|"N/A"|""|"ABRSM G8 [110] Oct 2011"|"Concerto in G, RV436, 3rd movement: Allegro"|"A.Vivaldi"|1|"20120923122417"|"AA00003"|""|"MUSIC AUDITION-TOP SCHOOLS WEEKEND 2012"
"S004683"|""|"Music Audition"|"Piano"|""|"N/A"|""|"DipABRSM [result pending] Aug 2012"|"Impromptu No.3 in G flat major Op.90"|"Schubert"|2|"20120923144414"|"AA00003"|""|"MUSIC AUDITION-TOP SCHOOLS WEEKEND 2012"
"S010051"|""|"Music Audition"|"Violin"|""|"N/A"|""|"ABRSM G8 [116] Sep 2011"|"Sonata in G major Opus 13 No.2  3rd movement"|"Edvard Grieg"|1|"20120923163530"|"AA00003"|"Member of Hong Kong Children's Choir (2003-2005)"|"MUSIC AUDITION-TOP SCHOOLS WEEKEND 2012"
"S010051"|""|"Music Audition"|"Viola"|""|"N/A"|""|"N/A"|"The Swan from The Carnival of the Animals"|"Camille Saint-Saëns"|2|"20120923175006"|"AA00003"|""|"MUSIC AUDITION-TOP SCHOOLS WEEKEND 2012"
"S010051"|""|"Music Audition"|"Violin"|""|"N/A"|""|"ABRSM G7 [122] Apr 2010"|"Czardas"|"Vittorio Monti"|1|"20120924090627"|"AA00003"|"Member of Hong Kong Children's Choir (2003-2005)"|"MUSIC AUDITION-TOP SCHOOLS WEEKEND 2012"
"S004911"|""|"Music Audition"|"Piano"|""|"N/A"|""|"ABRSM G8 [results pending] Aug 2012"|"Haydn Sonata No.49"|"Haydn"|1|"20120924100049"|"AA00003"|"Member of APA (2005-2011)"|"MUSIC AUDITION-TOP SCHOOLS WEEKEND 2012"
"S004911"|""|"Music Audition"|"Piano"|""|"N/A"|""|"ABRSM G6 [133] Sep 2010"|"Abschied (Farewell)"|"Schuman"|1|"20120924100049"|"AA00003"|"Member of APA (2005-2011)"|"MUSIC AUDITION-TOP SCHOOLS WEEKEND 2012"
"S004911"|""|"Music Audition"|"Violin"|""|"N/A"|""|"ABRSM G8 [131] Oct 2011"|"Spring of Xinjiang"|"MA Yiu Sin & LI Chung Hon"|2|"20120924100517"|"AA00003"|""|"MUSIC AUDITION-TOP SCHOOLS WEEKEND 2012"
"S010169"|""|"Music Audition"|"Cello"|""|"N/A"|""|"ABRSM G8 [Merit] Apr 2011"|"Cello Sonata No.5 Op.102 1st movement"|"Beethoven"|1|"20120924132205"|"AA00003"|""|"MUSIC AUDITION-TOP SCHOOLS WEEKEND 2012"
"S010169"|""|"Music Audition"|"Cello"|""|"N/A"|""|"ABRSM G6 [Distinction] Sep 2010"|"Cello Concerto in E minor Op.85 1st movement"|"Edward Elgar"|1|"20120924132205"|"AA00003"|""|"MUSIC AUDITION-TOP SCHOOLS WEEKEND 2012"
"S010169"|""|"Music Audition"|"Piano"|""|"N/A"|""|"ABRSM G6 [Merit] Nov 2010"|"Sonata in F# minor"|"Scarlatti"|2|"20120924132531"|"AA00003"|""|"MUSIC AUDITION-TOP SCHOOLS WEEKEND 2012"
"S010080"|""|"Music Audition"|"Flute"|""|"N/A"|""|"ABRSM G8 [133] Oct 2011"|"Pan and the Shepherds"|"Jules Mouquet"|1|"20130909121358"|"AA00003"|"Member of La Salle College Wind Orchestra"|"MUSIC AUDITION-TOP SCHOOLS WEEKEND 2013"
"S010080"|""|"Music Audition"|"Flute"|""|"N/A"|""|"ABRSM G7 [136] Sep 2010"|"Sonata in B Minor for Flute and Basson 3rd, 4th and 5th movements"|"Handel"|1|"20130909121358"|"AA00003"|"Member of La Salle College Wind Orchestra"|"MUSIC AUDITION-TOP SCHOOLS WEEKEND 2013"
"S010080"|""|"Music Audition"|"Piano"|""|"N/A"|""|"ABRSM G7 [120] Oct 2010"|"Lowside Blues"|"Joanna MacGregor"|2|"20130909121725"|"AA00003"|""|"MUSIC AUDITION-TOP SCHOOLS WEEKEND 2013"
"S010080"|""|"Music Audition"|"Piano"|""|"N/A"|""|"ABRSM G5 [130] Aug 2008"|""|""|2|"20130909121725"|"AA00003"|""|"MUSIC AUDITION-TOP SCHOOLS WEEKEND 2013"
"S012002"|""|"Music Audition"|"Alto Saxophone"|""|"N/A"|""|"ABRSM G8 [130] Oct 2011"|"Sarabande et Allegro"|"Gabriel Grovlez"|1|"20130909123911"|"AA00032"|""|"MUSIC AUDITION-TOP SCHOOLS WEEKEND 2013"
"S012002"|""|"Music Audition"|"Alto Saxophone"|""|"N/A"|""|"ABRSM G5 [141] Oct 2009"|"Quarante-huit Etudes no.40"|"Alphonse Leduc-Paris"|1|"20130909124030"|"AA00032"|""|"MUSIC AUDITION-TOP SCHOOLS WEEKEND 2013"
"S030189"|""|"Music Audition"|"Cello"|""|"N/A"|""|"ABRSM G7 [120] May 2010"|"Six Suites for violoncello solo, Suite III"|"J.S. Bach"|1|"20130909124749"|"AA00032"|"Shatin College Orchestra"|"MUSIC AUDITION-TOP SCHOOLS WEEKEND 2013"
"S030183"|""|"Music Audition"|"Euphonium"|""|"N/A"|""|"ABRSM G8 [116] May 2010"|"Midnight Euphonium"|"Goff Richards"|1|"20130909125220"|"AA00032"|""|"MUSIC AUDITION-TOP SCHOOLS WEEKEND 2013"
"S012483"|""|"Music Audition"|"Violin"|""|"N/A"|""|"ABRSM G8 [108] Oct 2011"|"Sonata in A minor op.105, 1st mov."|"R. Schumann"|1|"20130909125956"|"AA00032"|"Yao Jue Music Academy, Metropolitan Youth Orchestra of Hong Kong"|"MUSIC AUDITION-TOP SCHOOLS WEEKEND 2013"
"S008993"|""|"Music Audition"|"Piano"|""|"N/A"|""|"ABRSM G6 [125] Oct 2012"|"Soriee Polka"|"Stephen C Foster"|2|"20130909131801"|"AA00032"|""|"MUSIC AUDITION-TOP SCHOOLS WEEKEND 2013"
"S012215"|""|"Music Audition"|"Violin"|""|"N/A"|""|"ABRSM G8 [130] Oct 2010"|"Romantic pieces 1st mov."|"Antonín Dvořák"|1|"20130909143537"|"AA00032"|""|"MUSIC AUDITION-TOP SCHOOLS WEEKEND 2013"
"S012215"|""|"Music Audition"|"Violin"|""|"N/A"|""|""|"Banjo and Fiddle"|"William Kroll"|1|"20130909143537"|"AA00032"|""|"MUSIC AUDITION-TOP SCHOOLS WEEKEND 2013"
"S011227"|""|"Music Audition"|"Piano"|""|"N/A"|""|"ABRSM G7 [114] Nov 2009"|"La cathédrale engloutie"|"C. Debussy"|1|"20130909144419"|"AA00032"|"Dr. Yip's (2009-2012)
Hong Kong Youth Strings"|"MUSIC AUDITION-TOP SCHOOLS WEEKEND 2013"
"S011227"|""|"Music Audition"|"Vocal"|""|"N/A"|""|"ABRSM G8 [120] Sep 2012"|"I wandered lonely as a Cloud"|"Eric Thiman"|2|"20130909144548"|"AA00032"|""|"MUSIC AUDITION-TOP SCHOOLS WEEKEND 2013"
"S012103"|""|"Music Audition"|"Cello"|""|"N/A"|""|"Trinity ATCL Recital [72] Apr 2013"|"Cello Sonata in G minor, Op.65"|"Chopin"|1|"20130909145247"|"AA00032"|""|"MUSIC AUDITION-TOP SCHOOLS WEEKEND 2013"
"S012103"|""|"Music Audition"|"Cello"|""|"N/A"|""|"ABRSM G8 [123] Oct 2010"|"Six suits for unaccompanied Cello Suite no.3 in C major BMV 1009"|"J.S. Bach"|1|"20130909145247"|"AA00032"|""|"MUSIC AUDITION-TOP SCHOOLS WEEKEND 2013"
"S009860"|""|"Music Audition"|"Flute"|""|"N/A"|""|"ABRSM G6 [134] Oct 2011"|"Sarabande"|"J.S.Bach"|1|"20130909150154"|"AA00032"|"May Ching Symphony Orchestra"|"MUSIC AUDITION-TOP SCHOOLS WEEKEND 2013"
"S011515"|""|"Music Audition"|"Piano"|""|"N/A"|""|"ABRSM G8 [110] May 2013"|"Sonata in C minor Op.13 3rd mov, (Bar 1-119)"|"Beethoven"|1|"20130909151135"|"AA00032"|""|"MUSIC AUDITION-TOP SCHOOLS WEEKEND 2013"
"S011515"|""|"Music Audition"|"Piano"|""|"N/A"|""|"ABRSM G7 [104] May 2010"|"Lied Ohne Worte"|"Wagner"|1|"20130909151135"|"AA00032"|""|"MUSIC AUDITION-TOP SCHOOLS WEEKEND 2013"
"S011515"|""|"Music Audition"|"Flute"|""|"N/A"|""|"ABRSM G7 [109] Sep 2010"|"12 studies for flute Op.33 Book2 No.7 (Bar 1-42)"|"Koehler"|2|"20130909151239"|"AA00032"|""|"MUSIC AUDITION-TOP SCHOOLS WEEKEND 2013"
"S009737"|""|"Music Audition"|"Piano"|""|"N/A"|""|"ABRSM G8 [130] Sep 2010"|"Nocture No.16 in C# Minor"|"Chopin"|2|"20130909152014"|"AA00032"|""|"MUSIC AUDITION-TOP SCHOOLS WEEKEND 2013"
"S008018"|""|"Music Audition"|"Vocal"|""|"N/A"|""|"ABRSM G8 [130] Nov 2012"|"The Spirit's Song"|"Haydn"|1|"20130909152540"|"AA00032"|"Member of Snow Choir Hong Kong"|"MUSIC AUDITION-TOP SCHOOLS WEEKEND 2013"
"S008018"|""|"Music Audition"|"Vocal"|""|"N/A"|""|"ABRSM G7 [122] Oct 2011"|"Das Veilchen ('The Violet')"|"Mozart"|1|"20130909152540"|"AA00032"|"Member of Snow Choir Hong Kong"|"MUSIC AUDITION-TOP SCHOOLS WEEKEND 2013"
"S030278"|""|"Music Audition"|"Vocal"|""|"N/A"|""|"ABRSM G8 [140] May 2013"|"Widmung"|"Schumann"|1|"20130909153125"|"AA00032"|"Diocisan Girls' School Senior Choir"|"MUSIC AUDITION-TOP SCHOOLS WEEKEND 2013"
"S030278"|""|"Music Audition"|"Vocal"|""|"N/A"|""|"ABRSM G7 [130] Oct 2010"|"Vado ma dove?"|"Mozart"|1|"20130909153125"|"AA00032"|"Diocisan Girls' School Senior Choir"|"MUSIC AUDITION-TOP SCHOOLS WEEKEND 2013"
"S012154"|""|"Music Audition"|"Violin"|""|"N/A"|""|"ABRSM G8 [120] Oct 2011"|"Concerto in G major K.216"|"Mozart"|1|"20130909154107"|"AA00032"|"Member of Ma Ka Lok Orchestra Academy Violin"|"MUSIC AUDITION-TOP SCHOOLS WEEKEND 2013"
"S012154"|""|"Music Audition"|"Violin"|""|"N/A"|""|"ABRSM G7 [120] Sep 2009"|"Havanise Op.83"|"Saint-Saens"|1|"20130909154107"|"AA00032"|"Member of Ma Ka Lok Orchestra Academy Violin"|"MUSIC AUDITION-TOP SCHOOLS WEEKEND 2013"
"S004822"|""|"Music Audition"|"Piano"|""|"N/A"|""|"ABRSM G8 [136] Oct 2011"|"Rhapsody in G minor Op.79 no.2"|"Brahms"|1|"20130909155343"|"AA00032"|""|"MUSIC AUDITION-TOP SCHOOLS WEEKEND 2013"
"S004822"|""|"Music Audition"|"Piano"|""|"N/A"|""|"ABRSM G6 [134] Apr 2009"|"6 Paganni Studies No.5 in E major (La Chasse)"|"F. Lizst"|1|"20130909155343"|"AA00032"|""|"MUSIC AUDITION-TOP SCHOOLS WEEKEND 2013"
"S007275"|""|"Music Audition"|"Clarinet"|""|"N/A"|""|"ABRSM G8 [132] Aug 2011"|"Sonata in F minor, Op. 120 No.1 - 2nd mov."|"Brahms"|1|"20130909155927"|"AA00032"|""|"MUSIC AUDITION-TOP SCHOOLS WEEKEND 2013"
"S010098"|""|"Music Audition"|"Violin"|""|"N/A"|""|"Trinity LTCL Recital [To be taken in Nov 2013]"|"Paganini ""Cantabile"""|"N. Paganini"|1|"20130909160815"|"AA00032"|"Member of APA
Member of Children's Choir
Member of Zhang Shi Xiang international violin school."|"MUSIC AUDITION-TOP SCHOOLS WEEKEND 2013"
"S008617"|""|"Music Audition"|"Clarinet"|""|"N/A"|""|"Trinity ATCL Recital [60] Apr 2013"|"Fantasy pieces Op.73 I, II & III"|"Schumann"|1|"20130909162614"|"AA00032"|""|"MUSIC AUDITION-TOP SCHOOLS WEEKEND 2013"
"S008617"|""|"Music Audition"|"Clarinet"|""|"N/A"|""|"ABRSM G8 [108] May 2012"|"Sonata in F Minor, Op.120 No.1"|"Brahms"|1|"20130909162614"|"AA00032"|""|"MUSIC AUDITION-TOP SCHOOLS WEEKEND 2013"
"S009745"|""|"Music Audition"|"Cello"|""|"N/A"|""|"ABRSM G8 [121] Nov 2012"|"Prelude: Suite No.1 in G, 1st mov."|"J.S.Bach"|1|"20130909163036"|"AA00032"|""|"MUSIC AUDITION-TOP SCHOOLS WEEKEND 2013"
"S009745"|""|"Music Audition"|"Cello"|""|"N/A"|""|"ABRSM G7 [112] Apr 2011"|"Allegretto quasi menuetto: Sonata in E Minor, Op.38, 2nd Mov."|"Brahms"|1|"20130909163036"|"AA00032"|""|"MUSIC AUDITION-TOP SCHOOLS WEEKEND 2013"
"S012277"|""|"Music Audition"|"Oboe"|""|"N/A"|""|"ABRSM G8 [126] Aug 2011"|"Romance No.1 Op.94 1,2,3 mov."|"Schumann"|1|"20130909163701"|"AA00032"|"Member of SPCC Orchestra and wind band
Member of SPCCPS Program for Musically Gifted Student (PMG)"|"MUSIC AUDITION-TOP SCHOOLS WEEKEND 2013"
"S012277"|""|"Music Audition"|"Oboe"|""|"N/A"|""|"DipABRSM [taking exam in Oct 2013]"|"Sonatina (to Ernest Chapman) 1,2,3 Mov."|"Reizenstein"|1|"20130909163701"|"AA00032"|"Member of SPCC Orchestra and wind band
Member of SPCCPS Program for Musically Gifted Student (PMG)"|"MUSIC AUDITION-TOP SCHOOLS WEEKEND 2013"
"S012277"|""|"Music Audition"|"Piano"|""|"N/A"|""|"ABRSM G3 [112] May 2008"|"Jingpo Shan Ge"|"Traditional Chinese"|2|"20130909163749"|"AA00032"|""|"MUSIC AUDITION-TOP SCHOOLS WEEKEND 2013"
"S012006"|""|"Music Audition"|"Violin"|""|"N/A"|""|"ABRSM G7 [118] Sep 2010"|"Violin concerto in E major Op.3 No.12 1st mov."|"Vivaldi"|1|"20130909163931"|"AA00032"|""|"MUSIC AUDITION-TOP SCHOOLS WEEKEND 2013"
"S012403"|""|"Music Audition"|"French Horn"|""|"N/A"|""|"ABRSM G8 [135] Nov 2007"|"Concerto for Horn and Strings 1st mov."|"Gordon Jacob"|1|"20130909164240"|"AA00032"|"Member of APA
Member of Hong Kong Children's Symphony Orchestra"|"MUSIC AUDITION-TOP SCHOOLS WEEKEND 2013"
"S012403"|""|"Music Audition"|"French Horn"|""|"N/A"|""|"ABRSM G5 [145] Apr 2006"|"Sonata in B flat minor for Horn and Piano 1st mov."|"Telemann"|1|"20130909164240"|"AA00032"|"Member of APA
Member of Hong Kong Children's Symphony Orchestra"|"MUSIC AUDITION-TOP SCHOOLS WEEKEND 2013"
"S011526"|""|"Music Audition"|"Piano"|""|"N/A"|""|"ABRSM G8 [125] May 2013"|"Sonata in E flat Hob XVI:38 1st Mov."|"Haydn"|2|"20130909164829"|"AA00032"|""|"MUSIC AUDITION-TOP SCHOOLS WEEKEND 2013"
"S003557"|""|"Music Audition"|"Violin"|""|"N/A"|""|"ABRSM G7 [123] Apr 2013"|"1st mov. from Concerto in A minor, Op.3 No.6, RV356 - Allegro"|"Vivaldi"|1|"20130909165456"|"AA00032"|""|"MUSIC AUDITION-TOP SCHOOLS WEEKEND 2013"
"S003557"|""|"Music Audition"|"Violin"|""|"N/A"|""|"ABRSM G5 [112] Oct 2010"|"Melodie No.3 from Souvenir dun lieu cher, Op.42"|"Tchaikovsky"|1|"20130909165456"|"AA00032"|""|"MUSIC AUDITION-TOP SCHOOLS WEEKEND 2013"
"S011939"|""|"Music Audition"|"Violin"|""|"N/A"|""|"ABRSM G6 [112] Nov 2010"|"Fruhlingswalzer (Spring Waltz) No.6"|"Shostakovich"|1|"20130909165759"|"AA00032"|""|"MUSIC AUDITION-TOP SCHOOLS WEEKEND 2013"
"S012077"|""|"Music Audition"|"Violin"|""|"N/A"|""|"ABRSM G7 [126] Oct 2012"|"Allegro Assai"|"J.S.Bach"|1|"20130910103719"|"AA00032"|"Member of the Hong Kong Children's Strings"|"MUSIC AUDITION-TOP SCHOOLS WEEKEND 2013"
"S012077"|""|"Music Audition"|"Violin"|""|"N/A"|""|"ABRSM G5 [122] May 2011"|"Allegro e grazioso Sontina"|"William Alwyn"|1|"20130910103719"|"AA00032"|"Member of the Hong Kong Children's Strings"|"MUSIC AUDITION-TOP SCHOOLS WEEKEND 2013"
"S012077"|""|"Music Audition"|"Viola"|""|"N/A"|""|"ABRSM G7 [pending] Aug 2013"|"Hungarian Dance Ungarischer Tanz"|"Brahms"|2|"20130910104000"|"AA00032"|""|"MUSIC AUDITION-TOP SCHOOLS WEEKEND 2013"
"S011624"|""|"Music Audition"|"Tuba"|""|"N/A"|""|"ABRSM G8 [131] Oct 2012"|"Concerto for Double Bass Andante and Rondo"|"Capuzzi"|1|"20130910110030"|"AA00032"|"Member of APA"|"MUSIC AUDITION-TOP SCHOOLS WEEKEND 2013"
"S011624"|""|"Music Audition"|"Tuba"|""|"N/A"|""|"ABRSM G6 [125] Oct 2010"|"70 studies for BB flat Tuba #27"|"Blazhevich"|1|"20130910110030"|"AA00032"|"Member of APA"|"MUSIC AUDITION-TOP SCHOOLS WEEKEND 2013"
"S009737"|""|"Music Audition"|"Violin"|""|"N/A"|""|"Trinity FTCL Recital [Approved] Sep 2012"|"Concerto No.1 in E, 3rd mov."|"Mendelssohn"|1|"20130910112034"|"AA00032"|"Member of Dr. Yip's"|"MUSIC AUDITION-TOP SCHOOLS WEEKEND 2013"
"S030189"|""|"Music Audition"|"Cello"|""|"N/A"|""|"ABRSM G8 [133] Oct 2011"|"Sonata op.40 for Cello and piano no.1 - 1st mov, Allegro hon troppo"|"Dmitri Shostakovich"|1|"20130910112300"|"AA00032"|"Member of Shatin College Orchestra"|"MUSIC AUDITION-TOP SCHOOLS WEEKEND 2013"
"S009338"|""|"Music Audition"|"Violin"|""|"N/A"|""|"ABRSM G5 [102] Apr 2007"|"Violin Concerto no.3"|"Mozart"|1|"20130911171722"|"AA00032"|"Member of Hong Kong Youth strings Orchestra"|"MUSIC AUDITION-TOP SCHOOLS WEEKEND 2013"
"S009338"|""|"Music Audition"|"Piano"|""|"N/A"|""|"ABRSM G2 [120] May 2008"|"French Suite, no.5, Gavotte"|"J.S.Bach"|2|"20130911172118"|"AA00032"|""|"MUSIC AUDITION-TOP SCHOOLS WEEKEND 2013"
"S012414"|""|"Music Audition"|"French Horn"|""|"N/A"|""|"ABRSM G8 [133] Sep 2011"|"Four Pieces for Horn & Piano Nocturno op.35-10 & Intermezzo op.35-11"|"Reinhold Gliere"|1|"20130917101855"|"AA00032"|"Member of Metropolitian Youth Orchestra"|"MUSIC AUDITION-TOP SCHOOLS WEEKEND 2013"
"S012562"|""|"Music Audition"|"Oboe"|""|"N/A"|""|"ABRSM G5 [141] Apr 2013"|"Concerto for oboe and strings - 3rd mov."|"Cimarosa"|1|"20130918104955"|"AA00032"|"Member of HK Children's Choir"|"MUSIC AUDITION-TOP SCHOOLS WEEKEND 2013"
"S012562"|""|"Music Audition"|"Oboe"|""|"N/A"|""|"ABRSM G3 [139] Apr 2012"|"Orientale Op.50 No.9"|"Cesar Cui"|1|"20130918105006"|"AA00032"|"Member of HKCSB"|"MUSIC AUDITION-TOP SCHOOLS WEEKEND 2013"
"S012562"|""|"Music Audition"|"Piano"|""|"N/A"|""|"ABRSM G8 [127] Sep 2010"|"Sonata op.10 no.1 1st movement"|"Beethoven"|2|"20130918110057"|"AA00032"|""|"MUSIC AUDITION-TOP SCHOOLS WEEKEND 2013"
"S012562"|""|"Music Audition"|"Piano"|""|"N/A"|""|"ABRSM G5 [130] Sep 2008"|""|""|2|"20130918110057"|"AA00032"|""|"MUSIC AUDITION-TOP SCHOOLS WEEKEND 2013"
"S004822"|""|"Music Audition"|"Violin"|""|"N/A"|""|"ABRSM G8 [121] Sep 2009"|""|""|2|"20130918111321"|"AA00032"|""|"MUSIC AUDITION-TOP SCHOOLS WEEKEND 2013"
"S007275"|""|"Music Audition"|"Clarinet"|""|"N/A"|""|"ABRSM G5 [139] Sep 2009"|"Sonata for Clarinet and Piano - 2nd mov."|"Leonard Bernstein"|1|"20130918111456"|"AA00032"|""|"MUSIC AUDITION-TOP SCHOOLS WEEKEND 2013"
"S007275"|""|"Music Audition"|"Piano"|""|"N/A"|""|"ABRSM G8 [141] Oct 2011"|"Libestraume, Notturno III"|"F. Lizst"|2|"20130918111615"|"AA00032"|""|"MUSIC AUDITION-TOP SCHOOLS WEEKEND 2013"
"S007275"|""|"Music Audition"|"Piano"|""|"N/A"|""|"ABRSM G6 [134] Nov 2010"|""|""|2|"20130918111615"|"AA00032"|""|"MUSIC AUDITION-TOP SCHOOLS WEEKEND 2013"
"S010098"|""|"Music Audition"|"Vocal"|""|"N/A"|""|"ABRSM G6 [Upcoming exam in Oct. 2013"|"Sontag op.49 no.3"|"Brahms"|2|"20130918111925"|"AA00032"|""|"MUSIC AUDITION-TOP SCHOOLS WEEKEND 2013"
"S009338"|""|"Music Audition"|"Violin"|""|"N/A"|""|"ABRSM G8 [105] May 2009"|"Partita no.2 Allemande"|"J.S.Bach"|1|"20130918111953"|"AA00032"|"Member of Hong Kong Youth Strings Orchestra"|"MUSIC AUDITION-TOP SCHOOLS WEEKEND 2013"
"S009745"|""|"Music Audition"|"Percussion"|""|"N/A"|""|"ABRSM G8 [107] Oct 2012"|"Sonata in A, K.331 'Alla Turca'"|"Mozart"|2|"20130918112132"|"AA00032"|""|"MUSIC AUDITION-TOP SCHOOLS WEEKEND 2013"
"S009745"|""|"Music Audition"|"Percussion"|""|"N/A"|""|"ABRSM G5 [126] Oct 2011"|""|""|2|"20130918112132"|"AA00032"|""|"MUSIC AUDITION-TOP SCHOOLS WEEKEND 2013"
"S011624"|""|"Music Audition"|"Piano"|""|"N/A"|""|"ABRSM G8 [114] Sep 2009"|"Sonata in E op.14 no.1"|"Beethoven"|2|"20130918112343"|"AA00032"|""|"MUSIC AUDITION-TOP SCHOOLS WEEKEND 2013"
"S011624"|""|"Music Audition"|"Piano"|""|"N/A"|""|"ABRSM G6 [130] Sep 2007"|""|""|2|"20130918112343"|"AA00032"|""|"MUSIC AUDITION-TOP SCHOOLS WEEKEND 2013"
"S012006"|""|"Music Audition"|"Violin"|""|"N/A"|""|"ABRSM G8 [126] Oct 2012"|"Sonata for Violin and Piano Op.24 no.5 1st mov."|"Beethoven"|1|"20130918112426"|"AA00032"|"Member of Ponte Singers"|"MUSIC AUDITION-TOP SCHOOLS WEEKEND 2013"
"S012006"|""|"Music Audition"|"Piano"|""|"N/A"|""|"ABRSM G4 [118] Nov 2010"|"Prelude from Suite Bergamasque"|"Debussy"|2|"20130918112540"|"AA00032"|""|"MUSIC AUDITION-TOP SCHOOLS WEEKEND 2013"
"S012006"|""|"Music Audition"|"Piano"|""|"N/A"|""|"ABRSM G1 [120] Oct 2007"|""|""|2|"20130918112540"|"AA00032"|""|"MUSIC AUDITION-TOP SCHOOLS WEEKEND 2013"
"S011526"|""|"Music Audition"|"Violin"|""|"N/A"|""|"ABRSM G5 [125] Sep 2012"|"Allergo 1st movement from Concerto in A minor op.3 no.6 RV356"|"Vivaldi"|1|"20130918112850"|"AA00032"|""|"MUSIC AUDITION-TOP SCHOOLS WEEKEND 2013"
"S011526"|""|"Music Audition"|"Violin"|""|"N/A"|""|""|"Mummenschanz Much Ado About Nothing"|"E.W. Korngold"|1|"20130918112850"|"AA00032"|""|"MUSIC AUDITION-TOP SCHOOLS WEEKEND 2013"
"S003557"|""|"Music Audition"|"Piano"|""|"N/A"|""|"ABRSM G7 [112] Oct 2012"|"Habanera"|"Ernesto Halffter"|2|"20130918113029"|"AA00032"|""|"MUSIC AUDITION-TOP SCHOOLS WEEKEND 2013"
"S003557"|""|"Music Audition"|"Piano"|""|"N/A"|""|"ABRSM G5 [118] Nov 2010"|""|""|2|"20130918113029"|"AA00032"|""|"MUSIC AUDITION-TOP SCHOOLS WEEKEND 2013"
"S011939"|""|"Music Audition"|"Piano"|""|"N/A"|""|"ABRSM G5 [124] Oct 2009"|"Habanera"|"Ernesto Halffter"|2|"20130918113336"|"AA00032"|""|"MUSIC AUDITION-TOP SCHOOLS WEEKEND 2013"
"S011939"|""|"Music Audition"|"Piano"|""|"N/A"|""|"ABRSM G3 [122] Aug 2007"|""|""|2|"20130918113336"|"AA00032"|""|"MUSIC AUDITION-TOP SCHOOLS WEEKEND 2013"
"S012566"|""|"Music Audition"|"Piano"|""|"N/A"|""|"ABRSM G8 [124] Sep 2012"|"The Maiden's Prayer"|"Thekla Badareveszka"|1|"20130918113737"|"AA00032"|""|"MUSIC AUDITION-TOP SCHOOLS WEEKEND 2013"
"S012566"|""|"Music Audition"|"Piano"|""|"N/A"|""|"ABRSM G5 [128] Sep 2010"|"Sonata K300 1st mov."|"Mozart"|1|"20130918113737"|"AA00032"|""|"MUSIC AUDITION-TOP SCHOOLS WEEKEND 2013"
"S012566"|""|"Music Audition"|"Flute"|""|"N/A"|""|"ABRSM G4 [122] Nov 2012"|"Hillbilly Holiday no.11 from In the Sun"|"Hilary Taggart"|2|"20130918113840"|"AA00032"|""|"MUSIC AUDITION-TOP SCHOOLS WEEKEND 2013"
"S012566"|""|"Music Audition"|"Flute"|""|"N/A"|""|"ABRSM G2 [131] Oct 2010"|""|""|2|"20130918113840"|"AA00032"|""|"MUSIC AUDITION-TOP SCHOOLS WEEKEND 2013"
"S012571"|""|"Music Audition"|"Piano"|""|"N/A"|""|"Trinity ATCL Recital [76] Mar 2013"|"Sonata in F major KV332"|"Mozart"|1|"20130918115106"|"AA00032"|""|"MUSIC AUDITION-TOP SCHOOLS WEEKEND 2013"
"S012571"|""|"Music Audition"|"Piano"|""|"N/A"|""|"ABRSM G8 [134] Nov 2011"|"Night pieces"|"Pater Sculthope"|1|"20130918115115"|"AA00032"|""|"MUSIC AUDITION-TOP SCHOOLS WEEKEND 2013"
"S012571"|""|"Music Audition"|"Violin"|""|"N/A"|""|"ABRSM G5 [136] May 2012"|"Nocturne"|"Chopin"|2|"20130918115124"|"AA00032"|""|"MUSIC AUDITION-TOP SCHOOLS WEEKEND 2013"
"S012559"|""|"Music Audition"|"Violin"|""|"N/A"|""|"ABRSM G8 [125] Apr 2013"|"Remembrances"|"John Williams"|1|"20130918115505"|"AA00032"|"Member of SHK Lam Woo Memorial Secondary School Orchestra"|"MUSIC AUDITION-TOP SCHOOLS WEEKEND 2013"
"S012559"|""|"Music Audition"|"Violin"|""|"N/A"|""|"ABRSM G7 [124] Oct 2011"|"Sonata in F, Op.8 2nd mov. 'Allegretto quasi andantino'"|"Grieg"|1|"20130918115513"|"AA00032"|"Member of SHK Lam Woo Memorial Secondary School Orchestra"|"MUSIC AUDITION-TOP SCHOOLS WEEKEND 2013"
"S012215"|""|"Music Audition"|"Vocal"|""|"N/A"|""|"ABRSM G6 [124] Apr 2013"|"Standchen"|"Schubert"|2|"20130918115551"|"AA00032"|""|"MUSIC AUDITION-TOP SCHOOLS WEEKEND 2013"
"S012215"|""|"Music Audition"|"Piano"|""|"N/A"|""|"ABRSM G4 [130] Oct 2009"|"Sonata op.13 ""Pathetique"" 2nd mov"|"Beethoven"|3|"20130918115614"|"AA00032"|""|"MUSIC AUDITION-TOP SCHOOLS WEEKEND 2013"
"S011227"|""|"Music Audition"|"Piano"|""|"N/A"|""|"ABRSM G8 [120] Nov 2010"|"Nocturne op.9 no.1"|"Chopin"|1|"20130918115658"|"AA00032"|"Member of Dr. Yip's (2009-2012)
Member of Hong Kong Youth Strings"|"MUSIC AUDITION-TOP SCHOOLS WEEKEND 2013"
"S012103"|""|"Music Audition"|"Piano"|""|"N/A"|""|"ABRSM G8 [109] Nov 2009"|"Sonata in F, k332"|"Mozart"|2|"20130918120121"|"AA00032"|""|"MUSIC AUDITION-TOP SCHOOLS WEEKEND 2013"
"S012103"|""|"Music Audition"|"Piano"|""|"N/A"|""|"ABRSM G3 [120] Apr 2006"|""|""|2|"20130918120121"|"AA00032"|""|"MUSIC AUDITION-TOP SCHOOLS WEEKEND 2013"
"S009860"|""|"Music Audition"|"Flute"|""|"N/A"|""|"ABRSM G7 [122] Apr 2013"|"Presto"|"Handel"|1|"20130918120201"|"AA00032"|"Member of May Ching Symphony Orchestra"|"MUSIC AUDITION-TOP SCHOOLS WEEKEND 2013"
"S009860"|""|"Music Audition"|"Piano"|""|"N/A"|""|"ABRSM G5 [120] Oct 2011"|"Piano Sonata k333"|"Mozart"|2|"20130918120256"|"AA00032"|""|"MUSIC AUDITION-TOP SCHOOLS WEEKEND 2013"
"S009860"|""|"Music Audition"|"Piano"|""|"N/A"|""|"ABRSM G3 [106] Oct 2009"|""|""|2|"20130918120256"|"AA00032"|""|"MUSIC AUDITION-TOP SCHOOLS WEEKEND 2013"
"S008018"|""|"Music Audition"|"Piano"|""|"N/A"|""|"ABRSM G8 [130] Oct 2012"|"Sonata in B minor K27/L449"|"Scarlatti"|2|"20130918120502"|"AA00032"|""|"MUSIC AUDITION-TOP SCHOOLS WEEKEND 2013"
"S008018"|""|"Music Audition"|"Piano"|""|"N/A"|""|"ABRSM G7 [121] Oct 2010"|""|""|2|"20130918120502"|"AA00032"|""|"MUSIC AUDITION-TOP SCHOOLS WEEKEND 2013"
"S009737"|""|"Music Audition"|"Violin"|""|"N/A"|""|"ABRSM LRSM [57] pass Apr 2012"|"Sonata No.2 for Violin and Piano"|"Ravel"|1|"20130918120603"|"AA00032"|"Dr. Yip's"|"MUSIC AUDITION-TOP SCHOOLS WEEKEND 2013"
"S030278"|""|"Music Audition"|"Piano"|""|"N/A"|""|"ABRSM G7 [121] Oct 2010"|"Noctune Op.32 no.1"|"Chopin"|2|"20130918120730"|"AA00032"|""|"MUSIC AUDITION-TOP SCHOOLS WEEKEND 2013"
"S030278"|""|"Music Audition"|"Piano"|""|"N/A"|""|"ABRSM G6 [113] Oct 2009"|""|""|2|"20130918120730"|"AA00032"|""|"MUSIC AUDITION-TOP SCHOOLS WEEKEND 2013"
"S012154"|""|"Music Audition"|"Piano"|""|"N/A"|""|"ABRSM G8 [107] Aug 2010"|"Prelude in E minor op.102 no.10"|"Y.Bowen"|2|"20130918120916"|"AA00032"|""|"MUSIC AUDITION-TOP SCHOOLS WEEKEND 2013"
"S012154"|""|"Music Audition"|"Piano"|""|"N/A"|""|"ABRSM G6 [121] Oct 2008"|""|""|2|"20130918120916"|"AA00032"|""|"MUSIC AUDITION-TOP SCHOOLS WEEKEND 2013"
"S012414"|""|"Music Audition"|"French Horn"|""|"N/A"|""|"Trinity ATCL Recital [95] Mar 2013"|"Concerto No.3 in E flat Major 1st Movement Allegro"|"Mozart"|1|"20130918121812"|"AA00032"|"Member of Metropolitan Youth Orchestra"|"MUSIC AUDITION-TOP SCHOOLS WEEKEND 2013"
"S012002"|""|"Music Audition"|"Classical Guitar"|""|"N/A"|""|"ABRSM G5 [142] Apr 2013"|"Cavatina - Theme from the ""deer hunter"""|"Stanley Myers"|2|"20130918122045"|"AA00032"|""|"MUSIC AUDITION-TOP SCHOOLS WEEKEND 2013"
"S030183"|""|"Music Audition"|"Euphonium"|""|"N/A"|""|"ABRSM G7 [121] Aug 2008"|"Sonata in F Major"|"Benedetto Marcello"|1|"20130918122132"|"AA00032"|""|"MUSIC AUDITION-TOP SCHOOLS WEEKEND 2013"
"S030183"|""|"Music Audition"|"Trombone"|""|"N/A"|""|"ABRSM G5 [113] Oct 2009"|"Sonata in F minor 1st mov."|"Georg Philpp Telemann"|2|"20130918122236"|"AA00032"|""|"MUSIC AUDITION-TOP SCHOOLS WEEKEND 2013"
"S030183"|""|"Music Audition"|"Trombone"|""|"N/A"|""|"ABRSM G4 [117] Oct 2007"|""|""|2|"20130918122236"|"AA00032"|""|"MUSIC AUDITION-TOP SCHOOLS WEEKEND 2013"
"S012483"|""|"Music Audition"|"Violin"|""|"N/A"|""|"Trinity ATCL Recital [69] May 2013"|"Concerto in E BMW 1042, 1st mov."|"J.S. Bach"|1|"20130918122333"|"AA00032"|"Member of Yao Jue Music Academy
Member of Metropolitan Youth Orchestra of Hong Kong"|"MUSIC AUDITION-TOP SCHOOLS WEEKEND 2013"
"S012483"|""|"Music Audition"|"Piano"|""|"N/A"|""|"ABRSM G7 [114] Oct 2012"|"Sonata in F, k280.189e, 3rd mov."|"Mozart"|2|"20130918122500"|"AA00032"|""|"MUSIC AUDITION-TOP SCHOOLS WEEKEND 2013"
"S012483"|""|"Music Audition"|"Piano"|""|"N/A"|""|"ABRSM G6 [112] Oct 2010"|""|""|2|"20130918122500"|"AA00032"|""|"MUSIC AUDITION-TOP SCHOOLS WEEKEND 2013"
"S008993"|""|"Music Audition"|"Bassoon"|""|"N/A"|""|"ABRSM G8 [135] Sep 2012"|"Tarantella"|"Milde"|1|"20130918122532"|"AA00032"|"Member of School Senior Orchestra
Member of School Windwood Ensemble"|"MUSIC AUDITION-TOP SCHOOLS WEEKEND 2013"
"S008993"|""|"Music Audition"|"Bassoon"|""|"N/A"|""|""|"Sonatine from Tabsman 2nd mov."|"Tansman"|1|"20130918122544"|"AA00032"|"School Senior Orchestra
School Windwood Ensemble"|"MUSIC AUDITION-TOP SCHOOLS WEEKEND 2013"
"S011459"|""|"Music Audition"|"Trombone"|""|"N/A"|""|"ABRSM G6 [125] Oct 2009"|"Concerto by Launy Grondahl 3rd mov."|"Launy Grondahl"|1|"20130918122729"|"AA00032"|""|"MUSIC AUDITION-TOP SCHOOLS WEEKEND 2013"
"S011459"|""|"Music Audition"|"Piano"|""|"N/A"|""|"ABRSM G8 [102] Sep 2010"|"Sonata in A flat Hob. XVI/43, 3rd mov."|"Haydn"|2|"20130918122843"|"AA00032"|""|"MUSIC AUDITION-TOP SCHOOLS WEEKEND 2013"
"S011459"|""|"Music Audition"|"Piano"|""|"N/A"|""|"ABRSM G7 [113] Sep 2008"|""|""|2|"20130918122843"|"AA00032"|""|"MUSIC AUDITION-TOP SCHOOLS WEEKEND 2013"
"S011459"|""|"Music Audition"|"Trombone"|""|"N/A"|""|"ABRSM G8 [125] Nov 2010"|"Sonata in A minor"|"Benedetto Marcello"|1|"20130918122854"|"AA00032"|"Member of Dr.Yip's"|"MUSIC AUDITION-TOP SCHOOLS WEEKEND 2013"
"S011939"|""|"Music Audition"|"Violin"|""|"N/A"|""|"ABRSM G8 [116] Nov 2011"|"Partita No.2 in D minor Allemanda"|"J.S.Bach"|1|"20130918133447"|"AA00003"|"Member of St Paul's College String Orchestra
Member of St Paul's College Orchestra"|"MUSIC AUDITION-TOP SCHOOLS WEEKEND 2013"
"S004822"|""|"Music Audition"|"Violin"|""|"N/A"|""|"DipABRSM [51] Aug 2012"|"Sonata in F, op.24 no.5, 1st mov"|"Beethoven"|2|"20130919122506"|"AA00003"|""|"MUSIC AUDITION-TOP SCHOOLS WEEKEND 2013"
"S010098"|""|"Music Audition"|"Violin"|""|"N/A"|""|"ABRSM G8 [136] Aug 2011 (Mark Sheet Lost)"|"1st mov. of Concerto No.3 in G major"|"Mozart"|1|"20130920130918"|""|"Member of APA
Member of Children's Choir
Member of Zhang Shi Xiang International Violin School"|"MUSIC AUDITION-TOP SCHOOLS WEEKEND 2013"
"S011526"|""|"Music Audition"|"Piano"|""|"N/A"|""|"ABRSM G5 Passed 2009 (No Mark Sheet)"|""|""|2|"20130920142533"|""|""|"MUSIC AUDITION-TOP SCHOOLS WEEKEND 2013"
"S012403"|""|"Music Audition"|"Piano"|""|"N/A"|""|"ABRSM G8 [123] Nov 2010"|"Sonata in F Major K332 3rd Movement"|"Mozart"|2|"20130920155123"|""|""|"MUSIC AUDITION-TOP SCHOOLS WEEKEND 2013"
"S009520"|""|"Music Audition"|"Piano"|""|"N/A"|""|"ABRSM G6 [140] May 2012"|"Sonata in D Kp 492 (L.14)"|"Scarlatti"|1|"20130921184437"|"AA00025"|""|"MUSIC AUDITION-TOP SCHOOLS WEEKEND 2013"
"S009520"|""|"Music Audition"|"Piano"|""|"N/A"|""|"ABRSM G4 [131] Aug 2010"|"Rondo in D, K.485"|"Mozart"|1|"20130921184437"|"AA00025"|""|"MUSIC AUDITION-TOP SCHOOLS WEEKEND 2013"
"S008050"|""|"Music Audition"|"Piano"|""|"N/A"|""|"Trinity ATCL [84] Oct 2012"|"Rondo Capriccioso Op. 1"|"Mendelssohn"|1|"20130922181350"|"AA00025"|"Member of Diocesan Boys' Senior Strings & DBS Full Orchestra 
Member of DBS Intermediate Choir"|"MUSIC AUDITION-TOP SCHOOLS WEEKEND 2013"
"S008050"|""|"Music Audition"|"Piano"|""|"N/A"|""|"ABRSM G8 [140] Oct 2010"|"Estampes-Jardins sous la pluie"|"Debussy"|1|"20130922181350"|"AA00025"|"Member of Diocesan Boys' Senior Strings & DBS Full Orchestra 
Member of DBS Intermediate Choir"|"MUSIC AUDITION-TOP SCHOOLS WEEKEND 2013"
"S008050"|""|"Music Audition"|"Violin"|""|"N/A"|""|"ABRSM G8 [138] Apr 2011"|"Concerto in C major Op 48"|"Kabalewski"|2|"20130922181810"|"AA00025"|""|"MUSIC AUDITION-TOP SCHOOLS WEEKEND 2013"
"S008050"|""|"Music Audition"|"Violin"|""|"N/A"|""|"ABRSM G6 [123] May 2009"|""|""|2|"20130922181810"|"AA00025"|""|"MUSIC AUDITION-TOP SCHOOLS WEEKEND 2013"
"S012655"|""|"Music Audition"|"Violin"|""|"N/A"|""|"ABRSM G8 - exam to be taken in Oct 2013"|"Remembrances"|"John Williams"|1|"20130922195728"|"AA00025"|""|"MUSIC AUDITION-TOP SCHOOLS WEEKEND 2013"
"S012655"|""|"Music Audition"|"Violin"|""|"N/A"|""|"ABRSM G6 [127] May 2011"|"Sonate in F major No.2"|"Edvard Grieg"|1|"20130922195732"|"AA00025"|""|"MUSIC AUDITION-TOP SCHOOLS WEEKEND 2013"
"S012540"|""|"Music Audition"|"Oboe"|""|"N/A"|""|"ABRSM G8 - exam to be taken in Oct 2013"|"Sonata in C minor HWV 366 (Op.1 No.8) 1st & 2nd movements"|"Handel"|1|"20130923132719"|"AA00025"|""|"MUSIC AUDITION-TOP SCHOOLS WEEKEND 2013"
"S012540"|""|"Music Audition"|"Oboe"|""|"N/A"|""|"ABRSM G6 [125] Oct 2012"|"Sonata Op.166: 1st movt, Andantino"|"Saint-Saëns"|1|"20130923132758"|"AA00025"|""|"MUSIC AUDITION-TOP SCHOOLS WEEKEND 2013"
"S012167"|""|"Music Audition"|"Oboe"|""|"N/A"|""|"ABRSM G7 [112] Nov 2012"|"Three Romances: 1st Movement"|"Schumann"|1|"20130923151602"|"AA00025"|""|"MUSIC AUDITION-TOP SCHOOLS WEEKEND 2013"
"S012167"|""|"Music Audition"|"Oboe"|""|"N/A"|""|"ABRSM G4 [115] Apr 2010"|"Study No.21"|"Franz Wilhelm Ferling"|1|"20130923151602"|"AA00025"|""|"MUSIC AUDITION-TOP SCHOOLS WEEKEND 2013"
"S012167"|""|"Music Audition"|"Piano"|""|"N/A"|""|"ABRSM G5 [111] Oct 2010"|"Sonata in A flat, 3rd movement"|"Bach"|2|"20130923151911"|"AA00025"|""|"MUSIC AUDITION-TOP SCHOOLS WEEKEND 2013"
"S012167"|""|"Music Audition"|"Piano"|""|"N/A"|""|"ABRSM G3 [100] Oct 2007"|""|""|2|"20130923152416"|"AA00025"|""|"MUSIC AUDITION-TOP SCHOOLS WEEKEND 2013"
"S012537"|""|"Music Audition"|"Violin"|""|"N/A"|""|"ABRSM G7 [111] May 2011"|"For Itzhak Perlman Remembrances"|"John Williams"|1|"20130927112044"|"AA00003"|""|"MUSIC AUDITION-TOP SCHOOLS WEEKEND 2013"
"S012537"|""|"Music Audition"|"Violin"|""|"N/A"|""|"ABRSM G5 [136] Oct 2009"|""|""|1|"20130927112044"|"AA00003"|""|"MUSIC AUDITION-TOP SCHOOLS WEEKEND 2013"
"S012537"|""|"Music Audition"|"Piano"|""|"N/A"|""|"ABRSM G7 [120] Oct 2011"|"Sonata in D major K.492 - L.14"|"Domenico Scarlatti"|2|"20130927112657"|"AA00003"|""|"MUSIC AUDITION-TOP SCHOOLS WEEKEND 2013"
"S012537"|""|"Music Audition"|"Piano"|""|"N/A"|""|"ABRSM G5 [120] Apr 2010"|"Allegro 1st mov. from Sonta in B flat"|"Haydn"|2|"20130927112657"|"AA00003"|""|"MUSIC AUDITION-TOP SCHOOLS WEEKEND 2013"
"S012539"|""|"Music Audition"|"Violin"|""|"N/A"|""|"ABRSM G6 [102] May 2011"|"Sonata IV"|"G.F. Handel"|1|"20130927113219"|"AA00003"|""|"MUSIC AUDITION-TOP SCHOOLS WEEKEND 2013"
"S012539"|""|"Music Audition"|"Violin"|""|"N/A"|""|"ABRSM G4 [115] Oct 2009"|""|""|1|"20130927113219"|"AA00003"|""|"MUSIC AUDITION-TOP SCHOOLS WEEKEND 2013"
"S012539"|""|"Music Audition"|"Piano"|""|"N/A"|""|"ABRSM G6 [114] Oct 2011"|"Dream Children No.1"|"Edward Elgar"|2|"20130927113425"|"AA00003"|""|"MUSIC AUDITION-TOP SCHOOLS WEEKEND 2013"
"S012539"|""|"Music Audition"|"Piano"|""|"N/A"|""|"ABRSM G2 [112] Sep 2008"|""|""|2|"20130927113425"|"AA00003"|""|"MUSIC AUDITION-TOP SCHOOLS WEEKEND 2013"
"S031794"|""|"Music Audition"|"Piano"|""|"N/A"|""|"ABRSM G7 [115] May 2014"|"Allegro: 3rd Movement from Sonata in A flat"|"Bach"|2|"20140921193238"|"AA00003"|""|"MUSIC AUDITION-TOP SCHOOLS WEEKEND 2014"
"S031794"|""|"Music Audition"|"Piano"|""|"N/A"|""|"ABRSM G4 [134] May 2010"|""|""|2|"20140921193238"|"AA00003"|""|"MUSIC AUDITION-TOP SCHOOLS WEEKEND 2014"
"S012578"|""|"Music Audition"|"Violin"|""|"N/A"|""|"DipABRSM [46] Apr 2014"|"Chaconne in G minor"|"Vitali"|1|"20140921194435"|"AA00003"|"Member of Dr Yip's
Member of HK Children's Symphony Orchestra"|"MUSIC AUDITION-TOP SCHOOLS WEEKEND 2014"
"S012578"|""|"Music Audition"|"Piano"|""|"N/A"|""|"ABRSM G6 [131] May 2013"|""|""|2|"20140921194728"|"AA00003"|""|"MUSIC AUDITION-TOP SCHOOLS WEEKEND 2014"
"S030926"|""|"Music Audition"|"Clarinet"|""|"N/A"|""|"ABRSM G5 [132] May 2012"|"Sonatina for Clarinet and Piano 2nd Movement"|"Joseph Horovitz"|1|"20140921200109"|"AA00003"|""|"MUSIC AUDITION-TOP SCHOOLS WEEKEND 2014"
"S030926"|""|"Music Audition"|"Piano"|""|"N/A"|""|"ABRSM G8 [130] Apr 2014"|"Partita No.5 in G major BWV 289"|"Bach"|2|"20140921200323"|"AA00003"|""|"MUSIC AUDITION-TOP SCHOOLS WEEKEND 2014"
"S030926"|""|"Music Audition"|"Piano"|""|"N/A"|""|"ABRSM G5 [137] Oct 2011"|""|""|2|"20140921200323"|"AA00003"|""|"MUSIC AUDITION-TOP SCHOOLS WEEKEND 2014"
"S011644"|""|"Music Audition"|"Cello"|""|"N/A"|""|"ABRSM G8 [127] May 2014"|"Danse Rustique"|"William Henry Squire"|1|"20140921212401"|"AA00003"|"Member of HK Music Academy Orchestra
Member of Harrow HK Orchestra"|"MUSIC AUDITION-TOP SCHOOLS WEEKEND 2014"
"S011644"|""|"Music Audition"|"Cello"|""|"N/A"|""|"ABRSM G5 [130] May 2012"|"Allegro Appassionato"|"Camille Saint-Saëns"|1|"20140921212401"|"AA00003"|"Member of HK Music Academy Orchestra
Member of Harrow HK Orchestra"|"MUSIC AUDITION-TOP SCHOOLS WEEKEND 2014"
"S031975"|""|"Music Audition"|"Piano"|""|"N/A"|""|"ABRSM G8 [131] Apr 2014"|"Prelude and Fugue in A, BWV 888: No.19 from Das Wohltemperierte Clavier, Part III"|"Bach"|1|"20140921221106"|"AA00003"|""|"MUSIC AUDITION-TOP SCHOOLS WEEKEND 2014"
"S031975"|""|"Music Audition"|"Piano"|""|"N/A"|""|"ABRSM G7 [143] Oct 2012"|"Prélude: 1st Movement from Suite Bergamasque"|"Debussy"|1|"20140921221106"|"AA00003"|""|"MUSIC AUDITION-TOP SCHOOLS WEEKEND 2014"
"S031975"|""|"Music Audition"|"Violin"|""|"N/A"|""|"ABRSM G4 [139] Oct 2012"|""|""|2|"20140921221341"|"AA00003"|""|"MUSIC AUDITION-TOP SCHOOLS WEEKEND 2014"
"S011532"|""|"Music Audition"|"Piano"|""|"N/A"|""|"ABRSM G6 [134] Aug 2013"|"Soiree Polka"|"Stephen C. Foster"|2|"20140921222738"|"AA00003"|""|"MUSIC AUDITION-TOP SCHOOLS WEEKEND 2014"
"S031526"|""|"Music Audition"|"Oboe"|""|"N/A"|""|"ATCL Recital [75] May 2014"|"Romances i. Nicht Schnell"|"Schumann"|1|"20140921223406"|"AA00003"|""|"MUSIC AUDITION-TOP SCHOOLS WEEKEND 2014"
"S031526"|""|"Music Audition"|"Oboe"|""|"N/A"|""|"ABRSM G8 [133] Apr 2013"|"Concerto in A Minor, 1st Movement"|"Ralph Vaughan Williams"|1|"20140921223406"|"AA00003"|""|"MUSIC AUDITION-TOP SCHOOLS WEEKEND 2014"
"S031526"|""|"Music Audition"|"Singing"|""|"N/A"|""|"ABRSM G5 [134] May 2014"|"O del mio dolce ardor"|"Christoph Willibald von Gluck"|3|"20140921223847"|"AA00003"|""|"MUSIC AUDITION-TOP SCHOOLS WEEKEND 2014"
"S009870"|""|"Music Audition"|"Horn"|""|"N/A"|""|"ATCL Recital [66] May 2014"|"Nocturno Opus 7"|"Franz Strauss"|1|"20140921224812"|"AA00003"|""|"MUSIC AUDITION-TOP SCHOOLS WEEKEND 2014"
"S031883"|""|"Music Audition"|"Violin"|""|"N/A"|""|"ABRSM G5 [130] Aug 2008"|"Sonata for Piano and Violin in F major, Opus 24 (Spring) 1st & 2nd Movement"|"Beethoven"|1|"20140921230046"|"AA00003"|""|"MUSIC AUDITION-TOP SCHOOLS WEEKEND 2014"
"S031883"|""|"Music Audition"|"Violin"|""|"N/A"|""|"ABRSM G7 [127] Sep 2009"|"Baal Shem (Three Pictures of Chassidic Life) for Violin and Piano, Nigun"|"Ernest Bloch"|1|"20140921230440"|"AA00003"|"Additional Info:
Singing - ABRSM G8 [107] Nov 2010
Guitar - ABRSM G4 [124] May 2013"|"MUSIC AUDITION-TOP SCHOOLS WEEKEND 2014"
"S031883"|""|"Music Audition"|"Piano"|""|"N/A"|""|"LTCL Recital [90] Nov 2010"|"Partita No.6, 1st Movement"|"Bach"|2|"20140921231646"|"AA00003"|""|"MUSIC AUDITION-TOP SCHOOLS WEEKEND 2014"
"S031883"|""|"Music Audition"|"Piano"|""|"N/A"|""|"ATCL Recital [84] Nov 2009"|""|""|2|"20140921231646"|"AA00003"|""|"MUSIC AUDITION-TOP SCHOOLS WEEKEND 2014"
"S031525"|""|"Music Audition"|"Piano"|""|"N/A"|""|"ATCL Recital [86] Apr 2014"|"Nocturne Opus 36 No.4"|"Gabriel Fauré"|1|"20140921232354"|"AA00003"|""|"MUSIC AUDITION-TOP SCHOOLS WEEKEND 2014"
"S031525"|""|"Music Audition"|"Piano"|""|"N/A"|""|"ABRSM G8 [136] Oct 2011"|"Trois Novelettes No.1 and No.2"|"Francis Poulenc"|1|"20140921232354"|"AA00003"|""|"MUSIC AUDITION-TOP SCHOOLS WEEKEND 2014"
"S031525"|""|"Music Audition"|"Violin"|""|"N/A"|""|"ABRSM G8 [131] Apr 2011"|"Czardas"|"Vittorio Monti"|2|"20140921232723"|"AA00003"|""|"MUSIC AUDITION-TOP SCHOOLS WEEKEND 2014"
"S031525"|""|"Music Audition"|"Violin"|""|"N/A"|""|"ABRSM G7 [131] Sep 2009"|""|""|2|"20140921232723"|"AA00003"|""|"MUSIC AUDITION-TOP SCHOOLS WEEKEND 2014"
"S011532"|""|"Music Audition"|"Horn"|""|"N/A"|""|"ABRSM G8 [130] Apr 2014"|"Concerto No.2 1st Movement"|"Mozart"|1|"20140922190247"|"AA00003"|"Member of Dr Yip's"|"MUSIC AUDITION-TOP SCHOOLS WEEKEND 2014"
"S011532"|""|"Music Audition"|"Horn"|""|"N/A"|""|"ABRSM G7 [125] Oct 2012"|"Rondo in B Flat"|"Arnold Cooke"|1|"20140922190253"|"AA00003"|"Member of Dr Yip's"|"MUSIC AUDITION-TOP SCHOOLS WEEKEND 2014"
"S031915"|""|"Music Audition"|"Flute"|""|"N/A"|""|"ABRSM G5 [100] May 2012"|"Allegro non troppo Sonatine Opus 388 No.1 1st Movement"|"Wilhelm Popp"|1|"20140922191102"|"AA00003"|""|"MUSIC AUDITION-TOP SCHOOLS WEEKEND 2014"
"S031915"|""|"Music Audition"|"Flute"|""|"N/A"|""|""|"Promenade Le Tombeau de Poulenc No. 1"|"John McLeod"|1|"20140922191102"|"AA00003"|""|"MUSIC AUDITION-TOP SCHOOLS WEEKEND 2014"
"S031076"|""|"Music Audition"|"Violin"|""|"N/A"|""|"ABRSM G8 [136] Nov 2013"|"Concerto No.2 in E major 3rd Movement"|"Bach"|1|"20140922192409"|"AA00003"|"Member of HK Children's Choir
Member of Belilios Public School Symphony Orchestra
Member of Belilios Public School Strings Orchestra"|"MUSIC AUDITION-TOP SCHOOLS WEEKEND 2014"
"S031076"|""|"Music Audition"|"Violin"|""|"N/A"|""|"ABRSM G7 [134] Oct 2012"|"Schindler's List Remembrances"|"John Williams"|1|"20140922192409"|"AA00003"|"Member of HK Children's Choir
Member of Belilios Public School Symphony Orchestra
Member of Belilios Public School Strings Orchestra"|"MUSIC AUDITION-TOP SCHOOLS WEEKEND 2014"
"S031076"|""|"Music Audition"|"Piano"|""|"N/A"|""|"ABRSM G7 [134] 2011 - mark sheet lost"|""|""|2|"20140922192858"|"AA00003"|""|"MUSIC AUDITION-TOP SCHOOLS WEEKEND 2014"
"S031427"|""|"Music Audition"|"Flute"|""|"N/A"|""|"ABRSM G5 [131] Oct 2013"|"Suite Antique Prelude"|"John Rutter"|1|"20140922194521"|"AA00003"|""|"MUSIC AUDITION-TOP SCHOOLS WEEKEND 2014"
"S031427"|""|"Music Audition"|"Piano"|""|"N/A"|""|"ABRSM G3 [125] Aug 2011"|""|""|2|"20140922194924"|"AA00003"|""|"MUSIC AUDITION-TOP SCHOOLS WEEKEND 2014"
"S012589"|""|"Music Audition"|"Flute"|""|"N/A"|""|"ABRSM G8 - exam to be taken in Oct 2014"|"Allegro: 1st Movement from Concerto No.3 in D"|"Carl Stamitz"|1|"20140922195909"|"AA00003"|"Member of APA"|"MUSIC AUDITION-TOP SCHOOLS WEEKEND 2014"
"S012589"|""|"Music Audition"|"Flute"|""|"N/A"|""|"ABRSM G5 [130] Oct 2012"|"Pan et les Bergers 1st Movement from La Flûte de Pan Opus 15"|"Jules Mouquet"|1|"20140922195937"|"AA00003"|"Member of APA"|"MUSIC AUDITION-TOP SCHOOLS WEEKEND 2014"
"S012589"|""|"Music Audition"|"Piano"|""|"N/A"|""|"ABRSM G8 - exam to be taken in Apr/May 2015"|"Waltz in C sharp minor, Opus 64, No.2"|"Chopin"|2|"20140922200222"|"AA00003"|""|"MUSIC AUDITION-TOP SCHOOLS WEEKEND 2014"
"S012589"|""|"Music Audition"|"Piano"|""|"N/A"|""|"ABRSM G7 [130] Oct 2013"|""|""|2|"20140922200222"|"AA00003"|""|"MUSIC AUDITION-TOP SCHOOLS WEEKEND 2014"
"S031829"|""|"Music Audition"|"Piano"|""|"N/A"|""|"ABRSM G6 [127] Sep 2008"|"Pavane pour une Infante Défunte"|"Ravel"|1|"20140922200738"|"AA00003"|""|"MUSIC AUDITION-TOP SCHOOLS WEEKEND 2014"
"S031829"|""|"Music Audition"|"Piano"|""|"N/A"|""|"ABRSM G8 [131] Oct 2010"|"Romanze Opus 118 No.5"|"Brahms"|1|"20140922200751"|"AA00003"|"Member of APA"|"MUSIC AUDITION-TOP SCHOOLS WEEKEND 2014"
"S031829"|""|"Music Audition"|"Clarinet"|""|"N/A"|""|"ABRSM G6 [132] Oct 2011"|"80 Graded Studies for Clarinet, Book 2, No.76"|"Ivan Müller"|2|"20140922201152"|"AA00003"|""|"MUSIC AUDITION-TOP SCHOOLS WEEKEND 2014"
"S031829"|""|"Music Audition"|"Clarinet"|""|"N/A"|""|"ABRSM G3 [139] Oct 2009"|""|""|2|"20140922201152"|"AA00003"|""|"MUSIC AUDITION-TOP SCHOOLS WEEKEND 2014"
"S006892"|""|"Music Audition"|"Piano"|""|"N/A"|""|"ABRSM G8 [130] Oct 2012"|"Prelude Book 2 No.3 La puerta del Vino"|"Debussy"|2|"20140922203138"|"AA00003"|""|"MUSIC AUDITION-TOP SCHOOLS WEEKEND 2014"
"S006892"|""|"Music Audition"|"Piano"|""|"N/A"|""|"ABRSM G3 [135] Oct 2005"|""|""|2|"20140922203138"|"AA00003"|""|"MUSIC AUDITION-TOP SCHOOLS WEEKEND 2014"
"S030770"|""|"Music Audition"|"Piano"|""|"N/A"|""|"ATCL Recital - exam to be taken in 2015"|"Praeludium and Gigue from the Partita B flat"|"Bach"|1|"20140922203824"|"AA00003"|"Member of Diocesan Girls' School Choir"|"MUSIC AUDITION-TOP SCHOOLS WEEKEND 2014"
"S030770"|""|"Music Audition"|"Piano"|""|"N/A"|""|"ABRSM G8 [120] Nov 2012"|"Intermezzo A major Opus 118 No.2"|"Brahms"|1|"20140922203824"|"AA00003"|"Member of Diocesan Girls' School Choir"|"MUSIC AUDITION-TOP SCHOOLS WEEKEND 2014"
"S030770"|""|"Music Audition"|"Singing"|""|"N/A"|""|"ABRSM G8 - exam to be taken in 2015"|"Tu Loi Sai"|"Giuseppe Torelli"|2|"20140922204024"|"AA00003"|""|"MUSIC AUDITION-TOP SCHOOLS WEEKEND 2014"
"S030770"|""|"Music Audition"|"Singing"|""|"N/A"|""|"ABRSM G6 [awaiting results] Sep 2014"|""|""|2|"20140922204024"|"AA00003"|""|"MUSIC AUDITION-TOP SCHOOLS WEEKEND 2014"
"S031875"|""|"Music Audition"|"Cello"|""|"N/A"|""|"LTCL Recital [90] May 2014"|"Pezzo Capriccioso"|"Tchaikovsky"|1|"20140922204421"|"AA00003"|"Member of APA"|"MUSIC AUDITION-TOP SCHOOLS WEEKEND 2014"
"S031875"|""|"Music Audition"|"Piano"|""|"N/A"|""|"ATCL Recital [80] May 2013"|"Sonata in E-flat major, No.52 Allegro"|"Haydn"|2|"20140922204717"|"AA00003"|""|"MUSIC AUDITION-TOP SCHOOLS WEEKEND 2014"
"S031875"|""|"Music Audition"|"Piano"|""|"N/A"|""|"ABRSM G8 [134] May 2010"|""|""|2|"20140922204717"|"AA00003"|""|"MUSIC AUDITION-TOP SCHOOLS WEEKEND 2014"
"S031254"|""|"Music Audition"|"Percussion - Xylophone"|""|"N/A"|""|""|"Danse Boheme Carmen, Act. 2"|"Bizet"|1|"20140922205907"|"AA00003"|"Member of HK Children's Chior (Primary School)
Member of Diocesan Boys' School Intermediate Choir (G8)
Member of Diocesan Boys' School Wind Orchestra (G7)"|"MUSIC AUDITION-TOP SCHOOLS WEEKEND 2014"
"S031254"|""|"Music Audition"|"Piano"|""|"N/A"|""|"ABRSM G6 [112] Nov 2012"|"Mignon: No.4 from Five Piano Pieces, Opus 3"|"Carl Nielsen"|2|"20140922210123"|"AA00003"|""|"MUSIC AUDITION-TOP SCHOOLS WEEKEND 2014"
"S031254"|""|"Music Audition"|"Percussion - Snare Drum"|""|"N/A"|""|"ABRSM G7 [124] Oct 2013"|"Study No.8"|"n/a"|3|"20140922210314"|"AA00003"|""|"MUSIC AUDITION-TOP SCHOOLS WEEKEND 2014"
"S031875"|""|"Music Audition"|"Clarinet"|""|"N/A"|""|"N/A"|"Five Bagatelles Allegro Vivace"|"Gerald Finzi"|3|"20140922210555"|"AA00003"|""|"MUSIC AUDITION-TOP SCHOOLS WEEKEND 2014"
"S031725"|""|"Music Audition"|"Violin"|""|"N/A"|""|"ABRSM G8 [107] Sep 2010"|"Concerto No.2 in E major BWV 1042 1st Movement"|"Bach"|1|"20140922213351"|"AA00003"|"Member of Dr Yip's
Member of Music Office Youth Brass Band"|"MUSIC AUDITION-TOP SCHOOLS WEEKEND 2014"
"S031725"|""|"Music Audition"|"Violin"|""|"N/A"|""|"ABRSM G5 [128] Aug 2008"|"Violin Sonata in D major Opus 9 No.3 1st Movement"|"Beethoven"|1|"20140922213351"|"AA00003"|"Member of Dr Yip's
Member of Music Office Youth Brass Band"|"MUSIC AUDITION-TOP SCHOOLS WEEKEND 2014"
"S031725"|""|"Music Audition"|"Piano"|""|"N/A"|""|"ABRSM G5 [110] Aug 2011"|"Sonata in B flat, Hob.XVI/2, 3rd Movement"|"Haydn"|2|"20140922213655"|"AA00003"|""|"MUSIC AUDITION-TOP SCHOOLS WEEKEND 2014"
"S031725"|""|"Music Audition"|"Piano"|""|"N/A"|""|"ABRSM G2 [121] Apr 2008"|""|""|2|"20140922213655"|"AA00003"|""|"MUSIC AUDITION-TOP SCHOOLS WEEKEND 2014"
"S031098"|""|"Music Audition"|"Violin"|""|"N/A"|""|"LCM G5 [87] Winter 2009"|"Czardas"|"Monti"|1|"20140922214934"|"AA00003"|"Member of HK Youth Symphonic Orchestra"|"MUSIC AUDITION-TOP SCHOOLS WEEKEND 2014"
"S031098"|""|"Music Audition"|"Piano"|""|"N/A"|""|"ABRSM G8 [131] Oct 2012"|"Four Seasons - No.5 - May"|"Tchaikovsky"|2|"20140922215328"|"AA00003"|""|"MUSIC AUDITION-TOP SCHOOLS WEEKEND 2014"
"S031681"|""|"Music Audition"|"Piano"|""|"N/A"|""|"LTCL Recital [85] May 2014"|"Impromptu Opus 142 No.3 B flat major"|"Schubert"|1|"20140922215831"|"AA00003"|"Member of Opus 1 Arts Music Studio"|"MUSIC AUDITION-TOP SCHOOLS WEEKEND 2014"
"S031681"|""|"Music Audition"|"Piano"|""|"N/A"|""|"ATCL Recita [76] Nov 2011"|"Ragamuffin"|"John Ireland"|1|"20140922215831"|"AA00003"|"Member of Opus 1 Arts Music Studio"|"MUSIC AUDITION-TOP SCHOOLS WEEKEND 2014"
"S031681"|""|"Music Audition"|"Singing"|""|"N/A"|""|"ABRSM G8 [130] Oct 2013"|"O mio babbino caro"|"Giacomo Puccini"|2|"20140922220202"|"AA00003"|""|"MUSIC AUDITION-TOP SCHOOLS WEEKEND 2014"
"S031681"|""|"Music Audition"|"Singing"|""|"N/A"|""|"ABRSM G6 [136] Sep 2012"|""|""|2|"20140922220202"|"AA00003"|""|"MUSIC AUDITION-TOP SCHOOLS WEEKEND 2014"
"S031794"|""|"Music Audition"|"Cello"|""|"N/A"|""|"ABRSM G8 [138] May 2013"|"Scherzo for Piano and Cello"|"Debussy"|1|"20140924115559"|"AA00003"|""|"MUSIC AUDITION-TOP SCHOOLS WEEKEND 2014"
"S012578"|""|"Music Audition"|"Violin"|""|"N/A"|""|"ABRSM G8 [109] Oct 2011"|"Zigeunerweisen, Opus 20 (Gypsy Airs)"|"Sarasate"|1|"20140924120139"|"AA00003"|"Member of Dr Yip's
Member of HK Children's Symphony Orchestra"|"MUSIC AUDITION-TOP SCHOOLS WEEKEND 2014"
"S012578"|""|"Music Audition"|"Piano"|""|"N/A"|""|"ABRSM G7 [113] Apr 2014"|"Fifteen Two-part Inventions No.1 Allegro"|"Bach"|2|"20140924120226"|"AA00003"|""|"MUSIC AUDITION-TOP SCHOOLS WEEKEND 2014"
"S030926"|""|"Music Audition"|"Clarinet"|""|"N/A"|""|"ABRSM G8 [120] Oct 2013"|"Sonata No.2 in E-flat major, Opus 120, No.2 1st Movement"|"Brahms"|1|"20140924120559"|"AA00003"|""|"MUSIC AUDITION-TOP SCHOOLS WEEKEND 2014"
"S031975"|""|"Music Audition"|"Violin"|""|"N/A"|""|"ABRSM G7 [130] May 2014"|"Violin Sonata in A minor Opus 105 No.1 2nd Movement"|"Schumann"|2|"20140924123247"|"AA00003"|""|"MUSIC AUDITION-TOP SCHOOLS WEEKEND 2014"
"S031526"|""|"Music Audition"|"Piano"|""|"N/A"|""|"ABRSM G7 [114] Apr 2012"|""|""|2|"20140924124057"|"AA00003"|""|"MUSIC AUDITION-TOP SCHOOLS WEEKEND 2014"
"S031526"|""|"Music Audition"|"Piano"|""|"N/A"|""|"ABRSM G8 [112] May 2013"|"Prelude and Fugue BWV 862"|"Bach"|2|"20140924124322"|"AA00003"|""|"MUSIC AUDITION-TOP SCHOOLS WEEKEND 2014"
"S009870"|""|"Music Audition"|"Horn"|""|"N/A"|""|"ABRSM G8 [122] Sep 2012"|"Concerto No.1 in Eb major Opus 11 1st Movement"|"Richard Strauss"|1|"20140924124744"|"AA00003"|""|"MUSIC AUDITION-TOP SCHOOLS WEEKEND 2014"
"S009870"|""|"Music Audition"|"Piano"|""|"N/A"|""|"ABRSM G5 [114] Apr 2011"|"Sonatina in C major Opus 36 No.3 1st Movement"|"Clementi"|2|"20140924124903"|"AA00003"|""|"MUSIC AUDITION-TOP SCHOOLS WEEKEND 2014"
"S006360"|""|"Music Audition"|"Piano"|""|"N/A"|""|"LTCL Recital [73] Dec 2012"|"Prelude & Fugue No.12 in F minor"|"Bach"|1|"20140924215200"|"AA00003"|""|"MUSIC AUDITION-TOP SCHOOLS WEEKEND 2014"
"S006360"|""|"Music Audition"|"Piano"|""|"N/A"|""|"ATCL Recital [73] Oct 2011"|"Piano Sonata No.1 2nd Movement"|"Carl Vine"|1|"20140924215200"|"AA00003"|""|"MUSIC AUDITION-TOP SCHOOLS WEEKEND 2014"
"S006360"|""|"Music Audition"|"Violin"|""|"N/A"|""|"ATCL Recital [96] May 2014"|"Violin Concerto No.2 in E major 2nd Movement"|"Bach"|2|"20140924215500"|"AA00003"|""|"MUSIC AUDITION-TOP SCHOOLS WEEKEND 2014"
"S006360"|""|"Music Audition"|"Violin"|""|"N/A"|""|"ABRSM G8 [133] Oct 2010"|""|""|2|"20140924215500"|"AA00003"|""|"MUSIC AUDITION-TOP SCHOOLS WEEKEND 2014"
"S031406"|""|"Music Audition"|"Violin"|""|"N/A"|""|"ABRSM G6 [124] Oct 2011"|"Aus Der Heimat I."|"Bedrich Smetana"|1|"20140924220117"|"AA00003"|""|"MUSIC AUDITION-TOP SCHOOLS WEEKEND 2014"
"S009774"|""|"Music Audition"|"Piano"|""|"N/A"|""|"ABRSM G8 [123] Oct 2010"|"Romanze in F, Opus 118"|"Brahms"|1|"20140924220537"|"AA00003"|""|"MUSIC AUDITION-TOP SCHOOLS WEEKEND 2014"
"S009774"|""|"Music Audition"|"Violin"|""|"N/A"|""|"ABRSM G8 [awaiting mark sheet] Aug 2014"|"Partita No.2 in D major, Gigue (S.1004)"|"Bach"|2|"20140924220728"|"AA00003"|""|"MUSIC AUDITION-TOP SCHOOLS WEEKEND 2014"
"S030842"|""|"Music Audition"|"Piano"|""|"N/A"|""|"ABRSM G6 [121] May 2012"|"Habanera"|"Ernesto Halffter"|1|"20140924221454"|"AA00003"|""|"MUSIC AUDITION-TOP SCHOOLS WEEKEND 2014"
"S030842"|""|"Music Audition"|"Piano"|""|"N/A"|""|"ABRSM G8 [130] Oct 2013"|"Sonata K. 492"|"Scarlatti"|1|"20140924221454"|"AA00003"|""|"MUSIC AUDITION-TOP SCHOOLS WEEKEND 2014"
"S009939"|""|"Music Audition"|"Cello"|""|"N/A"|""|"ABRSM G5 [115] Apr 2012 - mark sheet lost"|"The Swan"|"Saint-Saëns"|1|"20140924223902"|"AA00003"|"Member of HK Children's Choir
Member of Yao Yueh Chinese Music Association (organised by Old Boys of Diocesan Boys' School)"|"MUSIC AUDITION-TOP SCHOOLS WEEKEND 2014"
"S009774"|""|"Music Audition"|"Violin"|""|"N/A"|""|"ABRSM G5 [120] Oct 2012"|""|""|2|"20140924230507"|"AA00003"|""|"MUSIC AUDITION-TOP SCHOOLS WEEKEND 2014"
"S009774"|""|"Music Audition"|"Piano"|""|"N/A"|""|"ATCL Recital [62] Nov 2011"|"K310 Sonata in A minor 1st Movement"|"Mozart"|1|"20140924230531"|"AA00003"|""|"MUSIC AUDITION-TOP SCHOOLS WEEKEND 2014"
"S031915"|""|"Music Audition"|"Percussion - Xylophone (submit DVD)"|""|"N/A"|""|"N/A"|"to be advised"|"to be advised"|2|"20140924230945"|"AA00003"|""|"MUSIC AUDITION-TOP SCHOOLS WEEKEND 2014"
"S031427"|""|"Music Audition"|"Flute"|""|"N/A"|""|""|"Sonata in G minor, 1, Allegro BWV1020"|"Bach"|1|"20140925094205"|"AA00003"|""|"MUSIC AUDITION-TOP SCHOOLS WEEKEND 2014"
"S031427"|""|"Music Audition"|"Piano"|""|"N/A"|""|"ABRSM G5 [126] Aug 2013"|"Con Vivacità: No.11 from Visions Fugitive Opus 22"|"Prokofiev"|2|"20140925094258"|"AA00003"|""|"MUSIC AUDITION-TOP SCHOOLS WEEKEND 2014"
"S006892"|""|"Music Audition"|"Flute"|""|"N/A"|""|"ABRSM G3 [120] Sep 2009"|"Sonatina for Flute and Piano Opus 98"|"Mathias"|1|"20140925094840"|"AA00003"|"First Flute of School band"|"MUSIC AUDITION-TOP SCHOOLS WEEKEND 2014"
"S006892"|""|"Music Audition"|"Flute"|""|"N/A"|""|"ABRSM G8 [110] Nov 2012"|"Sonata No.6 in E major 2nd Movement"|"Bach"|1|"20140925095030"|"AA00003"|"First Flute of School Band"|"MUSIC AUDITION-TOP SCHOOLS WEEKEND 2014"
"S031875"|""|"Music Audition"|"Cello"|""|"N/A"|""|"ABRSM G8 [138] May 2011"|"Sonata for Piano and Cello in D major Opus 102 No.1"|"Beethoven"|1|"20140925095533"|"AA00003"|"Member of APA"|"MUSIC AUDITION-TOP SCHOOLS WEEKEND 2014"
"S009939"|""|"Music Audition"|"Cello"|""|"N/A"|""|"ABRSM G8 - exam to be taken in Apr 2015"|"Robot's March"|"Gordon Jacob"|1|"20140925100220"|"AA00003"|"Member of HK Children's Choir
Member of Yao Yueh Chinese Music Association (organised by the Old Boys of Diocesan Boys' School)"|"MUSIC AUDITION-TOP SCHOOLS WEEKEND 2014"
"S009939"|""|"Music Audition"|"Liuqin (Chinese musical instrument)"|""|"N/A"|""|"Certificate of Arts Grade Examination of China G10 [Pass] May 2013 - mark sheet lost"|"Jubilant Tianshan"|"Wang Hui Ran"|2|"20140925100405"|"AA00003"|""|"MUSIC AUDITION-TOP SCHOOLS WEEKEND 2014"
"S009939"|""|"Music Audition"|"Liuqin (Chinese musical instrument)"|""|"N/A"|""|"Certificate of Arts Grade Examination of China G7 [Merit] Nov 2011 - mark sheet lost"|""|""|2|"20140925100415"|"AA00003"|""|"MUSIC AUDITION-TOP SCHOOLS WEEKEND 2014"
"S030842"|""|"Music Audition"|"Percussion (submit DVD)"|""|"N/A"|""|"ABRSM G8 [113] Nov 2012"|"Yellow After the Rain"|"Mitchell Peters"|2|"20140925100601"|"AA00003"|""|"MUSIC AUDITION-TOP SCHOOLS WEEKEND 2014"
"S030842"|""|"Music Audition"|"Percussion (submit DVD)"|""|"N/A"|""|"ABRSM G4 [128] Oct 2009"|""|""|2|"20140925100641"|"AA00003"|""|"MUSIC AUDITION-TOP SCHOOLS WEEKEND 2014"
"S031098"|""|"Music Audition"|"Violin"|""|"N/A"|""|"ABRSM G8 [133] Oct 2011"|"Violin Concerto No.1 in A minor, BWV 1041 3rd Movement"|"Bach"|1|"20140925100858"|"AA00003"|"Member of HK Youth Symphonic Orchestra"|"MUSIC AUDITION-TOP SCHOOLS WEEKEND 2014"
"S031406"|""|"Music Audition"|"Violin"|""|"N/A"|""|"ABRSM G8 [111] Oct 2013"|"6 Sonatas for Violin and Piano, Volume 1, Largo"|"Handel"|1|"20140925101421"|"AA00003"|""|"MUSIC AUDITION-TOP SCHOOLS WEEKEND 2014"
"S004179"|""|"Music Audition"|"Violin"|""|"N/A"|""|"ATCL Recital [88] May 2014"|"Sonata for Piano and Violin Opus 24 ""Spring"" 1st Movement"|"Beethoven"|1|"20140925102657"|"AA00003"|""|"MUSIC AUDITION-TOP SCHOOLS WEEKEND 2014"
"S004179"|""|"Music Audition"|"Violin"|""|"N/A"|""|"ABRSM G8 [130] May 2012"|"Romantic Pieces Opus 75 1st Movement"|"Dvorak"|1|"20140925102657"|"AA00003"|""|"MUSIC AUDITION-TOP SCHOOLS WEEKEND 2014"
"S031254"|""|"Music Audition"|"Percussion - Xylophone"|""|"N/A"|""|"ABRSM G7 [124] Oct 2013"|"Sonata in A K.331: Rondo Alla Turca"|"Mozart"|1|"20140925124951"|"AA00003"|"Member of HK Children's Choir (Primary School)
Member of Diocesan Boys' School Intermediate Choir (G8)
Member of Diocesan Boys' School Wind Orchestra (G7)"|"MUSIC AUDITION-TOP SCHOOLS WEEKEND 2014"
"S031076"|""|"Music Audition"|"Piano"|""|"N/A"|""|"ABRSM G8 [136] Sep 2012"|"The Lark"|"Glinka/Balakirev"|2|"20140925191712"|"AA00003"|""|"MUSIC AUDITION-TOP SCHOOLS WEEKEND 2014"
"S008038"|""|"Music Audition"|"Saxophone"|""|"N/A"|""|"ABRSM G8 [130] Nov 2013"|"Wandering Sax - Sixty for Sax"|"Alan Bullard"|1|"20140926105534"|"AA00003"|""|"MUSIC AUDITION-TOP SCHOOLS WEEKEND 2014"
"S008038"|""|"Music Audition"|"Saxophone"|""|"N/A"|""|"ABRSM G6 [117] May 2012"|"Scherzando Sax - Sixty for Sax"|"Alan Bullard"|1|"20140926105534"|"AA00003"|""|"MUSIC AUDITION-TOP SCHOOLS WEEKEND 2014"
"S008038"|""|"Music Audition"|"Piano"|""|"N/A"|""|"ABRSM G8 [114] Apr 2014"|"Romance Opus 2"|"Aubert Louis"|2|"20140926105725"|"AA00003"|""|"MUSIC AUDITION-TOP SCHOOLS WEEKEND 2014"
"S008038"|""|"Music Audition"|"Piano"|""|"N/A"|""|"ABRSM G7 [123] Nov 2011"|""|""|2|"20140926105725"|"AA00003"|""|"MUSIC AUDITION-TOP SCHOOLS WEEKEND 2014"
"S031794"|""|"Music Audition"|"Cello"|""|"N/A"|""|"ABRSM G5 [131] Oct 2009"|"High School of Violoncello Playing Etude Number 1"|"Popper"|1|"20140926124132"|"AA00003"|""|"MUSIC AUDITION-TOP SCHOOLS WEEKEND 2014"
"S032108"|""|"Music Audition"|"Piano"|""|"N/A"|""|"ABRSM G8 [108] Sep 2013"|"Sonata in B minor K27"|"Scarlatti"|1|"20140928162330"|"AA00003"|"Member of School Wind Band"|"MUSIC AUDITION-TOP SCHOOLS WEEKEND 2014"
"S032108"|""|"Music Audition"|"Flute"|""|"N/A"|""|"n/a"|"Sicilienne Opus 78"|"Gabriel Fauré"|2|"20140928162505"|"AA00003"|""|"MUSIC AUDITION-TOP SCHOOLS WEEKEND 2014"
"S032108"|""|"Music Audition"|"Piano"|""|"N/A"|""|"ABRSM G5 [101] Mar 2011"|"Pathetique 1st movement"|"Beethoven"|1|"20140928162625"|"AA00003"|"Member of School Wind Band"|"MUSIC AUDITION-TOP SCHOOLS WEEKEND 2014"
"S011675"|""|"Music Audition"|"Percussion"|""|"N/A"|""|"ABRSM G8 [125] May 2015"|"Alla Turca from Sonata in A, K331"|"Mozart"|1|"20150905155445"|"AA00061"|""|"MUSIC AUDITION-TOP SCHOOLS WEEKEND 2015"
"S011675"|""|"Music Audition"|"Percussion"|""|"N/A"|""|"ABRSM G5 [123] April 2013"|"Bit O'Rhythm"|"Harry Breuer"|1|"20150905160547"|"AA00061"|""|"MUSIC AUDITION-TOP SCHOOLS WEEKEND 2015"
"S032759"|""|"Music Audition"|"Oboe"|""|"N/A"|""|"ABRSM G8 [133] April 2011"|"Drei Romanzen Opus 94 1st Movement"|"R.Schumann"|1|"20150908163255"|"AA00061"|""|"MUSIC AUDITION-TOP SCHOOLS WEEKEND 2015"
"S032759"|""|"Music Audition"|"Oboe"|""|"N/A"|""|"ABRSM G5 [111] November 2008"|"Sonata in C minor 2nd Movement"|"Antonio Vivaldi"|1|"20150908165758"|"AA00061"|""|"MUSIC AUDITION-TOP SCHOOLS WEEKEND 2015"
"S033206"|""|"Music Audition"|"Cello"|""|"N/A"|""|"ABRSM G7 [124] April 2012"|"Concerto No.1 in A minor Op.33 1st Movement"|"Saint-Saëns"|1|"20150908174229"|"AA00061"|""|"MUSIC AUDITION-TOP SCHOOLS WEEKEND 2015"
"S033206"|""|"Music Audition"|"Piano"|""|"N/A"|""|"ATCL Recital [69] October 2013"|"Nocturne Op.19 No.4"|"Tchaikovsky"|2|"20150908174720"|"AA00061"|""|"MUSIC AUDITION-TOP SCHOOLS WEEKEND 2015"
"S033206"|""|"Music Audition"|"Piano"|""|"N/A"|""|"ABRSM G8 [124] October 2011"|""|""|2|"20150908174917"|"AA00061"|""|"MUSIC AUDITION-TOP SCHOOLS WEEKEND 2015"
"S033206"|""|"Music Audition"|"Cello"|""|"N/A"|""|"ABRSM G8 [131] October 2013"|"Prelude & Gigue from Suite No. 3 in C major, BMV 1009"|"J.S. Bach"|1|"20150908174955"|"AA00061"|"Member of School Orchestra (Section Leader)"|"MUSIC AUDITION-TOP SCHOOLS WEEKEND 2015"
"S033183"|""|"Music Audition"|"Piano"|""|"N/A"|""|"ABRSM G8 [141] October 2011"|"Sonata in C minor Op.13 1st Movement"|"Beethoven"|1|"20150908180250"|"AA00061"|""|"MUSIC AUDITION-TOP SCHOOLS WEEKEND 2015"
"S033183"|""|"Music Audition"|"Flute"|""|"N/A"|""|"ABRSM G4 [136] October 2010"|""|""|2|"20150908181031"|"AA00061"|""|"MUSIC AUDITION-TOP SCHOOLS WEEKEND 2015"
"S012320"|""|"Music Audition"|"Piano"|""|"N/A"|""|"ABRSM G8 [100] October 2014"|"Sonata in D K.492"|"Scarlatti"|1|"20150908182503"|"AA00061"|""|"MUSIC AUDITION-TOP SCHOOLS WEEKEND 2015"
"S012320"|""|"Music Audition"|"Piano"|""|"N/A"|""|"ABRSM G5 [122] May 2012"|"Nocturne Op.9 No.2"|"Chopin"|1|"20150908182636"|"AA00061"|""|"MUSIC AUDITION-TOP SCHOOLS WEEKEND 2015"
"S012320"|""|"Music Audition"|"Oboe"|""|"N/A"|""|"ABRSM G6 [100] April 2014"|"Concerto for Oboe in D minor 1st Movement"|"A. Marcello"|2|"20150908184555"|"AA00061"|""|"MUSIC AUDITION-TOP SCHOOLS WEEKEND 2015"
"S012320"|""|"Music Audition"|"Oboe"|""|"N/A"|""|"ABRSM G5 [116] May 2013"|""|""|2|"20150908184637"|"AA00061"|""|"MUSIC AUDITION-TOP SCHOOLS WEEKEND 2015"
"S032886"|""|"Music Audition"|"Violin"|""|"N/A"|""|"ABRSM G8 [122] May 2014"|"Praeludium and Allegro"|"G.Pugnani Kreisler"|1|"20150910170254"|"AA00061"|""|"MUSIC AUDITION-TOP SCHOOLS WEEKEND 2015"
"S032886"|""|"Music Audition"|"Piano"|""|"N/A"|""|"ABRSM G8 [125] October 2014"|"Prélude 1st Movement from Suite Bergamasque"|"Claude Debussy"|2|"20150910171028"|"AA00061"|""|"MUSIC AUDITION-TOP SCHOOLS WEEKEND 2015"
"S032886"|""|"Music Audition"|"Piano"|""|"N/A"|""|"ABRSM G7 [122] May 2013"|""|""|2|"20150910171526"|"AA00061"|""|"MUSIC AUDITION-TOP SCHOOLS WEEKEND 2015"
"S033454"|""|"Music Audition"|"Piano"|""|"N/A"|""|"ABRSM G8 August 2015 (Result not yet released)"|"Waltz in B minor Op.69 No.2"|"Chopin"|2|"20150910174942"|"AA00061"|""|"MUSIC AUDITION-TOP SCHOOLS WEEKEND 2015"
"S033454"|""|"Music Audition"|"Piano"|""|"N/A"|""|"ABRSM G6 [110] August 2013"|""|""|2|"20150910175047"|"AA00061"|""|"MUSIC AUDITION-TOP SCHOOLS WEEKEND 2015"
"S031290"|""|"Music Audition"|"Vocal"|""|"N/A"|""|""|"V'adoro Pupille"|"George Frideric Handel"|1|"20150910181756"|"AA00061"|""|"MUSIC AUDITION-TOP SCHOOLS WEEKEND 2015"
"S033160"|""|"Music Audition"|"Oboe"|""|"N/A"|""|"ABRSM G7 [137] November 2013"|""|""|2|"20150912111030"|"AA00061"|""|"MUSIC AUDITION-TOP SCHOOLS WEEKEND 2015"
"S033437"|""|"Music Audition"|"Piano"|""|"N/A"|""|"ABRSM G8 [112] April 2015"|"No.2 From Two Musical Sketches"|"Felix Mendelssohn Bartholdy"|1|"20150912111742"|"AA00061"|""|"MUSIC AUDITION-TOP SCHOOLS WEEKEND 2015"
"S033437"|""|"Music Audition"|"Flute"|""|"N/A"|""|"ABRSM G5 [125] August 2012"|""|""|2|"20150912112354"|"AA00061"|""|"MUSIC AUDITION-TOP SCHOOLS WEEKEND 2015"
"S033437"|""|"Music Audition"|"Piano"|""|"N/A"|""|"ABRSM G5 [126] November 2012"|"Sonata in B minor Kp.27(L.449)"|"Domenico Scarlatti"|1|"20150912112625"|"AA00061"|""|"MUSIC AUDITION-TOP SCHOOLS WEEKEND 2015"
"S033437"|""|"Music Audition"|"Flute"|""|"N/A"|""|"ABRSM G7 [105] October 2013"|"3. Fantasie für Querflöte ohne Bass h-Moll TWV 40:4"|"Telemann"|2|"20150912112955"|"AA00061"|""|"MUSIC AUDITION-TOP SCHOOLS WEEKEND 2015"
"S031993"|""|"Music Audition"|"Double Bass"|""|"N/A"|""|"ABRSM G8 [139] May 2013"|"After a Dream"|"Gabriel Fauré"|1|"20150912122525"|"AA00061"|""|"MUSIC AUDITION-TOP SCHOOLS WEEKEND 2015"
"S033305"|""|"Music Audition"|"Violin"|""|"N/A"|""|"ABRSM G8 [131] September 2012"|"Rhapsody No.1 1st Movement"|"Bartók"|1|"20150912124201"|"AA00061"|""|"MUSIC AUDITION-TOP SCHOOLS WEEKEND 2015"
"S033305"|""|"Music Audition"|"Piano"|""|"N/A"|""|"ABRSM G8 [126] November 2011"|"Fantasie-Impromptu Posthumous Opus 66"|"Chopin"|2|"20150912124814"|"AA00061"|""|"MUSIC AUDITION-TOP SCHOOLS WEEKEND 2015"
"S033305"|""|"Music Audition"|"Piano"|""|"N/A"|""|"ABRSM G5 [123] September 2009"|""|""|2|"20150912124909"|"AA00061"|""|"MUSIC AUDITION-TOP SCHOOLS WEEKEND 2015"
"S031332"|""|"Music Audition"|"Piano"|""|"N/A"|""|"ABRSM G4 [130] November 2011"|"Mignon No.4 from Five Piano Pieces Op 3"|"Carl Nielsen"|1|"20150912130015"|"AA00061"|""|"MUSIC AUDITION-TOP SCHOOLS WEEKEND 2015"
"S031332"|""|"Music Audition"|"Violin"|""|"N/A"|""|"ABRSM G5 [139] November 2014"|"Gavotte with Two Variations No.4 from Suite Italienne"|"Igor Stravinsky"|2|"20150912130308"|"AA00061"|""|"MUSIC AUDITION-TOP SCHOOLS WEEKEND 2015"
"S031332"|""|"Music Audition"|"Violin"|""|"N/A"|""|"ABRSM G3 [136] September 2012"|""|""|2|"20150912130410"|"AA00061"|""|"MUSIC AUDITION-TOP SCHOOLS WEEKEND 2015"
"S009763"|""|"Music Audition"|"Oboe"|""|"N/A"|""|"ABRSM G8 [117] September 2014"|"Three Romances Opus 94 No.3"|"Robert Schumann"|1|"20150912132038"|"AA00061"|"DBSPD Senior Orchestra (2012 - 2014)"|"MUSIC AUDITION-TOP SCHOOLS WEEKEND 2015"
"S009763"|""|"Music Audition"|"Oboe"|""|"N/A"|""|"ABRSM G7 [117] October 2013"|"Sonata for Oboe and Piano 1st Movement"|"Francis Poulenc"|1|"20150912132045"|"AA00061"|""|"MUSIC AUDITION-TOP SCHOOLS WEEKEND 2015"
"S009226"|""|"Music Audition"|"Piano"|""|"N/A"|""|"ABRSM G8 [115] October 2011"|"Sonata in G Op.14 No.2"|"L.V.Beethoven"|1|"20150912144800"|"AA00061"|""|"MUSIC AUDITION-TOP SCHOOLS WEEKEND 2015"
"S031078"|""|"Music Audition"|"Cello"|""|"N/A"|""|"ABRSM G8 [123] September 2014"|"Sonata Opus 38 2nd Movement Allegretto quasi Menuetto"|"Johannes Brahms"|1|"20150912145629"|"AA00061"|"Diocesan Boy's School Primary Division
Senior Orchestra
String Orchestra"|"MUSIC AUDITION-TOP SCHOOLS WEEKEND 2015"
"S031078"|""|"Music Audition"|"Cello"|""|"N/A"|""|"ABRSM G5 [127] September 2012"|"Kol Nidrei Opus 47 (Lines 1-7)"|"Max Bruch"|1|"20150912145817"|"AA00061"|""|"MUSIC AUDITION-TOP SCHOOLS WEEKEND 2015"
"S031078"|""|"Music Audition"|"Piano"|""|"N/A"|""|"ABRSM G4 [111] November 2011"|""|""|2|"20150912150419"|"AA00061"|""|"MUSIC AUDITION-TOP SCHOOLS WEEKEND 2015"
"S033367"|""|"Music Audition"|"Violin"|""|"N/A"|""|"ABRSM G8 [113] September 2014"|"Spring Sonata 1st Movement"|"Beethoven"|1|"20150912151132"|"AA00061"|"Hong Kong Kowloon Youth Chinese Orchestra"|"MUSIC AUDITION-TOP SCHOOLS WEEKEND 2015"
"S033367"|""|"Music Audition"|"Violin"|""|"N/A"|""|"ABRSM G6 [111] May 2013"|"Four Romantic Pieces No.1"|"Antonín Dvořák"|1|"20150912151354"|"AA00061"|""|"MUSIC AUDITION-TOP SCHOOLS WEEKEND 2015"
"S033367"|""|"Music Audition"|"Piano"|""|"N/A"|""|"ABRSM G7 [115] August 2010"|""|""|2|"20150912151654"|"AA00061"|""|"MUSIC AUDITION-TOP SCHOOLS WEEKEND 2015"
"S033367"|""|"Music Audition"|"Erhu"|""|"N/A"|""|"Central Conservatory of Music G9 2014"|"Kwan Ming Yu"|"Lan Huahua's Narration"|3|"20150912152304"|"AA00061"|""|"MUSIC AUDITION-TOP SCHOOLS WEEKEND 2015"
"S033427"|""|"Music Audition"|"Violin"|""|"N/A"|""|""|"Partita II BWV 1004"|"J.Bach"|1|"20150912153041"|"AA00061"|""|"MUSIC AUDITION-TOP SCHOOLS WEEKEND 2015"
"S031195"|""|"Music Audition"|"Violin"|""|"N/A"|""|"ABRSM G8 [124] October 2011"|"Concerto in E major BWV1042 3rd Movement"|"J.S.Bach"|1|"20150912154801"|"AA00061"|""|"MUSIC AUDITION-TOP SCHOOLS WEEKEND 2015"
"S031195"|""|"Music Audition"|"Piano"|""|"N/A"|""|"ABRSM G8 [104] April 2013"|"Valse KK IVb Nr.11"|"Frédéric Chopin"|2|"20150912160016"|"AA00061"|""|"MUSIC AUDITION-TOP SCHOOLS WEEKEND 2015"
"S031195"|""|"Music Audition"|"Piano"|""|"N/A"|""|"ABRSM G7 [109] September 2010"|""|""|2|"20150912160054"|"AA00061"|""|"MUSIC AUDITION-TOP SCHOOLS WEEKEND 2015"
"S031195"|""|"Music Audition"|"Violin"|""|"N/A"|""|"ABRSM G7 [117] September 2010"|"Ballet Suite No.2 Spring Waltz"|"Shostakovich"|1|"20150912160447"|"AA00061"|""|"MUSIC AUDITION-TOP SCHOOLS WEEKEND 2015"
"S033393"|""|"Music Audition"|"Piano"|""|"N/A"|""|"ABRSM G8 [126] May 2014"|"Waltz in E minor Op. Posthumus"|"Chopin"|2|"20150912161142"|"AA00061"|""|"MUSIC AUDITION-TOP SCHOOLS WEEKEND 2015"
"S033393"|""|"Music Audition"|"Piano"|""|"N/A"|""|"ABRSM G5 [134] April 2011"|""|""|2|"20150912161230"|"AA00061"|""|"MUSIC AUDITION-TOP SCHOOLS WEEKEND 2015"
"S033393"|""|"Music Audition"|"Violin"|""|"N/A"|""|"Trinity LTCL [65] May 2015"|"Sonata No.10 in G major Op. 96 1st Movement"|"Beethoven"|1|"20150912161343"|"AA00061"|"School Orchestra
School Choir"|"MUSIC AUDITION-TOP SCHOOLS WEEKEND 2015"
"S033393"|""|"Music Audition"|"Violin"|""|"N/A"|""|"Trinity ATCL [82] April 2013"|"Zigeunerweisen Op. 20"|"Sarasate"|1|"20150912161450"|"AA00061"|""|"MUSIC AUDITION-TOP SCHOOLS WEEKEND 2015"
"S033370"|""|"Music Audition"|"Euphonium"|""|"N/A"|""|"ABRSM G5 [128] September 2010"|"Morceau Symphonique"|"Alexandre Guilmant"|2|"20150914154836"|"AA00061"|""|"MUSIC AUDITION-TOP SCHOOLS WEEKEND 2015"
"S033096"|""|"Music Audition"|"Piano"|""|"N/A"|""|"ABRSM G7 [117] October 2013"|"Sonata in F minor Kp.239 (L.281)"|"D.Scarlatti"|1|"20150914155619"|"AA00061"|""|"MUSIC AUDITION-TOP SCHOOLS WEEKEND 2015"
"S033096"|""|"Music Audition"|"Piano"|""|"N/A"|""|"ABRSM G5 [142] September 2012"|"Allegro con spirito: 1st Movement from Sonata in D K.311"|"Mozart"|1|"20150914160056"|"AA00061"|""|"MUSIC AUDITION-TOP SCHOOLS WEEKEND 2015"
"S031596"|""|"Music Audition"|"Singing"|""|"N/A"|""|"ABRSM G5 [144] May 2015"|"Panis Angelicus"|"Saint Thomas Aquinas/ César Franck"|1|"20150914165921"|"AA00061"|"Member of Dr Yip's"|"MUSIC AUDITION-TOP SCHOOLS WEEKEND 2015"
"S031596"|""|"Music Audition"|"Piano"|""|"N/A"|""|"ABRSM G6 [108] May 2015"|"Allegro No. 5 from Five Short Pieces, Op.4"|"Lennox Berkeley"|2|"20150914170618"|"AA00061"|"Member of Dr Yip's"|"MUSIC AUDITION-TOP SCHOOLS WEEKEND 2015"
"S031567"|""|"Music Audition"|"Cello"|""|"N/A"|""|"ABRSM G5 [120] May 2012"|"Martinu Variations on a Theme of Rossini"|"Bohuslav Martinů"|1|"20150914172016"|"AA00061"|""|"MUSIC AUDITION-TOP SCHOOLS WEEKEND 2015"
"S031567"|""|"Music Audition"|"Piano"|""|"N/A"|""|"ABRSM G8 [108] October 2014"|"Waltz in A flat Op.69 No.1"|"Chopin"|2|"20150914172113"|"AA00061"|""|"MUSIC AUDITION-TOP SCHOOLS WEEKEND 2015"
"S031567"|""|"Music Audition"|"Piano"|""|"N/A"|""|"ABRSM G5 [130] August 2012"|""|""|2|"20150914172145"|"AA00061"|""|"MUSIC AUDITION-TOP SCHOOLS WEEKEND 2015"
"S031596"|""|"Music Audition"|"Piano"|""|"N/A"|""|"ABRSM G4 [117] October 2013"|""|""|2|"20150914173218"|"AA00061"|"Member of Dr Yip's"|"MUSIC AUDITION-TOP SCHOOLS WEEKEND 2015"
"S031596"|""|"Music Audition"|"Singing"|""|"N/A"|""|""|"I Could Have Danced All Night; From My Fair Lady"|"Music by Frederick Loewe; Words by Alan Jay Lerner"|1|"20150914173437"|"AA00061"|"Member of Dr Yip's"|"MUSIC AUDITION-TOP SCHOOLS WEEKEND 2015"
"S009226"|""|"Music Audition"|"Piano"|""|"N/A"|""|"Trinity ATCL Recital [87] November 2014"|"Prelude & Fugue in D minor BWV 851"|"J.S.Bach"|1|"20150915121419"|"AA00061"|"Senior Member of Wah Yan College, Kowloon's Chinese Orchestra"|"MUSIC AUDITION-TOP SCHOOLS WEEKEND 2015"
"S032759"|""|"Music Audition"|"Piano"|""|"N/A"|""|"ABRSM G5 [100] September 2009"|"Sonatina in A minor Op.88 No.3 1st Movement"|"Kuhlau"|2|"20150915130146"|"AA00061"|""|"MUSIC AUDITION-TOP SCHOOLS WEEKEND 2015"
"S032759"|""|"Music Audition"|"Piano"|""|"N/A"|""|"ABRSM G3 [117] September 2008"|""|""|2|"20150915130312"|"AA00061"|""|"MUSIC AUDITION-TOP SCHOOLS WEEKEND 2015"
"S033367"|""|"Music Audition"|"Piano"|""|"N/A"|""|"ABRSM G8 [109] April 2012"|"Sonata KV332"|"Mozart"|2|"20150915131731"|"AA00061"|""|"MUSIC AUDITION-TOP SCHOOLS WEEKEND 2015"
"S033183"|""|"Music Audition"|"Flute"|""|"N/A"|""|"ABRSM G6 [124] October 2013"|"Sicilienne - Flute & Piano Op.78"|"Gabriel Fauré"|2|"20150915132710"|"AA00061"|""|"MUSIC AUDITION-TOP SCHOOLS WEEKEND 2015"
"S033183"|""|"Music Audition"|"Piano"|""|"N/A"|""|"Advanced Certificate [91] September 2013"|"Tha Lark - L'Alouette"|"Glinka-Balakirev"|1|"20150915132754"|"AA00061"|""|"MUSIC AUDITION-TOP SCHOOLS WEEKEND 2015"
"S033305"|""|"Music Audition"|"Violin"|""|"N/A"|""|"Trinity ATCL Recital [78] April 2014"|"Sonata in A major Opus12 No.2 1st Movement"|"Beethoven"|1|"20150915143849"|"AA00061"|"DGS String Orchestra
DGS Symphony Orchestra"|"MUSIC AUDITION-TOP SCHOOLS WEEKEND 2015"
"S033433"|""|"Music Audition"|"Violin"|""|"N/A"|""|"Trinity LTCL Recital [67] April 2015"|"Sonata in A major 2nd Movement"|"César Franck"|1|"20150915145234"|"AA00061"|"Hong Kong Children's Symphony Orchestra"|"MUSIC AUDITION-TOP SCHOOLS WEEKEND 2015"
"S033433"|""|"Music Audition"|"Violin"|""|"N/A"|""|"Trinity ATCL Recital [68] October 2011"|"Concerto No.3 in G major K216 1st Movement"|"Wolfgang A.Mozart"|1|"20150915145310"|"AA00061"|""|"MUSIC AUDITION-TOP SCHOOLS WEEKEND 2015"
"S033160"|""|"Music Audition"|"Piano"|""|"N/A"|""|"ABRSM G7 [130] October 2013"|"Allegro Molto E Con Brio: Third Movement from Sonata in C minor Op.10 No.1"|"Ludwig van Beethoven"|1|"20150915151458"|"AA00061"|""|"MUSIC AUDITION-TOP SCHOOLS WEEKEND 2015"
"S033160"|""|"Music Audition"|"Piano"|""|"N/A"|""|"ABRSM G8 [134] April 2015"|"Praeambulum: 1st Movement from Partita No.5 in G. BMV 829"|"J.S.Bach"|1|"20150915151611"|"AA00061"|""|"MUSIC AUDITION-TOP SCHOOLS WEEKEND 2015"
"S033160"|""|"Music Audition"|"Oboe"|""|"N/A"|""|"ABRSM G8 [132] October 2014"|"Six Metamorphoses after Ovid Op.49 Niobe"|"Benjamin Britten"|2|"20150915151753"|"AA00061"|""|"MUSIC AUDITION-TOP SCHOOLS WEEKEND 2015"
"S030173"|""|"Music Audition"|"Vocal"|""|"N/A"|""|""|"Caro Mio Ben"|"Giuseppe Giordani"|2|"20150915180958"|"AA00061"|""|"MUSIC AUDITION-TOP SCHOOLS WEEKEND 2015"
"S031993"|""|"Music Audition"|"Double Bass"|""|"N/A"|""|"Trinity ATCL Recital [74] April 2015"|"Konzert No.1 1st Movement"|"Franz Anton Hoffmeister"|1|"20150915201919"|"AA00061"|"Member of School String Orchestra, Symphony Orchestra, Wind Orchestra"|"MUSIC AUDITION-TOP SCHOOLS WEEKEND 2015"
"S033427"|""|"Music Audition"|"Piano"|""|"N/A"|""|"ABRSM G8 [118] October 2014"|"1st Movement Sonata Hoboken XVI:20"|"Haydn"|2|"20150917103504"|"AA00061"|""|"MUSIC AUDITION-TOP SCHOOLS WEEKEND 2015"
"S033475"|""|"Music Audition"|"Saxophone"|""|"N/A"|""|"ABRSM G8 [127] April 2012"|"Tableaux de Provence"|"Paule Maurice"|1|"20150917104952"|"AA00061"|""|"MUSIC AUDITION-TOP SCHOOLS WEEKEND 2015"
"S033475"|""|"Music Audition"|"Saxophone"|""|"N/A"|""|"Trinity ATCL Recital [64] August 2013"|"Divertimento 3rd Movement"|"Roger Boutry"|1|"20150917105038"|"AA00061"|"Member of APA"|"MUSIC AUDITION-TOP SCHOOLS WEEKEND 2015"
"S033272"|""|"Music Audition"|"Violin"|""|"N/A"|""|"ABRSM G8 [130] November 2011"|"Concerto No.4 K218 2nd Movement"|"Mozart"|1|"20150917105743"|"AA00061"|""|"MUSIC AUDITION-TOP SCHOOLS WEEKEND 2015"
"S033272"|""|"Music Audition"|"Violin"|""|"N/A"|""|"ABRSM Diploma [73] August 2014"|"Sonata in D major Op.9 No.3 Tambourin"|"Leclair"|1|"20150917105807"|"AA00061"|"Member of Dr Yip's"|"MUSIC AUDITION-TOP SCHOOLS WEEKEND 2015"
"S030173"|""|"Music Audition"|"Double Major: Viola and Violin"|""|"N/A"|""|"Trinity Violin ATCL Recital (Charles will take the exam on 6 Oct)"|""|""|1|"20150917121001"|"AA00061"|""|"MUSIC AUDITION-TOP SCHOOLS WEEKEND 2015"
"S030173"|""|"Music Audition"|"Double Major: Voila and Violin"|""|"N/A"|""|"ABRSM Viola G8 [126] April 2012"|"Violin Concerto No.2"|"Wolfgang Amadeus Mozart"|1|"20150917121014"|"AA00061"|""|"MUSIC AUDITION-TOP SCHOOLS WEEKEND 2015"
"S011212"|""|"Music Audition"|"Piano"|""|"N/A"|""|"ABRSM G7 [103] April 2015"|"Sonatina in D minor HWV581"|"Handel"|1|"20150917123100"|"AA00061"|""|"MUSIC AUDITION-TOP SCHOOLS WEEKEND 2015"
"S011212"|""|"Music Audition"|"Vocal"|""|"N/A"|""|""|"Wouldn't It Be Lovely; From My Fair Lady"|"Frederick Loewe"|2|"20150917123612"|"AA00061"|""|"MUSIC AUDITION-TOP SCHOOLS WEEKEND 2015"
"S031969"|""|"Music Audition"|"Alto Saxophone"|""|"N/A"|""|"ABRSM G8 [110] April 2014"|"Aria"|"Eugène Bozza"|1|"20150917124113"|"AA00061"|""|"MUSIC AUDITION-TOP SCHOOLS WEEKEND 2015"
"S011212"|""|"Music Audition"|"Piano"|""|"N/A"|""|"ABRSM G5 April 2013 (Mark sheet lost, attached G5 certificate with merit)"|"Gondellied"|"Mendelssohn"|1|"20150917144006"|"AA00061"|""|"MUSIC AUDITION-TOP SCHOOLS WEEKEND 2015"
"S033307"|""|"Music Audition"|"Piano"|""|"N/A"|""|"ABRSM G5 [114] May 2010"|""|""|2|"20150917173508"|"AA00061"|""|"MUSIC AUDITION-TOP SCHOOLS WEEKEND 2015"
"S033307"|""|"Music Audition"|"Piano"|""|"N/A"|""|"ABRSM G8 [107] May 2015"|"Partita No.5 in G major BWV 829"|"J.S.Bach"|2|"20150917173842"|"AA00061"|""|"MUSIC AUDITION-TOP SCHOOLS WEEKEND 2015"
"S030173"|""|"Music Audition"|"Double Major: Viola and Violin"|""|"N/A"|""|"Trinity Viola ATCL Recital [85] May 2014"|"Passacaglia"|"Heinrich Ignaz Franz Biber"|1|"20150917181058"|"AA00061"|"Member of APA, Quartet, School Orchestra, Senior String Orchestra
Grade 9 School Intermediate Choir, Grade 10 School Senior Choir and Senior Mixed Choir, Grade 11 School Senior Choir
Start individual vocal lesson from June 2015"|"MUSIC AUDITION-TOP SCHOOLS WEEKEND 2015"
"S033454"|""|"Music Audition"|"Percussion (Marimba)"|""|"N/A"|""|"ABRSM G8 [127] October 2014"|"Malletrix"|"Jared Spears"|1|"20150917185445"|"AA00061"|""|"MUSIC AUDITION-TOP SCHOOLS WEEKEND 2015"
"S033454"|""|"Music Audition"|"Percussion (Marimba)"|""|"N/A"|""|"ABRSM G7 [138] October 2013"|"Suite Popular Brasileiras 1st Movement Baião"|"Ney Rosauro"|1|"20150917185500"|"AA00061"|""|"MUSIC AUDITION-TOP SCHOOLS WEEKEND 2015"
"S031290"|""|"Music Audition"|"Vocal"|""|"N/A"|""|"G8 (Aldi will take the ABRSM Exam in Dec 2015 and acquired a reference letter from vocal teacher)"|"Vergebliches Ständchen"|"Johannes Brahms"|1|"20150917191022"|"AA00061"|"Member of School Choir"|"MUSIC AUDITION-TOP SCHOOLS WEEKEND 2015"
"S032886"|""|"Music Audition"|"Violin"|""|"N/A"|""|"ABRSM G5 [137] May 2012"|"Romance No.2 in F major, Op. 50"|"Beethoven"|1|"20150917193354"|"AA00061"|""|"MUSIC AUDITION-TOP SCHOOLS WEEKEND 2015"
"S031567"|""|"Music Audition"|"Cello"|""|"N/A"|""|"ABRSM G8 [121] September 2013"|"Bach Suite No.3 Sarabande"|"Bach"|1|"20150917194245"|"AA00061"|""|"MUSIC AUDITION-TOP SCHOOLS WEEKEND 2015"
"S033307"|""|"Music Audition"|"Cello"|""|"N/A"|""|"ABRSM G8 September 2015 (Result to be released)"|"6 Suites for Violoncello Solo BWV 1007-1012"|"J.S.Bach"|1|"20150917200653"|"AA00061"|""|"MUSIC AUDITION-TOP SCHOOLS WEEKEND 2015"
"S033307"|""|"Music Audition"|"Cello"|""|"N/A"|""|"ABRSM G7 [113] May 2014"|"Sonata No.1 in E minor Op.38"|"Johannes Brahms"|1|"20150917200709"|"AA00061"|"Member of APA"|"MUSIC AUDITION-TOP SCHOOLS WEEKEND 2015"
"S031969"|""|"Music Audition"|"Vocal"|""|"N/A"|""|""|"The Path to the Moon"|"Eric H. Thiman and Madeline C.Thomas"|2|"20150917201535"|"AA00061"|""|"MUSIC AUDITION-TOP SCHOOLS WEEKEND 2015"
"S033427"|""|"Music Audition"|"Violin"|""|"N/A"|""|"ABRSM G8 2015 (Pending Result)"|"Sonatina I"|"William Alwyn"|1|"20150917202430"|"AA00061"|"Member of APA (Junior Music Program, major in composition since 2014)
Member of SPCC Choir"|"MUSIC AUDITION-TOP SCHOOLS WEEKEND 2015"
"S031332"|""|"Music Audition"|"Paino"|""|"N/A"|""|"ABRSM G6 [125] November 2013"|"Allegro con spirito First Movement from Sonata in B flat Op 24"|"J.L.Dussek"|1|"20150917203401"|"AA00061"|"HK Children's Choir (2008 - 2009)
Diocesan Boy's School Primary Division:-
Junior Choir (2010 - 2012), Treble Choir (2013 - 2015), 
Chinese Orchestra (2013 - 2015), Junior Orchestra (2012 - 2014)"|"MUSIC AUDITION-TOP SCHOOLS WEEKEND 2015"
"S031078"|""|"Music Audition"|"Piano"|""|"N/A"|""|"ABRSM G6 (Trevor took the exam on 2 Sept 2015)"|"Carangueijo No.3 from Guia prático"|"Heitor Villa-Lobos"|2|"20150917204031"|"AA00061"|""|"MUSIC AUDITION-TOP SCHOOLS WEEKEND 2015"
"S031969"|""|"Music Audition"|"Alto Saxophone"|""|"N/A"|""|"ABRSM G6 2013 (Mark sheet lost, attached certificate with Pass)"|"Pieces Caracteristiques En Forme De Suite No.1: A L'Espagnol"|"Pierre-Max Dubois"|1|"20150918103146"|"AA00061"|""|"MUSIC AUDITION-TOP SCHOOLS WEEKEND 2015"
"S033370"|""|"Music Audition"|"Trombone"|""|"N/A"|""|"ABRSM G8 [111] May 2013"|"Concertino for Tenor Trombone 1st Movement"|"Ferdinand David"|1|"20150918125355"|"AA00061"|"Member of APA
Member of College Orchestra, Brass Ensemble, College Team in Schools Creative Music Showcase"|"MUSIC AUDITION-TOP SCHOOLS WEEKEND 2015"
"S033370"|""|"Music Audition"|"Trombone"|""|"N/A"|""|"ABRSM G7 [128] May 2012"|"Dances with Bears"|"Jim Parker"|1|"20150918125446"|"AA00061"|""|"MUSIC AUDITION-TOP SCHOOLS WEEKEND 2015"
"S031290"|""|"Music Audition"|"Piano"|""|"N/A"|""|"ABRSM G5 [122]"|"Für Elise"|"Ludwig van Beethoven"|2|"20150918153057"|"AA00061"|""|"MUSIC AUDITION-TOP SCHOOLS WEEKEND 2015"
"S031733"|""|"Music Audition"|"Violin"|""|"N/A"|""|"Not yet take exam but equivalent to Grade 4"|"Gavotte"|"F.J.Gossec"|2|"20150918200422"|"AA00061"|""|"MUSIC AUDITION-TOP SCHOOLS WEEKEND 2015"
"S032434"|""|"Music Audition"|"Violin"|""|"N/A"|""|"AMRSM G8 [120] September 2014"|"The Butterfly Lovers Concerto"|"He Jian Hao and Chen Gang"|1|"20150920093804"|"30012"|""|"MUSIC AUDITION-TOP SCHOOLS WEEKEND 2015"
"S032434"|""|"Music Audition"|"Violin"|""|"N/A"|""|"ABRSM G7 [126] August 2012"|"Violin Concerto in E major"|"Johann Sebastian Bach"|1|"20150920094011"|"30012"|""|"MUSIC AUDITION-TOP SCHOOLS WEEKEND 2015"
"S032701"|""|"Music Audition"|"Cello"|""|"N/A"|""|"ABRSM G8 Cello (To be taken on 22 Sept 2015)"|"Bach Suite No.1 in G major Prelude"|"J.S.Bach"|1|"20150920100510"|"30012"|"Member of Dr Yip's"|"MUSIC AUDITION-TOP SCHOOLS WEEKEND 2015"
"S031733"|""|"Music Audition"|"Trombone"|""|"N/A"|""|"ABRSM G6 [116] April 2015"|"Dances with Bears"|"Jim Parker"|1|"20150920101750"|"30012"|"SPCC Orchestra 2011 - Present
SPCC Choir 2009 - Present, World Choir Games 2012 (Gold Metal)
SPCC Windband 2011 - Present"|"MUSIC AUDITION-TOP SCHOOLS WEEKEND 2015"
"S031733"|""|"Music Audition"|"Trombone"|""|"N/A"|""|"ABRSM G5 April 2013 (Mark sheet lost, attached certificate with Pass)"|"Derek Bourgeois"|"Bone of Contention:10"|1|"20150920101920"|"30012"|""|"MUSIC AUDITION-TOP SCHOOLS WEEKEND 2015"
"S032694"|""|"Music Audition"|"Vocal"|""|"N/A"|""|""|"O del mio dolce ardor"|"Christoph Willibald Gluck"|2|"20150920143030"|"30012"|""|"MUSIC AUDITION-TOP SCHOOLS WEEKEND 2015"
"S032694"|""|"Music Audition"|"Clarinet"|""|"N/A"|""|"ABRSM G8 [120] November 2012"|"Sonata No.2 in E major 1st Movement"|"Johannes Brahms"|1|"20150920143035"|"30012"|"Member of School Choir, Wind Band, Orchestra"|"MUSIC AUDITION-TOP SCHOOLS WEEKEND 2015"
"S032701"|""|"Music Audition"|"Cello"|""|"N/A"|""|"ABRSM G6 [110] May 2012"|"Sonata No.1 in E minor 2nd Movement"|"Johannes Brahms"|1|"20150920151228"|"30012"|""|"MUSIC AUDITION-TOP SCHOOLS WEEKEND 2015"
"S032694"|""|"Music Audition"|"Clarinet"|""|"N/A"|""|"ABRSM G6 [126] November 2011"|"Dance Preludes (1st, 2nd, 3rd Movement)"|"Witold Lutoslawski"|1|"20150920170727"|"30012"|""|"MUSIC AUDITION-TOP SCHOOLS WEEKEND 2015"
"S033414"|""|"Music Audition"|"Trumpet"|""|"N/A"|""|"ABRSM G8 [130] September 2012"|"Polka"|"Allen Vizzutti"|1|"20150921093808"|"30012"|"Members of Dr Yip's
La Salle College Wind Orchestra
La Salle College Symphony Orhestra"|"MUSIC AUDITION-TOP SCHOOLS WEEKEND 2015"
"S033414"|""|"Music Audition"|"Trumpet"|""|"N/A"|""|"ABRSM G7 [125] October 2011"|"Concerto in E flat for trumpet 1st, 2nd, 3rd Movement"|"Johann Baptist Georg Neruda"|1|"20150921094210"|"30012"|""|"MUSIC AUDITION-TOP SCHOOLS WEEKEND 2015"
"S034676"|""|"Music Audition"|"Violin"|""|"N/A"|""|""|"Danse Champetre, No.4, op.106"|"Jean Sibelius"|1|"20160906184517"|"AA00032"|"Member of Dr Yip's"|"MUSIC AUDITION-TOP SCHOOLS WEEKEND 2016"
"S034716"|""|"Music Audition"|"Vocal"|""|"N/A"|""|""|"Wolf, H: Das verlassene Mägdlein, No. 7"|"Mörike-Lieder"|2|"20160910190017"|"AA00061"|""|"MUSIC AUDITION-TOP SCHOOLS WEEKEND 2016"
"S033483"|""|"Music Audition"|"Clarinet"|""|"N/A"|""|""|"Sonata for Clarinet and Piano"|"Leonard Bernstein"|1|"20160911142530"|"AA00061"|"Member of Hong Kong Children's Choir"|"MUSIC AUDITION-TOP SCHOOLS WEEKEND 2016"
"S033345"|""|"Music Audition"|"Harp"|""|"N/A"|""|""|"Sonatina II"|"Jan Ladislav Dussek"|2|"20160911144834"|"AA00061"|""|"MUSIC AUDITION-TOP SCHOOLS WEEKEND 2016"
"S034457"|""|"Music Audition"|"Vocal"|""|"N/A"|""|""|"Panis Angelicus"|"Saint Thomas Aquinas"|2|"20160911154648"|"AA00061"|""|"MUSIC AUDITION-TOP SCHOOLS WEEKEND 2016"
"S034252"|""|"Music Audition"|"Soprano Saxophone"|""|"N/A"|""|""|"Sonata in E Flat Major, 2nd Movement"|"J.S.Bach"|2|"20160911174208"|"AA00061"|""|"MUSIC AUDITION-TOP SCHOOLS WEEKEND 2016"
"S032167"|""|"Music Audition"|"Cello"|""|"N/A"|""|""|"Sonatina per Violoncello e Pianoforte"|"P.Jardanyi"|1|"20160914153334"|"AA00007"|""|"MUSIC AUDITION-TOP SCHOOLS WEEKEND 2016"
"S034675"|""|"Music Audition"|"Cello"|""|"N/A"|""|"ABRSM Grade 8, Aug 2016 [Awaiting Results]"|"Sonata in D,TWV 41:D6 from Der getreue Musikmeister,1st and 2nd Movement"|"Telemann"|1|"20160914172502"|"AA00007"|"Member of Dr Yip's"|"MUSIC AUDITION-TOP SCHOOLS WEEKEND 2016"
"S034675"|""|"Music Audition"|"Piano"|""|"N/A"|""|"ABRSM Grade 6, Oct 2014 [105]"|"Rain Forest Fiesta"|"Pam Wedgwood"|2|"20160914172508"|"AA00007"|""|"MUSIC AUDITION-TOP SCHOOLS WEEKEND 2016"
"S034676"|""|"Music Audition"|"Violin"|""|"N/A"|""|"ABRSM Grade 8, Aug 2015 [122]"|"Sonata VI in E, 1st Movement Adagio and 2nd Movement Allegro"|"Handel"|1|"20160914172615"|"AA00007"|"Member of Dr Yip's"|"MUSIC AUDITION-TOP SCHOOLS WEEKEND 2016"
"S034692"|""|"Music Audition"|"Piano"|""|"N/A"|""|"ABRSM Grade 6, Sep 2015 [103]"|"Fugue, No.2 from Six Fugues"|"J.C.Kellner"|2|"20160914172658"|"AA00007"|""|"MUSIC AUDITION-TOP SCHOOLS WEEKEND 2016"
"S034692"|""|"Music Audition"|"Piano"|""|"N/A"|""|"ABRSM Grade 4, Oct 2012 [117]"|""|""|2|"20160914172704"|"AA00007"|""|"MUSIC AUDITION-TOP SCHOOLS WEEKEND 2016"
"S034692"|""|"Music Audition"|"Vocal"|""|"N/A"|""|"ABRSM Grade 6, May 2015 [104]"|"How Beautiful Are The Feet"|"George Frideric Handel"|1|"20160914172710"|"AA00007"|""|"MUSIC AUDITION-TOP SCHOOLS WEEKEND 2016"
"S034692"|""|"Music Audition"|"Vocal"|""|"N/A"|""|"ABRSM Grade 5, Sep 2012 [111]"|"Love's Philosophy (From Three Songs, Op.33)"|"Roger Quilter"|1|"20160914172718"|"AA00007"|""|"MUSIC AUDITION-TOP SCHOOLS WEEKEND 2016"
"S034558"|""|"Music Audition"|"Piano"|""|"N/A"|""|"ABRSM Grade 7, Apr 2012 [123]"|"Sonata in C Major, Hob.XVI:50, 1st Movement"|"Franz Joseph Haydn"|1|"20160914173107"|"AA00007"|""|"MUSIC AUDITION-TOP SCHOOLS WEEKEND 2016"
"S034558"|""|"Music Audition"|"Piano"|""|"N/A"|""|"ABRSM Grade 8, May 2013 [120]"|"Pièces pittoresques, Scherzo-valse"|"Emmanuel Chabrier"|1|"20160914173116"|"AA00007"|""|"MUSIC AUDITION-TOP SCHOOLS WEEKEND 2016"
"S034676"|""|"Music Audition"|"Piano"|""|"N/A"|""|"ABRSM Grade 6, Oct 2014 [105]"|"Sonatina, Op.36, No.3"|"M. Clementi"|2|"20160914173325"|"AA00007"|""|"MUSIC AUDITION-TOP SCHOOLS WEEKEND 2016"
"S034675"|""|"Music Audition"|"Cello"|""|"N/A"|""|"ABRSM Grade 5, Aug  2014 [120]"|"Scherzo, Kp.391, L.26"|"Debussy"|1|"20160914173355"|"AA00007"|"Member of Dr Yip's"|"MUSIC AUDITION-TOP SCHOOLS WEEKEND 2016"
"S034730"|""|"Music Audition"|"Flute"|""|"N/A"|""|"ABRSM Grade 8, Oct 2015 [135]"|"Sonata for Flute and Piano (Sehr Lebhaft)"|"Paul Hindemith"|1|"20160914173514"|"AA00007"|""|"MUSIC AUDITION-TOP SCHOOLS WEEKEND 2016"
"S034730"|""|"Music Audition"|"Flute"|""|"N/A"|""|"ABRSM Grade 7, May 2014 [140]"|"76 Graded Studies for Flute (Book Two), No.76"|"Theobald Boehm"|1|"20160914173530"|"AA00007"|""|"MUSIC AUDITION-TOP SCHOOLS WEEKEND 2016"
"S034730"|""|"Music Audition"|"Piano"|""|"N/A"|""|"ABRSM Grade 8, Aug 2014 [116]"|"Sonata in D Major, K492, L.14"|"Demenico Scarlatti"|3|"20160914173546"|"AA00007"|""|"MUSIC AUDITION-TOP SCHOOLS WEEKEND 2016"
"S034730"|""|"Music Audition"|"Piano"|""|"N/A"|""|"ABRSM Grade 7, Oct 2012 [123]"|""|""|3|"20160914173552"|"AA00007"|""|"MUSIC AUDITION-TOP SCHOOLS WEEKEND 2016"
"S034730"|""|"Music Audition"|"Vocal"|""|"N/A"|""|"ABRSM Grade 8, Sep 2013 [137]"|""|""|2|"20160914173558"|"AA00007"|""|"MUSIC AUDITION-TOP SCHOOLS WEEKEND 2016"
"S034730"|""|"Music Audition"|"Vocal"|""|"N/A"|""|"Trinity ATCL Recital, Nov 2015 [78]"|"Allerseelen"|"Richard Strauss"|2|"20160914173728"|"AA00007"|""|"MUSIC AUDITION-TOP SCHOOLS WEEKEND 2016"
"S033483"|""|"Music Audition"|"Clarinet"|""|"N/A"|""|"ABRSM Grade 8, Sep 2013 [127]"|"Sonata Es-Dur Op.120, No.2"|"Johannes Brahms"|1|"20160914173804"|"AA00007"|"Member of Hong Kong Children's Choir"|"MUSIC AUDITION-TOP SCHOOLS WEEKEND 2016"
"S012584"|""|"Music Audition"|"Piano"|""|"Non-Government"|""|"ABRSM Grade 8,  Aug 2016 [Awaiting result]"|"Allegro con spirito 1st Movement from Sonata in B Flat, Op.24"|"J.L.Dussek"|1|"20160914173829"|"AA00007"|""|"MUSIC AUDITION-TOP SCHOOLS WEEKEND 2016"
"S012584"|""|"Music Audition"|"Piano"|""|"Non-Government"|""|"ABRSM Grade 7, Nov 2014 [117]"|"Waltz in B Minor, Op.69, No.2"|"Chopin"|1|"20160914173842"|"AA00007"|""|"MUSIC AUDITION-TOP SCHOOLS WEEKEND 2016"
"S033374"|""|"Music Audition"|"Piano"|""|"N/A"|""|"ABRSM Grade 5, Apr 2014 [133]"|"Prelude and Fugue in C minor"|"J.S.Bach"|1|"20160914173904"|"AA00007"|"Member of Marymount Secondary School Choir HKG
Winner of Youth Choir & Special Prize for the Outstanding Interpretation of a choral piece composed after 2011
2016 Bela Bartok 27th International Choir Competition, Debrecen, Hungary"|"MUSIC AUDITION-TOP SCHOOLS WEEKEND 2016"
"S033374"|""|"Music Audition"|"Piano"|""|"N/A"|""|"ABRSM Grade 8, May 2016 [120]"|"Sonata No.14 in C-Sharp Minor ""Quasi una Fantasia"",Op.27,No.2(Moonlight Sonata)"|"Beethoven"|1|"20160914173909"|"AA00007"|"Member of Marymount Secondary School Choir HKG
Winner of Youth Choir & Special Prize for the Outstanding Interpretation of a choral piece composed after 2011
2016 Béla Bartók 27th International Choir Competition, Debrecen, Hungary"|"MUSIC AUDITION-TOP SCHOOLS WEEKEND 2016"
"S033374"|""|"Music Audition"|"Viola"|""|"N/A"|""|"ABRSM Grade 3, Sep 2016 [Awaiting Result]"|"Presto from Battalia, C.61"|"Heinrich Ignaz Franz von Biber"|2|"20160914173914"|"AA00007"|""|"MUSIC AUDITION-TOP SCHOOLS WEEKEND 2016"
"S034252"|""|"Music Audition"|"Alto Saxophone"|""|"N/A"|""|"ABRSM Grade 8, Aug 2013 [Pass] (mark sheet lost)"|"Concerto, 1st Movement"|"Ronald Binge"|1|"20160914173950"|"AA00007"|"Member of Hong Kong Youth Symphony Orchestra"|"MUSIC AUDITION-TOP SCHOOLS WEEKEND 2016"
"S034252"|""|"Music Audition"|"Alto Saxophone"|""|"N/A"|""|"ABRSM Grade 5, Aug 2011 [Merit] (mark sheet lost)"|"Tableaux de Provence, 2nd Movement"|"Paule Maurice"|1|"20160914173956"|"AA00007"|"Member of Hong Kong Youth Symphony Orchestra"|"MUSIC AUDITION-TOP SCHOOLS WEEKEND 2016"
"S033474"|""|"Music Audition"|"Flute"|""|"N/A"|""|"Trinity ATCL Recital, May 2016 [70]"|"Allegro non molto"|"Chr.W.Gluck"|1|"20160914184058"|"AA00007"|"Member of School Tremble Choir
Member of School Windband"|"MUSIC AUDITION-TOP SCHOOLS WEEKEND 2016"
"S033474"|""|"Music Audition"|"Flute"|""|"N/A"|""|"ABRSM Grade 8, Oct 2014 [125]"|"Allegro comodo"|"Chr.W.Gluck"|1|"20160914184121"|"AA00007"|"Member of School Tremble Choir
Member of School Windband"|"MUSIC AUDITION-TOP SCHOOLS WEEKEND 2016"
"S033345"|""|"Music Audition"|"Piano"|""|"N/A"|""|"ABRSM Grade 3, 2015 [Merit] (mark sheet lost)"|"Allegro non tanto"|"Jan Ladislav Dussek"|3|"20160914184224"|"AA00007"|""|"MUSIC AUDITION-TOP SCHOOLS WEEKEND 2016"
"S033345"|""|"Music Audition"|"Vocal"|""|"N/A"|""|"ABRSM Grade 5, 2014 [Pass] (mark sheet lost)"|"Ich Liebe Dich"|"Beethoven"|1|"20160914184238"|"AA00007"|""|"MUSIC AUDITION-TOP SCHOOLS WEEKEND 2016"
"S033345"|""|"Music Audition"|"Vocal"|""|"N/A"|""|"ABRSM Grade 7, May 2016 [130]"|"O Mio Babbino Caro"|"Giacomo Puccini"|1|"20160914184310"|"AA00007"|""|"MUSIC AUDITION-TOP SCHOOLS WEEKEND 2016"
"S033264"|""|"Music Audition"|"Piano"|""|"N/A"|""|"ABRSM Grade 7, Nov 2012 [123]"|"Mouvements perpétuels, 3rd Movement"|"F. Poulenc"|1|"20160914184512"|"AA00007"|""|"MUSIC AUDITION-TOP SCHOOLS WEEKEND 2016"
"S033264"|""|"Music Audition"|"Piano"|""|"N/A"|""|"ABRSM Grade 8, Oct 2014 [110]"|"Trois Nocturnes Op.9, No.1, 1st Movement"|"F. Chopin"|1|"20160914184518"|"AA00007"|""|"MUSIC AUDITION-TOP SCHOOLS WEEKEND 2016"
"S033264"|""|"Music Audition"|"Violin"|""|"N/A"|""|"ABRSM Grade 7, Apr 2012 [127]"|""|""|2|"20160914184526"|"AA00007"|""|"MUSIC AUDITION-TOP SCHOOLS WEEKEND 2016"
"S033264"|""|"Music Audition"|"Violin"|""|"N/A"|""|"ABRSM Grade 8, Nov 2013 [104]"|"Chanson Russe"|"I.Stravinsky"|2|"20160914184532"|"AA00007"|""|"MUSIC AUDITION-TOP SCHOOLS WEEKEND 2016"
"S034423"|""|"Music Audition"|"Flute"|""|"N/A"|""|"ABRSM Grade 8, May 2016 [132]"|"Sonata, 1st movement: Allegretto malincolico"|"F. Poulenc"|2|"20160914190402"|"AA00007"|""|"MUSIC AUDITION-TOP SCHOOLS WEEKEND 2016"
"S034423"|""|"Music Audition"|"Flute"|""|"N/A"|""|"ABRSM Grade 6, Sep 2014 [124]"|""|""|2|"20160914190410"|"AA00007"|""|"MUSIC AUDITION-TOP SCHOOLS WEEKEND 2016"
"S032538"|""|"Music Audition"|"Piano"|""|"N/A"|""|"ABRSM Grade 5, Aug 2008 [118]"|""|""|2|"20160914190441"|"AA00007"|""|"MUSIC AUDITION-TOP SCHOOLS WEEKEND 2016"
"S032538"|""|"Music Audition"|"Piano"|""|"N/A"|""|"ABRSM Grade 8, May 2013 [122]"|"Cancion y Danza No.1"|"Federico Mompou"|2|"20160914190448"|"AA00007"|""|"MUSIC AUDITION-TOP SCHOOLS WEEKEND 2016"
"S032538"|""|"Music Audition"|"Viola"|""|"N/A"|""|"ABRSM Grade 7, Aug 2011 [113]"|"Interlude"|"Walter Piston"|1|"20160914190454"|"AA00007"|"Member of APA"|"MUSIC AUDITION-TOP SCHOOLS WEEKEND 2016"
"S032538"|""|"Music Audition"|"Viola"|""|"N/A"|""|"ABRSM Grade 8, Aug 2014 [125]"|"Fantasie for Viola and Orchestra, Op.94"|"J. N. Hummel"|1|"20160914190500"|"AA00007"|"Member of APA
KGV School Orchestra and Chamber Orchestra"|"MUSIC AUDITION-TOP SCHOOLS WEEKEND 2016"
"S034374"|""|"Music Audition"|"Piano"|""|"N/A"|""|"ABRSM Grade 8, Oct 2015 [123]"|"Waltz in B minor, op.69, No.2"|"Fryderyk Chopin"|2|"20160914190807"|""|""|"MUSIC AUDITION-TOP SCHOOLS WEEKEND 2016"
"S034374"|""|"Music Audition"|"Piano"|""|"N/A"|""|"ABRSM Grade 6, Nov 2012 [123]"|""|""|2|"20160914190812"|""|""|"MUSIC AUDITION-TOP SCHOOLS WEEKEND 2016"
"S034374"|""|"Music Audition"|"Flute"|""|"N/A"|""|"ABRSM Grade 7, Nov 2013 [130]"|"Sonata for Flute and Piano, 1st Movement"|"Paul Hindemith"|1|"20160914190841"|"AA00061"|""|"MUSIC AUDITION-TOP SCHOOLS WEEKEND 2016"
"S034374"|""|"Music Audition"|"Flute"|""|"N/A"|""|"ABRSM Grade 8, Oct 2014 [104]"|"Concerto in G for Flute, K313, 1st Movement"|"W.A.Mozart"|1|"20160914190910"|"AA00061"|"Concert Band at Diocesan Girl's School
66th Hong Kong School Music Festival - Concert Band - Intermediate: Third 
67th Hong Kong School Music Festival - Concert Band - Intermediate: First
68th Hong Kong School Music Festival - Concert Band - Intermediate: First
Beautiful Sunday at the Shenzhen Concert Hall Jan 2015 and 2016
Macau Music Festival 2015
2nd School Orchestra Festival of Four Regions Across the Straits in Guangzhou"|"MUSIC AUDITION-TOP SCHOOLS WEEKEND 2016"
"S033180"|""|"Music Audition"|"Piano"|""|"N/A"|""|"ABRSM Grade 4, Oct 2011 [133]"|""|""|2|"20160914191524"|"AA00061"|""|"MUSIC AUDITION-TOP SCHOOLS WEEKEND 2016"
"S033180"|""|"Music Audition"|"Piano"|""|"N/A"|""|"ABRSM Grade 8, Oct 2014 [122]"|"Fantaisie Impromptu in C Sharp Minor, Op. posth.66"|"Frédéric Chopin"|2|"20160914191531"|"AA00061"|""|"MUSIC AUDITION-TOP SCHOOLS WEEKEND 2016"
"S033180"|""|"Music Audition"|"Violin"|""|"N/A"|""|"ABRSM Grade 5, Oct 2012 [133]"|"Concerto No.3 in G Major, KV.216, 2nd Movement"|"W.A.Mozart"|1|"20160914191536"|"AA00061"|""|"MUSIC AUDITION-TOP SCHOOLS WEEKEND 2016"
"S033180"|""|"Music Audition"|"Violin"|""|"N/A"|""|"ABRSM Grade 8, Apr 2014 [133]"|"Introduction and Tarantella Op.43"|"Pablo de Sarasate"|1|"20160914191541"|"AA00061"|""|"MUSIC AUDITION-TOP SCHOOLS WEEKEND 2016"
"S034346"|""|"Music Audition"|"Bassoon"|""|"N/A"|""|"ABRSM Grade 5, Apr 2013 [133]"|"Sonata in F Major, 1st Movement"|"William Hurlstone"|1|"20160914191637"|"AA00061"|"Member of APA
Member of Dr Yip's"|"MUSIC AUDITION-TOP SCHOOLS WEEKEND 2016"
"S034346"|""|"Music Audition"|"Bassoon"|""|"N/A"|""|"ABRSM Grade 8, Sep 2015 [131]"|"Concerto in B Flat for Bassoon, Kp.191, 1st Movement"|"W.A. Mozart"|1|"20160914191644"|"AA00061"|"Member of APA
Member of Dr Yip's"|"MUSIC AUDITION-TOP SCHOOLS WEEKEND 2016"
"S034346"|""|"Music Audition"|"Piano"|""|"N/A"|""|"ABRSM Grade 3, Oct 2012 [127]"|""|""|2|"20160914191649"|"AA00061"|""|"MUSIC AUDITION-TOP SCHOOLS WEEKEND 2016"
"S034346"|""|"Music Audition"|"Piano"|""|"N/A"|""|"ABRSM Grade 6, Oct 2014 [131]"|"Sonata in F Minor, Kp. 239, L.281"|"Domenico Scarlatti"|2|"20160914191653"|"AA00061"|""|"MUSIC AUDITION-TOP SCHOOLS WEEKEND 2016"
"S033903"|""|"Music Audition"|"Piano"|""|"N/A"|""|"ABRSM Grade 5,  Nov 2014 [117]"|"Sonata in F Minor, Kp.239"|"Domenico Scarlatti"|2|"20160914191822"|"AA00061"|""|"MUSIC AUDITION-TOP SCHOOLS WEEKEND 2016"
"S033903"|""|"Music Audition"|"Piano"|""|"N/A"|""|"ABRSM Grade 2, Apr 2013 [125]"|""|""|2|"20160914191827"|"AA00061"|""|"MUSIC AUDITION-TOP SCHOOLS WEEKEND 2016"
"S033903"|""|"Music Audition"|"Violin"|""|"N/A"|""|"ABRSM Grade 6, Oct 2015 [110]"|"Concerto in A Minor, Op.3, No.6, 1st Movement"|"Antonio Vivaldi"|1|"20160914191832"|"AA00061"|"Brother of SHIU Tsz Sum Jason (Audition at 11:30 on 17 Sep 2016)
Hong Kong Youth Music Camp Junior String Orchestra 2016"|"MUSIC AUDITION-TOP SCHOOLS WEEKEND 2016"
"S033903"|""|"Music Audition"|"Violin"|""|"N/A"|""|"ABRSM Grade 5, Apr 2015 [130]"|"Reverie"|"Angela Morley"|1|"20160914191837"|"AA00061"|""|"MUSIC AUDITION-TOP SCHOOLS WEEKEND 2016"
"S034778"|""|"Music Audition"|"Piano"|""|"N/A"|""|"ABRSM Grade 7, Oct 2015 [126]"|"Allegro con spirito: Sonata in B Flat, Op.24, 1st Movement"|"J.L.Dussek"|1|"20160914191944"|"AA00061"|""|"MUSIC AUDITION-TOP SCHOOLS WEEKEND 2016"
"S034778"|""|"Music Audition"|"Piano"|""|"N/A"|""|"ABRSM Grade 5, May 2013 [134]"|"Canzonetta"|"Frank Bridge"|1|"20160914191948"|"AA00061"|""|"MUSIC AUDITION-TOP SCHOOLS WEEKEND 2016"
"S034778"|""|"Music Audition"|"Viola"|""|"N/A"|""|"ABRSM Grade 7, May 2015 [117]"|"The Solo Cello Suite, No.2, Allemande & Courante"|"J.S.Bach"|2|"20160914191953"|"AA00061"|""|"MUSIC AUDITION-TOP SCHOOLS WEEKEND 2016"
"S034778"|""|"Music Audition"|"Viola"|""|"N/A"|""|"ABRSM Grade 5, Oct 2013 [131]"|""|""|2|"20160914191959"|"AA00061"|""|"MUSIC AUDITION-TOP SCHOOLS WEEKEND 2016"
"S032167"|""|"Music Audition"|"Cello"|""|"N/A"|""|"ABRSM Grade 7, Aug 2016 [Awaiting result]"|"Cello Sonata in D Major, No.2, 2nd Movement"|"F.Mendelssohn"|1|"20160914192021"|"AA00061"|""|"MUSIC AUDITION-TOP SCHOOLS WEEKEND 2016"
"S032167"|""|"Music Audition"|"Vocal"|""|"N/A"|""|"ABRSM Grade 5, Aug 2016 [Awaiting result]"|"An Sylvia"|"F.Schubert"|2|"20160914192026"|"AA00061"|""|"MUSIC AUDITION-TOP SCHOOLS WEEKEND 2016"
"S034762"|""|"Music Audition"|"Violin"|""|"N/A"|""|"ABRSM Grade 8, Nov 2012 [134]"|"Sonata in A Major, Allegretto ben moderato"|"César Franck"|1|"20160914192058"|"AA00061"|"Member of APA"|"MUSIC AUDITION-TOP SCHOOLS WEEKEND 2016"
"S034762"|""|"Music Audition"|"Violin"|""|"N/A"|""|"Trinity ATCL Recital, Sep 2014 [91]"|"Zigeunerweisen Op. 20"|"Pablo de Sarasate"|1|"20160914192112"|"AA00061"|"Member of APA
Jason will take LTCL in Nov 2016
Jason played Double Violin Concerto - Mov. 1 & 3, by Bach, in a publicconcert on 1 January 2016 as a soloist at the City Hall: Mov. 1, https://youtu.be/6q7x83VBbLU; Mov. 3, https://youtu.be/L12vQGhvaeo
Jason played Zigeunerweisen Op. 20, by Sarasate in a recital concert on 1September 2016 at the HK Children’s Strings Hall: https://youtu.be/ZZ0B-4q7Oyw"|"MUSIC AUDITION-TOP SCHOOLS WEEKEND 2016"
"S034423"|""|"Music Audition"|"Piano"|""|"N/A"|""|"Trinity LTCL Recital, Oct 2015 [85]"|"Sonata in D Major, K576, 1st and 2nd Movement"|"W.A. Mozart"|1|"20160914192758"|"AA00061"|"St Paul's College (Assembly Pianist Team - Since 2012, Assembly Organist Team - Since 2014, Class Music Representative - Since 2013)
C & MA Heng Fa Chuen Church (Choir Member & Pianist of Youth Choir)"|"MUSIC AUDITION-TOP SCHOOLS WEEKEND 2016"
"S034423"|""|"Music Audition"|"Piano"|""|"N/A"|""|"Trinity ATCL Recital, May 2014 [84]"|"Impromptu in B Flat, Op.142, No. 3, D935"|"F. Schubert"|1|"20160914192804"|"AA00061"|""|"MUSIC AUDITION-TOP SCHOOLS WEEKEND 2016"
"S033872"|""|"Music Audition"|"Piano"|""|"N/A"|""|"ABRSM Grade 8, 2012 [Pass] (mark sheet lost)"|"Trois Nocturnes, Op.9, No.1"|"Chopin"|1|"20160914200928"|"AA00061"|""|"MUSIC AUDITION-TOP SCHOOLS WEEKEND 2016"
"S033872"|""|"Music Audition"|"Violin"|""|"N/A"|""|"ABRSM Grade 8, Sep 2012 [105]"|"Czardas"|"Vittorio Monti"|2|"20160914200959"|"AA00061"|""|"MUSIC AUDITION-TOP SCHOOLS WEEKEND 2016"
"S033872"|""|"Music Audition"|"Violin"|""|"N/A"|""|"ABRSM Grade 7, Oct 2011 [116]"|""|""|2|"20160914201003"|"AA00061"|""|"MUSIC AUDITION-TOP SCHOOLS WEEKEND 2016"
"S033872"|""|"Music Audition"|"Piano"|""|"N/A"|""|"Trinity ATCL Recital, May 2016 [55]"|"Sonata in C Major, Kp.309, 1st and 3rd Movement"|"Mozart"|1|"20160914201028"|"AA00061"|""|"MUSIC AUDITION-TOP SCHOOLS WEEKEND 2016"
"S033155"|""|"Music Audition"|"Cello"|""|"N/A"|""|"ABRSM Grade 8, Apr 2015 [132]"|"Concerto in E Minor, Op.85, 1st Movement"|"E. Elgar"|1|"20160914201122"|"AA00061"|""|"MUSIC AUDITION-TOP SCHOOLS WEEKEND 2016"
"S033155"|""|"Music Audition"|"Piano"|""|"N/A"|""|"ABRSM Grade 5, Apr 2013 [124]"|""|""|2|"20160914201127"|"AA00061"|""|"MUSIC AUDITION-TOP SCHOOLS WEEKEND 2016"
"S033155"|""|"Music Audition"|"Cello"|""|"N/A"|""|"ABRSM Grade 5, May 2013 [141]"|"Sonate in E Major, 2nd Movement"|"François Francoeur"|1|"20160914201133"|"AA00061"|""|"MUSIC AUDITION-TOP SCHOOLS WEEKEND 2016"
"S034715"|""|"Music Audition"|"Piano"|""|"N/A"|""|"ABRSM Grade 5, Oct 2011 [133] (mark sheet lost)"|"Night Pieces, 3rd Movement (Stars)"|"Peter Sculthorpe"|1|"20160914201306"|"AA00061"|"Member of Hong Kong Music Academy Symphony Orchestra"|"MUSIC AUDITION-TOP SCHOOLS WEEKEND 2016"
"S034715"|""|"Music Audition"|"Violin"|""|"N/A"|""|"ABRSM Grade 8, Oct 2015 [123]"|"Concerto in E Major, Op.8 ""Spring"", No.1, 1st Movement"|"Vivaldi"|2|"20160914201311"|"AA00061"|""|"MUSIC AUDITION-TOP SCHOOLS WEEKEND 2016"
"S034716"|""|"Music Audition"|"Piano"|""|"N/A"|""|"ABRSM Grade 5, Nov 2014 [124]"|"Moderato, Hob XVL31 in E Minor, 1st Movement"|"Haydn"|1|"20160914201405"|"AA00061"|"Member of School Choir"|"MUSIC AUDITION-TOP SCHOOLS WEEKEND 2016"
"S034603"|""|"Music Audition"|"Piano"|""|"N/A"|""|"ABRSM Grade 8, Nov 2012 [120]"|"Sonatine, 3rd Movement, Animé"|"Maurice Ravel"|1|"20160914201651"|"AA00061"|""|"MUSIC AUDITION-TOP SCHOOLS WEEKEND 2016"
"S034603"|""|"Music Audition"|"Piano"|""|"N/A"|""|"ABRSM Dip, Apr 2015 [51]"|"Étude, Op. 10, No. 3, Tristesse"|"Frédéric Chopin"|1|"20160914201935"|"AA00061"|""|"MUSIC AUDITION-TOP SCHOOLS WEEKEND 2016"
"S034240"|""|"Music Audition"|"Violin"|""|"N/A"|""|"ABRSM Dip, Aug 2015 [61]"|"Prelude, Violin Concerto No.1 in G Minor, Op.26"|"Max Bruch"|1|"20160914202007"|"AA00061"|"Member of Hong Kong Youth Symphony Orchestra"|"MUSIC AUDITION-TOP SCHOOLS WEEKEND 2016"
"S034240"|""|"Music Audition"|"Violin"|""|"N/A"|""|"ABRSM Grade 8, May 2014 [138]"|"Rhapsody No.1, Prima Parte ""Lassu"""|"Béla Bartók"|1|"20160914202025"|"AA00061"|"Member of Hong Kong Youth Symphony Orcehstra"|"MUSIC AUDITION-TOP SCHOOLS WEEKEND 2016"
"S034240"|""|"Music Audition"|"Rock & Pop Drums"|""|"N/A"|""|"Trinity Grade 8, May 2015 [81]"|"YYZ"|"Rush"|2|"20160914202045"|"AA00061"|""|"MUSIC AUDITION-TOP SCHOOLS WEEKEND 2016"
"S031955"|""|"Music Audition"|"Piano"|""|"N/A"|""|"ABRSM Grade 8, Aug 2015 [123]"|"Impromptu in G Flat, Op.90, No.3"|"F. Schubert"|1|"20160914202138"|"AA00061"|"Member of Hong Kong Children's Choir"|"MUSIC AUDITION-TOP SCHOOLS WEEKEND 2016"
"S031955"|""|"Music Audition"|"Piano"|""|"N/A"|""|"ABRSM Grade 5, Aug 2013 [137]"|"Sonata in E Minor, Kp.623, L.321"|"D.Scarlatti"|1|"20160914202155"|"AA00061"|""|"MUSIC AUDITION-TOP SCHOOLS WEEKEND 2016"
"S033492"|""|"Music Audition"|"Piano"|""|"N/A"|""|"ABRSM Grade 8, Oct 2014 [123]"|"Nocturne No.4 in E Flat Major"|"Gabriel Fauré"|1|"20160914202404"|"AA00061"|"Member of Hong Kong Vocal Arts Association"|"MUSIC AUDITION-TOP SCHOOLS WEEKEND 2016"
"S034484"|""|"Music Audition"|"Piano"|""|"N/A"|""|"ABRSM Grade 2, Oct 2012 [127]"|"60s Swing from Swinging Rhythms"|"Evelien Vis"|2|"20160914202546"|"AA00061"|""|"MUSIC AUDITION-TOP SCHOOLS WEEKEND 2016"
"S034484"|""|"Music Audition"|"Tuba"|""|"N/A"|""|"ABRSM Grade 8, Oct 2014 [120]"|"Andante and Rondo from Concerto for Double Bass"|"Antonio Capuzzi"|1|"20160914202552"|"AA00061"|"Member of Tom Lee Hong Kong Youth NeoWinds Orchestra
Member of Po Leung Kuk Secondary Wind Band"|"MUSIC AUDITION-TOP SCHOOLS WEEKEND 2016"
"S034484"|""|"Music Audition"|"Tuba"|""|"N/A"|""|"ABRSM Grade 6, Oct 2013 [121]"|"70 Studies for BB Flat Tuba, No.37"|"Vladislav Blazhevich"|1|"20160914202558"|"AA00061"|"Member of Tom Lee Hong Kong Youth NeoWinds Orchestra
Member of Po Leung Kuk Secondary Wind Band"|"MUSIC AUDITION-TOP SCHOOLS WEEKEND 2016"
"S034457"|""|"Music Audition"|"Cello"|""|"N/A"|""|"ABRSM Grade 7, Apr 2015 [121]"|"Largo and Allegro poco:Sonata in A Minior, RV44, 1st and 2nd Movement"|"Vivaldi"|1|"20160914202627"|"AA00061"|"Volin Grade 8 Exam in Oct 2016
Member of Metropolitan Youth Orchestra (2010-2016)
Member of School Orchestra (2010-2016)
Member of School Choir (2014-2016)
Member of School Acapella Team (2015-2016)
Member of Kowloon Methodist Church Children's Choir (2014-2016)"|"MUSIC AUDITION-TOP SCHOOLS WEEKEND 2016"
"S034457"|""|"Music Audition"|"Cello"|""|"N/A"|""|"ABRSM Grade 5, Aug 2013 [136]"|"Tarantelle, Op.24"|"Goens"|1|"20160914202632"|"AA00061"|""|"MUSIC AUDITION-TOP SCHOOLS WEEKEND 2016"
"S033254"|""|"Music Audition"|"Violin"|""|"N/A"|""|"ABRSM Grade 8, Apr 2015 [127]"|"Allegretto, Sonata in F Major, 2nd Movement"|"Grieg"|1|"20160914202655"|"AA00061"|""|"MUSIC AUDITION-TOP SCHOOLS WEEKEND 2016"
"S033254"|""|"Music Audition"|"Violin"|""|"N/A"|""|"ABRSM Grade 5, Apr 2012 [124]"|"Allemande from Partita No.2 in D Minor"|"J.S.Bach"|1|"20160914202720"|"AA00061"|""|"MUSIC AUDITION-TOP SCHOOLS WEEKEND 2016"
"S033905"|""|"Music Audition"|"Alto Saxophone"|""|"N/A"|""|"ABRSM Grade 5, Oct 2013 [134]"|"Menuet I, Menuet II and Gigue"|"J.S.Bach"|1|"20160914202802"|"AA00061"|""|"MUSIC AUDITION-TOP SCHOOLS WEEKEND 2016"
"S033905"|""|"Music Audition"|"Alto Saxophone"|""|"N/A"|""|"ABRSM Grade 8, Oct 2015 [126]"|"Concertino for Alto Saxophone, Op.78"|"J.B.Singelée"|1|"20160914202806"|"AA00061"|""|"MUSIC AUDITION-TOP SCHOOLS WEEKEND 2016"
"S033905"|""|"Music Audition"|"Piano"|""|"N/A"|""|"ABRSM Grade 6, Sep 2013 [130]"|"Waltz in B Minor, Op.69, No.2"|"Fryderyk Chopin"|2|"20160914202811"|"AA00061"|""|"MUSIC AUDITION-TOP SCHOOLS WEEKEND 2016"
"S033905"|""|"Music Audition"|"Piano"|""|"N/A"|""|"ABRSM Grade 4, Oct 2011 [127]"|""|""|2|"20160914202816"|"AA00061"|""|"MUSIC AUDITION-TOP SCHOOLS WEEKEND 2016"
"S034716"|""|"Music Audition"|"Piano"|""|"N/A"|""|"Trinity Grade 8, Exam in Nov 2016"|"Scarlatti"|"Sonata in A Major, K209, L428"|1|"20160914203246"|"AA00061"|"Sister of CHAN Laura Sze Ting (Audition at 11:00 on 19 Sep 2016)
Member of School Choir"|"MUSIC AUDITION-TOP SCHOOLS WEEKEND 2016"
"S034715"|""|"Music Audition"|"Piano"|""|"N/A"|""|"ABRSM Grade 8, May 2014 [123]"|"Nocturne Op.9, No.1"|"Chopin"|1|"20160914203350"|"AA00061"|"Sister of CHAN Sarah Sze Ki (Audtion at 11:30 on 19 Sep 2016)
Member of Hong Kong Music Academy Symphony Orchestra"|"MUSIC AUDITION-TOP SCHOOLS WEEKEND 2016"
"S033492"|""|"Music Audition"|"Piano"|""|"N/A"|""|"ABRSM Grade 7, Nov 2013 [120]"|"Novelette in B Flat Minor, 2nd Movement"|"Francis Poulenc"|1|"20160914203720"|"AA00061"|"Member of Hong Kong Vocal Arts Association"|"MUSIC AUDITION-TOP SCHOOLS WEEKEND 2016"
"S033902"|""|"Music Audition"|"Piano"|""|"N/A"|""|"ABRSM Grade 6, Apr 2013 [117]"|""|""|2|"20160915174042"|"AA00061"|""|"MUSIC AUDITION-TOP SCHOOLS WEEKEND 2016"
"S033902"|""|"Music Audition"|"Piano"|""|"N/A"|""|"ABRSM Grade 8, Nov 2014 [105]"|"Canzonetta"|"Frank Bridge"|2|"20160915174051"|"AA00061"|""|"MUSIC AUDITION-TOP SCHOOLS WEEKEND 2016"
"S033902"|""|"Music Audition"|"Violin"|""|"N/A"|""|"ABRSM Grade 7, Nov 2013 [122]"|"4 Romantic Pieces, Op.75, 1st Movement"|"Antonín Dvořák"|1|"20160915174056"|"AA00061"|""|"MUSIC AUDITION-TOP SCHOOLS WEEKEND 2016"
"S034585"|""|"Music Audition"|"Cello"|""|"N/A"|""|"ABRSM Grade 5, Sep 2012 [136]"|"Romance Op.69"|"Gabriel Fauré"|1|"20160915174504"|"AA00061"|""|"MUSIC AUDITION-TOP SCHOOLS WEEKEND 2016"
"S034585"|""|"Music Audition"|"Cello"|""|"N/A"|""|"ABRSM Grade 7, Sep 2015 [139]"|"Sonata in G Major 3rd Movement - Vivace"|"Giovanni Battista Sammartini"|1|"20160915174510"|"AA00061"|"Member of Hong Kong Cello Academy"|"MUSIC AUDITION-TOP SCHOOLS WEEKEND 2016"
"S034585"|""|"Music Audition"|"Piano"|""|"N/A"|""|"ABRSM Grade 8, Oct 2015 [134]"|"Nocturne Op.9, No. 2"|"F. Chopin"|2|"20160915174515"|"AA00061"|"Member of Hong Kong Cello Academy"|"MUSIC AUDITION-TOP SCHOOLS WEEKEND 2016"
"S034585"|""|"Music Audition"|"Piano"|""|"N/A"|""|"ABRSM Grade 5, Nov 2013 [137]"|""|""|2|"20160915174521"|"AA00061"|""|"MUSIC AUDITION-TOP SCHOOLS WEEKEND 2016"
"S033902"|""|"Music Audition"|"Violin"|""|"N/A"|""|"ABRSM Grade 8, Apr 2015 [130]"|"Partita for Solo Violin No.2 in D Minor, BWV1004, 1st & 3rd Movement"|"J.S. Bach"|1|"20160915174831"|"AA00061"|"Brother of SHIU Hong Hin Harry (Audition at 11:00 on 17 Sep 2016)
Hong Kong Youth Music Camp Symphony Orchestra 2016
Attended Asia Pacific Activities Conference"|"MUSIC AUDITION-TOP SCHOOLS WEEKEND 2016"
"S034796"|""|"Music Audition"|"Vocal"|""|"N/A"|""|"ABRSM Grade 7, Nov 2013 [132]"|"Winterreise: Gute Nacht"|"F.Schubert"|1|"20160916104548"|"AA00061"|""|"MUSIC AUDITION-TOP SCHOOLS WEEKEND 2016"
"S034796"|""|"Music Audition"|"Vocal"|""|"N/A"|""|""|"Extase"|"H.Duparc"|1|"20160916104548"|"AA00061"|""|"MUSIC AUDITION-TOP SCHOOLS WEEKEND 2016"
"S034796"|""|"Music Audition"|"Violin"|""|"N/A"|""|"Trinity LTCL, Oct 2015 [74]"|"Concerto in G Major, K.216"|"W.A.Mozart"|2|"20160916105117"|"AA00061"|""|"MUSIC AUDITION-TOP SCHOOLS WEEKEND 2016"
"S034796"|""|"Music Audition"|"Violin"|""|"N/A"|""|"Trinity ATCL, Apr 2014 [64]"|""|""|2|"20160916105117"|"AA00061"|""|"MUSIC AUDITION-TOP SCHOOLS WEEKEND 2016"
"S034796"|""|"Music Audition"|"Piano"|""|"N/A"|""|"ABRSM Grade 8, Sep 2012 [122]"|"Accompany Ngo Hin's singing, songs written above"|"Schubert and Duparc"|3|"20160916111034"|"AA00061"|""|"MUSIC AUDITION-TOP SCHOOLS WEEKEND 2016"
"S033155"|""|"Music Audition"|"Piano"|""|"N/A"|""|"ABRSM Grade 8, Aug 2016 [139]"|"Waltz in B Minor Op.69, No.2"|"Fryderyk Chopin"|2|"20160918165827"|"30012"|""|"MUSIC AUDITION-TOP SCHOOLS WEEKEND 2016"
"S035684"|""|"Music Audition"|"Harp"|""|"N/A"|""|"ABRSM Grade 5, Sep 2015 [126]"|"Etudes for Harp: No.1"|"J.S.Bach, arr. Grandjany"|1|"20170909150549"|"AA00061"|""|"MUSIC AUDITION-TOP SCHOOLS WEEKEND 2017"
"S035684"|""|"Music Audition"|"Piano"|""|"N/A"|""|"ABRSM Grade 8, Apr 2016 [106] (missing mark sheet)"|"Waltz in B Minor Op.69 No.2"|"Fryderyk Chopin"|2|"20170909150708"|"AA00061"|""|"MUSIC AUDITION-TOP SCHOOLS WEEKEND 2017"
"S035684"|""|"Music Audition"|"Piano"|""|"N/A"|""|"ABRSM Grade 7, Sep 2013 [108] (missing mark sheet)"|""|""|2|"20170909150731"|"AA00061"|""|"MUSIC AUDITION-TOP SCHOOLS WEEKEND 2017"
"S035971"|""|"Music Audition"|"Clarinet"|""|"N/A"|""|"Trinity, ATCL Recital, Apr 2017 [85]"|"Five Bagatelles for Clarinet and Piano, 1st Movement"|"Gerald Finzi"|1|"20170909181017"|"AA00061"|""|"MUSIC AUDITION-TOP SCHOOLS WEEKEND 2017"
"S035971"|""|"Music Audition"|"Clarinet"|""|"N/A"|""|"ABRSM, May 2017 [47]"|"Sonata in F Minor for Clarinet and Piano, Op. 120, No. 1, 1st Movement"|"Johannes Brahms"|1|"20170909181138"|"AA00061"|""|"MUSIC AUDITION-TOP SCHOOLS WEEKEND 2017"
"S035971"|""|"Music Audition"|"Piano"|""|"N/A"|""|"ABRSM, Grade 8, May 2016 [116]"|"Sonata in F Minor, Kp. 239"|"Domenico Scarlatti"|2|"20170909183649"|"AA00061"|""|"MUSIC AUDITION-TOP SCHOOLS WEEKEND 2017"
"S035971"|""|"Music Audition"|"Piano"|""|"N/A"|""|"ABRSM, Grade 4, May 2013 [123]"|""|""|2|"20170909183728"|"AA00061"|""|"MUSIC AUDITION-TOP SCHOOLS WEEKEND 2017"
"S035971"|""|"Music Audition"|"Vocal"|""|"N/A"|""|"ABRSM, Grade 4, Sep 2013 [125]"|"Be Thou My Vision"|"Anonymous"|3|"20170909184221"|"AA00061"|""|"MUSIC AUDITION-TOP SCHOOLS WEEKEND 2017"
"S033546"|""|"Music Audition"|"Clarinet"|""|"N/A"|""|"ABRSM, Grade 8, May 2014 [107]"|"Sonata, No.1, 3rd movement"|"Johannes Brahms"|1|"20170911115146"|"AA00061"|"Samuel is attempting ATCL in May 2018"|"MUSIC AUDITION-TOP SCHOOLS WEEKEND 2017"
"S036043"|""|"Music Audition"|"Piano"|""|"N/A"|""|"ABRSM Grade 7, Sep 2013 [127]"|""|""|2|"20170911165119"|"AA00070"|""|"MUSIC AUDITION-TOP SCHOOLS WEEKEND 2017"
"S035573"|""|"Music Audition"|"Vocal"|""|"N/A"|""|"ABRSM Grade 8, Sep 2014 [111]"|"O Mio Babbino Caro"|"Giacomo Puccini"|1|"20170911170010"|"AA00070"|""|"MUSIC AUDITION-TOP SCHOOLS WEEKEND 2017"
"S035573"|""|"Music Audition"|"Vocal"|""|"N/A"|""|"ABRSM Grade 5, Sep 2013 [121]"|"I Could Have Danced All Night"|"Frederick Loewe"|1|"20170911170010"|"AA00070"|""|"MUSIC AUDITION-TOP SCHOOLS WEEKEND 2017"
"S035573"|""|"Music Audition"|"Flute"|""|"N/A"|""|"ABRSM Grade 6, Oct 2014 [114]"|""|""|3|"20170911170406"|"AA00070"|""|"MUSIC AUDITION-TOP SCHOOLS WEEKEND 2017"
"S035573"|""|"Music Audition"|"Piano"|""|"N/A"|""|"ABRSM Grade 6, Aug 2011 [122] (missing mark sheet)"|""|""|2|"20170911170655"|"AA00070"|""|"MUSIC AUDITION-TOP SCHOOLS WEEKEND 2017"
"S035684"|""|"Music Audition"|"Harp"|""|"N/A"|""|"ABRSM Grade 8, 2016 (missing mark sheet)"|"Concerto in B-Flat Major Op.4 No.6, HWV294, 1st & 2nd Movement"|"Georg Friedrich Händel"|1|"20170915155318"|"AA00061"|"Hong Kong Children's Choir"|"MUSIC AUDITION-TOP SCHOOLS WEEKEND 2017"
"S035647"|""|"Music Audition"|"Vocal"|""|"N/A"|""|""|"Till There was You"|"Meredith Willson"|1|"20170915170130"|"AA00061"|""|"MUSIC AUDITION-TOP SCHOOLS WEEKEND 2017"
"S036156"|""|"Music Audition"|"Violin"|""|"N/A"|""|"ABRSM, Grade 6, Nov 2014 [138]"|"Sonata in A Major, 4th Movement, Allegretto poco mosso"|"César Franck"|1|"20170915174452"|"AA00061"|""|"MUSIC AUDITION-TOP SCHOOLS WEEKEND 2017"
"S036156"|""|"Music Audition"|"Violin"|""|"N/A"|""|"ABRSM, Grade 8, Oct 2016 [125]"|"Concerto in G Major, 1st Movement, Hob. VIIa/4, Allergro moderato"|"Joseph Haydn"|1|"20170915174500"|"AA00061"|""|"MUSIC AUDITION-TOP SCHOOLS WEEKEND 2017"
"S035772"|""|"Music Audition"|"Piano"|""|"N/A"|""|"Trinity, ATCL Recital, May 2017 [76]"|"Sonata in E-flat Major, Hob.XVI: 52, No.62, 1st Movement"|"Joseph Haydn"|1|"20170915175039"|"AA00061"|""|"MUSIC AUDITION-TOP SCHOOLS WEEKEND 2017"
"S035772"|""|"Music Audition"|"Piano"|""|"N/A"|""|""|"Nocturne in B-flat Minor, Op.9, No.1"|"Frédéric Chopin"|1|"20170915175136"|"AA00061"|""|"MUSIC AUDITION-TOP SCHOOLS WEEKEND 2017"
"S035772"|""|"Music Audition"|"Violin"|""|"N/A"|""|"ABRSM Grade 8, October 2014 [130]"|"Remembrances"|"John Williams"|2|"20170915175208"|"AA00061"|""|"MUSIC AUDITION-TOP SCHOOLS WEEKEND 2017"
"S033127"|""|"Music Audition"|"Piano"|""|"N/A"|""|"Alastair didn't sit piano exam"|"Nocturnes, Opus 9, No 2"|"Frédéric Chopin"|2|"20170915180312"|"AA00061"|""|"MUSIC AUDITION-TOP SCHOOLS WEEKEND 2017"
"S033127"|""|"Music Audition"|"Violin"|""|"N/A"|""|"Alastair is preparing Grade 8 exam (reference letter attached)"|"Concerto in G Major, 1st Movement, Hob VIIa/4, Allegro moderato"|"Joseph Haydn"|1|"20170915180918"|"AA00061"|""|"MUSIC AUDITION-TOP SCHOOLS WEEKEND 2017"
"S033127"|""|"Music Audition"|"Violin"|""|"N/A"|""|"ABRSM, Grade 5, 2014 [Merit] (missing mark sheet)"|"Sonata, 2nd Movement, Balada"|"Leoš Janáček"|1|"20170916150830"|"AA00061"|""|"MUSIC AUDITION-TOP SCHOOLS WEEKEND 2017"
"S035749"|""|"Music Audition"|"Piano"|""|"N/A"|""|"Justin will sit Piano Grade 8 exam in Oct 2017"|"Mozart Sonata in D Major, First Movement, K311/284c"|"Wolfgang Amadeus Mozart"|1|"20170916151804"|"AA00061"|"Member of School Choir"|"MUSIC AUDITION-TOP SCHOOLS WEEKEND 2017"
"S035749"|""|"Music Audition"|"Violin"|""|"N/A"|""|"ABRSM Grade 7, Oct 2015 [108]"|"Concerto, Revised and Edited by Otto K. Schill"|"J.B. Accolay"|2|"20170916151917"|"AA00061"|""|"MUSIC AUDITION-TOP SCHOOLS WEEKEND 2017"
"S033579"|""|"Music Audition"|"Viola"|""|"N/A"|""|"Kelvin didn't sit viola exam"|"Hungarian Dance No.5 in G Minor, Wo 01"|"Johannes Brahms"|2|"20170916174644"|"AA00061"|""|"MUSIC AUDITION-TOP SCHOOLS WEEKEND 2017"
"S033579"|""|"Music Audition"|"Violin"|""|"N/A"|""|"ABRSM, Grade 8, Apr 2015 [111]"|"Sonata No.5 in F Major for Piano and Violin, Op.24 ""Spring"", 4th Movement"|"Ludwig van Beethoven"|1|"20170916174734"|"AA00061"|"Hong Kong Choir of Outstanding Children, Beijing String Ensemble"|"MUSIC AUDITION-TOP SCHOOLS WEEKEND 2017"
"S033579"|""|"Music Audition"|"Violin"|""|"N/A"|""|"ABRSM Grade 5, Oct 2013 [118]"|"Romantic Pieces No.1 in Bb, Op.75"|"Antonín Dvořák"|1|"20170916174748"|"AA00061"|""|"MUSIC AUDITION-TOP SCHOOLS WEEKEND 2017"
"S034947"|""|"Music Audition"|"Viola"|""|"N/A"|""|"Brian didn't sit viola exam"|"Nocturnes"|"J.W. Kalliwoda"|2|"20170916175655"|"AA00061"|""|"MUSIC AUDITION-TOP SCHOOLS WEEKEND 2017"
"S035843"|""|"Music Audition"|"Violin"|""|"N/A"|""|""|"Moto Perpetuo"|"Paganini, Niccolò"|1|"20170916180620"|"AA00061"|""|"MUSIC AUDITION-TOP SCHOOLS WEEKEND 2017"
"S035843"|""|"Music Audition"|"Violin"|""|"N/A"|""|"ABRSM Grade 8, Oct 2015 [114]"|"Violin Concerto No. 3 in G Major, K126: II. Adagio"|"Wolfgang Amadeus Mozart"|1|"20170916180637"|"AA00061"|""|"MUSIC AUDITION-TOP SCHOOLS WEEKEND 2017"
"S035843"|""|"Music Audition"|"Piano"|""|"N/A"|""|"ABRSM Piano Grade 8, Sep 2016 [126]"|"Howl's Moving Castle - Merry-Go-Round of Life"|"Joe Hisaishi"|2|"20170916180737"|"AA00061"|""|"MUSIC AUDITION-TOP SCHOOLS WEEKEND 2017"
"S034590"|""|"Music Audition"|"Flute"|""|"N/A"|""|"ABRSM Grade 6, Sep 2014 [100]"|"Studies No.74 from 76 Grated Studies for Flute"|"Theobald Boehm"|1|"20170916182147"|"AA00061"|"Member of School Choir"|"MUSIC AUDITION-TOP SCHOOLS WEEKEND 2017"
"S034590"|""|"Music Audition"|"Flute"|""|"N/A"|""|"ABRSM Grade 4, Oct 2012 [115]"|"Comical flute"|"Alan Bullard"|1|"20170916182240"|"AA00061"|""|"MUSIC AUDITION-TOP SCHOOLS WEEKEND 2017"
"S035673"|""|"Music Audition"|"Percussion (Snare Drum)"|""|"N/A"|""|"ABRSM Grade 5, Oct 2016 [120]"|"The Peach Grove Drumer"|"Alan Abel"|1|"20170916183055"|"AA00061"|"Good Hope Primary School Symphonic Band"|"MUSIC AUDITION-TOP SCHOOLS WEEKEND 2017"
"S035673"|""|"Top Schools"|"Percussion (Snare Drum)"|""|"N/A"|""|""|"Tarantella"|"No composer"|1|"20170916183353"|"AA00061"|""|"MUSIC AUDITION-TOP SCHOOLS WEEKEND 2021"
"S035646"|""|"Music Audition"|"Vocal"|""|"N/A"|""|""|"Widmung"|"Robert Schumann"|1|"20170916190556"|"AA00061"|""|"MUSIC AUDITION-TOP SCHOOLS WEEKEND 2017"
"S036043"|""|"Music Audition"|"Violin"|""|"N/A"|""|"ABRSM Grade 8, Apr 2015 [120]"|"Concerto No.2 in E Major, 1st Movement"|"Johann Sebastian Bach"|1|"20170916191048"|"AA00061"|"Member of Kowloon Youth Strings"|"MUSIC AUDITION-TOP SCHOOLS WEEKEND 2017"
"S036043"|""|"Music Audition"|"Violin"|""|"N/A"|""|"ABRSM Grade 7, Oct 2013 [132]"|"Four Romantic Pieces, 1st and 2nd Piece"|"Antonín Dvořák"|1|"20170916191115"|"AA00061"|""|"MUSIC AUDITION-TOP SCHOOLS WEEKEND 2017"
"S036043"|""|"Music Audition"|"Piano"|""|"N/A"|""|"ABRSM Grade 8, Oct 2014 [105]"|"Nocturne Opus 9, No. 1"|"Frédéric Chopin"|2|"20170916191142"|"AA00061"|""|"MUSIC AUDITION-TOP SCHOOLS WEEKEND 2017"
"S035573"|""|"Music Audition"|"Piano"|""|"N/A"|""|"ABRSM Grade 8, May 2014 [107]"|"Sonata No. 7 in C Major, K. 309, 1st Movement"|"Wolfgang Amadeus Mozart"|2|"20170916191518"|"AA00061"|""|"MUSIC AUDITION-TOP SCHOOLS WEEKEND 2017"
"S035573"|""|"Music Audition"|"Flute"|""|"N/A"|""|"ABRSM Grade 8, Oct 2016 [101]"|"Concerto, KV 314, 2nd Movement"|"Wolfgang Amadeus Mozart"|3|"20170916191544"|"AA00061"|""|"MUSIC AUDITION-TOP SCHOOLS WEEKEND 2017"
"S033491"|""|"Music Audition"|"Violin"|""|"N/A"|""|"Ambrose will sit Grade 5 violin exam in Nov 2017"|"4th Movement from Sonata in E Major, HWV 373, Allegro"|"George Frideric Handel"|2|"20170916193434"|"AA00061"|""|"MUSIC AUDITION-TOP SCHOOLS WEEKEND 2017"
"S033491"|""|"Music Audition"|"Piano"|""|"N/A"|""|"ABRSM Grade 6, Oct 2016 [132]"|"3rd Movement from Sonata in F Major, Hob.XVI: 23, Presto"|"Joseph Haydn"|1|"20170916193627"|"AA00061"|"Member of Metropolitan Youth Orchestra (MYO)
Ambrose will sit Grade 7 piano exam in Oct 2017"|"MUSIC AUDITION-TOP SCHOOLS WEEKEND 2017"
"S033491"|""|"Music Audition"|"Piano"|""|"N/A"|""|"ABRSM Grade 5, May 2015 [131]"|"Nocturne in C Sharp Minor, op. posth., KKIVa, No.16"|"Fryderyk Chopin"|1|"20170916193728"|"AA00061"|""|"MUSIC AUDITION-TOP SCHOOLS WEEKEND 2017"
"S034840"|""|"Music Audition"|"Violin"|""|"N/A"|""|"ABRSM Grade 5, Oct 2012 [134]"|"Rhapsody No.1"|"Bela Bartok"|1|"20170916194413"|"AA00061"|""|"MUSIC AUDITION-TOP SCHOOLS WEEKEND 2017"
"S034840"|""|"Music Audition"|"Piano"|""|"N/A"|""|"ABRSM Grade 8, Oct 2015 [120]"|"Sonata in F Minor, Kp.239"|"Domenico Scarlatti"|2|"20170916194551"|"AA00061"|""|"MUSIC AUDITION-TOP SCHOOLS WEEKEND 2017"
"S034840"|""|"Music Audition"|"Piano"|""|"N/A"|""|"ABRSM Grade 7, Oct 2013 [111]"|""|""|2|"20170916194640"|"AA00061"|""|"MUSIC AUDITION-TOP SCHOOLS WEEKEND 2017"
"S034840"|""|"Music Audition"|"Violin"|""|"N/A"|""|"ABRSM Grade 8, Sep 2014 [132]"|"Concerto in D Major, K.211 1st and 2nd Movements"|"Wolfgang Amadeus Mozart"|1|"20170916195016"|"AA00061"|"Junior music course 2017/2018
The Hong Kong Academy for Performing Arts"|"MUSIC AUDITION-TOP SCHOOLS WEEKEND 2017"
"S034712"|""|"Music Audition"|"Piano"|""|"N/A"|""|""|"Sonata in C Minor, Op. 13, 1st Movement"|"Ludwig van Beethoven"|1|"20170916195454"|"AA00061"|""|"MUSIC AUDITION-TOP SCHOOLS WEEKEND 2017"
"S034712"|""|"Music Audition"|"Piano"|""|"N/A"|""|"ABRSM Grade 8, Aug 2016 [108]"|"Sonata in D Major, K491"|"Domenico Scarlatti"|1|"20170916195543"|"AA00061"|""|"MUSIC AUDITION-TOP SCHOOLS WEEKEND 2017"
"S035873"|""|"Music Audition"|"Piano"|""|"N/A"|""|""|"Nocturne in C-sharp minor, Op. posth"|"Frédéric Chopin"|1|"20170916195936"|"AA00061"|""|"MUSIC AUDITION-TOP SCHOOLS WEEKEND 2017"
"S035873"|""|"Music Audition"|"Piano"|""|"N/A"|""|"ABRSM Grade 8, Aug 2016 [142]"|"Impromptu in Eb, Op. 90, No. 2"|"Franz Schubert"|1|"20170916200313"|"AA00061"|""|"MUSIC AUDITION-TOP SCHOOLS WEEKEND 2017"
"S035873"|""|"Music Audition"|"Percussion (Drum)"|""|"N/A"|""|"Ue Lam will sit Grade 8 drum exam in 2018 (reference letter attached)"|"Good Gadd"|"Andrew Tween/ Jonathan Taylor"|2|"20170916200704"|"AA00061"|""|"MUSIC AUDITION-TOP SCHOOLS WEEKEND 2017"
"S033546"|""|"Music Audition"|"Clarinet"|""|"N/A"|""|"ABRSM, Grade 5, May 2012 (missing mark sheet)"|"Three Intermezzi, No 3"|"Charles V. Stanford"|1|"20170916202147"|"AA00061"|""|"MUSIC AUDITION-TOP SCHOOLS WEEKEND 2017"
"S035151"|""|"Music Audition"|"Flute"|""|"N/A"|""|"ABRSM Grade 8, Oct 2016 [140]"|"Sonata for Flute in B Minor, BWV 367"|"George Frideric Handel"|1|"20170916202701"|"AA00061"|"Tutti Flutti Flute Ensemble"|"MUSIC AUDITION-TOP SCHOOLS WEEKEND 2017"
"S035151"|""|"Music Audition"|"Flute"|""|"N/A"|""|""|"Flute Concertino, Op. 107"|"Cecile Chaminade"|1|"20170916202719"|"AA00061"|""|"MUSIC AUDITION-TOP SCHOOLS WEEKEND 2017"
"S035673"|""|"Music Audition"|"Piano"|""|"N/A"|""|"ABRSM Grade 3, Apr 2016 [107]"|"Sonatina in C Major,Op.36, No.1, 1st Movement, Allegro"|"Muzio Clementi"|2|"20170918152552"|"AA00061"|""|"MUSIC AUDITION-TOP SCHOOLS WEEKEND 2017"
"S032541"|""|"Music Audition"|"Piano"|""|"N/A"|""|"ABRSM Grade 4, Apr 2014 [122]"|"Jazzy: No.3 from Three Moods"|"Aaron Copland"|1|"20170919102356"|"AA00070"|"Member of Harrow School Orchestra and Pop Orchestra"|"MUSIC AUDITION-TOP SCHOOLS WEEKEND 2017"
"S032541"|""|"Music Audition"|"Violin"|""|"N/A"|""|"ABRSM Grade 5, Nov 2014 [116]"|""|""|2|"20170919102528"|"AA00070"|""|"MUSIC AUDITION-TOP SCHOOLS WEEKEND 2017"
"S032451"|""|"Music Audition"|"Piano"|""|"N/A"|""|"Trinity ATCL, April 2017 [90]"|"Mozart Sonata in A minor K310 1st movement"|"Mozart"|1|"20170919105618"|"AA00070"|""|"MUSIC AUDITION-TOP SCHOOLS WEEKEND 2017"
"S032451"|""|"Music Audition"|"Piano"|""|"N/A"|""|"ABRSM Grade 8, Aug 2015 [133]"|"Schubert Vier Impromptu Opus 90 No.2"|"Schubert"|1|"20170919105618"|"AA00070"|""|"MUSIC AUDITION-TOP SCHOOLS WEEKEND 2017"
"S033638"|""|"Music Audition"|"Violin"|""|"N/A"|""|"Trinity ATCL, Apr 2015 [84]"|"Zigeunerweisen Op. 20, No.1"|"Pablo de Sarasate"|1|"20170919105637"|"AA00070"|"Memeber of Dr Yip's from 2012-2016"|"MUSIC AUDITION-TOP SCHOOLS WEEKEND 2017"
"S034055"|""|"Music Audition"|"Cello"|""|"N/A"|""|"ABRSM Grade 8, May 2017 [121]"|"Serenade"|"Gaspar Cassado"|1|"20170919114159"|"AA00070"|""|"MUSIC AUDITION-TOP SCHOOLS WEEKEND 2017"
"S034055"|""|"Music Audition"|"Cello"|""|"N/A"|""|"ABRSM Grade 7, November 2016 [127]"|"Nocturno"|"Franz Strauss"|1|"20170919114159"|"AA00070"|""|"MUSIC AUDITION-TOP SCHOOLS WEEKEND 2017"
"S034055"|""|"Music Audition"|"Trombone"|""|"N/A"|""|"ABRSM Grade 4, August 2015 [136]"|""|""|2|"20170919115251"|"AA00070"|""|"MUSIC AUDITION-TOP SCHOOLS WEEKEND 2017"
"S034055"|""|"Music Audition"|"Trombone"|""|"N/A"|""|"ABRSM Grade 7, exam on 7 Sep 2017 (missing mark sheet)"|"Dances with Bears"|"Jim Parker"|2|"20170919115254"|"AA00070"|""|"MUSIC AUDITION-TOP SCHOOLS WEEKEND 2017"
"S034947"|""|"Music Audition"|"Violin"|""|"N/A"|""|"ABRSM Grade 6, Aug 2017 (Waiting for result)"|"Scherzo and Trio (Third Movement from Sonata in C Minor, Op.30, No.2)"|"Ludwig van Beethoven"|1|"20170919120754"|"AA00070"|"Diocesan Boys School Primary Division Senior Orchestra"|"MUSIC AUDITION-TOP SCHOOLS WEEKEND 2017"
"S034947"|""|"Music Audition"|"Violin"|""|"N/A"|""|"ABRSM Grade 5, Oct 2016 [130]"|"Black Eyes"|"Trad. Russian"|1|"20170919120817"|"AA00070"|""|"MUSIC AUDITION-TOP SCHOOLS WEEKEND 2017"
"S035749"|""|"Music Audition"|"Piano"|""|"N/A"|""|"ABRSM Grade 6, Nov 2015 [120]"|"Waltz in B Minor, Op. 69, No. 2"|"Fryderyk Chopin"|1|"20170919122406"|"AA00070"|""|"MUSIC AUDITION-TOP SCHOOLS WEEKEND 2017"
"S035689"|""|"Music Audition"|"Piano"|""|"N/A"|""|"Trinity ATCL, October 2016 (missing Mark Sheet)"|"Sonata in C, Hob.XVI/50 , 1st Movement"|"Haydn"|1|"20170920123046"|"AA00070"|"Diocesan Boys' School Orchestra, Wind & Brass Ensemble"|"MUSIC AUDITION-TOP SCHOOLS WEEKEND 2017"
"S035689"|""|"Music Audition"|"Flute"|""|"N/A"|""|"ABRSM Grade 8, Sep 2015 [126]"|"Syrinx for Flute Solo"|"Claude Debussy"|2|"20170920123305"|"AA00070"|""|"MUSIC AUDITION-TOP SCHOOLS WEEKEND 2017"
"S035689"|""|"Music Audition"|"Flute"|""|"N/A"|""|"ABRSM Grade 5, Sep 2013 [135]"|""|""|2|"20170920123309"|"AA00070"|""|"MUSIC AUDITION-TOP SCHOOLS WEEKEND 2017"
"S035689"|""|"Music Audition"|"Piano"|""|"N/A"|""|"ABRSM Grade 8, Oct 2014 [138]"|"Xinjiang Dance No.1 Op.6"|"Ding Shan-De"|1|"20170920123410"|"AA00070"|"Diocesan Boys' School Orchestra, Wind & Brass Ensemble"|"MUSIC AUDITION-TOP SCHOOLS WEEKEND 2017"
"S033638"|""|"Music Audition"|"Violin"|""|"N/A"|""|"Trinity LTCL,  May 2017 [70] (missing mark sheet)"|"Concerto No.4 in D Major, K.218, 1st  Movement"|"Wolfgang Amadeus Mozart"|1|"20170920132023"|"AA00061"|"Memeber of Dr Yip's from 2012-2016"|"MUSIC AUDITION-TOP SCHOOLS WEEKEND 2017"
"S032541"|""|"Music Audition"|"Piano"|""|"N/A"|""|"ABRSM Grade 6, Apr 2017 [117] (missing mark sheet)"|"Gigue: French Suite No 5 in G Major, 7th Movement"|"Johann Sebastian Bach"|1|"20170920141018"|"AA00061"|"Member of Harrow School Orchestra and Pop Orchestra"|"MUSIC AUDITION-TOP SCHOOLS WEEKEND 2017"
"S032541"|""|"Music Audition"|"Violin"|""|"N/A"|""|"ABRSM Grade 6, Nov 2016 [120]"|"Concerto in G Major, 1st Movement, Allegro Moderato"|"Joseph Haydn"|2|"20170920141133"|"AA00061"|""|"MUSIC AUDITION-TOP SCHOOLS WEEKEND 2017"
"S035151"|""|"Music Audition"|"Piano"|""|"N/A"|""|"Mark is Grade 5 level"|"Adelita"|"Francisco Tárrega"|2|"20170920143220"|"AA00061"|""|"MUSIC AUDITION-TOP SCHOOLS WEEKEND 2017"
"S035647"|""|"Music Audition"|"Vocal"|""|"N/A"|""|"Kary is now preparing Grade 8 exam (reference letter attached)"|"Der NuBbaum"|"Julius Mosen"|1|"20170920155445"|"AA00061"|"Kary's music teacher is away HK. Therefore, she is not able to sign the letter for Kary.
If more information is needed, please contact her music teacher by email 
shown in the reference letter."|"MUSIC AUDITION-TOP SCHOOLS WEEKEND 2017"
"S035646"|""|"Music Audition"|"Vocal"|""|"N/A"|""|"Hebe is now preparing Grade 8 exam (reference letter attached)"|"Per la gloria d'adorarvi"|"Giovanni Battista Bononcini"|1|"20170920155541"|"AA00061"|"Hebe's music teacher is away HK. Therefore, she is not able to sign the letter for Hebe.
If more information is needed, please contact her music teacher by email 
shown in the reference letter."|"MUSIC AUDITION-TOP SCHOOLS WEEKEND 2017"
"S036103"|""|"Music Audition"|"Flute"|""|"N/A"|""|"ABRSM Grade 6, Oct 2015 [125]"|"Fantasie in b minor"|"Telemann"|1|"20170921124725"|"AA00061"|""|"MUSIC AUDITION-TOP SCHOOLS WEEKEND 2017"
"S036103"|""|"Music Audition"|"Piano"|""|"N/A"|""|"ABRSM Grade 5, Oct 2014 [108]"|"Marriage d'amour"|"Richard Clayderman"|2|"20170921125012"|"AA00061"|""|"MUSIC AUDITION-TOP SCHOOLS WEEKEND 2017"
"S035798"|""|"Music Audition"|"Violin"|""|"N/A"|""|"Trinity College London ATCL Recital (Violin), May 2017, Distinction [82]"|"Legende, Op.17"|"Henryk Wieniawski"|1|"20170921130550"|"AA00079"|"participated in ABRSM High Scorers' Concert April 2017, Hong Kong
Member of Junior Symphony Orchestra and Current student of Junior Music Program, majoring in violin, Hong Kong Academy of Performing Arts"|"MUSIC AUDITION-TOP SCHOOLS WEEKEND 2017"
"S035798"|""|"Music Audition"|"Violin"|""|"N/A"|""|"ABRSM, Grade 8, May 2016, Distinction [138]"|"Sarabande, Partita No.2 in D minor, S.1004"|"J.S.Bach"|1|"20170921130735"|"AA00079"|""|"MUSIC AUDITION-TOP SCHOOLS WEEKEND 2017"
"S035798"|""|"Music Audition"|"Singing"|""|"N/A"|""|"ABRSM Grade 5 Singing, October 2014, Distinction [137], (missing mark sheet)"|"Caro mio ben"|"Giuseppe Giordani"|2|"20170921132004"|"AA00079"|""|"MUSIC AUDITION-TOP SCHOOLS WEEKEND 2017"
"S036256"|""|"Music Audition"|"Violin"|""|"N/A"|""|"ABRSM, Grade 7, May 2017, [107]"|"Sarabande in G minor"|"Carl Bohm"|1|"20170921132402"|"AA00079"|"Anthony is part his school's full orchestra and string orchestra."|"MUSIC AUDITION-TOP SCHOOLS WEEKEND 2017"
"S036256"|""|"Music Audition"|"Violin"|""|"N/A"|""|""|"Gavotte with Two Variations (No. 4 from Suite Italienne)"|"Igor Stravinsky"|1|"20170921132539"|"AA00079"|""|"MUSIC AUDITION-TOP SCHOOLS WEEKEND 2017"
"S036103"|""|"Music Audition"|"Flute"|""|"N/A"|""|"ABRSM Grade 8, Aug 2017 [108]"|"Flute, Sonata, 1st movement"|"Poulenc"|1|"20170921132907"|"AA00075"|""|"MUSIC AUDITION-TOP SCHOOLS WEEKEND 2017"
"S034107"|""|"Music Audition"|"Piano"|""|"N/A"|""|"ABRSM Grade 8, April 2016 [144]"|"La Cathédrale Engloutie"|"Debussy"|1|"20170921133012"|"AA00075"|"Member of Academy of Performing Arts(APA), Cheng Wai Piano Institute"|"MUSIC AUDITION-TOP SCHOOLS WEEKEND 2017"
"S034107"|""|"Music Audition"|"Violin"|""|"N/A"|""|"ABRSM Grade 8, October 2016 [136]"|"Sonata 1 in B minor BWV 1014 1st and 2nd movement"|"J.S. Bach"|2|"20170921133318"|"AA00075"|""|"MUSIC AUDITION-TOP SCHOOLS WEEKEND 2017"
"S034107"|""|"Music Audition"|"Violin"|""|"N/A"|""|"ABRSM Grade 5, April 2015 [134] (missing mark sheet)"|""|""|2|"20170921133640"|"AA00075"|""|"MUSIC AUDITION-TOP SCHOOLS WEEKEND 2017"
"S035438"|""|"Music Audition"|"Violin"|""|"N/A"|""|"ABRSM Grade 8, October 2016 [130]"|"Violin Concerto in E major, BWV 1042"|"Bach"|1|"20170921144642"|"AA00075"|""|"MUSIC AUDITION-TOP SCHOOLS WEEKEND 2017"
"S035438"|""|"Music Audition"|"Violin"|""|"N/A"|""|""|"Violin Sonata No 2 in A mjor, op100"|"Brahms"|1|"20170921144859"|"AA00075"|""|"MUSIC AUDITION-TOP SCHOOLS WEEKEND 2017"
"S034491"|""|"Music Audition"|"Violin"|""|"N/A"|""|"Grade 7, May 2017, [110] (Missing mark sheet)"|"Moszkowski Allegro brioso: No. 1 from Spanische Tänze, Opus 12, are. Scharwenka (Peters)"|"Moritz Moszkowski"|1|"20170921150254"|"AA00079"|""|"MUSIC AUDITION-TOP SCHOOLS WEEKEND 2017"
"S034491"|""|"Music Audition"|"Violin"|""|"N/A"|""|"Grade 5, October 2015 [116]"|"Haydn Allegro moderato: first movement from Concerto in G, Hob. VIIa/4"|"Joseph Haydn"|1|"20170921150416"|"AA00079"|""|"MUSIC AUDITION-TOP SCHOOLS WEEKEND 2017"
"S034491"|""|"Music Audition"|"Piano"|""|"N/A"|""|"Grade 7, May [114] (Missing Mark Sheet)"|"Chopin Nocturne in C sharp minor, Op. posts., KK IVa No. 16"|"Fryderyk Chopin"|2|"20170921150625"|"AA00079"|""|"MUSIC AUDITION-TOP SCHOOLS WEEKEND 2017"
"S034491"|""|"Music Audition"|"Piano"|""|"N/A"|""|"Grade 5 August 2015 [121]"|""|""|2|"20170921150700"|"AA00079"|""|"MUSIC AUDITION-TOP SCHOOLS WEEKEND 2017"
"S035734"|""|"Music Audition"|"Violin"|""|"N/A"|""|"ABRSM Grade 8, September 2016 [116]"|"Moto Perpetuo"|"Frank Bridge"|1|"20170921152315"|"AA00075"|"School Orchestra"|"MUSIC AUDITION-TOP SCHOOLS WEEKEND 2017"
"S035734"|""|"Music Audition"|"Violin"|""|"N/A"|""|"ABRSM Grade 5, September 2014 [133]"|"Salut d'Amour"|"Edward Elgar"|1|"20170921152329"|"AA00075"|""|"MUSIC AUDITION-TOP SCHOOLS WEEKEND 2017"
"S036150"|""|"Music Audition"|"Piano"|""|"N/A"|""|"ABRSM, Grade 3,  2009 Distinction (Missing Mark Sheet)"|"Mozart Sonata in Bb K570, 3rd Movement Allegretto"|"Mozart"|1|"20170921152709"|"AA00079"|""|"MUSIC AUDITION-TOP SCHOOLS WEEKEND 2017"
"S034107"|""|"Music Audition"|"Piano"|""|"N/A"|""|"ABRSM Grade 7, September 2014 [132] (missing mark sheet)"|"Works of Chopin"|"Chopin"|1|"20170921152749"|"AA00075"|""|"MUSIC AUDITION-TOP SCHOOLS WEEKEND 2017"
"S036150"|""|"Music Audition"|"Harp"|""|"N/A"|""|"ABRSM, Grade 5, in 2012 Distinction (Missing Mark sheet)"|"Concerto Per Organo  HWV.294 (Op.4 No.6)"|"Handel"|2|"20170921152949"|"AA00079"|""|"MUSIC AUDITION-TOP SCHOOLS WEEKEND 2017"
"S036150"|""|"Music Audition"|"Harp"|""|"N/A"|""|"ABRSM, Grade 8 will take the exam on 27 October 2017"|""|""|2|"20170921153145"|"AA00079"|""|"MUSIC AUDITION-TOP SCHOOLS WEEKEND 2017"
"S036150"|""|"Music Audition"|"Piano"|""|"N/A"|""|"ABRSM, Grade 8, November 2012 [116]"|"S. Rachmaninoff Power no.4 - LT"|"S. Rachmaninoff"|1|"20170921155615"|"AA00079"|"Member of Hong Kong Academy of Performing Arts"|"MUSIC AUDITION-TOP SCHOOLS WEEKEND 2017"
"S036150"|""|"Music Audition"|"Flute"|""|"N/A"|""|"ABRSM, Grade 3, October 2013 [131]"|"No"|"No"|3|"20170921155627"|"AA00079"|""|"MUSIC AUDITION-TOP SCHOOLS WEEKEND 2017"
"S035758"|""|"Music Audition"|"Violin"|""|"N/A"|""|""|"Antonin Dvorak, Op.75 No.1"|"Romantische Stucke"|1|"20170921174110"|"AA00061"|""|"MUSIC AUDITION-TOP SCHOOLS WEEKEND 2017"
"S034708"|""|"Music Audition"|"Vocal"|""|"N/A"|""|""|"O mio babino caro"|"Puccini"|1|"20170921175026"|"AA00061"|""|"MUSIC AUDITION-TOP SCHOOLS WEEKEND 2017"
"S035758"|""|"Music Audition"|"Violin"|""|"N/A"|""|"ABRSM Violin Grade 8, Apr 2016 [116]"|"Sonate No.3 in C Minor, Op.45"|"Edvard Grieg"|1|"20170921180334"|"AA00061"|"Metropolitan Youth Orchestra"|"MUSIC AUDITION-TOP SCHOOLS WEEKEND 2017"
"S034708"|""|"Music Audition"|"Vocal"|""|"N/A"|""|"Trinity LTCL , Aug 2016 [80]"|"Pie Jesu"|"Faure"|1|"20170921181803"|"AA00061"|"Hong Kong Academy for Performance Arts
Hong Kong Children's Choir
St. John Cathedral Choir"|"MUSIC AUDITION-TOP SCHOOLS WEEKEND 2017"
"S034708"|""|"Music Audition"|"Violin"|""|"N/A"|""|"Trinity ATCL, Oct 2015 [88]"|"My Native Country"|"Smetana"|2|"20170921181829"|"AA00061"|""|"MUSIC AUDITION-TOP SCHOOLS WEEKEND 2017"
"S033875"|""|"Music Audition"|"Violin"|""|"N/A"|""|"ABRSM Grade 8, Sep 2017 [waiting for result]"|"Scherzo: No.2 from Three Pieces, Op.42"|"P.I. Tchaikovsky"|1|"20170921194143"|"AA00061"|""|"MUSIC AUDITION-TOP SCHOOLS WEEKEND 2017"
"S033875"|""|"Music Audition"|"Violin"|""|"N/A"|""|"ABRSM Grade 7, Oct 2015 [105] (missing mark sheet)"|"Hoe-Down: from Rodeo"|"Aaron Copland"|1|"20170921194347"|"AA00061"|""|"MUSIC AUDITION-TOP SCHOOLS WEEKEND 2017"
"S033875"|""|"Music Audition"|"Piano"|""|"N/A"|""|"ABRSM Grade 2, May 2011 (missing mark sheet)"|"Valse: KK IVb Nr.11"|"Frederic Chopin"|2|"20170921194456"|"AA00061"|""|"MUSIC AUDITION-TOP SCHOOLS WEEKEND 2017"
"S034055"|""|"Music Audition"|"Piano"|""|"N/A"|""|"ABRSM Grade 5, May 2016 [130]"|"1st Movement from Sonata in F Minor, Op 2, No.1, Allegro"|"Beethoven"|3|"20170921201335"|"AA00061"|""|"MUSIC AUDITION-TOP SCHOOLS WEEKEND 2017"
"S032885"|""|"Music Audition"|"Piano"|""|"N/A"|""|"ABRSM  Grade 7, 2016 [Pass] (missing mark sheet)"|"Beethoven Sonata in E, Op.14 No.1 3rd movement"|"Beethoven"|1|"20170921203131"|"AA00061"|""|"MUSIC AUDITION-TOP SCHOOLS WEEKEND 2017"
"S036232"|""|"Music Audition"|"Violin"|""|"N/A"|""|"Trinity ATCL, Oct 2015 [62]"|"Mozart"|"Violin Concerto No.3 in G Major"|1|"20170922114306"|"AA00061"|"Hong Kong Youth Symphony Orchestra"|"MUSIC AUDITION-TOP SCHOOLS WEEKEND 2017"
"S036232"|""|"Music Audition"|"Violin"|""|"N/A"|""|"ABRSM Grade 8, 2014 [Pass] (missing mark sheet)"|"Violin Concerto No. 9"|"Beriot"|1|"20170922114321"|"AA00061"|""|"MUSIC AUDITION-TOP SCHOOLS WEEKEND 2017"
"S034941"|""|"Music Audition"|"Violin"|""|"N/A"|""|"ABRSM Grade 6, Oct 2014 [116]"|"1st Movement from Concerto A Minor, BMV 1041"|"Johann Sebastian Bach"|1|"20170922115121"|"AA00061"|""|"MUSIC AUDITION-TOP SCHOOLS WEEKEND 2017"
"S034941"|""|"Music Audition"|"Piano"|""|"N/A"|""|"ABRSM Grade 8, Oct 2015 [100]"|"Waltz in B Minor, Op.69, No.2"|"Fryderyk Chopin"|3|"20170922115331"|"AA00061"|""|"MUSIC AUDITION-TOP SCHOOLS WEEKEND 2017"
"S034941"|""|"Music Audition"|"Piano"|""|"N/A"|""|"ABRSM Grade 6, Apr 2012 [109]"|""|""|3|"20170922115410"|"AA00061"|""|"MUSIC AUDITION-TOP SCHOOLS WEEKEND 2017"
"S034941"|""|"Music Audition"|"Violin"|""|"N/A"|""|"ABRSM Grade 8, May 2017 [122]"|"Kreutzer Étude No.10 in G"|"Kreutzer"|1|"20170922115950"|"AA00061"|""|"MUSIC AUDITION-TOP SCHOOLS WEEKEND 2017"
"S034941"|""|"Music Audition"|"Vocal"|""|"N/A"|""|"Audrey is preparing Grade 7 exam"|"Brahms In stiller Nacht"|"Johannes Brahms"|2|"20170922120056"|"AA00061"|""|"MUSIC AUDITION-TOP SCHOOLS WEEKEND 2017"
"S035357"|""|"Music Audition"|"Flute"|""|"N/A"|""|"Alex will attend ABRSM Grade 8 exam in Oct 2017"|"Sehr lebhaft (incl. Marsch): 3rd Movement from Sonata"|"Hindemith"|1|"20170922131742"|"AA00061"|""|"MUSIC AUDITION-TOP SCHOOLS WEEKEND 2017"
"S035357"|""|"Music Audition"|"Flute"|""|"N/A"|""|"ABRSM Grade 7, Sep 2016 [127]"|"Allegro: 1st Movement from Flute Quartet No. 1 in D, K. 285"|"Mozart"|1|"20170922131800"|"AA00061"|"Member of Hong Kong Academy for Performing Arts"|"MUSIC AUDITION-TOP SCHOOLS WEEKEND 2017"
"S032885"|""|"Music Audition"|"Cello"|""|"N/A"|""|"ABRSM, Grade 5 2015 (missing mark sheet)"|"No piece name"|"F.A. Kummer"|2|"20170922181324"|"AA00061"|""|"MUSIC AUDITION-TOP SCHOOLS WEEKEND 2017"
"S032885"|""|"Music Audition"|"Piano"|""|"N/A"|""|"ABRSM Grade 5, 2014 (missing mark sheet)"|"Sonata in A minor K.331, 3rd movement"|"Mozart"|1|"20170922181529"|"AA00061"|""|"MUSIC AUDITION-TOP SCHOOLS WEEKEND 2017"
"S036160"|""|"Music Audition"|"Violin"|""|"N/A"|""|"ABRSM Grade 6, May 2017[113] (missing mark sheet)"|"Este a székelyeknél , arr. Tibor Fülep"|"Béla Bartók"|2|"20170923105019"|"30012"|""|"MUSIC AUDITION-TOP SCHOOLS WEEKEND 2017"
"S036160"|""|"Music Audition"|"Piano"|""|"N/A"|""|"ABRSM Grade 7, August 2016 [117] (missing mark sheet)"|"Selling Sundry Goods: No.1 from Four Piano Pieces based on Cantonese Melodies, Op.5"|"Peixun Chen"|1|"20170923105049"|"30012"|""|"MUSIC AUDITION-TOP SCHOOLS WEEKEND 2017"
"S036160"|""|"Music Audition"|"Piano"|""|"N/A"|""|"ABRSM Grade 8, May 2017 [120] (missing mark sheet)"|"Gigue: seventh movement from French Suite No.5 in G. BMV 816"|"Johann Sebastian Bach"|1|"20170923105056"|"30012"|""|"MUSIC AUDITION-TOP SCHOOLS WEEKEND 2017"
"S034500"|""|"Music Audition"|"Violin"|""|"N/A"|""|"ABRSM Grade 8, 2014 [Distinction]"|"Spring Sonata No. 5 in F Major"|"Beethoven"|1|"20170923140518"|"30012"|""|"MUSIC AUDITION-TOP SCHOOLS WEEKEND 2017"
"S034500"|""|"Music Audition"|"Violin"|""|"N/A"|""|"ABRSM Grade 5, 2012 [Distinction]"|"Polonaise Brilliante in A Major"|"Wieniawski"|1|"20170923140917"|"30012"|""|"MUSIC AUDITION-TOP SCHOOLS WEEKEND 2017"
"S033897"|""|"Music Audition"|"Violin"|""|"N/A"|""|"ABRSM Grade 6, Apr 2017 [120]"|"Idylle Op.4, No.1"|"Edward Elgar"|1|"20170923152056"|"30012"|""|"MUSIC AUDITION-TOP SCHOOLS WEEKEND 2017"
"S033897"|""|"Music Audition"|"Violin"|""|"N/A"|""|""|"Eine Kleine Nachtmusik No.1"|"Mozart"|1|"20170923152930"|"30012"|""|"MUSIC AUDITION-TOP SCHOOLS WEEKEND 2017"
"S035957"|""|"Music Audition"|"Cello"|""|"N/A"|""|"ABRSM Grade 8, 2016 [Merit] (missing mark sheet)"|"Suite No.3 ""Gigne"""|"Bach"|1|"20170923155201"|"30012"|""|"MUSIC AUDITION-TOP SCHOOLS WEEKEND 2017"
"S035957"|""|"Music Audition"|"Cello"|""|"N/A"|""|"ABRSM Grade 7, 2014 [Merit] (missing mark sheet)"|""|""|1|"20170923155211"|"30012"|""|"MUSIC AUDITION-TOP SCHOOLS WEEKEND 2017"
"S035933"|""|"Music Audition"|"Violin"|""|"N/A"|""|"ABRSM Grade 5, Aug 2016 [127] (missing mark sheet)"|"Shine Jesus Shine"|"Graham Kendrick"|1|"20170923170607"|"AA00061"|""|"MUSIC AUDITION-TOP SCHOOLS WEEKEND 2017"
"S035474"|""|"Music Audition"|"Singing"|""|"N/A"|""|"ABRSM Grade 6, Aug 2017 (not out yet)"|"Embraceable You"|""|1|"20170924161735"|"30012"|""|"MUSIC AUDITION-TOP SCHOOLS WEEKEND 2017"
"S035474"|""|"Music Audition"|"Singing"|""|"N/A"|""|""|"To be confirmed"|""|1|"20170924161812"|"30012"|""|"MUSIC AUDITION-TOP SCHOOLS WEEKEND 2017"
"S035269"|""|"Music Audition"|"Violin"|""|"N/A"|""|"ABRSM Grade 7, October 2016 [125]"|""|""|1|"20170924172232"|"30012"|""|"MUSIC AUDITION-TOP SCHOOLS WEEKEND 2017"
"S037289"|""|"Music Audition"|"Piano"|""|"N/A"|""|"ABRSM Grade 8,  Apr 2018 [112]"|"Nocturne in C Sharp Minor Op. posth., KK IVa, No.16"|"Fryderyk Chopin"|1|"20180803124315"|"AA00061"|""|"MUSIC AUDITION-TOP SCHOOLS WEEKEND 2018"
"S037289"|""|"Music Audition"|"Piano"|""|"N/A"|""|"ABRSM Grade 7, Oct 2017 [115]"|"Jazzy No.3 from Three Moods"|"Aaron Copland"|1|"20180803124315"|"AA00061"|""|"MUSIC AUDITION-TOP SCHOOLS WEEKEND 2018"
"S036653"|""|"Music Audition"|"Violin"|""|"N/A"|""|"ABRSM Grade 5, May 2014 [123]"|"Remembrances: from Three Pieces from Schindler’s List"|"John Williams"|1|"20180809115449"|"AA00061"|""|"MUSIC AUDITION-TOP SCHOOLS WEEKEND 2018"
"S036653"|""|"Music Audition"|"Piano"|""|"N/A"|""|"ABRSM Grade 8, Sep 2015 [124]"|"Chopin Waltz in F, Op.34 No.3"|"Frédéric Chopin"|2|"20180809115549"|"AA00061"|""|"MUSIC AUDITION-TOP SCHOOLS WEEKEND 2018"
"S036653"|""|"Music Audition"|"Piano"|""|"N/A"|""|"ABRSM Grade 5, Oct 2012 [117]"|""|""|2|"20180809115619"|"AA00061"|""|"MUSIC AUDITION-TOP SCHOOLS WEEKEND 2018"
"S036653"|""|"Music Audition"|"Violin"|""|"N/A"|""|"ABRSM Grade 8, Oct 2016 [110]"|"Danza pastorale: 3rd Movt from Concerto in E, ‘La Primavera’ (Spring), Op. 8 No. 1"|"Antonio Vivaldi"|1|"20180809120130"|"AA00061"|"Hong Kong Children's Choir"|"MUSIC AUDITION-TOP SCHOOLS WEEKEND 2018"
"S037250"|""|"Music Audition"|"Piano"|""|"N/A"|""|"ABRSM Grade 8, Aug 2016 [125]"|"Nocturnes Opus 62, No.2"|"Chopin"|2|"20180818153404"|"AA00061"|""|"MUSIC AUDITION-TOP SCHOOLS WEEKEND 2018"
"S037250"|""|"Music Audition"|"Cello"|""|"N/A"|""|"AMRSM Grade 5, May 2012 [117]"|"Nocturno Op. 7"|"Franz Strauss"|1|"20180818153814"|"AA00061"|""|"MUSIC AUDITION-TOP SCHOOLS WEEKEND 2018"
"S037250"|""|"Music Audition"|"Piano"|""|"N/A"|""|"ABRSM Grade 6, Sep 2012 [124]"|""|""|2|"20180818153826"|"AA00061"|""|"MUSIC AUDITION-TOP SCHOOLS WEEKEND 2018"
"S037250"|""|"Music Audition"|"Cello"|""|"N/A"|""|"ABRSM Grade 2, Sep 2010 [132]"|"Jewish Song : No.3 From Jewish Life"|"Ernest Bloch"|1|"20180818153919"|"AA00061"|""|"MUSIC AUDITION-TOP SCHOOLS WEEKEND 2018"
"S036986"|""|"Music Audition"|"Flute"|""|"N/A"|""|"ABRSM Grade 5, May 2017 [116]"|"Tambourin"|"Francois Joseph Gossec"|1|"20180818154319"|"AA00061"|"Senior Orchestra, Woodwind & Brass Enssemble, Treble Choir"|"MUSIC AUDITION-TOP SCHOOLS WEEKEND 2018"
"S036986"|""|"Music Audition"|"Singing"|""|"N/A"|""|"ABRSM Grade 8, 2017 [Passed] (missing mark sheet)"|"O For the Wings of a Dove"|"Felix Mendelssohn"|2|"20180818154622"|"AA00061"|""|"MUSIC AUDITION-TOP SCHOOLS WEEKEND 2018"
"S036986"|""|"Music Audition"|"Singing"|""|"N/A"|""|"ABRSM Grade 6, May 2016 [125]"|""|""|2|"20180818182048"|"AA00061"|""|"MUSIC AUDITION-TOP SCHOOLS WEEKEND 2018"
"S036484"|""|"Music Audition"|"Percussion"|""|"N/A"|""|"ABRSM Grade 7, Sep 2014 [134]"|"Bach Gigue, from Violin Partita No 2, BWV 1004"|"JS Bach"|1|"20180825122735"|"AA00080"|""|"MUSIC AUDITION-TOP SCHOOLS WEEKEND 2018"
"S036484"|""|"Music Audition"|"Piano"|""|"N/A"|""|"ABRSM Grade 7, Oct 2015 [120]"|""|""|2|"20180825123002"|"AA00080"|""|"MUSIC AUDITION-TOP SCHOOLS WEEKEND 2018"
"S036484"|""|"Music Audition"|"Piano"|""|"N/A"|""|"ABRSM Grade 8, Oct 2016 [125]"|"Excerpt from Mozart Sonata in A K331/300i"|"Mozart"|2|"20180825123132"|"AA00080"|""|"MUSIC AUDITION-TOP SCHOOLS WEEKEND 2018"
"S037175"|""|"Music Audition"|"Cello"|""|"N/A"|""|"ABRSM Grade 4, Oct 2014 [132]"|"The Train Whistle"|"Aaron Minsky"|1|"20180825125546"|"AA00080"|""|"MUSIC AUDITION-TOP SCHOOLS WEEKEND 2018"
"S037175"|""|"Music Audition"|"Cello"|""|"N/A"|""|"ABRSM Grade 7, Aug 2016 [133]"|"Sonata V, RV40"|"Antonio Vivaldi"|1|"20180825125554"|"AA00080"|"Diocesan Boys’ School Orchestra and String Orchestra"|"MUSIC AUDITION-TOP SCHOOLS WEEKEND 2018"
"S036986"|""|"Music Audition"|"Flute"|""|"N/A"|""|""|"Sicilienne from Pelleas et Melisande"|"Gabriel Faure"|1|"20180825131247"|"AA00061"|""|"MUSIC AUDITION-TOP SCHOOLS WEEKEND 2018"
"S036484"|""|"Music Audition"|"Percussion"|""|"N/A"|""|"ABRSM Grade 8, Sep 2015 [132]"|"Rhythm Song"|"Paul Smadbeck"|1|"20180825135443"|"AA00080"|""|"MUSIC AUDITION-TOP SCHOOLS WEEKEND 2018"
"S036349"|""|"Music Audition"|"Vocal"|""|"N/A"|""|"ABRSM Grade 5, Sep 2012 [137]"|"Pie Jesu"|"Gabiel Faure"|1|"20180825140544"|"AA00080"|""|"MUSIC AUDITION-TOP SCHOOLS WEEKEND 2018"
"S036349"|""|"Music Audition"|"Violin"|""|"N/A"|""|"ABRSM Grade 8, Oct 2013 [118]"|"Legenda"|"Henryk Wieniawski"|2|"20180825140758"|"AA00080"|""|"MUSIC AUDITION-TOP SCHOOLS WEEKEND 2018"
"S036349"|""|"Music Audition"|"Violin"|""|"N/A"|""|"ABRSM Grade 5, Oct 2012 [136]"|""|""|2|"20180825140836"|"AA00080"|""|"MUSIC AUDITION-TOP SCHOOLS WEEKEND 2018"
"S037022"|""|"Music Audition"|"Piano"|""|"N/A"|""|"ABRSM Grade 5, Oct 2014 [123]"|""|""|2|"20180825153625"|"AA00080"|""|"MUSIC AUDITION-TOP SCHOOLS WEEKEND 2018"
"S035143"|""|"Music Audition"|"Xylophone (Percussion)"|""|"N/A"|""|"ABRSM Grade 5, May 2016 [116]"|"Black and White Rag"|"George Botsford"|1|"20180825154602"|"AA00080"|""|"MUSIC AUDITION-TOP SCHOOLS WEEKEND 2018"
"S035143"|""|"Music Audition"|"Flute"|""|"N/A"|""|"ABRSM Grade 5, Apr 2018 [112]"|"Bagetelle Op.119 No.1"|"Ludwig van Beethoven"|2|"20180825154720"|"AA00080"|""|"MUSIC AUDITION-TOP SCHOOLS WEEKEND 2018"
"S035143"|""|"Music Audition"|"Flute"|""|"N/A"|""|"ABRSM Grade 3, Oct 2016 [100]"|""|""|2|"20180825154801"|"AA00080"|""|"MUSIC AUDITION-TOP SCHOOLS WEEKEND 2018"
"S035143"|""|"Music Audition"|"Snare Drum (Percussion)"|""|"N/A"|""|"ABRSM Grade 8, May 2018 [120]"|"Snare Drum Suite, movement 5, ""Marcia"""|"Siegfried Fink"|3|"20180825154905"|"AA00080"|""|"MUSIC AUDITION-TOP SCHOOLS WEEKEND 2018"
"S035143"|""|"Music Audition"|"Snare Drum (Percussion)"|""|"N/A"|""|"ABRSM Grade 5, May 2016 [116]"|""|""|3|"20180825154943"|"AA00080"|""|"MUSIC AUDITION-TOP SCHOOLS WEEKEND 2018"
"S036731"|""|"Music Audition"|"Violin"|""|"N/A"|""|"ABRSM Grade 5, Aug 2016 [132]"|"4 Romantic Pieces Op 75, No. 2"|"Antonín Dvořák"|1|"20180825175212"|"AA00061"|""|"MUSIC AUDITION-TOP SCHOOLS WEEKEND 2018"
"S036731"|""|"Music Audition"|"Viola"|""|"N/A"|""|"ABRSM Grade 5, Oct 2016 [132]"|"Märchenbilder Op.113, No. 3"|"Robert Schumann"|2|"20180825175314"|"AA00061"|""|"MUSIC AUDITION-TOP SCHOOLS WEEKEND 2018"
"S037194"|""|"Music Audition"|"Violin"|""|"N/A"|""|"ABRSM Grade 4, Sep 2013 [131]"|"Banjo and Fiddle"|"Kroll"|1|"20180901112337"|"AA00080"|""|"MUSIC AUDITION-TOP SCHOOLS WEEKEND 2018"
"S037446"|""|"Music Audition"|"Piano"|""|"N/A"|""|"ABRSM Grade 5, May 2014 [113]"|""|""|2|"20180901114117"|"AA00080"|""|"MUSIC AUDITION-TOP SCHOOLS WEEKEND 2018"
"S037402"|""|"Music Audition"|"Piano"|""|"N/A"|""|"ABRSM Grade 6, Jul 2016 [120]"|"Jazzy: No. 3 from Three Moods"|"Aaron Copland"|2|"20180901115525"|"AA00080"|""|"MUSIC AUDITION-TOP SCHOOLS WEEKEND 2018"
"S037402"|""|"Music Audition"|"Piano"|""|"N/A"|""|"ABRSM Grade 5, Jul 2014 [130]"|""|""|2|"20180901115600"|"AA00080"|""|"MUSIC AUDITION-TOP SCHOOLS WEEKEND 2018"
"S037200"|""|"Music Audition"|"Cello"|""|"N/A"|""|"ABRSM Grade 4, Oct 2015 [130]"|"Le Cygne"|"C. Saint-Saens"|1|"20180901120956"|"AA00080"|""|"MUSIC AUDITION-TOP SCHOOLS WEEKEND 2018"
"S037200"|""|"Music Audition"|"Piano"|""|"N/A"|""|"ABRSM Grade 4, May 2015 [124]"|"Joc cu bata No. 1 from Roman nepi tancok"|"Bela Bartok"|2|"20180901121048"|"AA00080"|""|"MUSIC AUDITION-TOP SCHOOLS WEEKEND 2018"
"S037200"|""|"Music Audition"|"Piano"|""|"N/A"|""|"ABRSM Grade 2, Nov 2012 [113]"|""|""|2|"20180901121133"|"AA00080"|""|"MUSIC AUDITION-TOP SCHOOLS WEEKEND 2018"
"S035915"|""|"Music Audition"|"Trombone"|""|"N/A"|""|"ABRSM Grade 5, Sep 2017 [130]"|"Dances with Bears"|"Jim Parker"|2|"20180901140703"|"AA00080"|""|"MUSIC AUDITION-TOP SCHOOLS WEEKEND 2018"
"S031564"|""|"Music Audition"|"Trumpet"|""|"N/A"|""|"ABRSM Grade 5, Nov 2016 [120]"|""|""|2|"20180901141635"|"AA00080"|""|"MUSIC AUDITION-TOP SCHOOLS WEEKEND 2018"
"S034875"|""|"Music Audition"|"Piano"|""|"N/A"|""|""|"Canon In D"|"Johann Pachelbel, Arranged by Marion Verhaalen"|1|"20180901142129"|"AA00080"|""|"MUSIC AUDITION-TOP SCHOOLS WEEKEND 2018"
"S035019"|""|"Music Audition"|"Cello"|""|"N/A"|""|"ABRSM Grade 8, Oct 2016 [111]"|"Cello Suite No. 1 in G Major, BWV 1007: I. Prelude"|"J. S. Bach"|1|"20180901173808"|"AA00080"|""|"MUSIC AUDITION-TOP SCHOOLS WEEKEND 2018"
"S037135"|""|"Music Audition"|"Piano"|""|"N/A"|""|""|"Samuel Goldenberg and Schmuÿle No. 6"|"Mussorgsky"|1|"20180901174746"|"AA00080"|""|"MUSIC AUDITION-TOP SCHOOLS WEEKEND 2018"
"S037135"|""|"Music Audition"|"Violin"|""|"N/A"|""|"ABRSM Grade 5, Apr 2015 [121]"|""|""|2|"20180901174907"|"AA00080"|""|"MUSIC AUDITION-TOP SCHOOLS WEEKEND 2018"
"S037134"|""|"Music Audition"|"Piano"|""|"N/A"|""|""|"Mussorgsky - Gnomus (Pictures at an Exhibition)"|"Mussorgsky"|1|"20180901175802"|"AA00080"|""|"MUSIC AUDITION-TOP SCHOOLS WEEKEND 2018"
"S037200"|""|"Music Audition"|"Cello"|""|"N/A"|""|"ABRSM Grade 6, Oct 2017 [121]"|"Tarantella Op. 23"|"W. H. Squire"|1|"20180904170922"|"AA00080"|"Po Leung Kuk Choi Kai Yau School Orchestra and Handbell Choir"|"MUSIC AUDITION-TOP SCHOOLS WEEKEND 2018"
"S037022"|""|"Music Audition"|"Flute"|""|"N/A"|""|"ABRSM Grade 7, Sep [109]"|"Hamburger Sonata in G Major Rondo"|"Carl Philipp Emanuel Bach"|1|"20180905121514"|"AA00061"|"Po Leung Kuk Choi Kai Yau School Orchestra"|"MUSIC AUDITION-TOP SCHOOLS WEEKEND 2018"
"S037022"|""|"Music Audition"|"Flute"|""|"N/A"|""|"ABRSM Grade 5, Aug 2016 [117]"|"Koehler Op.33, Book 2, No.8"|"Ernesto Köhler"|1|"20180905121535"|"AA00061"|""|"MUSIC AUDITION-TOP SCHOOLS WEEKEND 2018"
"S037022"|""|"Music Audition"|"Piano"|""|"N/A"|""|"ABRSM Grade 8, Nov 2016 [103]"|"Sonata in B Minor Kp.27, L.449"|"Domenic Scarlatti"|2|"20180905121556"|"AA00061"|""|"MUSIC AUDITION-TOP SCHOOLS WEEKEND 2018"
"S036349"|""|"Music Audition"|"Vocal"|""|"N/A"|""|"ABRSM Grade 8, Oct 2013 [133]"|"Bester Jungling"|"Wolfgang Mozart"|1|"20180905123432"|"AA00061"|"Hong Kong Children's Choir"|"MUSIC AUDITION-TOP SCHOOLS WEEKEND 2018"
"S036179"|""|"Music Audition"|"Clarinet"|""|"N/A"|""|"ABRSM Grade 8, Sep 2015 [130]"|"Sonate Op.120, No.2"|"Johannes Brahms"|1|"20180905130132"|"AA00061"|""|"MUSIC AUDITION-TOP SCHOOLS WEEKEND 2018"
"S036731"|""|"Music Audition"|"Violin"|""|"N/A"|""|"ABRSM Grade 8, Oct 2017 [109]"|"Sonata in Bb, KV 454, No. 3"|"Wolfgang Amadeus Mozart"|1|"20180905131243"|"AA00061"|"Harrow International School Hong Kong, Upper School Orchestra
Head of Viola (2017-2018)
Hong Kong Academy for Performing Arts, Yip's Children's Choir, Hong Kong Children's Symphony Orchestra"|"MUSIC AUDITION-TOP SCHOOLS WEEKEND 2018"
"S034875"|""|"Music Audition"|"Piano"|""|"N/A"|""|"ABRSM Grade 5, Apr 2017 [114]"|"Sonata in E minor, Hob. XVI:34, First Movement, Presto"|"Joseph Haydn"|1|"20180905144620"|"AA00061"|"Henry achieved ABRSM Music Theory Grade 5, Oct 2017 [87]"|"MUSIC AUDITION-TOP SCHOOLS WEEKEND 2018"
"S031564"|""|"Music Audition"|"Piano"|""|"N/A"|""|"ABRSM Grade 6, Aug 2013 [103]"|"Ballade No. 1 in G Minor, Op. 23"|"F. Chopin"|1|"20180905163452"|"AA00061"|""|"MUSIC AUDITION-TOP SCHOOLS WEEKEND 2018"
"S031564"|""|"Music Audition"|"Trumpet"|""|"N/A"|""|"ABRSM Grade 6, Nov 2017 [130]"|"Tico Tico for Trumpet & Piano"|"Zequinha he Abreu"|2|"20180905163505"|"AA00061"|""|"MUSIC AUDITION-TOP SCHOOLS WEEKEND 2018"
"S031564"|""|"Music Audition"|"Piano"|""|"N/A"|""|"ABRSM Grade 8, Oct 2015 [136]"|"Prelude & Fugue No. 6 in D Minor, BWV 851"|"J. S. Bach"|1|"20180905163525"|"AA00061"|""|"MUSIC AUDITION-TOP SCHOOLS WEEKEND 2018"
"S034798"|""|"Music Audition"|"Piano"|""|"N/A"|""|"ABRSM Grade 8, Sep 2015 [122]"|"Sonata in C Minor Op.13 'Pathetique' 3rd movement"|"Beethoven"|1|"20180905163744"|"AA00061"|"Opera Hong Kong Children's Chorus (2010-2018)"|"MUSIC AUDITION-TOP SCHOOLS WEEKEND 2018"
"S034798"|""|"Music Audition"|"Piano"|""|"N/A"|""|"ABRSM Grade 5, Apr 2014 [130]"|"Rhapsody in G minor Op.79 No.2"|"Brahms"|1|"20180905163806"|"AA00061"|""|"MUSIC AUDITION-TOP SCHOOLS WEEKEND 2018"
"S034798"|""|"Music Audition"|"Violin"|""|"N/A"|""|"ABRSM Grade 8, May 2017 [123]"|"Sonata in F Op.24 'Spring' 1st movement"|"Beethoven"|2|"20180905163818"|"AA00061"|""|"MUSIC AUDITION-TOP SCHOOLS WEEKEND 2018"
"S035273"|""|"Music Audition"|"Cello"|""|"N/A"|""|"ABRSM Grade 5, Apr 2015 [116]"|"Robots’ March"|"Gordon Jacob"|2|"20180905164821"|"AA00061"|""|"MUSIC AUDITION-TOP SCHOOLS WEEKEND 2018"
"S037287"|""|"Music Audition"|"Cello"|""|"N/A"|""|"TRINITY ATCL, Nov 2016 [82]"|"Cello Concerto No. 1 in C Major 3rd Movement"|"Joseph Haydn"|1|"20180905165444"|"AA00061"|""|"MUSIC AUDITION-TOP SCHOOLS WEEKEND 2018"
"S037158"|""|"Music Audition"|"Clarinet"|""|"N/A"|""|"TRINITY ATCL, May 2018 [77]"|"Gade 4 Fantasiestücke Opus 43"|"Niels Wilhelm Gade"|1|"20180905170235"|"AA00061"|"Metropolitan Youth Orchestra of Hong Kong"|"MUSIC AUDITION-TOP SCHOOLS WEEKEND 2018"
"S037158"|""|"Music Audition"|"Clarinet"|""|"N/A"|""|"ABRSM Grade 8, Oct 2014 [117]"|"Finzi Five Bagatelles Op. 23 1st, 2nd and 5th Movements"|"Gerald Raphael Finzi"|1|"20180905170242"|"AA00061"|""|"MUSIC AUDITION-TOP SCHOOLS WEEKEND 2018"
"S037402"|""|"Music Audition"|"Violin"|""|"N/A"|""|"ABRSM Grade 8, Jul 2017 [135]"|"1st Movement from Concerto in A Minor, BWV 1041"|"J.S. Bach"|1|"20180905170642"|"AA00061"|"Macau Youth Symphony Orchestra
ABRSM High Scorer Grade 8 Violin (Macau)"|"MUSIC AUDITION-TOP SCHOOLS WEEKEND 2018"
"S037402"|""|"Music Audition"|"Violin"|""|"N/A"|""|"ABRSM Grade 7, Jul 2015 [126]"|"Allegro: 1st Movement from Sonata in F, 'Spring', Op. 24. No. 5"|"Beethoven"|1|"20180905170751"|"AA00061"|""|"MUSIC AUDITION-TOP SCHOOLS WEEKEND 2018"
"S037446"|""|"Music Audition"|"Flute"|""|"N/A"|""|"ABRSM Grade 8, May 2017 [126]"|"With a hint of lime"|"Paul Harris"|1|"20180905171106"|"AA00061"|"Diocesan Boys' School Primary Division:

Wind and Brass Ensemble 1st Flute
Senior School Orchestra 1st Flute, 1st Piccolo
Treble Choir Main"|"MUSIC AUDITION-TOP SCHOOLS WEEKEND 2018"
"S037446"|""|"Music Audition"|"Flute"|""|"N/A"|""|"ABRSM Grade 6, May 2016 [130]"|"Sonata No.6 BWV 1035 1st Movement"|"Johanns Sebastin Bach"|1|"20180905171119"|"AA00061"|""|"MUSIC AUDITION-TOP SCHOOLS WEEKEND 2018"
"S036567"|""|"Music Audition"|"Flute"|""|"N/A"|""|"ABRSM Grade 8,  Apr 2018 [137]"|"Sonnta No. 277 in D, 2nd Movement"|"Quantz"|1|"20180905174840"|"AA00061"|"Ying Wa College Band from Sep 2018
Ying Wa Primary School Symphonic Band from 2015-2018
Distinction Award of the Super Junior Category in the 9th Singapore Flute Competition"|"MUSIC AUDITION-TOP SCHOOLS WEEKEND 2018"
"S036567"|""|"Music Audition"|"Flute"|""|"N/A"|""|"ABRSM Grade 5, May 2017 [130]"|"Sonata for Flute, 1st Movement"|"Poulenc"|1|"20180905174854"|"AA00061"|""|"MUSIC AUDITION-TOP SCHOOLS WEEKEND 2018"
"S034306"|""|"Music Audition"|"Cello"|""|"N/A"|""|"ABRSM Grade 5, May 2017 [110]"|"La Cumparsita"|"Gerardo Matos Rodriguez"|1|"20180905175353"|"AA00080"|""|"MUSIC AUDITION-TOP SCHOOLS WEEKEND 2018"
"S034306"|""|"Music Audition"|"Cello"|""|"N/A"|""|""|"Gavotte"|"J. B. Lully"|1|"20180905175414"|"AA00080"|""|"MUSIC AUDITION-TOP SCHOOLS WEEKEND 2018"
"S034345"|""|"Music Audition"|"Percussion"|""|"N/A"|""|"ABRSM Grade 5, May 2015 [110]"|"Sicilienne"|"Gabriel Faure"|1|"20180905180050"|"AA00080"|""|"MUSIC AUDITION-TOP SCHOOLS WEEKEND 2018"
"S037194"|""|"Music Audition"|"Violin"|""|"N/A"|""|"ABRSM Grade 8, May 2017 [130]"|"Concerto No.2 in E Major, BWV 1042"|"J S Bach"|1|"20180905180050"|"AA00061"|"Yip's Children's Choir"|"MUSIC AUDITION-TOP SCHOOLS WEEKEND 2018"
"S037194"|""|"Music Audition"|"Piano"|""|"N/A"|""|"ABRSM Grade 8, Sep 2017 [142]"|"Gigue: 7th Movement from French Suite No.5 in G, BWV 816"|"J S Bach"|2|"20180905180107"|"AA00061"|""|"MUSIC AUDITION-TOP SCHOOLS WEEKEND 2018"
"S037135"|""|"Music Audition"|"Piano"|""|"N/A"|""|"ABRSM Grade 8, Oct 2016 [122]"|"Praeludium 5 BMV 874/1"|"J.S. Bach"|1|"20180905181651"|"AA00061"|"Chinese International School:

Symphony
Chinese Music Ensemble and Vantage Music Academy"|"MUSIC AUDITION-TOP SCHOOLS WEEKEND 2018"
"S037135"|""|"Music Audition"|"Violin"|""|"N/A"|""|"ABRSM Grade 8, Oct 2017 [134]"|"Allegro Moderato 1st Movement from Concerto in G, Hob. Vlla/4"|"Joseph Haydn"|2|"20180905181732"|"AA00061"|""|"MUSIC AUDITION-TOP SCHOOLS WEEKEND 2018"
"S037134"|""|"Music Audition"|"Piano"|""|"N/A"|""|"ABRSM Grade 8, Oct 2016 [131]"|"Sonata No. 9 in D Major, K. 311 / 284c 1st Movement"|"Mozart"|1|"20180905182106"|"AA00061"|"Chinese International School - Symphony and Vantage Music Academy"|"MUSIC AUDITION-TOP SCHOOLS WEEKEND 2018"
"S037134"|""|"Music Audition"|"Violin"|""|"N/A"|""|"ABRSM Grade 8, Nov 2017 [130]"|"Obertass No.1 from Two Mazurkas, Op.19"|"Henryk Wieniawski"|2|"20180905182119"|"AA00061"|""|"MUSIC AUDITION-TOP SCHOOLS WEEKEND 2018"
"S036567"|""|"Music Audition"|"Piccolo"|""|"N/A"|""|"Hayden didn't sit Piccolo exam"|"Study in D minor"|"E. Kohler"|2|"20180905182619"|"AA00061"|""|"MUSIC AUDITION-TOP SCHOOLS WEEKEND 2018"
"S033326"|""|"Music Audition"|"Violin"|""|"N/A"|""|"ABRSM Grade 3, Oct 2014 [130]"|"Gigue from Partita III in E Major"|"J S Bach"|1|"20180908101235"|"AA00080"|""|"MUSIC AUDITION-TOP SCHOOLS WEEKEND 2018"
"S033326"|""|"Music Audition"|"Violin"|""|"N/A"|""|"ABRSM Grade 5, May 2016 [122]"|"Allegro No 4 from Southland Sketches"|"H T Burleigh"|1|"20180908125153"|"AA00061"|"Harrow School Orchestra, previously, Metropolitan Youth Orchestra"|"MUSIC AUDITION-TOP SCHOOLS WEEKEND 2018"
"S037287"|""|"Music Audition"|"Cello"|""|"N/A"|""|"ABRSM Grade 8, Oct 2015 [130]"|"Variations on a Rococo Theme in A Major Op.33 Theme,Variations 1-2, Cadenze,Variations 6-7"|"Pyotr Ilyich Tchaikovsky"|1|"20180913101400"|"AA00061"|""|"MUSIC AUDITION-TOP SCHOOLS WEEKEND 2018"
"S034306"|""|"Music Audition"|"Singing"|""|"N/A"|""|"Alastair didn't sit singing exam"|"The Path To The Moon"|"Eric H. Thiman"|2|"20180913130345"|"AA00061"|""|"MUSIC AUDITION-TOP SCHOOLS WEEKEND 2018"
"S034875"|""|"Music Audition"|"Cello"|""|"N/A"|""|"ABRSM Grade 3, Apr 2018 [134]"|"Gavotte"|"Georg Philipp Telemann"|2|"20180913145358"|"AA00061"|""|"MUSIC AUDITION-TOP SCHOOLS WEEKEND 2018"
"S036083"|""|"Music Audition"|"Cello"|""|"N/A"|""|"TRINITY ATCL, Nov 2014 [70]"|"Cello Suite No.3 Bourree"|"Bach"|1|"20180913161447"|"AA00061"|""|"MUSIC AUDITION-TOP SCHOOLS WEEKEND 2018"
"S036083"|""|"Music Audition"|"Cello"|""|"N/A"|""|"ABRSM Grade 8, Sep 2012 [110]"|"Cello Concerto in D Minor, 1st Movement"|"Edouard Lalo"|1|"20180913161510"|"AA00061"|""|"MUSIC AUDITION-TOP SCHOOLS WEEKEND 2018"
"S035143"|""|"Music Audition"|"Xylophone (Percussion)"|""|"N/A"|""|"ABRSM Grade 8, May 2018 [120]"|"Alla Turca from Sonata in A, K.331"|"Mozart"|1|"20180914122130"|"AA00075"|"St. Paul’s Co-educational College Primary School Percussion Team
Jerry also achieved Piano Grade 5 (Pass) in Sep 2016, Grade 5 Music Theory (Merit) in Jan 2016"|"MUSIC AUDITION-TOP SCHOOLS WEEKEND 2018"
"S037446"|""|"Music Audition"|"Piano"|""|"N/A"|""|"ABRSM Grade 7, Sep 2016 [102]"|"Rondo 3rd movement from Sonata in E, Op.14, No.1"|"Ludwig Van Beethoven"|2|"20180914145135"|"AA00075"|""|"MUSIC AUDITION-TOP SCHOOLS WEEKEND 2018"
"S035273"|""|"Music Audition"|"Piano"|""|"N/A"|""|"ABRSM Grade 6, Sep 2018 [Awaiting Result]"|"Masquerade"|"Karen Tanaka"|1|"20180914153919"|"AA00061"|""|"MUSIC AUDITION-TOP SCHOOLS WEEKEND 2018"
"S036632"|""|"Music Audition"|"Piano"|""|"N/A"|""|"TRINITY ATCL, 5 May 2016 [71]"|"Rhapsody Op. 11, No. 3"|"Dohnanyi"|1|"20180914160719"|"AA00061"|""|"MUSIC AUDITION-TOP SCHOOLS WEEKEND 2018"
"S036277"|""|"Music Audition"|"Violin"|""|"N/A"|""|"ABRSM Grade 8, Sep 2015 [120]"|"Concerto No.2 in E Major, Allegro Assai"|"Johann Sebastian Bach"|1|"20180914161957"|"AA00061"|""|"MUSIC AUDITION-TOP SCHOOLS WEEKEND 2018"
"S036277"|""|"Music Audition"|"Viola"|""|"N/A"|""|"ABRSM Grade 8, Aug 2016 [120]"|"Christmas Dance Group 1, No.3"|"R. Vaughan Williams"|2|"20180914162821"|"AA00061"|""|"MUSIC AUDITION-TOP SCHOOLS WEEKEND 2018"
"S035019"|""|"Music Audition"|"Cello"|""|"N/A"|""|"ABRSM Grade 5, Sep 2012 [121]"|"Tarantelle Op. 24"|"Daniel van Goens"|1|"20180915104839"|"AA00080"|""|"MUSIC AUDITION-TOP SCHOOLS WEEKEND 2018"
"S035915"|""|"Music Audition"|"Piano"|""|"N/A"|""|"ABRSM Grade 8, Aug 2018 [Awaiting Result]"|"Set 1, E Major: Sonata K.162; L.121"|"Giuseppe Domenico Scarlatti"|1|"20180915170718"|"AA00061"|"Diocesan Boys' School - Senior School Orchestra, Wind & Brass Ensemble, 
Brass Ensemble"|"MUSIC AUDITION-TOP SCHOOLS WEEKEND 2018"
"S037128"|""|"Music Audition"|"Violin"|""|"N/A"|""|"ABRSM Violin Grade 5, Oct 2016 [120]"|"Allegro Moderato in G. Hob. Vlla/4"|"Joseph Haydn"|1|"20180917132414"|"AA00061"|""|"MUSIC AUDITION-TOP SCHOOLS WEEKEND 2018"
"S037128"|""|"Music Audition"|"Violin"|""|"N/A"|""|""|"Jasmine Flower & Cai YUN Chasing the Moon Combined"|"Chinese Folk Song"|1|"20180917132510"|"AA00061"|""|"MUSIC AUDITION-TOP SCHOOLS WEEKEND 2018"
"S037128"|""|"Music Audition"|"Singing"|""|"N/A"|""|"Clement didn't sit any singing exam"|"You Raise Me Up"|"Rolf Lovland"|2|"20180917132737"|"AA00061"|""|"MUSIC AUDITION-TOP SCHOOLS WEEKEND 2018"
"S037357"|""|"Music Audition"|"Double Bass"|""|"N/A"|""|""|"Sonata in G Minor, 1st and 2nd Movement"|"Henry Eccles"|1|"20180917133941"|"AA00061"|""|"MUSIC AUDITION-TOP SCHOOLS WEEKEND 2018"
"S036106"|""|"Music Audition"|"Singing"|""|"N/A"|""|""|"O for the Wings of aDdove: from Hear My Prayer"|"Mendelssohn"|1|"20180917135321"|"AA00061"|""|"MUSIC AUDITION-TOP SCHOOLS WEEKEND 2018"
"S036106"|""|"Music Audition"|"Violin"|""|"N/A"|""|"ABRSM Grade 5,  Aug 2015 [112]"|"For Latin Lovers"|"Brian Chapple"|2|"20180917135416"|"AA00061"|""|"MUSIC AUDITION-TOP SCHOOLS WEEKEND 2018"
"S036106"|""|"Music Audition"|"Singing"|""|"N/A"|""|"ABRSM Grade 8, May 2018 [117]"|"Du bist die Ruh, Op.59 No.3, D.776 (Ger)"|"Schubert"|1|"20180917135534"|"AA00061"|"Music Office Children's Choir, Leisure and Cultural Services Department
(Hong Kong Government)"|"MUSIC AUDITION-TOP SCHOOLS WEEKEND 2018"
"S036656"|""|"Music Audition"|"French Horn"|""|"N/A"|""|""|"Giuseppe Concone: Studies for Horn in F (No. 18)"|"Concone"|1|"20180917140110"|"AA00061"|""|"MUSIC AUDITION-TOP SCHOOLS WEEKEND 2018"
"S036656"|""|"Music Audition"|"Piano"|""|"N/A"|""|"ABRSM Grade 5, Sep 2016 [107]"|"Gaiamente, No. 3 from 12 Esquisses, Op. 47"|"R.M. Glier"|2|"20180917140402"|"AA00061"|""|"MUSIC AUDITION-TOP SCHOOLS WEEKEND 2018"
"S036863"|""|"Music Audition"|"Percussion (Marimba & Snare Drum)"|""|"N/A"|""|"ABRSM Grade 6, May 2017 [124]"|"Study No. 8"|"Kevin Hathway"|1|"20180917140807"|"AA00061"|""|"MUSIC AUDITION-TOP SCHOOLS WEEKEND 2018"
"S036863"|""|"Music Audition"|"Piano"|""|"N/A"|""|"ABRSM Grade 4, Oct 2017 [130]"|"Masquerade"|"Karen Tanaka"|2|"20180917140944"|"AA00061"|""|"MUSIC AUDITION-TOP SCHOOLS WEEKEND 2018"
"S036863"|""|"Music Audition"|"Percussion (Marimba & Snare Drum)"|""|"N/A"|""|"ABRSM Grade 8, May 2018 [128]"|"Bizet Danse Boheme from Carmen"|"Bizet"|1|"20180917141018"|"AA00061"|"School Senior Percussion Band
Rupert is preparing Grade 6 Piano Exam"|"MUSIC AUDITION-TOP SCHOOLS WEEKEND 2018"
"S037306"|""|"Music Audition"|"Piano"|""|"N/A"|""|"ABRSM Grade 8, Sep 2016 [134]"|"Prelude and Fugue, No.9 in E, BWV 878"|"J. S. Bach"|1|"20180917142320"|"AA00061"|"Hong Kong Professional Piano Academy"|"MUSIC AUDITION-TOP SCHOOLS WEEKEND 2018"
"S037306"|""|"Music Audition"|"Piano"|""|"N/A"|""|"ABRSM Grade 6, Sep 2015 [134]"|"Nocturne, Op. 9, No. 1"|"Chopin"|1|"20180917142444"|"AA00061"|""|"MUSIC AUDITION-TOP SCHOOLS WEEKEND 2018"
"S032387"|""|"Music Audition"|"Flute"|""|"N/A"|""|"ABRSM Grade 8, Nov 2017 [Pass] (missing mark sheet)"|"Concerto in D Major, K314, 2nd Movement"|"Mozart"|1|"20180917145944"|"AA00061"|"Yip's Children Choir
Champion of School Choir Competition"|"MUSIC AUDITION-TOP SCHOOLS WEEKEND 2018"
"S032387"|""|"Music Audition"|"Piano"|""|"N/A"|""|"ABRSM Grade 5, Nov 2013 [Pass] (missing mark sheet)"|"Sonata in E, Kp162, L21, Andante"|"Scarlatti"|2|"20180917150050"|"AA00061"|""|"MUSIC AUDITION-TOP SCHOOLS WEEKEND 2018"
"S036632"|""|"Music Audition"|"Piano"|""|"N/A"|""|"ABRSM ARSM,  Apr 2017 [45]"|"Sonata in D Major, K.576, 1st Movement"|"Mozart"|1|"20180917152951"|"AA00061"|"TRINITY LTCL, Piano, 30 Aug 2018 [Awaiting Result]"|"MUSIC AUDITION-TOP SCHOOLS WEEKEND 2018"
"S036527"|""|"Music Audition"|"Percussion (Marimba)"|""|"N/A"|""|""|"Black and White Rag"|"George Botsford"|1|"20180917161255"|"AA00061"|""|"MUSIC AUDITION-TOP SCHOOLS WEEKEND 2018"
"S034345"|""|"Music Audition"|"Percussion"|""|"N/A"|""|"ABRSM Grade 8, Aug 2018 [Awaiting Result]"|"Alla Turca, from Sonata in A, K. 331"|"Wolfgang Amadeus Mozart"|1|"20180917162836"|"AA00061"|"St. Paul Co-educational College School Choir"|"MUSIC AUDITION-TOP SCHOOLS WEEKEND 2018"
"S035273"|""|"Music Audition"|"PIano"|""|"N/A"|""|"ABRSM Grade 4, Aug 2015 [120]"|"Valse Lente Op.33"|"Oskar Merikanto"|1|"20180918153245"|"AA00061"|""|"MUSIC AUDITION-TOP SCHOOLS WEEKEND 2018"
"S035915"|""|"Music Audition"|"Piano"|""|"N/A"|""|"ABRSM Grade 5, Aug 2016 [132]"|"Selling Sundry Goods"|"Peixun Chen"|1|"20180918154506"|"AA00061"|""|"MUSIC AUDITION-TOP SCHOOLS WEEKEND 2018"
"S036801"|""|"Music Audition"|"Violin"|""|"N/A"|""|"ABRSM Grade 8, May 2018 [130]"|"Sonata in D, Op.12, No. 1, 1st movement"|"Beethoven"|1|"20180918155006"|"AA00061"|"Takako Nishizaki Violin Studio"|"MUSIC AUDITION-TOP SCHOOLS WEEKEND 2018"
"S036801"|""|"Music Audition"|"Violin"|""|"N/A"|""|"ABRSM Grade 6, May 2017 [133]"|"4 Romantic pieces, Op 75, 1st Movement"|"Dvorak"|1|"20180918155021"|"AA00061"|""|"MUSIC AUDITION-TOP SCHOOLS WEEKEND 2018"
"S037357"|""|"Music Audition"|"Double bass"|""|"N/A"|""|"ABRSM Grade 8, Oct 2016 [126]"|"Après Un Rêve"|"Gabriel Fauré"|1|"20180918164641"|"AA00061"|""|"MUSIC AUDITION-TOP SCHOOLS WEEKEND 2018"
"S036179"|""|"Music Audition"|"Clarinet"|""|"N/A"|""|"TRINITY ATCL, Oct 2016 [70]"|"Concerto No.3 in Bb Major for Clarinet and Piano"|"Carl Stamitz"|1|"20180918164821"|"AA00061"|"Hong Kong Academy for Performing Arts
Chloe is currently playing in 3 music groups which include Diocesan Girls' School Symphony Orchestra, Concert Band and Instrumental Ensemble. In the coming year, she will be serving as the concertmistress and vice-chairlady of Diocesan Girls' School Concert Band as well as the principal of the clarinet section in her school's Symphony Orchestra."|"MUSIC AUDITION-TOP SCHOOLS WEEKEND 2018"
"S036631"|""|"Music Audition"|"Flute"|""|"N/A"|""|"ABRSM Grade 4, Sep 2014 [131]"|"No 76 from More Graded Studies for Flute, Book 2"|"E Kohler"|1|"20180918180354"|"AA00080"|""|"MUSIC AUDITION-TOP SCHOOLS WEEKEND 2018"
"S036469"|""|"Music Audition"|"Violin"|""|"N/A"|""|""|"Adoration"|"Felix Borowski"|1|"20180918181138"|"AA00080"|""|"MUSIC AUDITION-TOP SCHOOLS WEEKEND 2018"
"S035114"|""|"Music Audition"|"Flute"|""|"N/A"|""|"ABRSM Grade 8, May 2018 [110]"|"Allegro: 3rd movement from Sonata in A minor for Solo Flute, Wq.132"|"C.P.E. Bach"|1|"20180918181527"|"AA00080"|"The Independent Schools Foundation Orchestra"|"MUSIC AUDITION-TOP SCHOOLS WEEKEND 2018"
"S035114"|""|"Music Audition"|"Piano"|""|"N/A"|""|"ABRSM Grade 5,  May 2015 [120]"|"Intermezzo in A minor"|"Johannes Brahms"|2|"20180918181640"|"AA00080"|""|"MUSIC AUDITION-TOP SCHOOLS WEEKEND 2018"
"S036656"|""|"Music Audition"|"French Horn"|""|"N/A"|""|"ABRSM Grade 5, Aug 2017 [114]"|"Horn Concerto No. 3, K.447, 2nd Movement"|"Mozart"|1|"20180918181904"|"AA00061"|"Musical Compositions for School ""Primary 6 Drama"" (Musical) Graduation Performance
Reference Letter by Horn Teacher."|"MUSIC AUDITION-TOP SCHOOLS WEEKEND 2018"
"S036631"|""|"Music Audition"|"Piano"|""|"N/A"|""|"ABRSM Grade 6, Nov 2017 [130]"|"Invention in A Minor"|"J.S. Bach"|2|"20180918185432"|"AA00061"|""|"MUSIC AUDITION-TOP SCHOOLS WEEKEND 2018"
"S036631"|""|"Music Audition"|"Flute"|""|"N/A"|""|"ABRSM Grade 6,  Apr 2017 [122]"|"Arioso No.277 in D"|"Quantz"|1|"20180918185516"|"AA00061"|"Yip's Children Choir"|"MUSIC AUDITION-TOP SCHOOLS WEEKEND 2018"
"S036469"|""|"Music Audition"|"Vocal"|""|"N/A"|""|"ABRSM Grade 5, Sep 2018 [Awaiting Result]"|"Fall Leaves Fall"|"Christopher Field"|2|"20180918185848"|"AA00061"|""|"MUSIC AUDITION-TOP SCHOOLS WEEKEND 2018"
"S036631"|""|"Music Audition"|"Piano"|""|"N/A"|""|"ABRSM Grade 5, Apr 2014 [126]"|""|""|2|"20180918210456"|"AA00061"|""|"MUSIC AUDITION-TOP SCHOOLS WEEKEND 2018"
"S032387"|""|"Music Audition"|"Flute"|""|"N/A"|""|"ABRSM Grade 6, May 2017 [115]"|"Sonata No. 20, Op.94 - III, Andante"|"Prokofieff"|1|"20180918220904"|"AA00061"|""|"MUSIC AUDITION-TOP SCHOOLS WEEKEND 2018"
"S036527"|""|"Music Audition"|"Percussion (Marimba)"|""|"N/A"|""|"ABRSM Grade 8, May 2017 [109]"|"Danse Boheme from Carmen, Act 2"|"Bizet"|1|"20180920104005"|"AA00061"|""|"MUSIC AUDITION-TOP SCHOOLS WEEKEND 2018"
"S036527"|""|"Music Audition"|"Percussion (Drum)"|""|"N/A"|""|"ABRSM Grade 8, May 2017 [109]"|"Study No. 8"|"Anonymous"|2|"20180920104026"|"AA00061"|""|"MUSIC AUDITION-TOP SCHOOLS WEEKEND 2018"
"S036469"|""|"Music Audition"|"Singing"|""|"N/A"|""|"ABRSM Grade 3, Nov 2017 [127]"|""|""|2|"20180920104513"|"AA00061"|""|"MUSIC AUDITION-TOP SCHOOLS WEEKEND 2018"
"S036469"|""|"Music Audition"|"Violin"|""|"N/A"|""|"ABRSM Grade 8, Apr 2017 [108]"|"Violin Concerto No.3 in G, K216"|"Mozart"|1|"20180920105738"|"AA00061"|"- Yip's Children Choir, Diocesan Boys’ School Primary Division String Orchestra, Senior Orchestra and Treble Choir, Hong Kong Schools Music And Speech Assocation Joint School Choir, Young Vocalists
- Lincoln plays violin and viola.  He is also learning violin performance from Ms Chao Beedarn, who graduated from The Juilliard School, USA, at Yip’s Children and Performing Arts Centre, but recently he has been focusing on violin so he put it in the audition."|"MUSIC AUDITION-TOP SCHOOLS WEEKEND 2018"
"S037205"|""|"Music Audition"|"Piano"|""|"N/A"|""|"ABRSM Grade 7, Sep 2016 [122]"|"Presto First Movement from Sonata in E minor, Hob. XVI:34"|"Joseph Haydn"|2|"20180920110008"|"AA00080"|""|"MUSIC AUDITION-TOP SCHOOLS WEEKEND 2018"
"S037205"|""|"Music Audition"|"Piano"|""|"N/A"|""|"ABRSM Grade 5, Apr 2014 [122]"|""|""|2|"20180920110038"|"AA00080"|""|"MUSIC AUDITION-TOP SCHOOLS WEEKEND 2018"
"S037205"|""|"Music Audition"|"Violin"|""|"N/A"|""|"ABRSM Grade 8, Sep 2016 [114]"|"Allegretto Grazioso Third Movement from Sonata in A, Op. 100"|"Johannes Brahms"|1|"20180920110901"|"AA00080"|"Choir of Good Hope School (from Sep 2018)"|"MUSIC AUDITION-TOP SCHOOLS WEEKEND 2018"
"S037205"|""|"Music Audition"|"Violin"|""|"N/A"|""|"ABRSM Grade 5, Apr 2013 [128]"|"Concerto KV 216"|"Wolfgang Amadeus Mozart"|1|"20180920110954"|"AA00080"|""|"MUSIC AUDITION-TOP SCHOOLS WEEKEND 2018"
"S036277"|""|"Music Audition"|"Violin"|""|"N/A"|""|"TRINITY ATCL, May 2018 [63]"|"Four Romantic Pieces for Violin and Piano, Allegro Moderato"|"Antonin Dvorak"|1|"20180920111131"|"AA00061"|"Yip's Children's Choir
Metropolitan Youth Orchestra of HK (MYO) – Senior Orchestra
Music Office Leisure and Cultural Services Departmentt - Hong Kong Youth Strings"|"MUSIC AUDITION-TOP SCHOOLS WEEKEND 2018"
"S037427"|""|"Music Audition"|"Piano"|""|"N/A"|""|"ABRSM Grade 6, Nov 2015 [126]"|"Jazzy, No.3 from Three Moods"|"Aaron Copland"|1|"20180920112738"|"AA00061"|""|"MUSIC AUDITION-TOP SCHOOLS WEEKEND 2018"
"S037427"|""|"Music Audition"|"Piano"|""|"N/A"|""|"ABRSM Grade 8, Oct 2017 [117]"|"Presto, 1st Movement from Sonata in E Minor, Hob. XVI:34"|"Joseph Haydn"|1|"20180920112754"|"AA00061"|""|"MUSIC AUDITION-TOP SCHOOLS WEEKEND 2018"
"S037427"|""|"Music Audition"|"Vocals"|""|"N/A"|""|"Exam not yet taken. Equivalent grade: Grade 5"|"On My Own, from the musical Les Misérables"|"Claude-Michel Schönberg"|2|"20180920112844"|"AA00061"|""|"MUSIC AUDITION-TOP SCHOOLS WEEKEND 2018"
"S037289"|""|"Music Audition"|"Violin"|""|"N/A"|""|"ABRSM Grade 5, Oct 2016 [120]"|"Allegro Moderato First Movement from Concerto in G, Hob. VIIa/4"|"Joseph Haydn"|2|"20180920121959"|"AA00061"|""|"MUSIC AUDITION-TOP SCHOOLS WEEKEND 2018"
"S037289"|""|"Music Audition"|"Violin"|""|"N/A"|""|"ABRSM Grade 3, Oct 2014 [118]"|""|""|2|"20180921102027"|"AA00075"|""|"MUSIC AUDITION-TOP SCHOOLS WEEKEND 2018"
"S035114"|""|"Music Audition"|"Flute"|""|"N/A"|""|"ABRSM Grade 6, Oct 2016 [118 Missing mark sheet]"|"Allegretto malincolico 1st movement from Sonata for flute"|"Francis Poulenc"|1|"20180921112126"|"AA00075"|""|"MUSIC AUDITION-TOP SCHOOLS WEEKEND 2018"
"S037153"|""|"Music Audition"|"Oboe"|""|"N/A"|""|""|"Romanze: No.1 from the two fantasy pieces, op.2"|"Nielsen"|1|"20180922181938"|"30012"|""|"MUSIC AUDITION-TOP SCHOOLS WEEKEND 2018"
"S037153"|""|"Music Audition"|"Oboe"|""|"N/A"|""|"ABRSM Grade 6 September 2017 [133]"|"Oboe Sonata op.166 2nd Movement in D Major"|"Saint Saëns"|1|"20180922182225"|"30012"|"School Orchestra and Symphonic Band"|"MUSIC AUDITION-TOP SCHOOLS WEEKEND 2018"
"S037153"|""|"Music Audition"|"Piano"|""|"N/A"|""|"ABRSM Grade 6 April 2017 [123]"|"Intermezzo in A minor"|"Johannes Brahms"|2|"20180922182613"|"30012"|""|"MUSIC AUDITION-TOP SCHOOLS WEEKEND 2018"
"S034698"|""|"Music Audition"|"Piano"|""|"N/A"|""|"ABRSM Grade 8 October 2016 [111]"|"Brahms Intermezzo, Op 118, No. 2 in A major"|"Johannes Brahms"|1|"20180923112717"|"30012"|""|"MUSIC AUDITION-TOP SCHOOLS WEEKEND 2018"
"S034698"|""|"Music Audition"|"Piano"|""|"N/A"|""|"ABRSM Grade 7 November 2014 [107]"|"Mozart Rondo Alla Turca from Sonata No. 11, K. 331"|"Wolfgang Amadeus Mozart"|1|"20180923112717"|"30012"|""|"MUSIC AUDITION-TOP SCHOOLS WEEKEND 2018"
"S037174"|""|"Music Audition"|"Horn"|""|"N/A"|""|"ABRSM Grade 5 September 2017 [122]"|"Alla Caccia"|"Alan Abbott"|1|"20180923141816"|"30012"|""|"MUSIC AUDITION-TOP SCHOOLS WEEKEND 2018"
"S037174"|""|"Music Audition"|"Horn"|""|"N/A"|""|"ABRSM Grade 3 May 2016 [137]"|"Mozart Horn Concerto No.2 Movement 3 in E Flat"|"Mozart"|1|"20180923141816"|"30012"|""|"MUSIC AUDITION-TOP SCHOOLS WEEKEND 2018"
"S036593"|""|"Music Audition"|"Piano"|""|"N/A"|""|"ABRSM Grade 7 October 2017 [125 Marks]"|"Presto: First movement from Sonata in E minor, Hob XVI:34"|"Joseph Haydn"|1|"20180924090904"|"30012"|""|"MUSIC AUDITION-TOP SCHOOLS WEEKEND 2018"
"S036593"|""|"Music Audition"|"Piano"|""|"N/A"|""|"ABRSM Grade 5 October 2015 [120 Marks]"|"Selling Sundry Goods: No.1 from Four Piano Pieces based on Cantonese Melodies, Op. 5"|"Peixun Chen"|1|"20180924090904"|"30012"|""|"MUSIC AUDITION-TOP SCHOOLS WEEKEND 2018"
"S036593"|""|"Music Audition"|"Violin"|""|"N/A"|""|"No grades taken yet but equivalent to Grade 4 standard"|"Concerto No. 5, 1st Movement"|"Friedrich Seitz"|2|"20180924091054"|"30012"|"Participation in Nord Anglia International School Hong Kong school ensembles and orchestras regularly on the violin"|"MUSIC AUDITION-TOP SCHOOLS WEEKEND 2018"
"S037803"|""|"Music Audition"|"Cello"|""|"N/A"|""|"ABRSM Grade 7; Sep 2016 [117]"|"Truckin' through the South"|"Aaron Minsky"|1|"20190819155814"|"AA00098"|""|"MUSIC AUDITION-TOP SCHOOLS WEEKEND 2019"
"S037803"|""|"Music Audition"|"Cello"|""|"N/A"|""|"ABRSM Grade 8; Oct 2018 [127]"|"Largo and Allegro poco;1st and 2nd Movement from Sonata in A minor, RV44"|"Antonio Vivaldi"|1|"20190819155823"|"AA00098"|"The 70th and 69th Hong Kong Schools Music Festival Symphony Orchestra and String Orchestra - Primary School 2018 and 2017

Hong Kong Youth Music Interflows - String Orchestra 2017 and 2016, Symphony Orchestra 2017 and 2016"|"MUSIC AUDITION-TOP SCHOOLS WEEKEND 2019"
"S037743"|""|"Music Audition"|"Flute"|""|"N/A"|""|"ABRSM Grade 8 Oct 2018 [111]"|"Study in D minor"|"Ernesto Köhler"|2|"20190822172150"|"AA00098"|""|"MUSIC AUDITION-TOP SCHOOLS WEEKEND 2019"
"S037743"|""|"Music Audition"|"Piano"|""|"N/A"|""|"ABRSM Grade 6, Oct 2017 [133]"|"Sonata in D, Kp.214"|"Domenico Scarlatti"|1|"20190822174956"|"AA00098"|""|"MUSIC AUDITION-TOP SCHOOLS WEEKEND 2019"
"S037743"|""|"Music Audition"|"Piano"|""|"N/A"|""|"ABRSM Grade 5,  Aug 2014 [128]"|"Lullaby, Op.10"|"William Mason"|1|"20190822175005"|"AA00098"|""|"MUSIC AUDITION-TOP SCHOOLS WEEKEND 2019"
"S036683"|""|"Music Audition"|"Percussion"|""|"N/A"|""|"ABRSM Grade 8, Apr 2017 [123]"|"Kampf der Samurai"|"N.J. Zivkovic"|2|"20190822175025"|"AA00098"|""|"MUSIC AUDITION-TOP SCHOOLS WEEKEND 2019"
"S038211"|""|"Music Audition"|"Viola"|""|"N/A"|""|"Ryan didn't take viola exam"|"Theme from Witches' Dance"|"N. Paganini"|2|"20190823171335"|"AA00098"|""|"MUSIC AUDITION-TOP SCHOOLS WEEKEND 2019"
"S037075"|""|"Music Audition"|"Double Bass"|""|"N/A"|""|"ABRSM Grade 6, May 2016 [124]"|""|""|1|"20190826165956"|"AA00098"|""|"MUSIC AUDITION-TOP SCHOOLS WEEKEND 2019"
"S037075"|""|"Music Audition"|"Double Bass"|""|"N/A"|""|""|"Sonata in G Minor (Largo, Corrente: Allegro Con Spirit)"|"Henry Eccles"|1|"20190826165956"|"AA00098"|""|"MUSIC AUDITION-TOP SCHOOLS WEEKEND 2019"
"S037075"|""|"Music Audition"|"Double Bass"|""|"N/A"|""|"ABRSM Grade 8, Oct 2017 [128]"|"Andante Op.1 No.1"|"Serge Koussevitzky"|1|"20190826170056"|"AA00098"|"Jensen was a member of Metropolitan Youth Orchestra (2013-2016)"|"MUSIC AUDITION-TOP SCHOOLS WEEKEND 2019"
"S037764"|""|"Music Audition"|"Piano"|""|"N/A"|""|"ABRSM Grade 8, Oct 2018 [121]"|"Opus 10 No. 1 first movement"|"Beethoven"|1|"20190826170304"|"AA00098"|""|"MUSIC AUDITION-TOP SCHOOLS WEEKEND 2019"
"S037764"|""|"Music Audition"|"Piano"|""|"N/A"|""|""|"BMV 816 Allemande and Gigue"|"J.S. Bach"|1|"20190826170359"|"AA00098"|""|"MUSIC AUDITION-TOP SCHOOLS WEEKEND 2019"
"S037358"|""|"Music Audition"|"Viola"|""|"N/A"|""|"ABRSM Grade 7, May 2014 [118]"|"Suite for Viola, Group 1"|"Vaughan Williams"|1|"20190826172222"|"AA00098"|""|"MUSIC AUDITION-TOP SCHOOLS WEEKEND 2019"
"S037358"|""|"Music Audition"|"Viola"|""|"N/A"|""|"ABRSM Grade 8, Nov, 2014 [125]"|"Suite no. 1 for Solo Cello"|"J.S. Bach"|1|"20190826172237"|"AA00098"|""|"MUSIC AUDITION-TOP SCHOOLS WEEKEND 2019"
"S037764"|""|"Music Audition"|"Flute"|""|"N/A"|""|"Valerie didn't sit flute exam"|"Spring (from The Four Seasons)"|"Antonio Vivaldi"|2|"20190827115608"|"AA00032"|""|"MUSIC AUDITION-TOP SCHOOLS WEEKEND 2019"
"S035371"|""|"Music Audition"|"Percussion"|""|"N/A"|""|"ABRSM Grade 7 May 2019 [126]"|"J.S. Bach"|"Bourree Anglaise, from Sonata in A Minor for Unaccompained Flute, BWV 1013"|1|"20190827120558"|"AA00032"|"Max is a member of St. Paul's Co-Educational College Primary School Orchestra."|"MUSIC AUDITION-TOP SCHOOLS WEEKEND 2019"
"S035371"|""|"Music Audition"|"Percussion"|""|"N/A"|""|"ABRSM Grade 5, May 2018 [130]"|"Allegro giocoso"|"n/a"|1|"20190827120825"|"AA00032"|""|"MUSIC AUDITION-TOP SCHOOLS WEEKEND 2019"
"S036683"|""|"Music Audition"|"Percussion"|""|"N/A"|""|"ABRSM Grade 6, Nov 2014 [120]"|""|""|2|"20190827123819"|"AA00032"|""|"MUSIC AUDITION-TOP SCHOOLS WEEKEND 2019"
"S037743"|""|"Music Audition"|"Flute"|""|"N/A"|""|"ABRSM Grade 6, Sep 2017 [130]"|""|""|2|"20190827124041"|"AA00032"|""|"MUSIC AUDITION-TOP SCHOOLS WEEKEND 2019"
"S038345"|""|"Music Audition"|"Pipa"|""|"N/A"|""|""|"Czardas"|"Traditional"|1|"20190829111925"|"AA00032"|""|"MUSIC AUDITION-TOP SCHOOLS WEEKEND 2019"
"S038345"|""|"Music Audition"|"Double Bass"|""|"N/A"|""|"Violet didn't sit exam"|"Sonata in G major"|"Baklanova"|2|"20190829112024"|"AA00032"|""|"MUSIC AUDITION-TOP SCHOOLS WEEKEND 2019"
"S037950"|""|"Music Audition"|"Cello"|""|"N/A"|""|""|"Robots' March"|"Gordon Jacob"|1|"20190829113252"|"AA00032"|""|"MUSIC AUDITION-TOP SCHOOLS WEEKEND 2019"
"S034991"|""|"Music Audition"|"Violin"|""|"N/A"|""|"TRINITY ATCL, Nov 2018 [77]"|"Concerto No. 3 KV216"|"Mozart"|1|"20190829130109"|"AA00032"|"Member of The Hong Kong Academy for Performing Arts"|"MUSIC AUDITION-TOP SCHOOLS WEEKEND 2019"
"S034991"|""|"Music Audition"|"Violin"|""|"N/A"|""|"ABRSM Grade 8, Apr 2017 [136]"|"Four Romantic pieces"|"Dvorak"|1|"20190829130849"|"AA00032"|""|"MUSIC AUDITION-TOP SCHOOLS WEEKEND 2019"
"S036999"|""|"Music Audition"|"Violin"|""|"N/A"|""|"ABRSM Grade 5, Nov 2016 [130]"|"Concerto for Violin in A Minor"|"J.S.Bach"|1|"20190829133551"|"AA00032"|""|"MUSIC AUDITION-TOP SCHOOLS WEEKEND 2019"
"S036999"|""|"Music Audition"|"Violin"|""|"N/A"|""|"ABRSM Grade 6, Oct 2018 [111]"|"Obertass No 1 from Two Mazurkas,Op.19"|"Henryk Wieniawski"|1|"20190829143548"|"AA00032"|"Justin will sit Violin Grade 8 exam in Oct 2019
Justin will sit Viola Grade 8 exam in Oct 2019"|"MUSIC AUDITION-TOP SCHOOLS WEEKEND 2019"
"S036999"|""|"Music Audition"|"Viola"|""|"N/A"|""|"ABRSM Grade 6, Oct 2018 [116]"|"Konzert Fur Viola Und Orchestera D-Dur Part 3"|"F.A.Hoffmeister"|2|"20190829143624"|"AA00032"|""|"MUSIC AUDITION-TOP SCHOOLS WEEKEND 2019"
"S038108"|""|"Music Audition"|"Violin"|""|"N/A"|""|"ABRSM Grade 3, Apr 2016 [127]"|"Balada: 2nd movt from Sonata"|"Janacek"|1|"20190830180733"|"AA00098"|""|"MUSIC AUDITION-TOP SCHOOLS WEEKEND 2019"
"S038108"|""|"Music Audition"|"Violin"|""|"N/A"|""|"ABRSM Grade 5, Apr 2017 [110]"|"Allegretto poco mosso: 4th movt from Sonata in A"|"Franck"|1|"20190830180740"|"AA00098"|""|"MUSIC AUDITION-TOP SCHOOLS WEEKEND 2019"
"S038108"|""|"Music Audition"|"Piano"|""|"N/A"|""|"ABRSM Grade 3, Aug 2016 [131]"|""|""|2|"20190830181018"|"AA00098"|""|"MUSIC AUDITION-TOP SCHOOLS WEEKEND 2019"
"S038108"|""|"Music Audition"|"Piano"|""|"N/A"|""|"ABRSM Grade 4, Sep 2017 [121]"|"Fugue in G: from Prelude and Fugue in G, BWV 902"|"J.S. Bach"|2|"20190830181038"|"AA00098"|""|"MUSIC AUDITION-TOP SCHOOLS WEEKEND 2019"
"S034875"|""|"Music Audition"|"Piano"|""|"N/A"|""|"ABRSM Grade 3, Oct 2014 [109]"|"Selling Sundry Goods"|"Peixun Chen"|1|"20190830181700"|"AA00098"|""|"MUSIC AUDITION-TOP SCHOOLS WEEKEND 2019"
"S034875"|""|"Music Audition"|"Cello"|""|"N/A"|""|"ABRSM Grade 3, Apr 2018 [134]"|"Gavotte"|"J.B. Lully"|2|"20190830181739"|"AA00098"|""|"MUSIC AUDITION-TOP SCHOOLS WEEKEND 2019"
"S037339"|""|"Music Audition"|"Violin"|""|"N/A"|""|"Justin didn't sit in violin exam"|"Concerto in E major"|"J.S. Bach"|1|"20190830183152"|"AA00098"|""|"MUSIC AUDITION-TOP SCHOOLS WEEKEND 2019"
"S037717"|""|"Music Audition"|"Cello"|""|"N/A"|""|"ABRSM Grade 3, Nov 2014 [120]"|"Sérénade"|"Cassadó"|1|"20190830183422"|"AA00098"|""|"MUSIC AUDITION-TOP SCHOOLS WEEKEND 2019"
"S037717"|""|"Music Audition"|"Singing"|""|"N/A"|""|"ABRSM Grade 5, Oct 2017 [135]"|""|""|2|"20190830183556"|"AA00098"|""|"MUSIC AUDITION-TOP SCHOOLS WEEKEND 2019"
"S037717"|""|"Music Audition"|"Singing"|""|"N/A"|""|"ABRSM Grade 7, Oct 2018 [124]"|"Ave Verum Corpus, K.618"|"W. A. Mozart (arr. W. Sobieska)"|2|"20190830183611"|"AA00098"|""|"MUSIC AUDITION-TOP SCHOOLS WEEKEND 2019"
"S033858"|""|"Music Audition"|"Trombone"|""|"N/A"|""|"ABRSM Grade 8, Oct 2018 [127]"|"Galliard Sonata 1 in A minor Section 1 and 2"|"Johann Ernst Galliard"|1|"20190831180257"|"AA00098"|""|"MUSIC AUDITION-TOP SCHOOLS WEEKEND 2019"
"S033858"|""|"Music Audition"|"Piano"|""|"N/A"|""|"ABRSM Grade 6, Sep 2017 [112]"|"Chopin Nocturne in G minor Opus 37 No.1"|"Fryderyck Chopin"|2|"20190831180657"|"AA00098"|""|"MUSIC AUDITION-TOP SCHOOLS WEEKEND 2019"
"S033858"|""|"Music Audition"|"Piano"|""|"N/A"|""|"ABRSM Grade 4, Sep 2015 [127]"|""|""|2|"20190831180742"|"AA00098"|""|"MUSIC AUDITION-TOP SCHOOLS WEEKEND 2019"
"S036605"|""|"Music Audition"|"Double bass"|""|"N/A"|""|"ABRSM Grade 8, May 2019 [123]"|"Après Un Rêve"|"Gabriel Faur"|1|"20190831181452"|"AA00098"|""|"MUSIC AUDITION-TOP SCHOOLS WEEKEND 2019"
"S034875"|""|"Music Audition"|"Piano"|""|"N/A"|""|"ABRSM Grade 5, Apr 2017 [114]"|"Keyboard Sonata in E major, Kp 162"|"Domenico Scarlatti"|1|"20190903155503"|"AA00032"|"Henry achieved ABRSM Music Theory Grade 5, Oct 2017 [87]
Member of music schools/ groups The  ISF Academy Orchestra"|"MUSIC AUDITION-TOP SCHOOLS WEEKEND 2019"
"S038345"|""|"Music Audition"|"Pipa"|""|"N/A"|""|"Grade 9, Mar 2019 [pass]"|"The little sisters on the Grassland"|"Traditional"|1|"20190903162238"|"AA00032"|""|"MUSIC AUDITION-TOP SCHOOLS WEEKEND 2019"
"S036683"|""|"Music Audition"|"Singing"|""|"N/A"|""|"ABRSM Grade 8, Oct 2018 [121]"|"I Wandered Lonely As a Cloud"|"Eric Thiman"|1|"20190903162403"|"AA00032"|""|"MUSIC AUDITION-TOP SCHOOLS WEEKEND 2019"
"S037476"|""|"Music Audition"|"Clarinet"|""|"N/A"|""|"ABRSM, Grade 7, Sep 2018 [109]"|"Sonata for Clarinet and Piano F minor Opus 120 No.1"|"Johannes Brahms"|1|"20190906162328"|"AA00032"|"Member of School Treble Choir"|"MUSIC AUDITION-TOP SCHOOLS WEEKEND 2019"
"S036648"|""|"Music Audition"|"Violin"|""|"N/A"|""|"ABRSM, Grade 7, Sep 2016 [130]"|"Verbunk and Friss: Invitation to Dance"|"Anon"|1|"20190906163550"|"AA00032"|"Spencer will sit Violin Grade 8 exam in Oct 2019"|"MUSIC AUDITION-TOP SCHOOLS WEEKEND 2019"
"S037988"|""|"Music Audition"|"Flute"|""|"N/A"|""|""|"Poulenc Sonata for Flute & Piano 2nd movement"|"Francis Poulenc"|1|"20190906164241"|"AA00032"|""|"MUSIC AUDITION-TOP SCHOOLS WEEKEND 2019"
"S037988"|""|"Music Audition"|"Piano"|""|"N/A"|""|"ABRSM, Grade 8, Oct 2018 [116]"|"Nocturne Opus 9 No 1"|"F. Chopin"|2|"20190906164525"|"AA00032"|""|"MUSIC AUDITION-TOP SCHOOLS WEEKEND 2019"
"S037988"|""|"Music Audition"|"Piano"|""|"N/A"|""|"ABRSM, Grade 7, Sep 2016 [131]"|""|""|2|"20190906164614"|"AA00032"|""|"MUSIC AUDITION-TOP SCHOOLS WEEKEND 2019"
"S037988"|""|"Music Audition"|"Flute"|""|"N/A"|""|"ABRSM, Grade 8, Oct 2017 [127]"|"Mozart Concerto in G major KV313 (285c) 1st movement"|"W.A. Mozart"|1|"20190906165214"|"AA00032"|""|"MUSIC AUDITION-TOP SCHOOLS WEEKEND 2019"
"S038458"|""|"Music Audition"|"Violin"|""|"N/A"|""|""|"Légende, Op.17"|"Henri Wieniawski"|1|"20190906165530"|"AA00032"|"Member of Dr Yip's"|"MUSIC AUDITION-TOP SCHOOLS WEEKEND 2019"
"S038408"|""|"Music Audition"|"Violin"|""|"N/A"|""|"ABRSM, Grade 3, Sep 2014 [138]"|""|""|2|"20190906170231"|"AA00032"|""|"MUSIC AUDITION-TOP SCHOOLS WEEKEND 2019"
"S038408"|""|"Music Audition"|"Violin"|""|"N/A"|""|"ABRSM, Grade 5, Sep 2015 [134]"|"Concerto No.1 in A minor, S. 1041"|"Johann Sebastian Bach"|2|"20190906170245"|"AA00032"|"Anson is preparing for his Grade 8 Violin exam now"|"MUSIC AUDITION-TOP SCHOOLS WEEKEND 2019"
"S038408"|""|"Music Audition"|"Piano"|""|"N/A"|""|""|""|""|1|"20190906170453"|"AA00032"|"Member of APA"|"MUSIC AUDITION-TOP SCHOOLS WEEKEND 2019"
"S037988"|""|"Music Audition"|"Flute"|""|"N/A"|""|"ABRSM, Grade 5, May 2015 [126]"|"Poulenc Sonata for Flute & Piano 2nd movement"|"Francis Poulenc"|1|"20190906171033"|"AA00032"|""|"MUSIC AUDITION-TOP SCHOOLS WEEKEND 2019"
"S038408"|""|"Music Audition"|"Piano"|""|"N/A"|""|"ABRSM, Grade 7, Oct 2016 [134]"|"Jazzy, No.3 from Three Moods"|"Aaron Copland"|1|"20190906171152"|"AA00032"|""|"MUSIC AUDITION-TOP SCHOOLS WEEKEND 2019"
"S038173"|""|"Music Audition"|"Violin"|""|"N/A"|""|""|"Canon in d"|"Pachelbel’s canon"|1|"20190906171816"|"AA00032"|"Member of International Christian Quality Music Secondary and Primary School"|"MUSIC AUDITION-TOP SCHOOLS WEEKEND 2019"
"S036567"|""|"Music Audition"|"Flute"|""|"N/A"|""|"ABRSM, Grade 8, Apr 2018 [137]"|"Bach Sonata No.5 in E minor, BWV 1034 1st Movement"|"Johann Sebastian Bach"|1|"20190906172125"|"AA00032"|""|"MUSIC AUDITION-TOP SCHOOLS WEEKEND 2019"
"S035266"|""|"Music Audition"|"Bassoon"|""|"N/A"|""|"ABRSM, Grade 6, Sep 2018 [127]"|"Romance"|"Edward Elgar"|1|"20190906174008"|"AA00032"|"Member of Island School Orchestra
Howard did his Grade 8 Bassoon Exam on 8 Aug, 2019"|"MUSIC AUDITION-TOP SCHOOLS WEEKEND 2019"
"S035266"|""|"Music Audition"|"Piano"|""|"N/A"|""|"ABRSM, Grade 6, Oct 2017 [121]"|"Fiesta"|"Mike Springer"|2|"20190906174141"|"AA00032"|""|"MUSIC AUDITION-TOP SCHOOLS WEEKEND 2019"
"S035266"|""|"Music Audition"|"Piano"|""|"N/A"|""|"ABRSM, Grade 4, Aug 2015 [124]"|""|""|2|"20190906174218"|"AA00032"|""|"MUSIC AUDITION-TOP SCHOOLS WEEKEND 2019"
"S037817"|""|"Music Audition"|"Piano"|""|"N/A"|""|"ABRSM, Grade 6, Oct 2018 [118]"|"‘Joc cu bata’ from Rumanian Folk Dances"|"Bela Bartok"|1|"20190906174724"|"AA00032"|"Member of Island School Orchestra"|"MUSIC AUDITION-TOP SCHOOLS WEEKEND 2019"
"S037817"|""|"Music Audition"|"Piano"|""|"N/A"|""|"ABRSM, Grade 4, Nov 2016 [108]"|"Columbine Dance"|"Bohuslav Martinu"|1|"20190906174819"|"AA00032"|""|"MUSIC AUDITION-TOP SCHOOLS WEEKEND 2019"
"S037817"|""|"Music Audition"|"Bassoon"|""|"N/A"|""|"Harold will sit his Grade 4 Bassoon exam in April 2020"|"Menuetto and Trio"|"Mozart"|2|"20190906174918"|"AA00032"|""|"MUSIC AUDITION-TOP SCHOOLS WEEKEND 2019"
"S036648"|""|"Music Audition"|"Viola"|""|"N/A"|""|"Spencer didn't sit Viola exam"|"Nocturne, Op 19, No 4"|"P. Tchaikovsky"|2|"20190909101648"|"AA00032"|""|"MUSIC AUDITION-TOP SCHOOLS WEEKEND 2019"
"S038458"|""|"Music Audition"|"Violin"|""|"N/A"|""|"ABRSM, Grade 8, Oct 2016 [115]"|"Russians Maiden's Song"|"Igor Stravinsky"|1|"20190909102149"|"AA00032"|"Member of Yip's Children's Choir"|"MUSIC AUDITION-TOP SCHOOLS WEEKEND 2019"
"S037476"|""|"Music Audition"|"Clarinet"|""|"N/A"|""|"ABRSM Grade 6 Sep 2016 [122]"|"Sonata for Clarinet in Bb and Piano: I. Allegro tristamente"|"Francis Poulenc"|1|"20190909102659"|"AA00032"|""|"MUSIC AUDITION-TOP SCHOOLS WEEKEND 2019"
"S036648"|""|"Music Audition"|"Violin"|""|"N/A"|""|""|"The Violin Sonata No.5 in F major Op.24: I. allergo"|"Beethoven"|1|"20190909102825"|"AA00032"|"Spencer will sit Violin Grade 8 exam in Oct 2019"|"MUSIC AUDITION-TOP SCHOOLS WEEKEND 2019"
"S038408"|""|"Music Audition"|"Piano"|""|"N/A"|""|"ABRSM, Grade 8, Nov 2018 [130]"|"Schubert Impromptu op.90"|"Schubert"|1|"20190909105621"|"AA00032"|"Member of The Hong Kong Academy of Performing Arts
Anson is preparing for his Grade 8 Violin exam now"|"MUSIC AUDITION-TOP SCHOOLS WEEKEND 2019"
"S036567"|""|"Music Audition"|"Flute"|""|"N/A"|""|"ARSM, May 2019 [46]"|"Ballade, Op. 288"|"Carl Reinecke"|1|"20190909111713"|"AA00032"|""|"MUSIC AUDITION-TOP SCHOOLS WEEKEND 2019"
"S036567"|""|"Music Audition"|"Piccolo"|""|"N/A"|""|"Hayden didn't sit Piccolo exam"|"Wake Up!"|"Tilmann Dehnhard"|2|"20190909111822"|"AA00032"|""|"MUSIC AUDITION-TOP SCHOOLS WEEKEND 2019"
"S034508"|""|"Music Audition"|"Violin"|""|"N/A"|""|"TRINITY, ATCL Recital, Sep 2016 [69]"|"Malagueña"|"P. Sarasate"|2|"20190909114330"|"AA00032"|""|"MUSIC AUDITION-TOP SCHOOLS WEEKEND 2019"
"S037339"|""|"Music Audition"|"Violin"|""|"N/A"|""|""|"From The Native Country"|"Bedrich Smetana"|1|"20190909121342"|"AA00032"|""|"MUSIC AUDITION-TOP SCHOOLS WEEKEND 2019"
"S037717"|""|"Music Audition"|"Cello"|""|"N/A"|""|"ABRSM Grade 5, Aug 2016 [136]"|"Scherzo, L.39 (26)"|"Debussy"|1|"20190909121747"|"AA00032"|"Trevor is a member of the Hong Kong Children's Choir and The Hong Kong Academy for 
Performing Arts."|"MUSIC AUDITION-TOP SCHOOLS WEEKEND 2019"
"S033858"|""|"Music Audition"|"Trombone"|""|"N/A"|""|"ABRSM Grade 6, Sep 2017 [130]"|"Melodious Etudes for Trombone No. 4 ""Andante Cantabile"""|"Joannes Rochut"|1|"20190909123306"|"AA00032"|"Member of Diocesan Boys' School Primary Division Senior Orchestra, Wind & Brass Ensemble
Treble Choir, Music Captain and Brass Captain.
Music Scholarships awarded by school in Grade 4 and Grade 6."|"MUSIC AUDITION-TOP SCHOOLS WEEKEND 2019"
"S036731"|""|"Music Audition"|"Violin"|""|"N/A"|""|"ABRSM, Grade 8, Oct 2017 [109]"|""|""|1|"20190909124011"|"AA00032"|""|"MUSIC AUDITION-TOP SCHOOLS WEEKEND 2019"
"S036731"|""|"Music Audition"|"Viola"|""|"N/A"|""|"TRINITY, LTCL Recital, Nov 2018 [84]"|"Caprice No.16"|"Paganini"|2|"20190909124119"|"AA00032"|""|"MUSIC AUDITION-TOP SCHOOLS WEEKEND 2019"
"S036731"|""|"Music Audition"|"Violin"|""|"N/A"|""|"TRINITY, ATCL Recital, Sep 2018 [81]"|"Mozart Concerto no. 5 (Cadenza)"|"Mozart"|1|"20190909124332"|"AA00032"|"Member of The Hong Kong Academy of Performing Arts, Yip's Children's Choir, 
Hong Kong Children's Symphony Orchestra."|"MUSIC AUDITION-TOP SCHOOLS WEEKEND 2019"
"S038589"|""|"Music Audition"|"Violin"|""|"N/A"|""|"TRINITY, ATCL Recital, Apr 2018 [92]"|"Fratres"|"Arvo Part"|1|"20190909125120"|"AA00032"|""|"MUSIC AUDITION-TOP SCHOOLS WEEKEND 2019"
"S038589"|""|"Music Audition"|"Oboe"|""|"N/A"|""|"ABRSM, Grade 8, Aug 2018 [125]"|"Sonata in D Major Op 166 1st movement"|"Saint Saens"|2|"20190909125217"|"AA00032"|""|"MUSIC AUDITION-TOP SCHOOLS WEEKEND 2019"
"S038589"|""|"Music Audition"|"Violin"|""|"N/A"|""|"TRINITY, LTCL Recital, May 2019 [76]"|"Concerto No.3 K216 1st Movement"|"Mozart"|1|"20190909125358"|"AA00032"|"Ying Wa Primary School String and Symphony Orchestra, Ying Wa Primary School Symphonic Band, Ying Wa College Symphony Orchestra.
Julian achieved ABRSM Piano Grade 8 in 2015 [116]."|"MUSIC AUDITION-TOP SCHOOLS WEEKEND 2019"
"S036605"|""|"Music Audition"|"Double bass"|""|"N/A"|""|"ABRSM Grade 5, Apr 2017 [125]"|"Eccles Sonata in G minor"|"Fred Zimmermann"|1|"20190909164042"|"AA00032"|""|"MUSIC AUDITION-TOP SCHOOLS WEEKEND 2019"
"S035371"|""|"Music Audition"|"Piano"|""|"N/A"|""|"ABRSM Grade 4, Nov 2017 [116], Max will sit ABRSM Grade 6 exam in Oct 2019"|"Serenade on the Water No.10 from Petite suite en 15 images"|"Jacques Ibert"|2|"20190910145911"|"AA00032"|""|"MUSIC AUDITION-TOP SCHOOLS WEEKEND 2019"
"S035266"|""|"Music Audition"|"Bassoon"|""|"N/A"|""|"ABRSM Grade 2, Oct 2017 [138]"|"Study No 10 from 26 Melodic Studies"|"Jancourt"|1|"20190912105437"|"AA00032"|""|"MUSIC AUDITION-TOP SCHOOLS WEEKEND 2019"
"S036330"|""|"Music Audition"|"Piano"|""|"N/A"|""|"ABRSM Grade 5, Aug 2014 [134]"|"Silver Clouds chasing the moon"|"Kin Chung Wong"|1|"20190912180131"|"AA00032"|""|"MUSIC AUDITION-TOP SCHOOLS WEEKEND 2019"
"S038574"|""|"Music Audition"|"Piano"|""|"N/A"|""|"ABRSM Grade 8, Oct 2018 [141]"|"Five Bagatelles"|"Howard Ferguson"|2|"20190912181903"|"AA00032"|""|"MUSIC AUDITION-TOP SCHOOLS WEEKEND 2019"
"S038574"|""|"Music Audition"|"Piano"|""|"N/A"|""|"ABRSM Grade 7, Oct 2017 [145]"|""|""|2|"20190912181908"|"AA00032"|""|"MUSIC AUDITION-TOP SCHOOLS WEEKEND 2019"
"S038430"|""|"Music Audition"|"Piano"|""|"N/A"|""|"ABRSM Grade 5, Oct 2016 [120]"|"Gaiamente"|"P.M. Glier"|2|"20190912182011"|"AA00032"|""|"MUSIC AUDITION-TOP SCHOOLS WEEKEND 2019"
"S038430"|""|"Music Audition"|"Trombone"|""|"N/A"|""|"ABRSM Grade 5, Aug 2017 [114]"|"Ave Maria"|"Anton Brucker"|1|"20190912182024"|"AA00032"|""|"MUSIC AUDITION-TOP SCHOOLS WEEKEND 2019"
"S038430"|""|"Music Audition"|"Trombone"|""|"N/A"|""|"ABRSM Grade 7, Oct 2018 [123]"|"Dances with bear"|"Jim Parker"|1|"20190912182037"|"AA00032"|"Member of his school's wind band"|"MUSIC AUDITION-TOP SCHOOLS WEEKEND 2019"
"S036330"|""|"Music Audition"|"Piano"|""|"N/A"|""|"ABRSM Grade 8, May 2017 [135]"|"La plus que lente"|"Debussy"|1|"20190916105006"|"AA00032"|"Member of The Hong Kong Academy of Perfoming Arts"|"MUSIC AUDITION-TOP SCHOOLS WEEKEND 2019"
"S038574"|""|"Music Audition"|"Horn in F"|""|"N/A"|""|"TRINITY ATCL, May 2018 [75]"|"Mozart Horn Concorto No.1 KV412"|"Mozart"|1|"20190916105626"|"AA00032"|"Member of The Hong Kong Academy of Performing Arts, Yip's Children's Choir, 
Metropolitan Youth Orchestra of Hong Kong and Hong Kong Youth Symphony Orchestra."|"MUSIC AUDITION-TOP SCHOOLS WEEKEND 2019"
"S038211"|""|"Music Audition"|"Violin"|""|"N/A"|""|"ABRSM Grade 7, Apr 2019 [113]"|"Concerto in D, K211 3rd movement Rondo"|"Mozart"|1|"20190916111938"|"AA00032"|""|"MUSIC AUDITION-TOP SCHOOLS WEEKEND 2019"
"S036330"|""|"Music Audition"|"Violin"|""|"N/A"|""|"ATCL, Sep 2018 [83] (missing mark sheet)"|"Spanish Dance - Malagueña"|"Pablo de Sarasate"|2|"20190916120132"|"AA00032"|""|"MUSIC AUDITION-TOP SCHOOLS WEEKEND 2019"
"S036330"|""|"Music Audition"|"Violin"|""|"N/A"|""|"ABRSM Grade 8, Oct 2015 [125]"|""|""|2|"20190916120216"|"AA00032"|""|"MUSIC AUDITION-TOP SCHOOLS WEEKEND 2019"
"S038409"|""|"Music Audition"|"Saxophone"|""|"N/A"|""|"ABRSM Grade 7, Oct 2017 [118]"|"Light OF Sothis"|"Amy Quate"|1|"20190916152748"|"AA00032"|"Member of Ying Wa College Band and Choir"|"MUSIC AUDITION-TOP SCHOOLS WEEKEND 2019"
"S038409"|""|"Music Audition"|"Saxophone"|""|"N/A"|""|"ABRSM Grade 3, Oct 2015 [113]"|"Sarabande et Allegro"|"Gabriel Grovlez"|1|"20190916152855"|"AA00032"|""|"MUSIC AUDITION-TOP SCHOOLS WEEKEND 2019"
"S038211"|""|"Music Audition"|"Violin"|""|"N/A"|""|"ABRSM Grade 5, Aug 2016 [132] (missing mark sheet, certificate attached)"|"Arabesken No. 12 Introduction and Polonaise"|"Carl Bohm"|1|"20190916155633"|"AA00032"|""|"MUSIC AUDITION-TOP SCHOOLS WEEKEND 2019"
"S037950"|""|"Music Audition"|"Cello"|""|"N/A"|""|"ABRSM Grade 2, Apr 2017 [122]"|"Gavotte"|"J.B. Lully"|1|"20190916211903"|"AA00007"|"will take G5 cello exam on 2 Oct 2019"|"MUSIC AUDITION-TOP SCHOOLS WEEKEND 2019"
"S036883"|""|"Music Audition"|"Saxophone"|""|"N/A"|""|""|"Cing danses exotiques, movement 1, 2 and 3"|"Jean Fransaix"|1|"20190917144758"|"AA00032"|""|"MUSIC AUDITION-TOP SCHOOLS WEEKEND 2019"
"S038662"|""|"Music Audition"|"Violin"|""|"N/A"|""|"ABRSM Grade 6, May 2018 [114]"|"Etude 10"|"Rodolphe Kreutzer"|1|"20190917151419"|"AA00032"|""|"MUSIC AUDITION-TOP SCHOOLS WEEKEND 2019"
"S038662"|""|"Music Audition"|"Violin"|""|"N/A"|""|"ABRSM Grade 8 (David will sit exam in Nov 2019)"|"Concerto No.1"|"J. S. Bach"|1|"20190917151452"|"AA00032"|""|"MUSIC AUDITION-TOP SCHOOLS WEEKEND 2019"
"S038662"|""|"Music Audition"|"Piano"|""|"N/A"|""|"ASRSM Grade 7, Jun 2017 [116]"|""|""|2|"20190917151617"|"AA00032"|""|"MUSIC AUDITION-TOP SCHOOLS WEEKEND 2019"
"S036548"|""|"Music Audition"|"Piano"|""|"N/A"|""|"ABRSM Grade 6, May 2019 [130]"|"Valse Lente"|"Oskar Merikanto"|2|"20190917152024"|"AA00032"|""|"MUSIC AUDITION-TOP SCHOOLS WEEKEND 2019"
"S036548"|""|"Music Audition"|"Clarinet"|""|"N/A"|""|"ABRSM Grade 5, May 2018 [117]"|"Sarabande et Allegro"|"Gabriel Grovlez"|1|"20190917152124"|"AA00032"|"Member of Sinfonia at South Island School"|"MUSIC AUDITION-TOP SCHOOLS WEEKEND 2019"
"S036548"|""|"Music Audition"|"Clarinet"|""|"N/A"|""|"ABRSM Grade 3, Apr 2016 [110]"|"Giga (from Partita No.2 in D Minor)"|"J.S. Bach"|1|"20190917152905"|"AA00032"|""|"MUSIC AUDITION-TOP SCHOOLS WEEKEND 2019"
"S036548"|""|"Music Audition"|"Piano"|""|"N/A"|""|"ABRSM Grade 4, Apr 2017 [138]"|""|""|2|"20190917152941"|"AA00032"|""|"MUSIC AUDITION-TOP SCHOOLS WEEKEND 2019"
"S036256"|""|"Music Audition"|"Violin"|""|"N/A"|""|"ABRSM Grade 7, May 2017 [107]"|"Hoe-Down"|"Aaron Copland"|1|"20190917153758"|"AA00032"|""|"MUSIC AUDITION-TOP SCHOOLS WEEKEND 2019"
"S036256"|""|"Music Audition"|"Violin"|""|"N/A"|""|"ABRSM Grade 8, May 2019 [116]"|"Violin Sonata No. 5"|"Beethoven"|1|"20190917153805"|"AA00032"|""|"MUSIC AUDITION-TOP SCHOOLS WEEKEND 2019"
"S036256"|""|"Music Audition"|"Piano"|""|"N/A"|""|"Anthony didn't sit piano exam"|"Gachou No Koushin"|"Kaneda"|2|"20190917153944"|"AA00032"|""|"MUSIC AUDITION-TOP SCHOOLS WEEKEND 2019"
"S036883"|""|"Music Audition"|"Saxophone"|""|"N/A"|""|"ABRSM Grade 8, May 2017 [125]"|"Sonta in G minor"|"Johann Sebastian Bach"|1|"20190917154341"|"AA00032"|"Island School's Orchestra
Orchestra performance in 50th anniversity of Island School
Island School's Orchestra since Year 7"|"MUSIC AUDITION-TOP SCHOOLS WEEKEND 2019"
"S036883"|""|"Music Audition"|"Piano"|""|"N/A"|""|"ABRSM Grade 8, Oct 2018 [105]"|"Presto"|"Joseph Haydn"|2|"20190917154356"|"AA00032"|""|"MUSIC AUDITION-TOP SCHOOLS WEEKEND 2019"
"S036683"|""|"Music Audition"|"Singing"|""|"N/A"|""|"ABRSM Grade 7,  Apr 2017 [125]"|"So In Love from ""Kiss Me, Kate"""|"Cole Porter"|1|"20190917182334"|"AA00032"|"Lilian has participated in music festival as a member in the school choir 
and percussion band."|"MUSIC AUDITION-TOP SCHOOLS WEEKEND 2019"
"S034508"|""|"Music Audition"|"Viola"|""|"N/A"|""|"ABRSM, Grade 8, Sep 2017 [137]"|"Viola concerto in D major, op. 1"|"Carl Stamitz"|1|"20190918105017"|"AA00032"|""|"MUSIC AUDITION-TOP SCHOOLS WEEKEND 2019"
"S034508"|""|"Music Audition"|"Viola"|""|"N/A"|""|"TRINITY, LTCL Recital, May 2018 [64]"|"Concerto for viola, 1st movement"|"William Walton"|1|"20190918105303"|"AA00032"|"Member of Yip's Children's Chior"|"MUSIC AUDITION-TOP SCHOOLS WEEKEND 2019"
"S038416"|""|"Music Audition"|"Viola"|""|"N/A"|""|"Preparing for Grade 8 ABRSM exam (Oct 2019)"|"Allemande and Courante: from Cello Suite No. 2 in D minor"|"J. S. Bach"|1|"20190918185617"|"AA00032"|"School Choir"|"MUSIC AUDITION-TOP SCHOOLS WEEKEND 2019"
"S038416"|""|"Music Audition"|"Viola"|""|"N/A"|""|""|"Nocturne, Op. 19 No. 4"|"Tchaikovsky"|1|"20190918185644"|"AA00032"|""|"MUSIC AUDITION-TOP SCHOOLS WEEKEND 2019"
"S038473"|""|"Music Audition"|"Oboe"|""|"N/A"|""|"Plan to participate Grade 5 exam in Apr 2020"|"Allegretto"|"N/A"|1|"20190918185936"|"AA00032"|""|"MUSIC AUDITION-TOP SCHOOLS WEEKEND 2019"
"S038473"|""|"Music Audition"|"Oboe"|""|"N/A"|""|""|"On My Own"|"Les Miserables"|1|"20190918190247"|"AA00032"|""|"MUSIC AUDITION-TOP SCHOOLS WEEKEND 2019"
"S038523"|""|"Music Audition"|"Cello"|""|"N/A"|""|"ABRSM Grade 8, Sep 2016 [141]"|"Saint Saen Cello Concert in A Minor Op. 33"|"Saint Saen"|1|"20190918190534"|"AA00032"|"Member of The Hong Kong Academy of Performing Arts, Hong Kong Treble Choir"|"MUSIC AUDITION-TOP SCHOOLS WEEKEND 2019"
"S037233"|""|"Music Audition"|"Piano"|""|"N/A"|""|"ABRSM Grade 6 Sep 2017 [135]"|"Beethoven Presto alla tedesca Sonata in G Op 79 1st Movement"|"Ludwig van Beethoven"|1|"20190918191117"|"AA00032"|"Member of Hong Kong Children's Strings"|"MUSIC AUDITION-TOP SCHOOLS WEEKEND 2019"
"S037233"|""|"Music Audition"|"Piano"|""|"N/A"|""|"ABSRM Grade 4, Oct 2015 [122] (missing mark sheet)"|"Chopin Nocturne in G minor Op 37 No.1"|"Fryderyk Chopin"|1|"20190918191245"|"AA00032"|""|"MUSIC AUDITION-TOP SCHOOLS WEEKEND 2019"
"S037233"|""|"Music Audition"|"Cello"|""|"N/A"|""|"ABRSM Grade 5, Sept2019 [awaiting for result]"|"Sabre Dance"|"James MacMillan"|2|"20190918191344"|"AA00032"|""|"MUSIC AUDITION-TOP SCHOOLS WEEKEND 2019"
"S037233"|""|"Music Audition"|"Cello"|""|"N/A"|""|"ABRSM Grade 3, Nov 2017 [130]"|""|""|2|"20190918191420"|"AA00032"|""|"MUSIC AUDITION-TOP SCHOOLS WEEKEND 2019"
"S036949"|""|"Music Audition"|"Piano"|""|"N/A"|""|"ABRSM Grade 5, Oct 2018 [121]"|"First movement from Sonatina in E flat, Op.19 No.6"|"J.L. Dussek"|2|"20190918192351"|"AA00032"|""|"MUSIC AUDITION-TOP SCHOOLS WEEKEND 2019"
"S038619"|""|"Music Audition"|"Clarinet"|""|"N/A"|""|"TRINITY LTCL, Apr 2017 [71]"|"Clarinet Concerto No.1 in F minor, Op.73 , 1st movement"|"Weber, Carl Maria von"|1|"20190918193339"|"AA00032"|""|"MUSIC AUDITION-TOP SCHOOLS WEEKEND 2019"
"S038619"|""|"Music Audition"|"Clarinet"|""|"N/A"|""|"TRINITY ATCL, Aug 2014 [85] (missing mark sheet)"|"Clarinet sonata in E flat major, Op.120, No.2, 1st movement"|"Johannes Brahms"|1|"20190918194400"|"AA00032"|""|"MUSIC AUDITION-TOP SCHOOLS WEEKEND 2019"
"S038416"|""|"Music Audition"|"Violin"|""|"N/A"|""|"ABRSM Grade 8, Oct 2017 [113]"|"1st movt from Sonata in F (‘Spring’)"|"Beethoven"|2|"20190918194706"|"AA00032"|""|"MUSIC AUDITION-TOP SCHOOLS WEEKEND 2019"
"S038593"|""|"Music Audition"|"Viola"|""|"N/A"|""|"TRINITY ATCL, Apr 2017 [93]"|"Suite for Viola Solo"|"Reger"|2|"20190919110557"|"AA00032"|""|"MUSIC AUDITION-TOP SCHOOLS WEEKEND 2019"
"S038593"|""|"Music Audition"|"Viola"|""|"N/A"|""|"ABRSM Grade 8, Aug 2015 [136]"|""|""|2|"20190919110650"|"AA00032"|""|"MUSIC AUDITION-TOP SCHOOLS WEEKEND 2019"
"S038593"|""|"Music Audition"|"Piano"|""|"N/A"|""|"TRINITY LTCL, May 2018 [66]"|"Chopin Etude Op.25 no.7"|"Chopin"|1|"20190919110711"|"AA00032"|"Member of The Hong Kong Academy of Performing Arts"|"MUSIC AUDITION-TOP SCHOOLS WEEKEND 2019"
"S038593"|""|"Music Audition"|"Piano"|""|"N/A"|""|"ABRSM Grade 8, Aug 2015 [140]"|"Suite Bergamasque Prelude"|"Debussy"|1|"20190919110725"|"AA00032"|""|"MUSIC AUDITION-TOP SCHOOLS WEEKEND 2019"
"S037782"|""|"Music Audition"|"Violin"|""|"N/A"|""|"ABRSM Grade 8, May 2018 [131]"|"Beethoven Sonata for Piano and Violin in F major op.24 (Spring)"|"Ludwig van Beethoven"|1|"20190919111722"|"AA00032"|"School Senior Orchestra and String Orchestra"|"MUSIC AUDITION-TOP SCHOOLS WEEKEND 2019"
"S037782"|""|"Music Audition"|"Violin"|""|"N/A"|""|"ABRSM Grade 5, Nov 2015"|"Bach Violin Concerto in a minor BWV 1041"|"Johann Sebastian Bach"|1|"20190919111758"|"AA00032"|""|"MUSIC AUDITION-TOP SCHOOLS WEEKEND 2019"
"S037782"|""|"Music Audition"|"Piano"|""|"N/A"|""|"Brandon will sit ABRSM Grade 6 exam in Oct 2019"|"Staccato Beans"|"Tan Dun"|2|"20190919112106"|"AA00032"|""|"MUSIC AUDITION-TOP SCHOOLS WEEKEND 2019"
"S038173"|""|"Music Audition"|"Violin"|""|"N/A"|""|"ABRSM Grade 2, Nov 2014 [pass] (missing mark sheet)"|"Hungarian dance"|"Johannes Brahms"|1|"20190919120452"|"AA00032"|"Member of International Christian Quality Music Secondary and Primary School"|"MUSIC AUDITION-TOP SCHOOLS WEEKEND 2019"
"S038308"|""|"Music Audition"|"Piano"|""|"N/A"|""|"ABRSM Grade 8, May 2018 [116]"|"Chopin Nocturne Opus 9 No. 1"|"Chopin"|1|"20190919121837"|"AA00032"|"Member of college orchestra and string chamber of St. Stephen's College"|"MUSIC AUDITION-TOP SCHOOLS WEEKEND 2019"
"S038308"|""|"Music Audition"|"Piano"|""|"N/A"|""|""|"Scarlatti Sonata K491"|"Scarlatti"|1|"20190919122009"|"AA00032"|""|"MUSIC AUDITION-TOP SCHOOLS WEEKEND 2019"
"S038308"|""|"Music Audition"|"Violin"|""|"N/A"|""|"ABRSM Grade 7, Oct 2016 [123]"|"Sonata no. 5 in F major op. 24"|"Beethoven"|2|"20190919122233"|"AA00032"|""|"MUSIC AUDITION-TOP SCHOOLS WEEKEND 2019"
"S038606"|""|"Music Audition"|"Cello"|""|"N/A"|""|"ABRSM Grade 7, Nov 2017 [126]"|"Suite 1, Prelude"|"John Sebastian Bach"|1|"20190919123729"|"AA00032"|""|"MUSIC AUDITION-TOP SCHOOLS WEEKEND 2019"
"S038606"|""|"Music Audition"|"Cello"|""|"N/A"|""|"ABRSM Grade 8, Oct 2018 [123]"|"Humoresque"|"W.H. Squire"|1|"20190919123750"|"AA00032"|"Diocesan Girls’ School Secondary 1 Entrance Scholarship (Music) 2017-2018"|"MUSIC AUDITION-TOP SCHOOLS WEEKEND 2019"
"S038657"|""|"Music Audition"|"Violin"|""|"N/A"|""|"TRINITY FTCL, Nov 2018"|"Mozart Concerto No.4 First Movement"|"Mozart"|1|"20190919131321"|"AA00032"|"Member of Yip's Children's Choir, DGS Symphony Orchestra and 
String Orchestra Vice Principal"|"MUSIC AUDITION-TOP SCHOOLS WEEKEND 2019"
"S038657"|""|"Music Audition"|"Violin"|""|"N/A"|""|"TRINITY ATCL, Oct 2017 [Distinction]"|"Prokofiev Violin Sonata No.2 Second Movt"|"Prokofiev"|1|"20190919131356"|"AA00032"|""|"MUSIC AUDITION-TOP SCHOOLS WEEKEND 2019"
"S038662"|""|"Music Audition"|"Piano"|""|"N/A"|""|"ABRSM Grade 8, Nov 2018 [106]"|"Intermezzo in A minor, Op 76”"|"Brahms"|2|"20190919144248"|"AA00032"|""|"MUSIC AUDITION-TOP SCHOOLS WEEKEND 2019"
"S038473"|""|"Music Audition"|"Piano"|""|"N/A"|""|"ABRSM Grade 3, Nov 2017 [108]"|"Allegro, First movement from Sonatina in C, Op. 36 No. 1"|"Muzio Clementi"|2|"20190919145714"|"AA00032"|""|"MUSIC AUDITION-TOP SCHOOLS WEEKEND 2019"
"S036949"|""|"Music Audition"|"Piano"|""|"N/A"|""|"ABRSM Grade 3, Oct 2017 [139]"|""|""|2|"20190919150341"|"AA00032"|""|"MUSIC AUDITION-TOP SCHOOLS WEEKEND 2019"
"S036949"|""|"Music Audition"|"Violin"|""|"N/A"|""|"ABRSM Grade 3, Apr 2018 [132]"|"First and second movements from Sonata No 3 in E minor"|"William McGibbon"|1|"20190919150426"|"AA00032"|""|"MUSIC AUDITION-TOP SCHOOLS WEEKEND 2019"
"S036949"|""|"Music Audition"|"Violin"|""|"N/A"|""|"ABRSM Grade 5, Apr 2019 [122]"|"Conerto in G major"|"Antonio Vivaldi"|1|"20190919150603"|"AA00032"|""|"MUSIC AUDITION-TOP SCHOOLS WEEKEND 2019"
"S038008"|""|"Music Audition"|"Double Bass"|""|"N/A"|""|"ABRSM Grade 5, May 2019 [126]"|"Caballero"|"John Merle"|1|"20190919175334"|"AA00032"|"School Choir, School Orchestra, Opera Hong Kong Children Chorus"|"MUSIC AUDITION-TOP SCHOOLS WEEKEND 2019"
"S038008"|""|"Music Audition"|"Double Bass"|""|"N/A"|""|"ABRSM Grade 2, May 2017 [123]"|"Dance"|"Rameau"|1|"20190919175518"|"AA00032"|""|"MUSIC AUDITION-TOP SCHOOLS WEEKEND 2019"
"S038008"|""|"Music Audition"|"Singing"|""|"N/A"|""|"ABRSM Grade 6, Apr 2019 [126]"|"O Sole Mio"|"Eduardo Di Capua"|2|"20190919175606"|"AA00032"|""|"MUSIC AUDITION-TOP SCHOOLS WEEKEND 2019"
"S038008"|""|"Music Audition"|"Singing"|""|"N/A"|""|"ABRSM Grade 5, Apr 2018 [120]"|""|""|2|"20190919175635"|"AA00032"|""|"MUSIC AUDITION-TOP SCHOOLS WEEKEND 2019"
"S038656"|""|"Music Audition"|"Violin"|""|"N/A"|""|"TRINITY ATCL, Sep 2017 [93]"|"Concerto in G major 1 st movement"|"W.A. Mozart"|1|"20190919180835"|"AA00032"|""|"MUSIC AUDITION-TOP SCHOOLS WEEKEND 2019"
"S038656"|""|"Music Audition"|"Violin"|""|"N/A"|""|""|"Spanish Dance, Romanza Andaluza"|"Pablo De Sarasate"|1|"20190919181226"|"AA00032"|""|"MUSIC AUDITION-TOP SCHOOLS WEEKEND 2019"
"S037854"|""|"Music Audition"|"Violin"|""|"N/A"|""|"ABRSM Grade 3, Aug 2015 [132] (missing mark sheet)"|"Bach Concerto in E Major, BEV1042 (1st and 2nd Movement)"|"J.S. Bach"|1|"20190919181643"|"AA00032"|""|"MUSIC AUDITION-TOP SCHOOLS WEEKEND 2019"
"S037854"|""|"Music Audition"|"Violin"|""|"N/A"|""|"ABRSM Grade 8, May 2018 [122]"|"Legende opus 17"|"Wieniawski"|1|"20190919181747"|"AA00032"|"Symphony Orchestra (First Violinist) &  Senior String Orchestra (First Violinist)  of 
Ying Wa Primary School"|"MUSIC AUDITION-TOP SCHOOLS WEEKEND 2019"
"S038523"|""|"Music Audition"|"Cello"|""|"N/A"|""|""|"Cello Suite No 3 Sarabande (& Gigue)"|"J.S. Bach"|1|"20190920122500"|"AA00032"|""|"MUSIC AUDITION-TOP SCHOOLS WEEKEND 2019"
"S038574"|""|"Music Audition"|"Horn in F"|""|"N/A"|""|"ABRSM Grade 8, May 2017 [132]"|"Four Pieces Op.35 for Violin and Piano"|"Reinhold Gliere (1875-1956)"|1|"20190921084635"|"AA00084"|""|"MUSIC AUDITION-TOP SCHOOLS WEEKEND 2019"
"S038683"|""|"Music Audition"|"Oboe"|""|"N/A"|""|"ABRSM Grade 8, 2013 [126]"|"Mozart concerto in C Major KV314"|"Mozart"|1|"20190921154154"|"AA00032"|""|"MUSIC AUDITION-TOP SCHOOLS WEEKEND 2019"
"S038683"|""|"Music Audition"|"Oboe"|""|"N/A"|""|""|"Francis Poulenc Oboe Sonata FP 185 first movement"|"Francis Poulenc"|1|"20190921154234"|"AA00032"|""|"MUSIC AUDITION-TOP SCHOOLS WEEKEND 2019"
"S038523"|""|"Music Audition"|"Piano"|""|"N/A"|""|"ABRSM Grade 7, Oct 2018 [Distinction] (missing mark sheet)"|"Chopin Nocturne No. 20 in C sharp minor"|"Chopin"|2|"20190921164106"|"AA00032"|""|"MUSIC AUDITION-TOP SCHOOLS WEEKEND 2019"
"S038219"|""|"Music Audition"|"Violin"|""|"N/A"|""|"ABRSM Grade 8, May 2019 [125]"|"Concerto in G, Hob. Vlla/4, 1st movement"|"Hayden"|1|"20190921184427"|"AA00080"|""|"MUSIC AUDITION-TOP SCHOOLS WEEKEND 2019"
"S038219"|""|"Music Audition"|"Violin"|""|"N/A"|""|""|"Two Mazurkas, Op.19, No.1"|"Henryk Wieniawski"|1|"20190921184519"|"AA00080"|""|"MUSIC AUDITION-TOP SCHOOLS WEEKEND 2019"
"S038219"|""|"Music Audition"|"Piano"|""|"N/A"|""|"Kitty didn't sit piano exam"|"Piano Sonata No.17 in B Flat Major, K.570, 3rd Movement"|"Mozart"|2|"20190921185111"|"AA00032"|""|"MUSIC AUDITION-TOP SCHOOLS WEEKEND 2019"
"S039105"|""|"Music Audition"|"Piano"|""|"N/A"|""|"ABRSM Grade 8,  Apr 2019 [140]"|"Sonata in F Hob. XVI:23"|"Franz Joseph Haydn"|1|"20200821155714"|"AA00032"|"ATCL exam taken via digital assessment in Aug 2020, awaiting result.
Member of Hong Kong Academy for Performing Arts"|"MUSIC AUDITION-TOP SCHOOLS WEEKEND 2020"
"S039105"|""|"Music Audition"|"Piano"|""|"N/A"|""|"ABRSM Grade 6, Aug 2018 [141]"|"Nocturne in B Op. 9 No. 3"|"Frédéric Francois Chopin"|1|"20200821155714"|"AA00032"|"ATCL exam taken via digital assessment in Aug 2020, awaiting result.
Member of Hong Kong Academy for Performing Arts"|"MUSIC AUDITION-TOP SCHOOLS WEEKEND 2020"
"S037928"|""|"Music Audition"|"Piano"|""|"N/A"|""|"ABRSM Grade 8, Oct 2016 [115]"|"Sonata in C Minor Opus 10 No.1 1st movement"|"Beethoven"|1|"20200901123544"|"AA00032"|""|"MUSIC AUDITION-TOP SCHOOLS WEEKEND 2020"
"S037928"|""|"Music Audition"|"Piano"|""|"N/A"|""|"ABRSM Grade 6,  Apr 2015 [143]"|"Mazurka in C Sharp Minor Op. 50 No. 3"|"Chopin"|1|"20200901123751"|"AA00032"|""|"MUSIC AUDITION-TOP SCHOOLS WEEKEND 2020"
"S037928"|""|"Music Audition"|"Violin"|""|"N/A"|""|"ABRSM Grade 8, Nov 2017 [130]"|"Violin Concerto in G major 1st Movement"|"Haydn"|2|"20200901124014"|"AA00032"|""|"MUSIC AUDITION-TOP SCHOOLS WEEKEND 2020"
"S039935"|""|"Music Audition"|"Clarinet"|""|"N/A"|""|"ABRSM Grade 6, Apr 2018 [127]"|"Sonata for Clarinet and Piano (1941-42)"|"Leonard Bernstein"|1|"20200901124644"|"AA00032"|""|"MUSIC AUDITION-TOP SCHOOLS WEEKEND 2020"
"S039935"|""|"Music Audition"|"Piano"|""|"N/A"|""|"ABRSM Grade 3, May 2017 [106]"|"Misty"|"Errol Garner"|2|"20200901124806"|"AA00032"|""|"MUSIC AUDITION-TOP SCHOOLS WEEKEND 2020"
"S039464"|""|"Music Audition"|"French Horn"|""|"N/A"|""|"ABRSM Grade 3, Nov 2017 [123]"|"Sword Dance"|"Guy Woolfenden"|1|"20200901130646"|"AA00032"|""|"MUSIC AUDITION-TOP SCHOOLS WEEKEND 2020"
"S039464"|""|"Music Audition"|"Piano"|""|"N/A"|""|"ABRSM Grade 4, Apr 2018 [120]"|"Rosemary's Waltz No. 2 from Tender is the Night"|"Richard Rodney Bennett"|2|"20200901130807"|"AA00032"|""|"MUSIC AUDITION-TOP SCHOOLS WEEKEND 2020"
"S039998"|""|"Music Audition"|"Violin"|""|"N/A"|""|"ABRSM Grade 4, Aug 2016 [132]"|"Violin Concerto in D major, Op. 35, 2nd movement"|"P. I. Tchaikovsky"|1|"20200901131509"|"AA00032"|""|"MUSIC AUDITION-TOP SCHOOLS WEEKEND 2020"
"S039998"|""|"Music Audition"|"Piano"|""|"N/A"|""|"ABRSM Grade 8, Oct 2019 [131]"|"Piano Sonata in D, K.311, 1st Movement"|"W. A. Mozart"|2|"20200901131645"|"AA00032"|""|"MUSIC AUDITION-TOP SCHOOLS WEEKEND 2020"
"S039590"|""|"Music Audition"|"Piano"|""|"N/A"|""|"ABRSM Grade 8, Oct 2016 [142]"|"Sonatine Movements 1-2"|"Ravel"|1|"20200901132115"|"AA00032"|""|"MUSIC AUDITION-TOP SCHOOLS WEEKEND 2020"
"S037928"|""|"Music Audition"|"Violin"|""|"N/A"|""|"ABRSM Grade 7, Oct 2015 [130]"|""|""|2|"20200901133534"|"AA00032"|""|"MUSIC AUDITION-TOP SCHOOLS WEEKEND 2020"
"S039464"|""|"Music Audition"|"Piano"|""|"N/A"|""|"ABRSM Grade 3, Nov 2016 [120]"|""|""|2|"20200901133738"|"AA00032"|""|"MUSIC AUDITION-TOP SCHOOLS WEEKEND 2020"
"S039998"|""|"Music Audition"|"Piano"|""|"N/A"|""|"ABRSM Grade 6, Oct 2017 [127]"|""|""|2|"20200901134129"|"AA00032"|""|"MUSIC AUDITION-TOP SCHOOLS WEEKEND 2020"
"S038747"|""|"Music Audition"|"Cello"|""|"N/A"|""|"ABRSM Grade 7, Nov 2019 [117]"|"Henry Eccles Sonata in G minor (Largo and Allegro)"|"Henry Eccles"|1|"20200901134554"|"AA00032"|""|"MUSIC AUDITION-TOP SCHOOLS WEEKEND 2020"
"S038747"|""|"Music Audition"|"Cello"|""|"N/A"|""|"ABRSM Grade 5, Aug 2016 [130]"|"Saint-Saens Allegro Appassionato Opus 43 (Allegro)"|"Camille Saint-Saens"|1|"20200901134701"|"AA00032"|""|"MUSIC AUDITION-TOP SCHOOLS WEEKEND 2020"
"S038747"|""|"Music Audition"|"Vocal"|""|"N/A"|""|"Sitting for ABRSM Grade 5 Vocal Exam in Nov 2020"|"Rossini La pastorella delle Alpi"|"Gioachino Rossini"|2|"20200901134838"|"AA00032"|""|"MUSIC AUDITION-TOP SCHOOLS WEEKEND 2020"
"S039526"|""|"Music Audition"|"Piano"|""|"N/A"|""|"ABRSM Grade 3, Sep 2016 [117]"|"Mambo"|"Christopher Norton"|2|"20200901135244"|"AA00032"|""|"MUSIC AUDITION-TOP SCHOOLS WEEKEND 2020"
"S036050"|""|"Music Audition"|"Piano"|""|"N/A"|""|"ABRSM Grade 8, Aug 2019 [112]"|"Piano Sonata in C Major, K. 309, 1st movement"|"Wolfgang Amadeus Mozart"|1|"20200904120505"|"AA00032"|""|"MUSIC AUDITION-TOP SCHOOLS WEEKEND 2020"
"S036050"|""|"Music Audition"|"Piano"|""|"N/A"|""|"ABRSM Grade 6, Apr 2018 [120]"|"Impromptu in G-flat Major, Op. 90, No. 3"|"Franz Schubert"|1|"20200904120558"|"AA00032"|""|"MUSIC AUDITION-TOP SCHOOLS WEEKEND 2020"
"S036050"|""|"Music Audition"|"Clarinet"|""|"N/A"|""|"ABRSM Grade 2, May 2019 [134]"|"Talkin’ the Talk"|"Mike Cornick"|2|"20200904120648"|"AA00032"|""|"MUSIC AUDITION-TOP SCHOOLS WEEKEND 2020"
"S038651"|""|"Music Audition"|"Violin"|""|"N/A"|""|"TRINITY ATCL Diploma  [Awaiting Result]"|"Sonata for Piano and Violin No.5 in F major Op.24 Spring"|"Ludwig van Beethoven"|1|"20200904122025"|"AA00032"|""|"MUSIC AUDITION-TOP SCHOOLS WEEKEND 2020"
"S038651"|""|"Music Audition"|"Violin"|""|"N/A"|""|"ABRSM Grade 8, May 2019  [137]"|"Chanson Russe (Russian Maiden’s Song from Mavra)"|"Igor Fyodorovich Stravinsky"|1|"20200904122141"|"AA00032"|""|"MUSIC AUDITION-TOP SCHOOLS WEEKEND 2020"
"S038651"|""|"Music Audition"|"Piano"|""|"N/A"|""|"ABRSM Grade 6, Oct 2019  [135]"|"Sarabande and Gigue: 4th and 6th Movements from English Suite No.2 in A minor, BWV 807"|"Johann Sebastian Bach"|2|"20200904122316"|"AA00032"|""|"MUSIC AUDITION-TOP SCHOOLS WEEKEND 2020"
"S039346"|""|"Music Audition"|"Saxophone"|""|"N/A"|""|"TRINITY LTCL, Nov 2018 [83]"|"Divertimento pour Saxophone Alto et Orchestre a cordes ou Piano"|"Roger Boutry"|1|"20200904153419"|"AA00032"|""|"MUSIC AUDITION-TOP SCHOOLS WEEKEND 2020"
"S039346"|""|"Music Audition"|"Saxophone"|""|"N/A"|""|"TRINITY ATCL, Jan 2017 [93]"|"Shaping The Curve"|"Michael Nyman"|1|"20200904153541"|"AA00032"|""|"MUSIC AUDITION-TOP SCHOOLS WEEKEND 2020"
"S039346"|""|"Music Audition"|"Piano"|""|"N/A"|""|"ABRSM Grade 6, Nov 2014 [112]"|"Rustling of Spring"|"Chirstian Sinding"|2|"20200904153650"|"AA00032"|""|"MUSIC AUDITION-TOP SCHOOLS WEEKEND 2020"
"S039345"|""|"Music Audition"|"Violin"|""|"N/A"|""|"TRINITY ATCL, May 2017 [64]"|"Violin Concerto No.3"|"Wolfgang Amadeus Mozart"|1|"20200904154418"|"AA00032"|""|"MUSIC AUDITION-TOP SCHOOLS WEEKEND 2020"
"S039345"|""|"Music Audition"|"Piano"|""|"N/A"|""|"TRINITY ATCL, Jan 2017 [93]"|"Chopin Impromptu No.1 in A flat, Op.29"|"Frederic Chopin"|2|"20200904154756"|"AA00032"|""|"MUSIC AUDITION-TOP SCHOOLS WEEKEND 2020"
"S039345"|""|"Music Audition"|"Violin"|""|"N/A"|""|"ABRSM Grade 8, Oct 2014 [141]"|"Spanish Dances No.1- Malaguena"|"Pablo de Sarasate"|1|"20200904155018"|"AA00032"|""|"MUSIC AUDITION-TOP SCHOOLS WEEKEND 2020"
"S039345"|""|"Music Audition"|"Piano"|""|"N/A"|""|"ABRSM Grade 8, Oct 2014 [130]"|""|""|2|"20200904155027"|"AA00032"|""|"MUSIC AUDITION-TOP SCHOOLS WEEKEND 2020"
"S039616"|""|"Music Audition"|"Cello"|""|"N/A"|""|"ABRSM Grade 8 Oct 2018 [130]"|"Cello concerto No.1 in C Major 1st Movement"|"Haydn"|2|"20200904160224"|"AA00032"|""|"MUSIC AUDITION-TOP SCHOOLS WEEKEND 2020"
"S039105"|""|"Music Audition"|"Clarinet"|""|"N/A"|""|"Sit for ABRSM Grade 5 in Apr 2020, but the exam was postponed."|"Fantasy Piece, FS 3h, CNW 66"|"Carl Nielsen"|2|"20200904161314"|"AA00032"|""|"MUSIC AUDITION-TOP SCHOOLS WEEKEND 2020"
"S039464"|""|"Music Audition"|"French Horn"|""|"N/A"|""|"ABRSM Grade 5, Sep 2018 [131]"|"Intermezzo Op. 35-11"|"Reinhold Gliere"|1|"20200904162914"|"AA00032"|"Member of Hong Kong Performers Winds"|"MUSIC AUDITION-TOP SCHOOLS WEEKEND 2020"
"S039616"|""|"Music Audition"|"Piano"|""|"N/A"|""|"ABRSM Grade 8, Nov 2017[131]"|"Etude Op.10 No.5 in G flat major"|"Chopin"|1|"20200904163019"|"AA00032"|"Member of Hong Kong Academy for Performing Arts  (Junior Music Course 2015-2018)"|"MUSIC AUDITION-TOP SCHOOLS WEEKEND 2020"
"S036474"|""|"Music Audition"|"Vocal"|""|"N/A"|""|"ABRSM Grade 8, Nov 2019 [123]"|"Die Mainacht"|"Johannes Brahms"|1|"20200904165437"|"AA00032"|"Young Vocalists"|"MUSIC AUDITION-TOP SCHOOLS WEEKEND 2020"
"S036474"|""|"Music Audition"|"Vocal"|""|"N/A"|""|"ABRSM Grade 7, Oct 2018 [121]"|"O sole mio"|"Eduardo di Capua"|1|"20200904165533"|"AA00032"|""|"MUSIC AUDITION-TOP SCHOOLS WEEKEND 2020"
"S036474"|""|"Music Audition"|"Piano"|""|"N/A"|""|"ABRSM Grade 5, Sep 2018 [103]"|"Cancion de Cuna (Suite de Pequenas Piezas)"|"Oscar Espla, Martin Jones"|2|"20200904165636"|"AA00032"|""|"MUSIC AUDITION-TOP SCHOOLS WEEKEND 2020"
"S039106"|""|"Music Audition"|"Violin"|""|"N/A"|""|"ABRSM Grade 3, Oct 2016 [115]"|"Capriccio, Op. 18"|"Cecile Chaminade"|1|"20200904170220"|"AA00032"|""|"MUSIC AUDITION-TOP SCHOOLS WEEKEND 2020"
"S039106"|""|"Music Audition"|"Viola"|""|"N/A"|""|"Nicole didn't sit viola exam"|"The Montagues and the Capulets from Romeo and Juliet, Op. 64"|"Sergey Prokofiev"|2|"20200904170321"|"AA00032"|""|"MUSIC AUDITION-TOP SCHOOLS WEEKEND 2020"
"S039998"|""|"Music Audition"|"Violin"|""|"N/A"|""|"Grade 8 Exam - Pending for ABRSM's confirmation in Sep 2020"|"Violin Sonata in E minor, Op. 2 No. 8, 1st movement"|"F. M. Veracini"|1|"20200904171109"|"AA00032"|"Dr Yip's Children Choir
St Joseph's College - Chamber Orchestra, String Orchestra"|"MUSIC AUDITION-TOP SCHOOLS WEEKEND 2020"
"S039340"|""|"Music Audition"|"Oboe"|""|"N/A"|""|""|"Oboe Concerto No.2 Andante"|"George Frideric Handel"|1|"20200904180213"|"AA00032"|""|"MUSIC AUDITION-TOP SCHOOLS WEEKEND 2020"
"S039340"|""|"Music Audition"|"Oboe"|""|"N/A"|""|"ABRSM Grade 8, 2015 [pass]"|"Six Metamorphoses after Ovid. for Oboe Solo. 1. Pan. 2. Phaeton. 3. Niobe"|"Benjamin Britten"|1|"20200904180314"|"AA00032"|""|"MUSIC AUDITION-TOP SCHOOLS WEEKEND 2020"
"S037822"|""|"Music Audition"|"Piano"|""|"N/A"|""|"ABRSM Grade 3, Oct 2018 [121]"|"Arietta in B-flat Major"|"Dennis Alexander"|2|"20200904181531"|"AA00032"|""|"MUSIC AUDITION-TOP SCHOOLS WEEKEND 2020"
"S037822"|""|"Music Audition"|"Clarinet"|""|"N/A"|""|"ABRSM Grade 8, Oct 2019 [120]"|"4 Fantasiestücke, Op.43"|"Gade"|1|"20200904182238"|"AA00032"|"Member of Hong Kong Academy of Performing Arts
Concert Master of Senior Band of Ying Wa Primary School (2019-2020)
Member of Senior Choir Of Ying Wa Primary School (2017-2020)
Outstanding Achievement in Music Award and Music Scholarship from Ying Wa Primary School"|"MUSIC AUDITION-TOP SCHOOLS WEEKEND 2020"
"S037822"|""|"Music Audition"|"Clarinet"|""|"N/A"|""|""|"Allegro con brio: 1st movt from Sonatina, Op. 29"|"Malcolm Arnold"|1|"20200904182550"|"AA00032"|""|"MUSIC AUDITION-TOP SCHOOLS WEEKEND 2020"
"S038460"|""|"Music Audition"|"Clarinet"|""|"N/A"|""|"ABRSM Grade 5, Apr 2016 [105]"|"Study in G minor, Piece No. 80"|"Henry Lazarus"|1|"20200907160253"|"AA00032"|""|"MUSIC AUDITION-TOP SCHOOLS WEEKEND 2020"
"S037443"|""|"Music Audition"|"Violin"|""|"N/A"|""|"ABRSM Grade 3, May 2018 [138]"|"Concerto in  A minor Op. 3 No.6, 1st Movement"|"A. Vivaldi/ T. Nachez"|1|"20200907163352"|"AA00032"|""|"MUSIC AUDITION-TOP SCHOOLS WEEKEND 2020"
"S037443"|""|"Music Audition"|"Violin"|""|"N/A"|""|"ABRSM Grade 5, Oct 2019 [132]"|"Intermezzo"|"Kodaly"|1|"20200907163438"|"AA00032"|"Hong Kong Schools Music Festival Descant Recorder Solo Age 10 or under Merit
Takako Nishizaki Violin Studio Limited"|"MUSIC AUDITION-TOP SCHOOLS WEEKEND 2020"
"S038460"|""|"Music Audition"|"Clarinet"|""|"N/A"|""|"ABRSM Grade 8, Oct 2019 [110]"|"Allegro appassionato, 1st Movement from Sonata in F minor, Op. 120 No. 1"|"Brahms, Komponierty 1894 . Erschinen 1895"|1|"20200907164450"|"AA00032"|"Hong Kong Performers Winds Junior
Hayden has participated in the music festival when he was in Primary School"|"MUSIC AUDITION-TOP SCHOOLS WEEKEND 2020"
"S039616"|""|"Music Audition"|"Piano"|""|"N/A"|""|"ABRSM Grade 7, Nov 2015 [132]"|"Haydn Piano Sonata in C Major Hob XVI:50 1st and 2nd Movement"|"Haydn"|1|"20200907175213"|"AA00032"|""|"MUSIC AUDITION-TOP SCHOOLS WEEKEND 2020"
"S039955"|""|"Music Audition"|"Cello"|""|"N/A"|""|"ABRSM Grade 7, Oct 2016 [116]"|"Concerto in C major"|"Joseph Haydn"|1|"20200908105715"|"AA00032"|""|"MUSIC AUDITION-TOP SCHOOLS WEEKEND 2020"
"S039530"|""|"Music Audition"|"Saxophone"|""|"N/A"|""|""|"Tango Till You Drop"|"Richard Kershaw"|1|"20200908105909"|"AA00032"|""|"MUSIC AUDITION-TOP SCHOOLS WEEKEND 2020"
"S037717"|""|"Music Audition"|"Cello"|""|"N/A"|""|"ABRSM Grade 5, Aug 2016 [136]"|"Tarentelle No.1 in A minor for cello and piano, Op. 24"|"Daniël van Goens"|1|"20200908120423"|"AA00032"|""|"MUSIC AUDITION-TOP SCHOOLS WEEKEND 2020"
"S037717"|""|"Music Audition"|"Singing"|""|"N/A"|""|"ABRSM Grade 8, Oct 2019 [134]"|"Flow, my tears"|"John Dowland"|2|"20200908120510"|"AA00032"|""|"MUSIC AUDITION-TOP SCHOOLS WEEKEND 2020"
"S037717"|""|"Music Audition"|"Singing"|""|"N/A"|""|"ABRSM Grade 7, Oct 2018 [124]"|""|""|2|"20200908120542"|"AA00032"|""|"MUSIC AUDITION-TOP SCHOOLS WEEKEND 2020"
"S037245"|""|"Music Audition"|"Violin"|""|"N/A"|""|"ABRSM Grade 5, Oct 2016 [121]"|"Romantic Pieces Op. 75, 1st Movement"|"Dvorak"|1|"20200908121613"|"AA00032"|"School Orchestra at St Paul's Co-educational School Primary School
Evan has been in first violin section of the Orchestra of St Paul's Co-educational School Primary School for the past two years."|"MUSIC AUDITION-TOP SCHOOLS WEEKEND 2020"
"S037245"|""|"Music Audition"|"Violin"|""|"N/A"|""|""|"Violin Sonata in B flat major K454, 2nd Movement"|"Mozart"|1|"20200908121855"|"AA00032"|""|"MUSIC AUDITION-TOP SCHOOLS WEEKEND 2020"
"S037016"|""|"Music Audition"|"Viola"|""|"N/A"|""|"ABRSM Grade 6, Sep 2019 [120]"|"Divertimento in C major 1st Movement"|"W.A. Mozart"|1|"20200910114001"|"AA00032"|""|"MUSIC AUDITION-TOP SCHOOLS WEEKEND 2020"
"S037016"|""|"Music Audition"|"Viola"|""|"N/A"|""|""|"Tango"|"Isaac Albeniz"|1|"20200910114031"|"AA00032"|""|"MUSIC AUDITION-TOP SCHOOLS WEEKEND 2020"
"S037016"|""|"Music Audition"|"Piano"|""|"N/A"|""|"ABRSM Grade 8, Sep 2019 [108]"|"Prokofiev op 12 Prelude in C-major"|"Prokofiev"|2|"20200910114350"|"AA00032"|""|"MUSIC AUDITION-TOP SCHOOLS WEEKEND 2020"
"S037016"|""|"Music Audition"|"Piano"|""|"N/A"|""|"ABRSM Grade 6, Aug 2017 [117]"|""|""|2|"20200910114445"|"AA00032"|""|"MUSIC AUDITION-TOP SCHOOLS WEEKEND 2020"
"S037986"|""|"Music Audition"|"Violin"|""|"N/A"|""|""|"Concerto No. 5 in D Major, Op.22, 1st Mvt."|"F. Seitz"|1|"20200910115914"|"AA00032"|""|"MUSIC AUDITION-TOP SCHOOLS WEEKEND 2020"
"S037986"|""|"Music Audition"|"Violin"|""|"N/A"|""|"Evan didn't sit violin exam"|"Bourree"|"JS Bach"|1|"20200910125750"|"AA00032"|"Violin Playing, with Professor Melissa Nino, 4 years. Prof. Nino is the Director of Music at El Sistema HK.

Evan follows the Suzuki School of Music and is now on Book 4. In the past year, he has studied Haydn’s 4th Violin Concerto in G (1st mvmt) , and Seitz’s Violin Concerto no. 5 (Op. 22, 1st mvmt)."|"MUSIC AUDITION-TOP SCHOOLS WEEKEND 2020"
"S040000"|""|"Music Audition"|"Bassoon"|""|"N/A"|""|"ARSM Level 4 Diploma in Music Performance, Oct 2019 [47]"|"Mozart Second Movement"|"Mozart"|1|"20200910161347"|"AA00032"|"Hong Kong Children’s Symphony Orchestra"|"MUSIC AUDITION-TOP SCHOOLS WEEKEND 2020"
"S040000"|""|"Music Audition"|"Bassoon"|""|"N/A"|""|"ABRSM Grade 8, Oct 2018 [121]"|"Sicilienne et Allergo Giocoso"|"Gabriel Grovlez"|1|"20200910161531"|"AA00032"|""|"MUSIC AUDITION-TOP SCHOOLS WEEKEND 2020"
"S039590"|""|"Music Audition"|"Percussion (Marimba)"|""|"N/A"|""|"ABRSM Grade 8, Sep 2016 [134]"|""|""|2|"20200911150656"|"AA00032"|""|"MUSIC AUDITION-TOP SCHOOLS WEEKEND 2020"
"S039590"|""|"Music Audition"|"Percussion (Marimba)"|""|"N/A"|""|"TRINITY LTCL, May 2018 [88]"|"Tambourin Paraphrase (Marimba)"|"Keiko Abe"|2|"20200911150726"|"AA00032"|""|"MUSIC AUDITION-TOP SCHOOLS WEEKEND 2020"
"S039530"|""|"Music Audition"|"Saxophone"|""|"N/A"|""|"ABRSM Grade 5, Aug 2019 [124]"|"Czardas"|"Bela Kovacs"|1|"20200911153055"|"AA00032"|"Alison is the principal Saxophone in her school orchestra."|"MUSIC AUDITION-TOP SCHOOLS WEEKEND 2020"
"S039106"|""|"Music Audition"|"Violin"|""|"N/A"|""|"ABRSM Grade 5, May 2019 [140]"|"Vidui: No 1 from Baal Shem (Three Pictures of Chassidic Life)"|"Ernest Bloch"|1|"20200911154145"|"AA00032"|"Member of Hong Kong Academy for Performing Arts
Enrolled to take violin Grade 8 exam in Apr 2020 but was postponed."|"MUSIC AUDITION-TOP SCHOOLS WEEKEND 2020"
"S037717"|""|"Music Audition"|"Cello"|""|"N/A"|""|"ABRSM Grade 8, Oct 2019 [135]"|"Cello Concerto No. 1 in A minor, Op. 33: Allegro non troppo"|"Camille Saint-Saëns"|1|"20200911154858"|"AA00032"|"Member of Hong Kong Academy for Performing Arts, Hong Kong Children's Choir"|"MUSIC AUDITION-TOP SCHOOLS WEEKEND 2020"
"S039526"|""|"Music Audition"|"Saxophone"|""|"N/A"|""|"ABRSM Grade 3, Apr 2019 [144]"|"Aria"|"Eugene Bozza"|1|"20200911155527"|"AA00032"|"Member of Metropolitan Youth Orchestra of HK"|"MUSIC AUDITION-TOP SCHOOLS WEEKEND 2020"
"S039526"|""|"Music Audition"|"Saxophone"|""|"N/A"|""|""|"Sarabande ET Allegro"|"Gabriel Grovlez"|1|"20200911155532"|"AA00032"|""|"MUSIC AUDITION-TOP SCHOOLS WEEKEND 2020"
"S037934"|""|"Music Audition"|"Clarinet"|""|"N/A"|""|"TRINITY ATCL,  Aug 2019 [86]"|"Fantasiestucke(Clarinet in Bb) Opus 73, 1st, 2nd and 3rd Movement"|"Robert Schumann"|1|"20200911155948"|"AA00032"|"Member of Hong Kong Academy for Performing Arts
Alliance Primary School Senior Band
Alliance Primary School Orchestra"|"MUSIC AUDITION-TOP SCHOOLS WEEKEND 2020"
"S039590"|""|"Music Audition"|"Piano"|""|"N/A"|""|"TRINITY ATCL, Nov 2017 [82]"|"Allegro de Concierto"|"E. Granados"|1|"20200911172808"|"AA00032"|"Member of Hong Kong Academy for Performing Arts"|"MUSIC AUDITION-TOP SCHOOLS WEEKEND 2020"
"S038242"|""|"Music Audition"|"Piano"|""|"N/A"|""|"ABRSM Grade 4, Apr 2019 [111]"|"Sérénade sur l’eau No. 10 from Petite suite en 15 images"|"Jacques Ibert"|1|"20200912100819"|"AA00032"|""|"MUSIC AUDITION-TOP SCHOOLS WEEKEND 2020"
"S038242"|""|"Music Audition"|"Piano"|""|"N/A"|""|"ABRSM Grade 2, Sep 2017 [121]"|"Sonatina in G Major Opus 36 No.2 3rd Movement"|"Clementi"|1|"20200912100943"|"AA00032"|""|"MUSIC AUDITION-TOP SCHOOLS WEEKEND 2020"
"S040197"|""|"Music Audition"|"Oboe"|""|"N/A"|""|"ABRSM Grade 7, Oct 2017 [120]"|"Six Metamorphoses after Ovid for oboe solo - I. Pan"|"Benjamin Britten"|1|"20200912121719"|"AA00032"|""|"MUSIC AUDITION-TOP SCHOOLS WEEKEND 2020"
"S039956"|""|"Music Audition"|"Violin"|""|"N/A"|""|"TRINITY ATCL, Nov 2017 [77]"|"Paganini, Caprice No. 20"|"Niccolò Paganini"|1|"20200913140757"|"AA00032"|"Diocesan Boys School - Symphony Orchestra"|"MUSIC AUDITION-TOP SCHOOLS WEEKEND 2020"
"S040101"|""|"Music Audition"|"Banhu"|""|"N/A"|""|"Nil"|"The Crescent Moon at Mid-Night"|"Chinese Folk Song"|2|"20200915112606"|"AA00032"|""|"MUSIC AUDITION-TOP SCHOOLS WEEKEND 2020"
"S040101"|""|"Music Audition"|"Erhu"|""|"N/A"|""|"The Central Conservatory of Music Erhu Examination:  Grade 9, Oct 2018 [Pass]"|"Horse Racing"|"Huang Hai Huai"|1|"20200915113507"|"AA00032"|"Member of Hong Kong Academy for Performing Arts"|"MUSIC AUDITION-TOP SCHOOLS WEEKEND 2020"
"S040101"|""|"Music Audition"|"Erhu"|""|"N/A"|""|"The Central Conservatory of Music Erhu Examination: Grade 7, Oct 2017 [Distinction]"|"Sunshine over Tashkurgan"|"Chen Gang"|1|"20200915113517"|"AA00032"|""|"MUSIC AUDITION-TOP SCHOOLS WEEKEND 2020"
"S040230"|""|"Music Audition"|"Piano"|""|"N/A"|""|"ABSRM Grade 8, Oct 2019 [133]"|"Sonata XI"|"Mozart"|1|"20200916115509"|"AA00032"|"Hong Kong Children's Choir"|"MUSIC AUDITION-TOP SCHOOLS WEEKEND 2020"
"S040230"|""|"Music Audition"|"Piano"|""|"N/A"|""|"ABRSM Grade 7, Nov 2018 [130]"|"The cat and the mouse"|"Aaron Copland"|1|"20200916115603"|"AA00032"|""|"MUSIC AUDITION-TOP SCHOOLS WEEKEND 2020"
"S040230"|""|"Music Audition"|"Violin"|""|"N/A"|""|"ABRSM Grade 4, May 2019 [139]"|"Allegro First movement from concerto in G, op. 3, No. 3 rv 310"|"Antonio Vivaldi"|2|"20200916115715"|"AA00032"|""|"MUSIC AUDITION-TOP SCHOOLS WEEKEND 2020"
"S036688"|""|"Music Audition"|"Piano"|""|"N/A"|""|"TRINITY ATCL, May 2019 [73]"|"Etudes Op10, No 3 and No. 5"|"Frederic Chopin"|1|"20200917111108"|"AA00032"|"Member of Hong Kong Academy for Performing Arts
Owen will provide video to schools for Organ audition"|"MUSIC AUDITION-TOP SCHOOLS WEEKEND 2020"
"S040222"|""|"Music Audition"|"Tuba"|""|"N/A"|""|"ABRSM Grade 8, Apr 2016 [130]"|"Sonata in C, 2nd - 5th movement"|"George Frideric Handel"|1|"20200917115238"|"AA00032"|""|"MUSIC AUDITION-TOP SCHOOLS WEEKEND 2020"
"S040222"|""|"Music Audition"|"Tuba"|""|"N/A"|""|"TRINITY ATCL, Sep 2019  [70]"|"Tuba Concerto"|"Philip Sparke"|1|"20200917115427"|"AA00032"|"Member of Hong Kong Academy for Performing Arts
Hong Kong Youth Symphonic Orchestra
Music Office of the Government of HKSAR
Lok Sum also achieved Grade 8 Piano exam [116] in May 2018"|"MUSIC AUDITION-TOP SCHOOLS WEEKEND 2020"
"S040197"|""|"Music Audition"|"Oboe"|""|"N/A"|""|"ABRSM Grade 8, Oct 2018 [120]"|"Three Romances Part 1"|"Robert Schumann"|1|"20200917120401"|"AA00032"|"Malvern College Hong Kong school orchestra"|"MUSIC AUDITION-TOP SCHOOLS WEEKEND 2020"
"S039956"|""|"Music Audition"|"Violin"|""|"N/A"|""|"ABRSM Grade 8, May 2016 [136]"|"Mozart's Violin Concerto No. 3 in G Major K.216, 2nd movement"|"W. A. Mozart"|1|"20200918112210"|"AA00032"|""|"MUSIC AUDITION-TOP SCHOOLS WEEKEND 2020"
"S039935"|""|"Music Audition"|"Clarinet"|""|"N/A"|""|"ABRSM Grade 8, Apr 2019 [105]"|"Sonata for Clarinet and Piano Op. 120. Nr 2 (movt II)"|"Brahms"|1|"20200919104954"|"AA00032"|"Concert master wind band
Secondary school wind band
Anson had applied for Piano Grade 6 exam, due to COVID 19, the exam was postponed"|"MUSIC AUDITION-TOP SCHOOLS WEEKEND 2020"
"S036688"|""|"Music Audition"|"Piano"|""|"N/A"|""|"ABRSM Grade 8, Apr 2018 [136]"|"Allemande BWV816"|"J.S.Bach"|1|"20200920090047"|"AA00032"|""|"MUSIC AUDITION-TOP SCHOOLS WEEKEND 2020"
"S036688"|""|"Music Audition"|"Organ"|""|"N/A"|""|"ABRSM Grade 8, May 2019 [122]"|"Toccata and Fugue in D minor BWV565"|"J.S. Bach"|2|"20200920090122"|"AA00032"|""|"MUSIC AUDITION-TOP SCHOOLS WEEKEND 2020"
"S039849"|""|"Music Audition"|"Percussion (Xylophone, Snare drum)"|""|"N/A"|""|"ABRSM Grade 5, Oct 2017 [123]"|"Allegro from Concerto in A minor, Op.3 No.6"|"Vivaldi"|1|"20201107132148"|"AA00061"|""|"MUSIC AUDITION-TOP SCHOOLS WEEKEND 2020 (13 NOV 2020)"
"S039849"|""|"Music Audition"|"Percussion (Xylophone, Snare drum)"|""|"N/A"|""|"ABRSM Grade 8, Oct 2019 [121]"|"Black and White Rag"|"George Botsford"|1|"20201107132155"|"AA00061"|"WYCHK Symphony Orchestra"|"MUSIC AUDITION-TOP SCHOOLS WEEKEND 2020 (13 NOV 2020)"
"S039849"|""|"Music Audition"|"Piano"|""|"N/A"|""|"ABRSM Grade 5, Oct 2019 [115]"|"Sonatina Op.36, No.6"|"Muzio Clementi"|2|"20201107132312"|"AA00061"|""|"MUSIC AUDITION-TOP SCHOOLS WEEKEND 2020 (13 NOV 2020)"
"S039849"|""|"Music Audition"|"Piano"|""|"N/A"|""|"ABRSM Grade 2, Sep 2015 [121]"|""|""|2|"20201107132344"|"AA00061"|""|"MUSIC AUDITION-TOP SCHOOLS WEEKEND 2020 (13 NOV 2020)"
"S036605"|""|"Music Audition"|"Double Bass"|""|"N/A"|""|"ABRSM Grade 8, May 2019 [123]"|"APRÈS UN RÊVE"|"Gabriel Fauré"|1|"20201112104947"|"AA00061"|""|"MUSIC AUDITION-TOP SCHOOLS WEEKEND 2020 (13 NOV 2020)"
"S036605"|""|"Music Audition"|"Double Bass"|""|"N/A"|""|"ABRSM Grade 5, Apr 2017 [125]"|"Concerto"|"Giuseppe Antonio Capuzzi"|1|"20201112105142"|"AA00061"|""|"MUSIC AUDITION-TOP SCHOOLS WEEKEND 2020 (13 NOV 2020)"
"S039866"|""|"Music Audition"|"Piano"|""|"N/A"|""|"ABRSM Grade 8, Aug 2018 [117]"|"Chopin Waltz in C Sharp Minor Opus 64 No.2"|"Chopin"|2|"20201112105832"|"AA00061"|""|"MUSIC AUDITION-TOP SCHOOLS WEEKEND 2020 (13 NOV 2020)"
"S039866"|""|"Music Audition"|"Piano"|""|"N/A"|""|"ABRSM Grade 3, Aug 2013 [125]"|""|""|2|"20201112105836"|"AA00061"|""|"MUSIC AUDITION-TOP SCHOOLS WEEKEND 2020 (13 NOV 2020)"
"S039866"|""|"Music Audition"|"Violin"|""|"N/A"|""|"ABRSM Grade 5, Aug 2015 [128]"|"Arvo Pärt Fratres (Brothers)"|"Arvo Pärt"|1|"20201112105840"|"AA00061"|""|"MUSIC AUDITION-TOP SCHOOLS WEEKEND 2020 (13 NOV 2020)"
"S039866"|""|"Music Audition"|"Violin"|""|"N/A"|""|"ABRSM Grade 8, Sep 2017 [121]"|"Mozart Violin Concerto in A major KV 219 1st Movement"|"Mozart"|1|"20201112105844"|"AA00061"|"Symphony Orchestra of St. Paul's Co-educational College
Hong Kong Youth Music Interflows Symphony Orchestra Contest Primary School"|"MUSIC AUDITION-TOP SCHOOLS WEEKEND 2020 (13 NOV 2020)"
"S038550"|""|"Music Audition"|"Violin"|""|"N/A"|""|""|"Intermezzo from Hary Janos"|"Zoltan Kodaly"|1|"20210814170550"|"AA00061"|""|"MUSIC AUDITION-TOP SCHOOLS WEEKEND 2021"
"S038550"|""|"Music Audition"|"Violin"|""|"N/A"|""|"ABRSM Grade 5, Oct 2019 [135]"|"Meditation from Thais"|"Julia Massenet"|1|"20210820103040"|"AA00061"|"Member of HK Children's Choir, Takako Nishizaki Violin Studio
Memebr of DBSPD Senior Orchestra and String Orchestra, Music Medley (Aug 2021),  Music Performance (Feb 2018, Feb 2019, Nov 2019. Feb 2020)
Participated in the 73rd HK Schools Music Festival in Apr 2021, Violin Solo Grade 5, Third Place (90)
Music video clip: https://drive.google.com/file/d/18p1COCxMLfLFH3QkSIA7tSmToElN1uS4/view"|"MUSIC AUDITION-TOP SCHOOLS WEEKEND 2021"
"S040896"|""|"Music Audition"|"Piano"|""|"N/A"|""|"ABRSM Grade 5, Feb 2021 [140], ABRSM Grade 3, Aug 2018 [132]"|"Kuhlau Sonatina in C Major"|"Kuhlau"|2|"20210820103919"|"AA00061"|""|"MUSIC AUDITION-TOP SCHOOLS WEEKEND 2021"
"S039139"|""|"Music Audition"|"Flute"|""|"N/A"|""|""|"Concerto in D major KV 314(285d)"|"Mozart"|1|"20210820114732"|"AA00061"|""|"MUSIC AUDITION-TOP SCHOOLS WEEKEND 2021"
"S039139"|""|"Music Audition"|"Piano"|""|"N/A"|""|"ABRSM Grade 8, August 2019 [124]; ABRSM Grade 5, August 2017 [136]"|"Sonatina Op. 100"|"Nikolai Kapustin"|2|"20210820115101"|"AA00061"|""|"MUSIC AUDITION-TOP SCHOOLS WEEKEND 2021"
"S039139"|""|"Music Audition"|"Flute"|""|"N/A"|""|"Target to archieve Grade 7 in mid 2022"|"Sonata in E flat major BWV 1031(allegro moderator)"|"J S Bach"|1|"20210820115133"|"AA00061"|"2018-2019 Year 6 exhibition opening"|"MUSIC AUDITION-TOP SCHOOLS WEEKEND 2021"
"S039455"|""|"Music Audition"|"Trombone"|""|"N/A"|""|"ABRSM Grade 8, April 2018 [130]"|"Concerto for Trombone"|"Rimsky & Korsakov"|1|"20210820120603"|"AA00061"|"APA, 2019
HK Performers Winds, 2015-2018
Metropolitan Youth Orchestra, 2018-2019
APSKT choir, 2015-2016"|"MUSIC AUDITION-TOP SCHOOLS WEEKEND 2021"
"S039455"|""|"Music Audition"|"Trombone"|""|"N/A"|""|"ABRSM Grade 7, May 2017 [105]"|"Arban Characteristic Studies #11"|"JB Arban"|1|"20210820120700"|"AA00061"|""|"MUSIC AUDITION-TOP SCHOOLS WEEKEND 2021"
"S039152"|""|"Music Audition"|"Cello"|""|"N/A"|""|"ABRSM Grade 7, Oct 2019 [134]"|"Vocalise Op.34, No.14"|"Sergei Rachmaninov"|1|"20210820121401"|"AA00061"|""|"MUSIC AUDITION-TOP SCHOOLS WEEKEND 2021"
"S040896"|""|"Music Audition"|"Cello"|""|"N/A"|""|"ABRSM Grade 5, Nov 2019 [134]"|"Telemann Lento and Allegro (1st and 2nd movts from Sonata in D, TWV 41:D6)"|"Telemann"|1|"20210820145631"|"AA00061"|"School's Virtual Christmas Music Concert - Dec 2020
CCC Kei Wan Primary School (Aldrich Bay) - Open Day - Jun 2019, School's Christmas Concert - Dec 2018
Music video clip: https://drive.google.com/file/d/1nTwml8M9XyCspUxegNao3khqNfJIQ7X9/view?usp=sharing"|"MUSIC AUDITION-TOP SCHOOLS WEEKEND 2021"
"S040029"|""|"Music Audition"|"Piano"|""|"N/A"|""|"ABRSM Grade 8 September 2015 [109/150]"|"Clementi Sonatina Op.36 No.6"|"Muzio Clementi"|1|"20210827165912"|"AA00061"|""|"MUSIC AUDITION-TOP SCHOOLS WEEKEND 2021"
"S035067"|""|"Music Audition"|"Percussion"|""|"N/A"|""|""|"Black and White Rag"|"GEORGE BOTSFORD"|1|"20210903170522"|"AA00032"|""|"MUSIC AUDITION-TOP SCHOOLS WEEKEND 2021"
"S035067"|""|"Music Audition"|"Piano"|""|"N/A"|""|"ABRSM Grade 8 Jan 2021 [132]"|"Lullaby Op.10"|"William Mason"|2|"20210903170534"|"AA00032"|""|"MUSIC AUDITION-TOP SCHOOLS WEEKEND 2021"
"S041398"|""|"Music Audition"|"Flute"|""|"N/A"|""|"ABRSM Grade 6 November 2019 [108]"|"Sea Echo"|"Sally Adams"|1|"20210904114205"|"AA00032"|""|"MUSIC AUDITION-TOP SCHOOLS WEEKEND 2021"
"S041398"|""|"Music Audition"|"Flute"|""|"N/A"|""|"ABRSM Grade 8 August 2021 [102]"|"Waltz in B minor Opus 69 No.2"|"Chopin"|1|"20210904115508"|"AA00032"|"Experience of group music making: Wind Band of Yaumatei Catholic Primary School (Hoi Wang Road), 2016-2019 - 71st Hong Kong Schools Music Festival Wind Band U13 - Merit 2019
Experience of singing: Yip's Children Choir, 2011-2016, School Choir of Yaumatei Catholic Primary school, (Hoi Wang Road) (2019), Opera Hong Kong Children Chorus, 2016 till now (Outstanding member in 2018 & 2019)"|"MUSIC AUDITION-TOP SCHOOLS WEEKEND 2021"
"S041398"|""|"Music Audition"|"Piano"|""|"N/A"|""|"ABRSM Grade 5 November 2018 [120], ABRSM Grade 3 October 2015 [118]"|"Mozart piano Sonata No.5 in G major K.283-1. Allegro"|"Mozart"|2|"20210904115536"|"AA00032"|""|"MUSIC AUDITION-TOP SCHOOLS WEEKEND 2021"
"S041500"|""|"Music Audition"|"Harp"|""|"N/A"|""|"attempting ABRSM Grade 8 (Harp) in Dec of 2021"|"Gavotte"|"Carlos Salzedo"|1|"20210904180348"|"AA00061"|"Experience of group music making: Harp Ensembles in Harp Chamber (2019-2021)
Experience of singing (choirs etc): St. Stephen's College Choir, 2019-2021

https://drive.google.com/drive/folders/1nG-LZPGD553kLavW40SbcSR4q7ybP97h"|"MUSIC AUDITION-TOP SCHOOLS WEEKEND 2021"
"S040029"|""|"Music Audition"|"Acoustic guitar"|""|"N/A"|""|"Rock School Grade 5 March 2021 [90/100] (missing mark sheet)"|"Kiss from a rose (@Rock School grade 6 Acoustic Guitar syllabus)"|"Seal - Giorgio Serci"|2|"20210904182247"|"AA00061"|""|"MUSIC AUDITION-TOP SCHOOLS WEEKEND 2021"
"S040029"|""|"Music Audition"|"Piano"|""|"N/A"|""|"Trinity ATCL December 2020 [69/100] (missing mark sheet)"|"Chopin Grande Valse Brillante Op.18 (in Eb major)"|"Frederic Chopin"|1|"20210904182258"|"AA00061"|"Was a member and pianist in the school choir for more than 5 years in La Salle Primary school.(2011-2017) Played as keyboard/guitarist/vocal in a junior 5-people band. (2016-2021~)
Played as keyboard/guitarist/vocal in a junior 5-people band. (2016-2021~)
Sang in a choir for more than 5 years in Primary school.(2011-2017)"|"MUSIC AUDITION-TOP SCHOOLS WEEKEND 2021"
"S041298"|""|"Music Audition"|"Bassoon"|""|"N/A"|""|"ABRSM Grade 8 Bassoon November 2018 (113)"|"Sonata in F major (bassoon)"|"William Hurlstone"|1|"20210906131320"|"AA00032"|""|"MUSIC AUDITION-TOP SCHOOLS WEEKEND 2021"
"S039106"|""|"Music Audition"|"Violin"|""|"N/A"|""|"ATCL July 2021 [pending result]"|"Beethoven Sonata in F, op.24 ""Spring"" 4th movement"|"Ludwig Van Beethoven"|1|"20210906131748"|"AA00032"|"- Junior Strings Ensemble of APA, 2018-present"|"MUSIC AUDITION-TOP SCHOOLS WEEKEND 2021"
"S039106"|""|"Music Audition"|"Violin"|""|"N/A"|""|"ABRSM Grade 8 January 2021 [134]"|"Legende, op.17"|"Henri Wieniawski"|1|"20210906131748"|"AA00032"|"- Junior Strings Ensemble of APA, 2018-present"|"MUSIC AUDITION-TOP SCHOOLS WEEKEND 2021"
"S039106"|""|"Music Audition"|"Viola"|""|"N/A"|""|"Nil"|"The Montagues and the Capulets from Romeo and Juliet, Op.64"|"Sergey Prokofiev"|2|"20210906131824"|"AA00032"|""|"MUSIC AUDITION-TOP SCHOOLS WEEKEND 2021"
"S039988"|""|"Music Audition"|"Double Bass"|""|"N/A"|""|"ABRSM Grade 6 April 2018 (125)"|"Andante (Concerto Op.3,11. Andante)"|"S. Koussevitzky"|1|"20210906132746"|"AA00032"|"Hong Kong Camerata Strings (Double Bass, 2015-2021); Symphony Orchestra at school (Double bass, 2019-2021); School band (Singing/Bass guitar, 2018-2021); School Musical (Bass guitar), Church band of Sunday School(Bass guitar, 2019-2021), Bell group of Church in Sunday Service (Double bass); Lower primary Choir(2015-2016); Primary Orchestra (2016-2018)"|"MUSIC AUDITION-TOP SCHOOLS WEEKEND 2021"
"S039988"|""|"Music Audition"|"Bass Guitar"|""|"N/A"|""|"Will do Rockschool grade 5 exam in Oct 2021"|"Greek"|"James Uings"|2|"20210906132835"|"AA00032"|""|"MUSIC AUDITION-TOP SCHOOLS WEEKEND 2021"
"S041298"|""|"Music Audition"|"Bassoon"|""|"N/A"|""|"ATCL Diploma in Bassoon November 2020 (68)"|"Concerto in E minor, RV484 for Bassoon and Piano"|"Antonio Vivaldi"|1|"20210906144220"|"AA00032"|"-St. Paul Convent School, Primary Section orchestra 2019-2020 
-Heep Yunn School orchestra, 2020-2021
-https://youtu.be/SCWebC2XMQY"|"MUSIC AUDITION-TOP SCHOOLS WEEKEND 2021"
"S039988"|""|"Music Audition"|"Double Bass"|""|"N/A"|""|"ABRSM Grade 8 August 2019(125), will do ATCL exam in Oct 2021"|"Sonata in G minor (Movement two)"|"Henry Eccels"|1|"20210906144504"|"AA00032"|"Hong Kong Camerata Strings (2015-2021); Symphony Orchestra at school (2019-2021); 
School band (Singing/Bass guitar, 2018-2021); 
School Musical (Bass guitar);
Church band of Sunday School(Bass guitar, 2019-2021);
Bell group of Church in Sunday Service (Double bass); 
Lower primary Choir(2015-2016); Primary Orchestra (2016-2018)"|"MUSIC AUDITION-TOP SCHOOLS WEEKEND 2021"
"S038076"|""|"Music Audition"|"Piano"|""|"N/A"|""|"ABRSM Grade 6 October 2019 [124]"|"Scarf Dance, Op37 No.3"|"Cecil Chaminade"|2|"20210906145136"|"AA00032"|""|"MUSIC AUDITION-TOP SCHOOLS WEEKEND 2021"
"S037934"|""|"Music Audition"|"Clarinet"|""|"N/A"|""|"Grade 8(ABRSM) August 2018"|"Sonatina No. 1st, 2nd and 3rd Movement"|"Joseph Horovitz"|1|"20210906145511"|"AA00032"|"Diocesan Boys' School Symphony Orchestra, Diocesan Boys' School Wind Orchestra, Diocesan Boys' School Wind Ensemble, APA Junior Band, Alliance Primary School Symphony Orchestra,2018-2020; Alliance Primary School Senior Wind Band, 2017-2020."|"MUSIC AUDITION-TOP SCHOOLS WEEKEND 2021"
"S037934"|""|"Music Audition"|"Clarinet"|""|"N/A"|""|"ATCL  August 2019 [86]"|"Grand Duo Concertant Op. 48 No. 1st Movement"|"C.M.v.Weber"|1|"20210906145805"|"AA00032"|"Diocesan Boys' School Symphony Orchestra, 
Diocesan Boys' School Wind Orchestra, 
Diocesan Boys' School Wind Ensemble, APA Junior Band, 
Alliance Primary School Symphony Orchestra,2018-2020;
Alliance Primary School Senior Wind Band, 2017-2020."|"MUSIC AUDITION-TOP SCHOOLS WEEKEND 2021"
"S041558"|""|"Music Audition"|"Cello"|""|"N/A"|""|"ABRSM Grade 6, April 2019 [114]"|"Tarantelle Op. 24"|"Goens"|1|"20210906150144"|"AA00032"|"2015-2018 - Percussion Ensembles, St. Paul’s Co-educational College Primary School 
2018-2020 - Orchestra, St. Paul’s Co-educational College Primary School
Bach’s Prelude in G Major performance clip: https://drive.google.com/file/d/1_YaHtkSmPTP5MYi3ETXh70IFgUZM6BHN/view?usp=sharing"|"MUSIC AUDITION-TOP SCHOOLS WEEKEND 2021"
"S041558"|""|"Music Audition"|"Cello"|""|"N/A"|""|"ABRSM Grade 8, January 2021 [109]"|"Praludium and Courante 1st and 2nd Movements from Sonata in G Minor"|"H. Eccles"|1|"20210906150407"|"AA00032"|"2015-2018 - Percussion Ensembles, St. Paul’s Co-educational College Primary School
2018-2020 - Orchestra, St. Paul’s Co-educational College Primary School
Bach’s Prelude in G Major performance clip: https://drive.google.com/file/d/1_YaHtkSmPTP5MYi3ETXh70IFgUZM6BHN/view?usp=sharing"|"MUSIC AUDITION-TOP SCHOOLS WEEKEND 2021"
"S040899"|""|"Music Audition"|"Piano"|""|"N/A"|""|"ABRSM Grade 8 May 2017 [141/150]"|"Etude in G flat major Op. 10 No. 5"|"Chopin"|1|"20210906151034"|"AA00032"|"Pianists' Chamber of St. Paul's Co-educational College, 2018-2021 
Chamber music with the Young Musician Series, 2019-2021
Treble choir of St. Paul's Co-educational College, 2018-2021
(organising part rehearsals as a leader of alto)"|"MUSIC AUDITION-TOP SCHOOLS WEEKEND 2021"
"S039935"|""|"Music Audition"|"Clarinet"|""|"N/A"|""|"ABRSM Grade 8 April 2019 [105/150]"|"Gerald Finzi : Five Bagatelles, Op. 23: Movement V - Fughetta"|"Gerald Finzi"|1|"20210906152928"|"AA00032"|"Metropolitan Youth Orchestra (Section leader) : 2021- Present 
Post-Modern Orchestra Association (2nd Clarinet): 2021- Present
St. Paul's Co-Educational College's Wind Band (2nd Clarinet) : 2019- Present 
St. Paul's Co-Educational College's Symphony Orchestra (2nd Clarinet): 2019- Present 
St. Paul's Co-Educational College Primary School's Wind Band (Concert master): 2015- 2019 
St. Paul's Co-Educational College Primary School's Symphony Orchestra (Section leader): 2015- 2019"|"MUSIC AUDITION-TOP SCHOOLS WEEKEND 2021"
"S039935"|""|"Music Audition"|"Piano"|""|"N/A"|""|"ABRSM Grade 8 July 2021[102/150]"|"Domenico Scarlatti : Sonata in D, Kp 443"|"Domenico Scarlatti"|2|"20210906153025"|"AA00032"|""|"MUSIC AUDITION-TOP SCHOOLS WEEKEND 2021"
"S039935"|""|"Music Audition"|"Piano"|""|"N/A"|""|"ABRSM Grade 3 May 2017 [106/150]"|""|""|2|"20210906153025"|"AA00032"|""|"MUSIC AUDITION-TOP SCHOOLS WEEKEND 2021"
"S039935"|""|"Music Audition"|"Clarinet"|""|"N/A"|""|"ABRSM Diploma (ARSM) July 2021 [45/50]"|"Schumann : Fantasy Pieces (Fantasiestrucke) Opus 73, Movements 1-3"|"Schumann"|1|"20210906153542"|"AA00032"|"Metropolitan Youth Orchestra (Section leader) : 2021- Present 
Post-Modern Orchestra Association (2nd Clarinet): 2021- Present; St. Paul's Co-Educational College's Wind Band & Symphony Orchestra (2nd Clarinet): 2019- Present ; St. Paul's Co-Educational College Primary School's Wind Band (Concert master): 2015- 2019; St. Paul's Co-Educational College Primary School's Symphony Orchestra (Section leader): 2015- 2019"|"MUSIC AUDITION-TOP SCHOOLS WEEKEND 2021"
"S040852"|""|"Music Audition"|"Voice"|""|"N/A"|""|""|"Memory, from Cats the Musical"|"Andrew Lloyd Webber"|1|"20210906154019"|"AA00032"|"-YALC Broadway Kids (Broadway productions)
-YCIS Primary Orchestra 2011-2017
-YCIS Chorale 2018-present"|"MUSIC AUDITION-TOP SCHOOLS WEEKEND 2021"
"S040852"|""|"Music Audition"|"Piano"|""|"N/A"|""|"ABRSM Grade 7 2018 May [105]"|"Interludium and Fuga No.3 from Ludus Tonalis"|"Paul Hindemith"|2|"20210906154241"|"AA00032"|""|"MUSIC AUDITION-TOP SCHOOLS WEEKEND 2021"
"S040852"|""|"Music Audition"|"Voice"|""|"N/A"|""|"ABRSM Grade 8 October 2019 [135]"|"Le Colibri, Op.2 no. 7 (Hamelle)"|"Ernest Chausson"|1|"20210906154504"|"AA00032"|"-YALC Broadway Kids (Broadway productions)
-YCIS Primary Orchestra 2011-2017
-YCIS Chorale 2018-present
-recent award winning song composition in YCYW worldwide competition: https://www.youtube.com/watch?v=vEJANB090wg"|"MUSIC AUDITION-TOP SCHOOLS WEEKEND 2021"
"S037965"|""|"Music Audition"|"Viola"|""|"N/A"|""|"ABRSM Grade 5 2017 [134]"|"Elegie Opus 44"|"Alexander Glasunow"|1|"20210906155143"|"AA00032"|"School orchestra from 2015 to 2020"|"MUSIC AUDITION-TOP SCHOOLS WEEKEND 2021"
"S039464"|""|"Music Audition"|"French Horn"|""|"N/A"|""|"ABRSM Grade 5 Sep 2018 (131 Distinction)"|"Alla Caccia"|"Alan Abbott"|1|"20210906161200"|"AA00032"|"Hong Kong Performers Winds 2018-2021 ; Renaissance College - Band of 40 2018-2020; Ying Wa Primary School - Junior Orchestra 2015-2018; Ying Wa Primary School - Choir 2015-2018;The Hongkong Children's Choir 2012-2015"|"MUSIC AUDITION-TOP SCHOOLS WEEKEND 2021"
"S039464"|""|"Music Audition"|"Piano"|""|"N/A"|""|"ABRSM Grade 4 April 2018 (120 Merit)"|""|""|2|"20210906161239"|"AA00032"|""|"MUSIC AUDITION-TOP SCHOOLS WEEKEND 2021"
"S039464"|""|"Music Audition"|"French Horn"|""|"N/A"|""|"ABRSM Grade 8 June 2021 (133 Distinction); Trinity's Performance Diploma (will take exam in April 2022)"|"Rondo-Allegro 3rd Movement from Horn Concerto No. 2 in Eb, K417"|"W. A. Mozart"|1|"20210906161538"|"AA00032"|"Hong Kong Performers Winds 2018-2021; 
Renaissance College - Band of 40 2018-2020; 
Ying Wa Primary School - Junior Orchestra 2015-2018; 
Ying Wa Primary School - Choir 2015-2018;
The Hongkong Children's Choir 2012-2015
Piano solo music video clip (Feb 2021): https://youtu.be/j_z-XjNs5II"|"MUSIC AUDITION-TOP SCHOOLS WEEKEND 2021"
"S039464"|""|"Music Audition"|"Piano"|""|"N/A"|""|"ABRSM Grade 7 January 2021 (134 Distinction), will take Grade 8 examination in December 2021"|"Rondo No.1 from Three Rondos on Folk Tunes"|"Bela Bartok"|2|"20210906161612"|"AA00032"|""|"MUSIC AUDITION-TOP SCHOOLS WEEKEND 2021"
"S040680"|""|"Music Audition"|"Percussion"|""|"N/A"|""|"ABRSM Grade 8 May 2017 [136]"|"Marimba Dances for solo marimba 1st Movement"|"Ross Edwards"|1|"20210906162945"|"AA00032"|"-La Salle College Wind Orchestra ( 2017 - present ) 
-La Salle College Symphony Orchestra ( 2019 - present ) 
-La Salle College Percussion Ensemble ( 2017 - present )
-HK Children's Choir 2009-2011"|"MUSIC AUDITION-TOP SCHOOLS WEEKEND 2021"
"S040680"|""|"Music Audition"|"Piano"|""|"N/A"|""|"ABRSM Grade 7 May 2019 [134]"|"Sonata in F K.332 1st Movement Allegro"|"Mozart"|2|"20210906163023"|"AA00032"|""|"MUSIC AUDITION-TOP SCHOOLS WEEKEND 2021"
"S040899"|""|"Music Audition"|"Piano"|""|"N/A"|""|"ATCL Recital Diploma April 2019 [68/100]"|"Sonata in B minor, K. 27"|"Scarlatti"|1|"20210906163349"|"AA00032"|"Pianists' Chamber of St. Paul's Co-educational College, 2018-2021 
Chamber music with the Young Musician Series, 2019-2021
Treble choir of St. Paul's Co-educational College, 2018-2021
(organising part rehearsals as a leader of alto)
Brahms viola sonata in F minor, Op. 120, No. 1, 2nd movement: 
https://youtu.be/iXhvew9B6Q0"|"MUSIC AUDITION-TOP SCHOOLS WEEKEND 2021"
"S041004"|""|"Music Audition"|"Singing"|""|"N/A"|""|"ABRSM Grade 8 June 2021 [113]"|"Shy one"|"Rebecca Clarke"|1|"20210906163641"|"AA00032"|"-Hong Kong International Vocal Academy
-Vocal solo, 2020-2021"|"MUSIC AUDITION-TOP SCHOOLS WEEKEND 2021"
"S041004"|""|"Music Audition"|"Singing"|""|"N/A"|""|""|"Ridente la calma, K. 152"|"Mozart"|1|"20210906163641"|"AA00032"|"-Hong Kong International Vocal Academy
-Vocal solo, 2020-2021"|"MUSIC AUDITION-TOP SCHOOLS WEEKEND 2021"
"S041004"|""|"Music Audition"|"Piano"|""|"N/A"|""|"ABRSM Grade 6 May 2021 [139]"|"Allegro (4th movt from Sonata No. 8 in C)"|"Pescetti"|2|"20210906163712"|"AA00032"|""|"MUSIC AUDITION-TOP SCHOOLS WEEKEND 2021"
"S041388"|""|"Music Audition"|"Cello"|""|"N/A"|""|"ABRSM GRADE 8 CELLO MAY 2019 (131)"|"Cello concerto No.1 1st movement in A minor"|"Camille Saint-saens"|1|"20210906164358"|"AA00032"|"Hong Kong Junior Chamber Ensemble(2018-19), 
Hong Kong Junior Chamber Ensemble(2019-2020), 
APA JSO Orchestra (2020-present)"|"MUSIC AUDITION-TOP SCHOOLS WEEKEND 2021"
"S041388"|""|"Music Audition"|"Cello"|""|"N/A"|""|""|"Cello Sonata op.38 1st movement in E minor"|"Johannes Brahms"|1|"20210906164358"|"AA00032"|"Hong Kong Junior Chamber Ensemble(2018-19), 
Hong Kong Junior Chamber Ensemble(2019-2020), 
APA JSO Orchestra (2020-present)"|"MUSIC AUDITION-TOP SCHOOLS WEEKEND 2021"
"S038379"|""|"Music Audition"|"Piano"|""|"N/A"|""|"ABRSM Grade 6 November 2016 [131]"|"Grieg Nocturne Opus 54 No. 4"|"Grieg"|1|"20210906165726"|"AA00032"|"-Member of school senior orchestra (clarinet)(2019-2021);
-Piano accompanist of orchestra (2021) 
-Piano accompanist of school choirs (2019-2020) 
*school choirs were suspended due to pandemic
-Member of school junior choir & Hymn Choir (2016-19) 
-Member of school senior choir (2019-2020) 
*school choirs were suspended due to pandemic"|"MUSIC AUDITION-TOP SCHOOLS WEEKEND 2021"
"S038379"|""|"Music Audition"|"Clarinet"|""|"N/A"|""|"ABRSM Grade 5 October 2019 [130]"|"Saint-Saëns Clarinet Sonata Opus 167 No. 1"|"Saint-Saëns"|2|"20210906165757"|"AA00032"|""|"MUSIC AUDITION-TOP SCHOOLS WEEKEND 2021"
"S039956"|""|"Music Audition"|"Violin"|""|"N/A"|""|"ATCL November 2017 [77]"|"Spanish Dance - Romanza Andaluza"|"Sarasate"|1|"20210906170206"|"AA00032"|"DBS String & Symphony Orchestra , 2018-2020"|"MUSIC AUDITION-TOP SCHOOLS WEEKEND 2021"
"S039956"|""|"Music Audition"|"Violin"|""|"N/A"|""|""|"Caprice 20"|"Paganini"|1|"20210906170206"|"AA00032"|"DBS String & Symphony Orchestra , 2018-2020"|"MUSIC AUDITION-TOP SCHOOLS WEEKEND 2021"
"S041705"|""|"Music Audition"|"Violin"|""|"N/A"|""|"ABRSM Grade 8, May 2021 [130]"|"F. M. Veracini: Allegro: 1st movement from Sonata in E minor, Opus 2 No. 8"|"F. M. Vercanini"|1|"20210906171057"|"AA00032"|"F.M. Veracini: Allegro:1st mov't from Sonata in E minor, Op.2 No.8: https://drive.google.com/file/d/1AtFOOUsN2phyWwmUrubVPtjn5fFHhCfs/view?usp=sharing
Tchaikovsky: Canzonetta: Andante: 2nd mov't from Concerto in D, Op.35
https://drive.google.com/file/d/1CCeY4JSFVgSlG5Zg4kj2rTF7hVm4HuaQ/view?usp=sharing"|"MUSIC AUDITION-TOP SCHOOLS WEEKEND 2021"
"S041756"|""|"Music Audition"|"Violin"|""|"N/A"|""|"ATCL September 2019 [68]"|"Violin Concerto No 3 - 1st movement"|"Mozart"|1|"20210906171635"|"AA00032"|"Good Hope School String Orchestra (2014-2018)
Good Hope School Choir (2014-2018)"|"MUSIC AUDITION-TOP SCHOOLS WEEKEND 2021"
"S041756"|""|"Music Audition"|"Violin"|""|"N/A"|""|""|"Violin Concerto No 3 - 3rd movement"|"Mozart"|1|"20210906171635"|"AA00032"|"Good Hope School String Orchestra (2014-2018)
Good Hope School Choir (2014-2018)"|"MUSIC AUDITION-TOP SCHOOLS WEEKEND 2021"
"S040960"|""|"Music Audition"|"Violin"|""|"N/A"|""|""|"Dvorak Romantische Stucke op75 No.1, 2nd Movement"|"Dovrak"|1|"20210906172242"|"AA00032"|"-HK Children's Choir
-School orchestra 2015-2020
-School choir, 2013- current"|"MUSIC AUDITION-TOP SCHOOLS WEEKEND 2021"
"S040960"|""|"Music Audition"|"Vocal"|""|"N/A"|""|"ABRSM Grade 4 2018 [132]"|"Brahms, Sonntag"|"Brahms"|2|"20210906172313"|"AA00032"|""|"MUSIC AUDITION-TOP SCHOOLS WEEKEND 2021"
"S040960"|""|"Music Audition"|"Violin"|""|"N/A"|""|"ABRSM Grade 8 Oct 2019 [122]"|"Mozart Sonata in Bflat major, K 454 for Piano and Violin, 2nd Movement"|"Mozart"|1|"20210906172331"|"AA00032"|"-HK Children's Choir
-School orchestra 2015-2020
-School choir, 2013- current
-Music video clip
https://youtu.be/y3nN3nUkmuo"|"MUSIC AUDITION-TOP SCHOOLS WEEKEND 2021"
"S040293"|""|"Music Audition"|"Flute"|""|"N/A"|""|"ABRSM Grade 5 October 2017[110]"|"Waltz in B minor, Op 69 No.2"|"Frederic Chopin"|1|"20210906172733"|"AA00032"|"School orchestra 2017-2021 
School band 2020-2021"|"MUSIC AUDITION-TOP SCHOOLS WEEKEND 2021"
"S039943"|""|"Music Audition"|"Clarinet"|""|"N/A"|""|"ABRSM Grade 7, May 2019 [130]"|"I got Rhythm"|"Paul Harvey"|1|"20210906174532"|"AA00032"|"1. Clarinettist in Concert Band of St. Paul's College , since Sep-2020 2. Clarinettist in Symphony Orchestra of St. Paul's College, since Sep-2020 3. Base Clarinettist in Senior School Concert Band of KTS School (Primary Section), May-2019 to Jun-2020 4. Clarinettist in Senior School Concert Band of KTS School (Primary Section), Sep-2017 to Apr-2019 5. Clarinettist in Junior School Concert Band of KTS School (Primary Section), Sep-2016 to Jul-2017
Singing: 1. Junior Choir of St. Paul's College, since Sep-20 2. Junior Choir of Kowloon Tong School (Primary Section), Sep-2014 to Jul-2016"|"MUSIC AUDITION-TOP SCHOOLS WEEKEND 2021"
"S039943"|""|"Music Audition"|"Clarinet"|""|"N/A"|""|"ABRSM Grade 8, January 2021 [139]"|"Concerto in Eb., Op.36, I movt"|"Franz Vinzenz Krommer"|1|"20210906174731"|"AA00032"|"1. Clarinettist in Concert Band of St. Paul's College , since Sep-2020 
2. Clarinettist in Symphony Orchestra of St. Paul's College, since Sep-2020 
Singing: 1. Junior Choir of St. Paul's College, since Sep-20 2. Junior Choir of Kowloon Tong School (Primary Section), Sep-2014 to Jul-2016
Performance in the ABRSM Grade 8 exam; https://youtu.be/pFrb_v_R5YE
Performance in the 73rd School Music Festival; https://youtu.be/zxfegqn_TFQ"|"MUSIC AUDITION-TOP SCHOOLS WEEKEND 2021"
"S039105"|""|"Music Audition"|"Piano"|""|"N/A"|""|"ABRSM Grade 8 April 2019 [140]"|"Nocturne in B, Opus 9 No. 1"|"Frédéric Francois Chopin"|1|"20210906175835"|"AA00032"|"Member of APA"|"MUSIC AUDITION-TOP SCHOOLS WEEKEND 2021"
"S039105"|""|"Music Audition"|"Piano"|""|"N/A"|""|"ATCL July 2020 [88]"|"Beethoven Sonata in C minor Opus 10 No. 1"|"Ludwig van Beethoven"|1|"20210906175835"|"AA00032"|"Member of APA"|"MUSIC AUDITION-TOP SCHOOLS WEEKEND 2021"
"S039105"|""|"Music Audition"|"Clarinet"|""|"N/A"|""|"N/A"|"Fantasy Piece, FS 3h, CNW66"|"Carl Nielsen"|2|"20210906175910"|"AA00032"|""|"MUSIC AUDITION-TOP SCHOOLS WEEKEND 2021"
"S039955"|""|"Music Audition"|"Cello"|""|"N/A"|""|"ABRSM Grade 8, Nov 2017 [124]"|"Fantasiestucke op73 1st & 2nd Movement"|"Robert Schumann"|1|"20210909151533"|"AA00061"|"Video link:
https://drive.google.com/file/d/1XUbJUKTWH0XaDeuxrxNUTgKAu8i3a7An/view"|"MUSIC AUDITION-TOP SCHOOLS WEEKEND 2020"
"S037965"|""|"Music Audition"|"Viola"|""|"N/A"|""|"ABRSM Grade 8 2018 [125]; Just finished recording for Trinty ATCL"|"J.S.Bach Suites no. 1 for Violoncello [Prelude, Allemande, Courante, Sarabande]"|"J.S. Bach"|1|"20210909173936"|"AA00061"|"School orchestra from 2015 to 2020
Viola: https://youtu.be/rm8hXiLYT3s 
Piano: https://youtu.be/5ghJop662js"|"MUSIC AUDITION-TOP SCHOOLS WEEKEND 2021"
"S039955"|""|"Music Audition"|"Cello"|""|"N/A"|""|"Trinity ATCL August 2021 (pending), ABRSM Grade 8 November 2017 [124]"|"Brahms Sonata in E minor Opus 38 1st Movement"|"Johannes Brahms"|1|"20210910111049"|"AA00032"|"-Po Leung Kuk Choi Kai Yau School Senior Orchestra (1st Cello), 2019-2021.
-Werfen Orchestra, 2015-2021.
-ATCL video:
https://drive.google.com/file/d/1XUbJUKTWH0XaDeuxrxNUTgKAu8i3a7An/view?usp=drive_web"|"MUSIC AUDITION-TOP SCHOOLS WEEKEND 2021"
"S039955"|""|"Music Audition"|"Cello"|""|"N/A"|""|"ABRSM Grade 7 October 2016 [116]"|"Haydn Concerto in C major Hob.VIIb:1 1st Movement"|"Joseph Haydn"|1|"20210910111049"|"AA00032"|"-Po Leung Kuk Choi Kai Yau School Senior Orchestra (1st Cello), 2019-2021.
-Werfen Orchestra, 2015-2021.
-ATCL video:
https://drive.google.com/file/d/1XUbJUKTWH0XaDeuxrxNUTgKAu8i3a7An/view?usp=drive_web"|"MUSIC AUDITION-TOP SCHOOLS WEEKEND 2021"
"S041716"|""|"Music Audition"|"Euphonium"|""|"N/A"|""|"ABRSM Grade 5 2018 [116]"|"Pokka"|"Allen Vizzutti"|1|"20210910112019"|"AA00032"|"Good Hope Primary School Symphonic Band 2016-2021,
Symphony Orchestra, 2018-2020; 
Good Hope School Symphonic Band 2021
Woodwind performance 2021:
https://drive.google.com/file/d/1E0OSsl1HiZ1fpPZDi9ZsX1tvDY653wcL/view?usp=sharing"|"MUSIC AUDITION-TOP SCHOOLS WEEKEND 2021"
"S041716"|""|"Music Audition"|"Piano"|""|"N/A"|""|"ABRSM Grade 6 2021 [pending for results]"|"Prelude Glière Op 43"|"Reinhold Glière"|2|"20210910112126"|"AA00032"|""|"MUSIC AUDITION-TOP SCHOOLS WEEKEND 2021"
"S041716"|""|"Music Audition"|"Piano"|""|"N/A"|""|"ABRSM Grade 3 2017 [122]"|""|""|2|"20210910112126"|"AA00032"|""|"MUSIC AUDITION-TOP SCHOOLS WEEKEND 2021"
"S041716"|""|"Music Audition"|"Euphonium"|""|"N/A"|""|"ABRSM Grade 7 2019 [113]"|"Vocalise"|"Sergei Rachmaninov"|1|"20210910112355"|"AA00032"|"Good Hope Primary School Symphonic Band 2016-2021,
Symphony Orchestra, 2018-2020; 
Good Hope School Symphonic Band 2021
Video links:
https://youtu.be/3LVArCntmM0
https://youtu.be/_6mj1mbrOq4"|"MUSIC AUDITION-TOP SCHOOLS WEEKEND 2021"
"S040667"|""|"Music Audition"|"Violin"|""|"N/A"|""|"ABRSM Grade 5: 130 (January 2021)"|"Humoresque"|"A. Dvorak"|1|"20210910113818"|"AA00032"|"The Hong Kong Children’s Strings"|"MUSIC AUDITION-TOP SCHOOLS WEEKEND 2021"
"S040667"|""|"Music Audition"|"Violin"|""|"N/A"|""|"ABRSM Grade 2 2017"|"Bourree"|"J. S. Bach"|1|"20210910113847"|"AA00032"|"The Hong Kong Children’s Strings"|"MUSIC AUDITION-TOP SCHOOLS WEEKEND 2021"
"S041500"|""|"Music Audition"|"Harp"|""|"N/A"|""|"ABRSM Grade 4 Merit (Harp) 2015"|"My Favorite Things"|"Richard Rodgers, arranged by Skaila Kanga"|1|"20210910115440"|"AA00032"|""|"MUSIC AUDITION-TOP SCHOOLS WEEKEND 2021"
"S039152"|""|"Music Audition"|"Cello"|""|"N/A"|""|"ABRSM Cello Performance Grade 8, Jan 2021 [139]"|"Suite 1 (Prelude, Allemande, Gigue)"|"J.S. Bach"|1|"20210910120246"|"AA00032"|"School Junior Orchestra (Principal Cello) (2017-2019)
Senior Orchestra and String Orchestra since 2019
(1) Strings Competition May2021 (Faure: Elegie) https://youtu.be/8BZqnd5pfC0
(2) ABRSM Grade 8 Recording Jan 2021 https://youtu.be/hPyDdf-gvHo
(3) Cello Performance (Austrian Master Class, Zell, Austria) Aug 2019 (Squire: Tarantella Op,23)
https://youtu.be/jaiN5D2_sj8"|"MUSIC AUDITION-TOP SCHOOLS WEEKEND 2021"
"S035067"|""|"Music Audition"|"Percussion (Marimba)"|""|"N/A"|""|"ABRSM Grade 8 September 2019 [135]"|"Danse Boheme from Carmen, Act 2"|"BIZET"|1|"20210910124621"|"AA00032"|"-Percussion Band (but due to the pandemic, no more practices)
-Participated in School's Band which included music composition project and then performed the pieces in School."|"MUSIC AUDITION-TOP SCHOOLS WEEKEND 2021"
"S038076"|""|"Music Audition"|"Cello"|""|"N/A"|""|"ABRSM Grade 8 March 2021 [118]"|"Allemanda : 2nd movement from Sonata in G Minor, RV42"|"Vivaldi"|1|"20210910131143"|"AA00032"|"As a cellist in the School Orchestra and a soprano in the School Choir, I really enjoy playing music and singing with my colleagues. It's definitely a memorable experience.
-School Orchestra, 2017 - present
-School Choir 2013 - present"|"MUSIC AUDITION-TOP SCHOOLS WEEKEND 2021"
"S038076"|""|"Music Audition"|"Cello"|""|"N/A"|""|"ABRSM Grade 7 October 2019 [120]"|"Allegretto quasi Menuetto & Trio : 2nd movement from Sonata in E minor, Op.38"|"Brahms"|1|"20210910131313"|"AA00032"|"As a cellist in the School Orchestra and a soprano in the School Choir, I really enjoy playing music and singing with my colleagues. It's definitely a memorable experience.
-School Orchestra, 2017 - present
-School Choir 2013 - present"|"MUSIC AUDITION-TOP SCHOOLS WEEKEND 2021"
"S040680"|""|"Music Audition"|"Piano"|""|"N/A"|""|"ABRSM Grade 5 [133]"|""|""|2|"20210910131803"|"AA00032"|""|"MUSIC AUDITION-TOP SCHOOLS WEEKEND 2021"
"S037934"|""|"Music Audition"|"Clarinet"|""|"N/A"|""|"ABRSM Grade 8, Aug 2018 (131)"|"Sonata(Clarinet in Bb), 1st and 2nd Movement"|"Leonard Bernstein"|1|"20210910145254"|"AA00032"|""|"MUSIC AUDITION-TOP SCHOOLS WEEKEND 2020"
"S038379"|""|"Music Audition"|"Piano"|""|"N/A"|""|"ABRSM Grade 8 March 2021 [133]"|"Beethoven Sonate Opus 14 No. 1"|"Beethoven"|1|"20210910173953"|"AA00061"|"-Member of school senior orchestra (clarinet)(2019-2021);
-Piano accompanist of orchestra (2021) and school choirs (2019-2020) 
*school choirs were suspended due to pandemic
-Member of school junior choir & Hymn Choir (2016-19), senior choir (2019-2020)
https://youtu.be/ZomvBaO8m8M
https://youtu.be/wRrCVQ8EkhU"|"MUSIC AUDITION-TOP SCHOOLS WEEKEND 2021"
"S041183"|""|"Music Audition"|"Violin"|""|"N/A"|""|"ABRSM Grade 5 October 2015 [113]"|"Cesar Franck Sonata in A major for Violin and Piano 4th Movement"|"Cesar Franck"|1|"20210910175819"|"AA00032"|"Diocesan Boys' School Chinese Orchestra (Sept 2020-present) 
Diocesan Boys' School Primary Division Symphony Orchestra (Sept 2017-Jul 2020) 
Diocesan Boys' School Primary Division String Orchestra (Sept 2017-Jul 2020) 
Diocesan Boys' School Primary Division Chinese Orchestra (Sept 2017-Jul 2020)
Hong Kong Children's Choir (2013-2019)"|"MUSIC AUDITION-TOP SCHOOLS WEEKEND 2021"
"S041183"|""|"Music Audition"|"Violin"|""|"N/A"|""|"ABRSM Grade 8 November 2018 [123]"|"Mozart Concerto No.3 in G major K216 3rd Movement"|"Mozart"|1|"20210910180203"|"AA00032"|"Diocesan Boys' School Chinese Orchestra (Sept 2020-present) 
Diocesan Boys' School Primary Division Symphony Orchestra (Sept 2017-Jul 2020) 
Diocesan Boys' School Primary Division String Orchestra (Sept 2017-Jul 2020) 
Diocesan Boys' School Primary Division Chinese Orchestra (Sept 2017-Jul 2020)
Hong Kong Children's Choir (2013-2019)
Performances: https://drive.google.com/file/d/1dLo_sHdkNGqkXCvPKV5VFazMYL-uv8K9/view?usp=drivesdk, https://www.youtube.com/watch?v=aNwZicmpwJw"|"MUSIC AUDITION-TOP SCHOOLS WEEKEND 2021"
"S041183"|""|"Music Audition"|"Erhu"|""|"N/A"|""|"Central Conservatory of Music Erhu Grade 5, July 2019 [Pass]"|""|""|2|"20210910182534"|"AA00061"|""|"MUSIC AUDITION-TOP SCHOOLS WEEKEND 2021"
"S041335"|""|"Music Audition"|"Piano"|""|"N/A"|""|"ABRSM Grade 7 January 2021 (142)"|"Gigue: fifth movement from Suite No.8 in F minor, HWV 433"|"George Frideric Handel"|1|"20210911164732"|"AA00032"|"Primary School Junior String Orchestra (2015 to 2017)
Hong Kong Children's Choir (2014)
School Intermediate Choir (2015-2017)
Primary School Treble Choir (2017-2020)
College Treble Choir (2020- current)"|"MUSIC AUDITION-TOP SCHOOLS WEEKEND 2021"
"S041335"|""|"Music Audition"|"Piano"|""|"N/A"|""|"ABRSM Grade 5 August 2016 (114)"|"Ridicolosamente: No.10 from Visions fugitives, Op.22"|"Sergey Prokofiev"|1|"20210911164732"|"AA00032"|"Primary School Junior String Orchestra (2015 to 2017)
Hong Kong Children's Choir (2014)
School Intermediate Choir (2015-2017)
Primary School Treble Choir (2017-2020)
College Treble Choir (2020- current)"|"MUSIC AUDITION-TOP SCHOOLS WEEKEND 2021"
"S041335"|""|"Music Audition"|"Violin"|""|"N/A"|""|"ABRSM Grade 5 February 2021 (130)"|"Allegro: first movement from Concerto in G, Op 3 No.3, RV 310"|"Antonio Vivaldi"|2|"20210911164905"|"AA00032"|""|"MUSIC AUDITION-TOP SCHOOLS WEEKEND 2021"
"S041335"|""|"Music Audition"|"Violin"|""|"N/A"|""|"ABRSM Grade 3 August 2018 (130)"|""|""|2|"20210911164905"|"AA00032"|""|"MUSIC AUDITION-TOP SCHOOLS WEEKEND 2021"
"S037965"|""|"Music Audition"|"Piano"|""|"N/A"|""|"ABRSM Grade 2 in 2015 (missing mark sheet) Angus will enrol into Grade 8 in 2021"|"Snow, moon and flowers"|"Peter Sculthorpe"|2|"20210913102043"|"AA00061"|""|"MUSIC AUDITION-TOP SCHOOLS WEEKEND 2021"
"S041233"|""|"Music Audition"|"Trumpet"|""|"N/A"|""|"ABRSM Grade 5 August 2019 [115]"|"Romanze 1805"|"Johann Nepomuk Hummel"|1|"20210916103136"|"AA00032"|"-Youth Choir at Pentecostal Mission Church 2020 - 2022
-Choir of S.K.H. Kei Yan Primary School 2016-2018
-Children Choir at Pentecostal Mission Church 2012-2019"|"MUSIC AUDITION-TOP SCHOOLS WEEKEND 2021"
"S041233"|""|"Music Audition"|"Trumpet"|""|"N/A"|""|"ABRSM Grade 3 October 2017 [112]"|"Lindy Hop!"|"Tom Davoren"|1|"20210916103156"|"AA00032"|"-Youth Choir at Pentecostal Mission Church 2020 - 2022
-Choir of S.K.H. Kei Yan Primary School 2016-2018
-Children Choir at Pentecostal Mission Church 2012-2019"|"MUSIC AUDITION-TOP SCHOOLS WEEKEND 2021"
"S041553"|""|"Music Audition"|"Bassoon"|""|"N/A"|""|"ABRSM Grade 5 02 Nov 2019 [135]"|"Concerto in Bb, K.191 1st movement, Allegro"|"Mozart"|1|"20210916130624"|"AA00032"|"-Member of APA
-SPCC Orchestra (2020-now)
-PMG (2019-2020)
-SPCCPS Wind Band (2017-2020)"|"MUSIC AUDITION-TOP SCHOOLS WEEKEND 2021"
"S041553"|""|"Music Audition"|"Bassoon"|""|"N/A"|""|""|"Study No. 35 (from Bassoon Studies, Op.8, Vol.2)"|"Weissenborn"|1|"20210916130624"|"AA00032"|"-Member of APA
-SPCC Orchestra (2020-now)
-PMG (2019-2020)
-SPCCPS Wind Band (2017-2020)"|"MUSIC AUDITION-TOP SCHOOLS WEEKEND 2021"
"S041553"|""|"Music Audition"|"Piano"|""|"N/A"|""|"ABRSM Grade 8 11 Oct 2019 [134]"|"Nocturne in G minor (Op.37 No.1)"|"Fryderky Chopin"|2|"20210916130705"|"AA00032"|""|"MUSIC AUDITION-TOP SCHOOLS WEEKEND 2021"
"S040805"|""|"Music Audition"|"Piano"|""|"N/A"|""|"ABRSM Grade 8 September 2021 [result pending]"|"Allegro/Moderato (1st movement from Sonata [No.3] in A"|"Marianne Martinez"|1|"20210917103723"|"AA00032"|"-Member of Dr Yip's 
-Joined the school orchestra for a short period of time, due to COVID Pandemic, 
after school activities cancelled soon after school started."|"MUSIC AUDITION-TOP SCHOOLS WEEKEND 2021"
"S040805"|""|"Music Audition"|"Piano"|""|"N/A"|""|"ABRSM Grade 5 November 2019 [120]"|"Thunder in Drought Season"|"Chen Peixum"|1|"20210917103723"|"AA00032"|"-Member of Dr Yip's 
-Joined the school orchestra for a short period of time, due to COVID Pandemic, 
after school activities cancelled soon after school started."|"MUSIC AUDITION-TOP SCHOOLS WEEKEND 2021"
"S040805"|""|"Music Audition"|"Violin"|""|"N/A"|""|"ABRSM Grade 8 Jan 2021 [133]"|"Allegro/Moderato (First movement from concerto in G)"|"Haydn"|2|"20210917103836"|"AA00032"|""|"MUSIC AUDITION-TOP SCHOOLS WEEKEND 2021"
"S040805"|""|"Music Audition"|"Violin"|""|"N/A"|""|"ABRSM Grade 5 May 2019 [124]"|""|""|2|"20210917103836"|"AA00032"|""|"MUSIC AUDITION-TOP SCHOOLS WEEKEND 2021"
"S041233"|""|"Music Audition"|"Singing"|""|"N/A"|""|"Matthew didn't sit singing exam"|"The Birds' Lament"|"Richard Rodney Bennett"|2|"20210917113047"|"AA00061"|""|"MUSIC AUDITION-TOP SCHOOLS WEEKEND 2021"
"S041817"|""|"Music Audition"|"Cello"|""|"N/A"|""|"Trinity ATCL Jul 2021 [TBC], ABRSM Grade 8 Nov 2017 [130]"|"Haydn Concerto in C 1st movement"|"Haydn"|1|"20210917131455"|"AA00032"|"-Diocesan Boys' School - Symphony Orchestra, 2018-2021; String Orchestra, 2018-2021; String Quintet, 2020-2021; HK Academy for Performing Arts (HKAPA) - Strings Ensemble, 2014-2018; Diocesan Boys' School Primary Division - Symphony Orchestra, 2014-2018; String Orchestra, 2014-2018; HK Children's Strings - Strings Ensemble, 2014-2015
Video: https://drive.google.com/file/d/1Oo1fgUIi_P-U9GWOxvnlEedE-y5aa3-X/view?usp=sharing"|"MUSIC AUDITION-TOP SCHOOLS WEEKEND 2021"
"S041817"|""|"Music Audition"|"Cello"|""|"N/A"|""|"ABRSM Grade 5 Oct 2015 [136]"|"Beethoven Sonata in A, op. 69 first movement"|"Beethoven"|1|"20210917131455"|"AA00032"|"-Diocesan Boys' School - Symphony Orchestra, 2018-2021; String Orchestra, 2018-2021; String Quintet, 2020-2021; HK Academy for Performing Arts (HKAPA) - Strings Ensemble, 2014-2018; Diocesan Boys' School Primary Division - Symphony Orchestra, 2014-2018; String Orchestra, 2014-2018; HK Children's Strings - Strings Ensemble, 2014-2015
Video: https://drive.google.com/file/d/1Oo1fgUIi_P-U9GWOxvnlEedE-y5aa3-X/view?usp=sharing"|"MUSIC AUDITION-TOP SCHOOLS WEEKEND 2021"
"S040128"|""|"Music Audition"|"Violin"|""|"N/A"|""|"ABRSM Grade 8 Jan 2021 (106)"|"Violin Partita No.2 in D minor, BWV 1004"|"J S Bach"|1|"20210917143109"|"AA00032"|"School Camerata strings Ochestra (2019-2021)"|"MUSIC AUDITION-TOP SCHOOLS WEEKEND 2021"
"S040128"|""|"Music Audition"|"Violin"|""|"N/A"|""|""|"Obertass no 1 from Two Mazurkas, Op 19"|"Henryk Wieniawski"|1|"20210917143109"|"AA00032"|"School Camerata strings Ochestra (2019-2021)"|"MUSIC AUDITION-TOP SCHOOLS WEEKEND 2021"
"S040024"|""|"Music Audition"|"Piano"|""|"N/A"|""|"ABRSM diploma ARSM Sept. 2021 (38/50)"|"Beethoven Sonata in C minor, op.10 No.1 1st & 2nd Movement"|"Beethoven"|1|"20210917182009"|"AA00032"|"-2017/2018 H.K. Junior Chamber Ensemble (Music Office, the Government of HKSAR) 
-2018/2019 Kowloon Youth Strings (Music Office, the Government of HKSAR)
-2017-2020 West Island School Orchestra. From 2020 till now, due to Covid 19 pandemic , school orchestra which is a group activity is banned.
-Grade 8 Violin Advanced level 3 (Music Office, the Government of HKSAR)"|"MUSIC AUDITION-TOP SCHOOLS WEEKEND 2021"
"S040024"|""|"Music Audition"|"Piano"|""|"N/A"|""|"ABRSM Grade 8 Sept. 2019 (110)"|"La puerta del Vino Prelude No.3"|"Debussy"|1|"20210917182009"|"AA00032"|"-2017/2018 H.K. Junior Chamber Ensemble (Music Office, the Government of HKSAR) 
-2018/2019 Kowloon Youth Strings (Music Office, the Government of HKSAR)
-2017-2020 West Island School Orchestra. From 2020 till now, due to Covid 19 pandemic , school orchestra which is a group activity is banned.
-Grade 8 Violin Advanced level 3 (Music Office, the Government of HKSAR)"|"MUSIC AUDITION-TOP SCHOOLS WEEKEND 2021"
"S040024"|""|"Music Audition"|"Violin"|""|"N/A"|""|"Music Office the Government of HKSAR Violin Advanced level 2 = Grade 7 Aug 2021 (71.5/100); level 1 = Grade 6 Aug 2019 (72/100)"|"J.S. Bach Violin Sonata in A major, BMV 1015 4th Movement"|"Bach, Johann Sebastian"|2|"20210917182308"|"AA00032"|""|"MUSIC AUDITION-TOP SCHOOLS WEEKEND 2021"
"S040024"|""|"Music Audition"|"Violin"|""|"N/A"|""|""|""|""|2|"20210917182318"|"AA00032"|""|"MUSIC AUDITION-TOP SCHOOLS WEEKEND 2021"
"S040025"|""|"Music Audition"|"Piano"|""|"N/A"|""|"Trinity College London ATCL Feb. 2021 (70/100)"|"Sonata in K309 1st & 2nd Movement"|"Wolfgang Amadeus Mozart"|1|"20210917182823"|"AA00032"|"-2017/2018 H.K. Junior Chamber Ensemble (Music Office, the Government of HKSAR) 
-2018/2019 Kowloon Youth Strings (Music Office, the Government of HKSAR) 
-2017-2020 West Island School Orchestra. From 2020 till now , due to Covid 19 pandemic, school orchestra as a group activity is banned.
-Violin Advanced level 3 = Grade 8 at Music Office the Government of HKSAR"|"MUSIC AUDITION-TOP SCHOOLS WEEKEND 2021"
"S040025"|""|"Music Audition"|"Piano"|""|"N/A"|""|"ABRSM Grade 8 Sept. 2019 (104)"|"Rondo alla turca"|"Wolfgang Amadeus Mozart"|1|"20210917182823"|"AA00032"|"-2017/2018 H.K. Junior Chamber Ensemble (Music Office, the Government of HKSAR) 
-2018/2019 Kowloon Youth Strings (Music Office, the Government of HKSAR) 
-2017-2020 West Island School Orchestra. From 2020 till now , due to Covid 19 pandemic, school orchestra as a group activity is banned.
-Violin Advanced level 3 = Grade 8 at Music Office the Government of HKSAR"|"MUSIC AUDITION-TOP SCHOOLS WEEKEND 2021"
"S040025"|""|"Music Audition"|"Violin"|""|"N/A"|""|"Music Office The Government of HKSAR Advanced level 2 = Grade 7 Aug 2021 (74/100)"|"Sonata in A major, BWV 1015 4th movement"|"Johann Sebastian Bach"|2|"20210917182949"|"AA00032"|""|"MUSIC AUDITION-TOP SCHOOLS WEEKEND 2021"
"S040025"|""|"Music Audition"|"Violin"|""|"N/A"|""|"level 1 = Grade 6 Aug 2019 (69/100)"|""|""|2|"20210917182949"|"AA00032"|""|"MUSIC AUDITION-TOP SCHOOLS WEEKEND 2021"
"S036874"|""|"Music Audition"|"Clarinet"|""|"N/A"|""|"ABRSM Grade 8 (2018) (missing mark sheet and cert)"|"Variations sentimentales"|"Carl Baermann"|1|"20210918110355"|"AA00061"|"-Diocesan Boys’ School Secondary Division Wind Band 2019-current
-Diocesan Boys’ School Primary Division Senior Orchestra 2016-2019"|"MUSIC AUDITION-TOP SCHOOLS WEEKEND 2021"
"S036874"|""|"Music Audition"|"Clarinet"|""|"N/A"|""|"ABRSM Grade 5 (2015) (missing mark sheet and cert)"|"Fantasiestucke Opus 73"|"Robert Schumann"|1|"20210918110400"|"AA00061"|"-Diocesan Boys’ School Secondary Division Wind Band 2019-current
-Diocesan Boys’ School Primary Division Senior Orchestra 2016-2019"|"MUSIC AUDITION-TOP SCHOOLS WEEKEND 2021"
"S041949"|""|"Music Audition"|"Double Bass"|""|"N/A"|""|"ABRSM Grade 8 - Jan 2021 [130]"|"Sonata in G Major 1st and 2nd movements"|"Henry Eccles"|1|"20210918172338"|"AA00032"|"Metropolitan Youth Orchestra 2016-2019"|"MUSIC AUDITION-TOP SCHOOLS WEEKEND 2021"
"S041949"|""|"Music Audition"|"Double Bass"|""|"N/A"|""|"ABRSM Grade 6 - May 2019 [117]"|"Andate: Four Pieces for Double Bass and Piano"|"Serge Koussevitzky"|1|"20210918172338"|"AA00032"|"Metropolitan Youth Orchestra 2016-2019"|"MUSIC AUDITION-TOP SCHOOLS WEEKEND 2021"
"S040896"|""|"Music Audition"|"Cello"|""|"N/A"|""|""|"Rachmaninoff Andante (3rd movt from Sonata in G minor, Op.19)"|"Rachmaninoff"|1|"20210919133955"|"AA00061"|""|"MUSIC AUDITION-TOP SCHOOLS WEEKEND 2021"
"S041183"|""|"Music Audition"|"Erhu"|""|"N/A"|""|"Central Conservatory of Music Erhu July 2021 [result to be announced]"|"Czardas (extract) Vittorio Monti"|"Czardas"|2|"20210921103728"|"AA00061"|""|"MUSIC AUDITION-TOP SCHOOLS WEEKEND 2021"
"S040680"|""|"Music Audition"|"Percussion"|""|"N/A"|""|"Trinity ATCL Recital May 2021 [Pass]"|"Gitano 1st and 2nd movement"|"Alice Gomez"|1|"20210922103704"|"AA00061"|"-La Salle College Wind Orchestra ( 2017 - present ) 
-La Salle College Symphony Orchestra ( 2019 - present ) 
-La Salle College Percussion Ensemble ( 2017 - present )
-HK Children's Choir 2009-2011"|"MUSIC AUDITION-TOP SCHOOLS WEEKEND 2021"
"S041705"|""|"Music Audition"|"Violin"|""|"N/A"|""|""|"Mendelssohn: Allegro: 3rd movement from Concerto in D minor"|"Felix Mendelssohn"|1|"20210924094121"|"AA00061"|""|"MUSIC AUDITION-TOP SCHOOLS WEEKEND 2021"
"S040293"|""|"Music Audition"|"Flute"|""|"N/A"|""|"ABRSM Grade 8 September 2021 [121]"|"Allegro: 1st movt from Quarter No.1 in D KV 285"|"Wolfgang. A. Mozart"|1|"20210924113125"|"AA00061"|"School orchestra 2017-2021 
School band 2020-2021
Woodwind performance 2021:
https://drive.google.com/file/d/1E0OSsl1HiZ1fpPZDi9ZsX1tvDY653wcL/view?usp=sharing"|"MUSIC AUDITION-TOP SCHOOLS WEEKEND 2021"
"S042773"|""|"Music Audition"|"Clarinet"|""|"N/A"|""|"ABRSM Grade 3,  Apr 2018 (130)"|"Allegro from wind sextet Op. 71"|"Beethoven"|1|"20220830160017"|"AA00061"|""|"MUSIC AUDITION-TOP SCHOOLS WEEKEND 2022"
"S041625"|""|"Music Audition"|"Trumpet"|""|"N/A"|""|"ABRSM Grade 5, Aug 2017 [127]"|"Share My Yoke"|"Joy Webb"|1|"20220830163204"|"AA00061"|""|"MUSIC AUDITION-TOP SCHOOLS WEEKEND 2022"
"S041625"|""|"Music Audition"|"Trombone"|""|"N/A"|""|"ABRSM Grade 5 June 2022 [120]"|"Lindy Hop!"|"Tom Davoren"|2|"20220830163250"|"AA00061"|""|"MUSIC AUDITION-TOP SCHOOLS WEEKEND 2022"
"S040886"|""|"Music Audition"|"Clarinet"|""|"N/A"|""|"ABRSM Grade 8, May 2019 [127]"|"Fantasy Pieces for Clarinet & Piano (Opus 730) - 1st Movement (Zart and Mit Ausdruck)"|"R. Schumann"|1|"20220830165239"|"AA00061"|""|"MUSIC AUDITION-TOP SCHOOLS WEEKEND 2022"
"S040886"|""|"Music Audition"|"Piano"|""|"N/A"|""|"ABRSM Grade 8, Nov 2021 [136]"|"Fantasia No. 3 in D Minor, K397"|"W.A. Mozart"|2|"20220830173755"|"AA00061"|""|"MUSIC AUDITION-TOP SCHOOLS WEEKEND 2022"
"S041933"|""|"Music Audition"|"Violin"|""|"N/A"|""|"ABRSM Grade 3,  Apr 2018 [136]"|"2 Mazurkas, Opus 19 No.1 - Obertass"|"Henryk Wieniawski"|1|"20220901113753"|"AA00061"|""|"MUSIC AUDITION-TOP SCHOOLS WEEKEND 2022"
"S041933"|""|"Music Audition"|"Piano"|""|"N/A"|""|"ABRSM Grade 8, Apr 2021 [132]"|"Haydn Sonata in A flat, Hob. XVI:46"|"Franz Joseph Haydn"|2|"20220901113850"|"AA00061"|""|"MUSIC AUDITION-TOP SCHOOLS WEEKEND 2022"
"S043039"|""|"Music Audition"|"Flute"|""|"N/A"|""|"ABRSM Grade 8, May 2019 [137]"|"Flute Partita in A minor, BWV 1013"|"JS Bach"|1|"20220901115420"|"AA00061"|"HKAPA Symphony Orchestra, Wind Band, Ensemble Junior Music Programme 
APA symphony orchestra, 2016-2021; APA WindBand 2014-2021; Ying Wa Senior Band, 2014-2019"|"MUSIC AUDITION-TOP SCHOOLS WEEKEND 2022"
"S043039"|""|"Music Audition"|"Flute"|""|"N/A"|""|"ABRSM Grade 6, Oct 2017 [130]"|"Fantaisie"|"Georges Hue"|1|"20220901115552"|"AA00061"|""|"MUSIC AUDITION-TOP SCHOOLS WEEKEND 2022"
"S041205"|""|"Music Audition"|"Piano"|""|"N/A"|""|"ABRSM Grade 8, Oct 2019 [126]"|"Jingo"|"Christopher Norton"|2|"20220901120834"|"AA00061"|""|"MUSIC AUDITION-TOP SCHOOLS WEEKEND 2022"
"S038223"|""|"Music Audition"|"Singing"|""|"N/A"|""|"ABRSM Grade 7, Dec 2021 [123]"|"Leoncavallo Mattinata"|"Leoncavallo"|3|"20220901121703"|"AA00061"|""|"MUSIC AUDITION-TOP SCHOOLS WEEKEND 2022"
"S038223"|""|"Music Audition"|"Piano"|""|"N/A"|""|"ABRSM Grade 7, May 2022 [127]"|"Mendelssohn Song Without Words"|"Mendelssohn"|2|"20220901121711"|"AA00061"|""|"MUSIC AUDITION-TOP SCHOOLS WEEKEND 2022"
"S040886"|""|"Music Audition"|"Clarinet"|""|"N/A"|""|"Trinity ATCL, Feb 2020 [60/100]"|"Five Bagatalles - V Fughetta"|"G.R. Finzi"|1|"20220901144232"|"AA00061"|"Junior School Orchestra 2018-19, Senior School Orchestra 2019-22, Wind and Brass Ensemble 2019-22, Junior Choir 2017-19, Hymm Choir 2018-19, Intermediate Choir 2019-20, Treble Choir 2021-22

Video link: https://youtu.be/G34XjKL5GYo"|"MUSIC AUDITION-TOP SCHOOLS WEEKEND 2022"
"S040886"|""|"Music Audition"|"Piano"|""|"N/A"|""|"ABRSM Grade 7, Jan 2021 [133]"|""|""|2|"20220901144812"|"AA00061"|""|"MUSIC AUDITION-TOP SCHOOLS WEEKEND 2022"
"S041933"|""|"Music Audition"|"Piano"|""|"N/A"|""|"ABRSM Grade 5, Sep 2019 [137]"|""|""|2|"20220901145042"|"AA00061"|""|"MUSIC AUDITION-TOP SCHOOLS WEEKEND 2022"
"S041205"|""|"Music Audition"|"Piano"|""|"N/A"|""|"ABRSM Grade 6, May 2018 [112]"|""|""|2|"20220901145143"|"AA00061"|""|"MUSIC AUDITION-TOP SCHOOLS WEEKEND 2022"
"S038223"|""|"Music Audition"|"Piano"|""|"N/A"|""|"ABRSM Grade 6, June 2021 [126]"|""|""|2|"20220901145253"|"AA00061"|""|"MUSIC AUDITION-TOP SCHOOLS WEEKEND 2022"
"S038223"|""|"Music Audition"|"Singing"|""|"N/A"|""|"ABRSM Grade 5, Feb 2021 [139]"|""|""|3|"20220901145344"|"AA00061"|""|"MUSIC AUDITION-TOP SCHOOLS WEEKEND 2022"
"S038223"|""|"Music Audition"|"Clarinet"|""|"N/A"|""|"ABRSM Grade 7, Aug 2022 [Waiting for result]"|"Mozart Allegro: first movement from Clarinet Quintet, K. 581"|"Mozart"|1|"20220901145717"|"AA00061"|"School Choir (6 years), Wind Band (coming year)
Sang a solo part for Senior Choir at school
SPCC Wind Band, 2022-2023
Choir, 2016-2022"|"MUSIC AUDITION-TOP SCHOOLS WEEKEND 2022"
"S038223"|""|"Music Audition"|"Clarinet"|""|"N/A"|""|"ABRSM Grade 6, Nov 2021 [116]"|"Saint-Saens Allegretto: first movement from Sonata, Op. 167"|"Saint-Saens"|1|"20220901145932"|"AA00061"|""|"MUSIC AUDITION-TOP SCHOOLS WEEKEND 2022"
"S042136"|""|"Music Audition"|"Clarinet"|""|"N/A"|""|"ABRSM Grade 6, Sep 2021 (123)"|"Klarinette in B Opus 167"|"Camille Saint Saens"|1|"20220901174418"|"AA00061"|"Yip's Children Choir, School orchestra 2017-2022, Choir 2016-2017
Video Link: https://youtu.be/4-nD5Et-LVk"|"MUSIC AUDITION-TOP SCHOOLS WEEKEND 2022"
"S041625"|""|"Music Audition"|"Trumpet"|""|"N/A"|""|"ABRSM Grade 8, July 2022 [131]"|"Trumpet Concerto in E-flat 1st movement Allegro"|"Johann Baptist Georg Neruda"|1|"20220901174455"|"AA00061"|"Metropolitan Youth Orchestra of Hong Kong, 2018 to present
Ying Wa College Band, 2018 to present
Ying Wa College Orchestra, 2020 to 2021
Music video clip link: https://photos.app.goo.gl/frXGWhx76zGJMYoD7"|"MUSIC AUDITION-TOP SCHOOLS WEEKEND 2022"
"S042773"|""|"Music Audition"|"Clarinet"|""|"N/A"|""|"ABRSM Grade 8, Feb 2021 (132)"|"Solo de concours"|"A. Messager"|1|"20220901174753"|"AA00061"|"HKAPA junior wind band(2020-2022), Pui Ching Middle School wind band(2021-present), Orchestra(2021-present), Jazz band(2022-present)
Video link: https://www.youtube.com/watch?v=mjHs1OK4PiA
https://www.youtube.com/watch?v=dmZqZS0oVfQ"|"MUSIC AUDITION-TOP SCHOOLS WEEKEND 2022"
"S042136"|""|"Music Audition"|"Clarinet"|""|"N/A"|""|""|"Sonate Opus 120 Nr. 2"|"Johannes Brahms"|1|"20220901175246"|"AA00061"|""|"MUSIC AUDITION-TOP SCHOOLS WEEKEND 2022"
"S041205"|""|"Music Audition"|"Singing"|""|"N/A"|""|"ABRSM Grade 8, July 2021 [124]"|"Ridente la calma"|"Mozart"|1|"20220903150357"|"AA00061"|"Senior choir, 2021-2022"|"MUSIC AUDITION-TOP SCHOOLS WEEKEND 2022"
"S041205"|""|"Music Audition"|"Singing"|""|"N/A"|""|""|"Solveg's Lied"|"Edvard Grieg"|1|"20220903150402"|"AA00061"|""|"MUSIC AUDITION-TOP SCHOOLS WEEKEND 2022"
"S039159"|""|"Music Audition"|"Cello"|""|"N/A"|""|"Trinity ATCL November 2019 [84/100]"|"Dance of the Elves (Elfentanz)"|"David Popper"|1|"20220905163333"|"AA00061"|""|"MUSIC AUDITION-TOP SCHOOLS WEEKEND 2022"
"S041899"|""|"Music Audition"|"Euphonium"|""|"N/A"|""|"ABRSM Grade 5, Sep 2019 [124]"|"Euphonium Concerto"|"Joseph Horovitz"|1|"20220905183310"|"AA00061"|""|"MUSIC AUDITION-TOP SCHOOLS WEEKEND 2022"
"S042498"|""|"Music Audition"|"Violin"|""|"N/A"|""|"ABRSM Grade 5, Nov 2019 [126]"|"Bach Concerto in A minor 1st Movement"|"Bach"|2|"20220906131811"|"AA00061"|""|"MUSIC AUDITION-TOP SCHOOLS WEEKEND 2022"
"S042498"|""|"Music Audition"|"Piano"|""|"N/A"|""|"ABRSM Grade 7, July 2021 [122]"|"Schubert Impromptu in G flat major"|"Schubert"|1|"20220906131820"|"AA00061"|""|"MUSIC AUDITION-TOP SCHOOLS WEEKEND 2022"
"S042772"|""|"Music Audition"|"Piano"|""|"N/A"|""|"ABRSM Grade 6, Aug 2019 [116]"|"Chopin Nocturne in B flat minor Opus 9 No.1"|"Frederic Chopin"|1|"20220906144746"|"AA00061"|""|"MUSIC AUDITION-TOP SCHOOLS WEEKEND 2022"
"S042772"|""|"Music Audition"|"Cello"|""|"N/A"|""|"Didn't sit cello exam"|"Legende No. 4 from Zehn Originalstücke, Op. 116"|"August Nölck"|2|"20220906144845"|"AA00061"|""|"MUSIC AUDITION-TOP SCHOOLS WEEKEND 2022"
"S042222"|""|"Music Audition"|"Violin"|""|"N/A"|""|"ABRSM Grade 8, May 2022"|"Violin Concerto in E major - ""Spring"" RV 269,  1st Movement Allegro"|"Vivaldi"|1|"20220906151307"|"AA00061"|"Symphony Orchestra of Malvern College Hong Kong (2018-Present)
House Choir (2021-Present)"|"MUSIC AUDITION-TOP SCHOOLS WEEKEND 2022"
"S042222"|""|"Music Audition"|"Violin"|""|"N/A"|""|""|"Violin Concerto, Op. 35 - 2nd Movement Canzonetta"|"Tchaikovsky"|1|"20220906151423"|"AA00061"|""|"MUSIC AUDITION-TOP SCHOOLS WEEKEND 2022"
"S042222"|""|"Music Audition"|"Vocal"|""|"N/A"|""|"Didn't sit vocal exam"|"What a Friend We Have in Jesus"|"Charles Crozat Converse"|2|"20220906151515"|"AA00061"|""|"MUSIC AUDITION-TOP SCHOOLS WEEKEND 2022"
"S039938"|""|"Music Audition"|"Flute"|""|"N/A"|""|"ABRSM Grade 6, Sept 2019 (116)"|"Sonata in E minor BWV 1034 first movement"|"Johann Sebastian Bach"|1|"20220906152301"|"AA00061"|""|"MUSIC AUDITION-TOP SCHOOLS WEEKEND 2022"
"S039938"|""|"Music Audition"|"Piano"|""|"N/A"|""|"ABRSM Grade 8, Sep 2022 (hasn’t given out the result yet)"|"Sonata in c major k330 first movement"|"Mozart"|2|"20220906152759"|"AA00061"|""|"MUSIC AUDITION-TOP SCHOOLS WEEKEND 2022"
"S039938"|""|"Music Audition"|"Piano"|""|"N/A"|""|"ABRSM Grade 6, Sept 2019 (100)"|""|""|2|"20220906152836"|"AA00061"|""|"MUSIC AUDITION-TOP SCHOOLS WEEKEND 2022"
"S039938"|""|"Music Audition"|"Flute"|""|"N/A"|""|"ABRSM Grade 8, Sept 2022 (score hasn’t been given out yet)"|"Flute Sonata, FP 164: I. Allegro Malinconico"|"Francis Poulenc"|1|"20220906153224"|"AA00061"|"7 years of orchestra, 2 years of woodwind band, was the flute solo for HKGNA performance for South Island School’s chamber choir, HKUGAPS orchestra 2014-2019, HKUGAC orchestra 2019-2020, South Island School Orchestra 2020- present
https://www.icloud.com/photos/#004pCo9bwnWJDfiUM6rcZ0QaQ
https://www.icloud.com/photos/#0f3f8My1qdrK2f1xp0ovF0mjg"|"MUSIC AUDITION-TOP SCHOOLS WEEKEND 2022"
"S039987"|""|"Music Audition"|"Singing"|""|"N/A"|""|"ABRSM Singing Performance Grade 8, July 2022 [118]"|"Au die Musik"|"Franz von Schober"|1|"20220906155224"|"AA00061"|"Paul Phoenix Academy
St. Stephen's Girls' School choir (2021 till now), SKH Holy Spirit Church choir (2020 till now)"|"MUSIC AUDITION-TOP SCHOOLS WEEKEND 2022"
"S039987"|""|"Music Audition"|"Piano"|""|"N/A"|""|"ABRSM Grade 6, Feb 2021 [113] (Going to take grade 8 exam in late Sept)"|"Air No.3 from Suite"|"Helen Hopekirk"|2|"20220906155305"|"AA00061"|""|"MUSIC AUDITION-TOP SCHOOLS WEEKEND 2022"
"S039987"|""|"Music Audition"|"Singing"|""|"N/A"|""|"ABRSM Singing Performance Grade 5, May 2021 [127]"|"Be thou my vision"|"Bob Chilcott"|1|"20220906155829"|"AA00061"|""|"MUSIC AUDITION-TOP SCHOOLS WEEKEND 2022"
"S043097"|""|"Music Audition"|"Saxophone"|""|"N/A"|""|"ATCL Recital Level 4 Diploma, July 2020 [78/100]"|"Light of Sophis"|"Amy Quate"|1|"20220908132400"|"AA00061"|"La Salle College wind orchestra 2018-2022
Video link: https://youtu.be/ocimogl900E"|"MUSIC AUDITION-TOP SCHOOLS WEEKEND 2022"
"S042128"|""|"Music Audition"|"Flute"|""|"N/A"|""|"ABRSM Grade 5, Sep 2018 [123]"|"Allegretto malincolio (1st movt from Sonata for Flute)"|"Poulenc"|1|"20220908144749"|"AA00061"|""|"MUSIC AUDITION-TOP SCHOOLS WEEKEND 2022"
"S042558"|""|"Music Audition"|"Piano"|""|"N/A"|""|"ABRSM Grade 5, Sep 2018 [109]"|"Allego Moderato First movement from sonata in A flat Hob. XVI:46"|"Johannes Brahms"|2|"20220908161521"|"AA00061"|""|"MUSIC AUDITION-TOP SCHOOLS WEEKEND 2022"
"S041852"|""|"Music Audition"|"Voice"|""|"N/A"|""|""|"Con Te Partiro"|"Francesco Sartori"|1|"20220908170144"|"AA00061"|""|"MUSIC AUDITION-TOP SCHOOLS WEEKEND 2022"
"S041852"|""|"Music Audition"|"Violin"|""|"N/A"|""|"ASRSM Grade 8, May 2019"|"Variations on a theme of Corelli"|"Tartini-Kreisler"|2|"20220908170232"|"AA00061"|""|"MUSIC AUDITION-TOP SCHOOLS WEEKEND 2022"
"S041852"|""|"Music Audition"|"Violin"|""|"N/A"|""|"ABRSM Grade 6, Sep 2016"|""|""|2|"20220908170308"|"AA00061"|""|"MUSIC AUDITION-TOP SCHOOLS WEEKEND 2022"
"S042280"|""|"Music Audition"|"Viola"|""|"N/A"|""|""|"Fiddle-Faddle"|"Leroy Anderson"|1|"20220908171907"|"AA00061"|""|"MUSIC AUDITION-TOP SCHOOLS WEEKEND 2022"
"S043097"|""|"Music Audition"|"Saxophone"|""|"N/A"|""|"ABRSM Grade 8, 2017 [merit]"|"Tango Etude No.3"|"Astor Piazzolla"|1|"20220908174937"|"AA00061"|""|"MUSIC AUDITION-TOP SCHOOLS WEEKEND 2022"
"S042476"|""|"Music Audition"|"Violin"|""|"N/A"|""|"ATCL Recital, Aug 2019 (68)"|"Sonate by Johannes Brahms OP 108"|"Johannes Brahms"|1|"20220910095753"|"AA00061"|"St. Paul's College orchestra, 2020 - 2022, 
Alliance Primary School, Kowloon Tong school orchestra, 2017 -2020

https://drive.google.com/file/d/1sdBnBlVNKsF3D1wD9jHInF0LRbIGTMUy/view?usp=sharing"|"MUSIC AUDITION-TOP SCHOOLS WEEKEND 2022"
"S042476"|""|"Music Audition"|"Violin"|""|"N/A"|""|"ABRSM Grade 8, Jan 2021 (141)"|"Sonata No.3"|"Frederick Delius"|1|"20220910095815"|"AA00061"|""|"MUSIC AUDITION-TOP SCHOOLS WEEKEND 2022"
"S042551"|""|"Music Audition"|"Piano"|""|"N/A"|""|"ABRSM Grade 8, Oct 2019 [126]"|"Scarlartti Sonata in E minor K.263"|"Scarlartti"|1|"20220913145500"|"AA00061"|""|"MUSIC AUDITION-TOP SCHOOLS WEEKEND 2022"
"S042819"|""|"Music Audition"|"Flute"|""|"N/A"|""|"ABRSM Grade 8, Oct 2021 [124]"|"Concerto in G major 1st movement"|"Christoph Willibald Gluck"|1|"20220913150414"|"AA00061"|"Ying Wa Chinese Orchestra, 2022-2023,
GCEPSA Whampoa Primary School Orchestra, 2017-2019
Ying Wa Choir, 2020-2021"|"MUSIC AUDITION-TOP SCHOOLS WEEKEND 2022"
"S042819"|""|"Music Audition"|"Flute"|""|"N/A"|""|"ABRSM Grade 5, Sep 2019 [122]"|"Sonatina for Flute and Piano 2nd movement"|"William Mathias"|1|"20220913150602"|"AA00061"|""|"MUSIC AUDITION-TOP SCHOOLS WEEKEND 2022"
"S042819"|""|"Music Audition"|"Chinese Dizi"|""|"N/A"|""|"National instrument Performance Grade 3, July 2022 [Excellent]"|"Hurry on one’s journey"|"Wang TieChui"|2|"20220913153043"|"AA00061"|""|"MUSIC AUDITION-TOP SCHOOLS WEEKEND 2022"
"S041195"|""|"Music Audition"|"Piano"|""|"N/A"|""|""|"Chopin Nocturne Op.9, No.1"|"F. Chopin"|1|"20220913155055"|"AA00061"|""|"MUSIC AUDITION-TOP SCHOOLS WEEKEND 2022"
"S041195"|""|"Music Audition"|"Piano"|""|"N/A"|""|"ABRSM Grade 8 Performance, Sep 2021 [134]"|"Mozart Sonate KV 309 (284b)"|"W. A. Mozart"|1|"20220913163403"|"AA00061"|"Queen's College Acapella Team, 2021-2022, Male Voice Choir, 2021-2022, Treble Choir, 2019-2020
St. Paul's College Primary School Senior Choir, 2016-2019, Junior Choir, 2014-2016
Video link: https://youtu.be/hd_G4Uzp2xg"|"MUSIC AUDITION-TOP SCHOOLS WEEKEND 2022"
"S042280"|""|"Music Audition"|"Viola"|""|"N/A"|""|"Take Grade 8 exam in Oct 2022"|"Elegie for viola and piano op.44"|"Alexander Glasunow"|1|"20220913165246"|"AA00061"|"DGJS Symphony orchestra, 2019-2021
Yip's Children's Choir"|"MUSIC AUDITION-TOP SCHOOLS WEEKEND 2022"
"S042280"|""|"Music Audition"|"Violin"|""|"N/A"|""|"ABRSM Grade 8, Mar 2021 [130]"|"Concerto in A minor,BWV 1042"|"J.S.Bash"|2|"20220913165323"|"AA00061"|""|"MUSIC AUDITION-TOP SCHOOLS WEEKEND 2022"
"S042558"|""|"Music Audition"|"Cello"|""|"N/A"|""|"ABRSM Grade 5, Sep 2018 [110]"|"Bach suite 1 menuet"|"J.S. Bach"|1|"20220913170525"|"AA00061"|""|"MUSIC AUDITION-TOP SCHOOLS WEEKEND 2022"
"S040566"|""|"Music Audition"|"Bassoon"|""|"N/A"|""|"ABRSM Grade 7, Oct 2019 [131]"|"Weissenborn: Study no 21"|"Weissenborn"|1|"20220915122038"|"AA00061"|""|"MUSIC AUDITION-TOP SCHOOLS WEEKEND 2022"
"S039159"|""|"Music Audition"|"Cello"|""|"N/A"|""|"Trinity LTCL April 2022 [75/100]"|"Gaspar Cassadó Suite für Violoncello 1st Movement ""Preludio-Fantasia'"|"Gaspar Cassadó"|1|"20220916100719"|"AA00061"|"Yip's Children Choir (2009-2018), Hong Kong Children's Symthony Orchestra (2015-2020)
School Chinese Orchestra (2011-now), School Strings Orchestra (2011-2013, 2022-now)
Beyond 2000 (Band) (2021-now), Hong Kong Youth Band Competition 2021 (Band)
Jason's drumset performance: https://youtu.be/RcDlgBWZqoQ"|"MUSIC AUDITION-TOP SCHOOLS WEEKEND 2022"
"S040566"|""|"Music Audition"|"Bassoon"|""|"N/A"|""|"ABRSM Grade 8, Feb 2021 [117]"|"Vivaldi: Concerto in A minor, 1st movement"|"Vivaldi"|1|"20220916102747"|"AA00061"|"APA Junior Symphony Orchestra 2021- current
Ying Wa College Band 2019-2021
YIng Wa Primary School Band 2016-2019, Orchestra 2017-2019
Video link: https://youtu.be/ioVqS5aKofY"|"MUSIC AUDITION-TOP SCHOOLS WEEKEND 2022"
"S042351"|""|"Music Audition"|"Piano"|""|"N/A"|""|"ABRSM Grade 6, performance exam, Jan 2021 [135]"|"Impromptu in Es-dur D.899-2 (0pus 90 No.2)"|"Franz Schubert"|1|"20220917111739"|"AA00061"|""|"MUSIC AUDITION-TOP SCHOOLS WEEKEND 2022"
"S042351"|""|"Music Audition"|"Piano"|""|"N/A"|""|"ABRSM Grade 8, practical exam, Dec 2021 [123]"|"Nocturne Op.9 No.2"|"Frédéric Chopin"|1|"20220917111841"|"AA00061"|"Academy Jazz-Rock Band (present school)

Piano: https://youtu.be/BSzccakh5UI
Organ: https://youtu.be/lEQnHkN9rao"|"MUSIC AUDITION-TOP SCHOOLS WEEKEND 2022"
"S042551"|""|"Music Audition"|"Piano"|""|"N/A"|""|"ARSM Piano Diploma, Mar 2021 [47/50]"|"Mozart Sonata in D major K.576 1st movement"|"Mozart"|1|"20220917122432"|"AA00061"|"Ying Wa school choir pianist
School graduation ceremony 2022

Music video link: https://youtu.be/MQUZlW2w-Yw"|"MUSIC AUDITION-TOP SCHOOLS WEEKEND 2022"
"S042036"|""|"Music Audition"|"Cello"|""|"N/A"|""|"ABRSM Grade 3, Apr 2019 [127]"|"Dotzauer 18 Exercises for Cello Op. 120 No. 2"|"Dotzauer"|1|"20220918152502"|"AA00061"|""|"MUSIC AUDITION-TOP SCHOOLS WEEKEND 2022"
"S042036"|""|"Music Audition"|"Piano"|""|"N/A"|""|"ABRSM Grade 5, Jan 2021 [139]"|"Sonatina Op. 20 No. 2 3rd Movement"|"FR.Kuhlau"|2|"20220918152557"|"AA00061"|""|"MUSIC AUDITION-TOP SCHOOLS WEEKEND 2022"
"S042036"|""|"Music Audition"|"Piano"|""|"N/A"|""|"ABRSM Grade 3, Apr 2019 [122]"|""|""|2|"20220918152630"|"AA00061"|""|"MUSIC AUDITION-TOP SCHOOLS WEEKEND 2022"
"S042036"|""|"Music Audition"|"Cello"|""|"N/A"|""|"ABRSM Grade 5, Jan 2021 [133]"|"Eccles Cello Sonata in G minor 1st Movement"|"Eccles"|1|"20220918153749"|"AA00061"|"School Orchestra (2020-2022), Metropolitan Youth Orchestra (2017-2022)
School Choir (2020-2022), Yip's Choir (2014-2016)
Video link: https://youtu.be/GDERBl6QJeU"|"MUSIC AUDITION-TOP SCHOOLS WEEKEND 2022"
"S041697"|""|"Music Audition"|"Piano"|""|"N/A"|""|"ABRSM Grade 5, Oct 2016 [108]"|"Air: No. 3 from Suite"|"Helen Hopekirk"|1|"20220918190957"|"AA00061"|""|"MUSIC AUDITION-TOP SCHOOLS WEEKEND 2022"
"S041697"|""|"Music Audition"|"Flute"|""|"N/A"|""|"ABRSM Grade 4,  Aug 2019 [117]"|"Siciliana: 2nd movement from Sonata in E flat"|"attrib. Johann Sebastian Bach"|2|"20220918191122"|"AA00061"|""|"MUSIC AUDITION-TOP SCHOOLS WEEKEND 2022"
"S041697"|""|"Music Audition"|"Piano"|""|"N/A"|""|"ABRSM Grade 7, Aug 2019 [116]"|"Allegro moderato: 1st movement from Sonata in A flat"|"Joseph Haydn"|1|"20220918191447"|"AA00061"|"School's Junior Choir and Wind Band, School's Junior Choir (Soprano 2), Wind Band (Flute 1),
Wind Band (2020-22022), School's Junior Choir (2020-2022)
Piano:https://youtu.be/JJx7ozliMWw
Flute: https://youtu.be/9mU9y5vc7gw"|"MUSIC AUDITION-TOP SCHOOLS WEEKEND 2022"
"S042517"|""|"Music Audition"|"Cello"|""|"N/A"|""|"ABRSM Grade 8, 2017 [109]"|"Kabalewsky Concerto No.1 Opus 49 1st Movement"|"Dmitry Kabalevsky"|1|"20220918191935"|"AA00061"|""|"MUSIC AUDITION-TOP SCHOOLS WEEKEND 2022"
"S041852"|""|"Music Audition"|"Voice"|""|"N/A"|""|"ABRSM Grade 8, 2022"|"Ridente la calma"|"Mozart"|1|"20220918195527"|"AA00061"|"Orchestra, 2019-2021,Choir, 2017-2022
Chelsea’ latest vocal performance:
https://academicasiauk-my.sharepoint.com/:v:/g/personal/mdsec_academic-asia_com/EUCdOqwvNFRAs8YucY2efgABZW-6BnWzG4qEpuBoC1C96Q?e=M8YdOE"|"MUSIC AUDITION-TOP SCHOOLS WEEKEND 2022"
"S042558"|""|"Music Audition"|"Cello"|""|"N/A"|""|"ABRSM Grade 8,  Aug 2021 [125]"|"J.S. Bach suit 1 prelude"|"J.S. Bach"|1|"20220918195632"|"AA00061"|"College orchestra (2018 ~ 2019)
Music Video link: 
https://youtu.be/fhi69Z9WjDE; https://youtu.be/DvNzybDfaUs
https://youtu.be/fby0i7PPCXM; https://youtu.be/iLN3gdSqVAw"|"MUSIC AUDITION-TOP SCHOOLS WEEKEND 2022"
"S042772"|""|"Music Audition"|"Piano"|""|"N/A"|""|"ABRSM Grade 8, Sep 2021 [138]"|"Beethoven Sonata in C minor Opus 13 No.8 3rd Movement"|"Ludwig van Beethoven"|1|"20220918200101"|"AA00061"|"Pui Ching Primary School Orchestra (2018 ~ 2021), Pui Ching Middle School Orchestra (2021 ~ present) 2 x Piano clips recorded in July 2021: 
https://drive.google.com/file/d/10nWdULvRno6uJM58UnPm5XaPcP8h_h4t/view?usp=sharing
https://drive.google.com/file/d/1lsoC9_RFRALqmE3U0xfDQVhYZe74HDR0/view?usp=sharing"|"MUSIC AUDITION-TOP SCHOOLS WEEKEND 2022"
"S041899"|""|"Music Audition"|"Euphonium"|""|"N/A"|""|"ABRSM Grade 6, Jan 2021 [121]"|"Adagio and Allegro from Sonata in E for Euphonium and Piano"|"George Frideric Handel"|1|"20220918200331"|"AA00061"|"DBS Senior School Orchestra 2018-2022, DBS Wind and Brass Ensemble 2018-2022
Euphonium: https://youtu.be/fv6IRrN7cts
Wind and Brass Ensemble: https://drive.google.com/file/d/1LPvHEGUT2LVlQNuJAqUqjg4T9DfRtd-2/view?usp=drivesdk"|"MUSIC AUDITION-TOP SCHOOLS WEEKEND 2022"
"S041933"|""|"Music Audition"|"Violin"|""|"N/A"|""|"ABRSM Grade 8,  Aug 2020 [115]"|"Bach Violin Concerto in A minor 1st Movement, BWV 1041"|"Johann Sebastian Bach"|1|"20220918200454"|"AA00061"|"Primary school orchestra, 2016-2018, secondary school orchestra, 2021-now
1. https://www.youtube.com/watch?v=4fNXixQKJjs&ab_channel=ESTHK
2. https://www.youtube.com/watch?v=uzgx_oBbRs8&ab_channel=ESTHK
3. https://youtu.be/QBmrH4bU4r4
4. https://youtu.be/fAq2o1ze3Sc"|"MUSIC AUDITION-TOP SCHOOLS WEEKEND 2022"
"S042128"|""|"Music Audition"|"Flute"|""|"N/A"|""|"ABRSM Grade 8, Mar 2022 [120]"|"Allegro (1st mov from Quartet No. 1 in D, K. 285)"|"Mozart"|1|"20220918200530"|"AA00061"|"Primary School's Wind Orchestra, 2017-2021
Kowloon Tong School 85th Anniversary Theme Song, 2020-2021
Music video clip : https://drive.google.com/file/d/1azLSWukddYuuNQTPhAiLw6jJR5nsea-v/view?usp=drivesdk"|"MUSIC AUDITION-TOP SCHOOLS WEEKEND 2022"
"S042498"|""|"Music Audition"|"Piano"|""|"N/A"|""|"ABRSM Grade 8, May 2022 [127]"|"Mozart Sonata in D major, KV311 1st Movement"|"Mozart"|1|"20220918200608"|"AA00061"|"String Orchestra and Senior School Orchestra (DBSPD), 2017-2021
Music Video link:
https://drive.google.com/file/d/1JTPR3kD_SKOCHJ_SK08VwTBpDIZpptOa/view?usp=sharing
https://drive.google.com/file/d/1JOfDJ8S9l1kd5RG7q9kddUGp91bCgLDc/view?usp=sharing"|"MUSIC AUDITION-TOP SCHOOLS WEEKEND 2022"
"S042517"|""|"Music Audition"|"Cello"|""|"N/A"|""|"Trinity ATCL, July 2020 [72]"|"Suite 2 Prelude and Sarabande"|"Johann Sebastian Bach"|1|"20220920101008"|"AA00061"|"Chinese Orchestra 2012-2022, 
Cellistizimo senior cello orchestra 2010-2015, 2018-2020"|"MUSIC AUDITION-TOP SCHOOLS WEEKEND 2022"
"S042329"|""|"Music Audition"|"Flute"|""|"N/A"|""|"ABRSM Grade 7 February 2022 [133]"|"Andante and Polonaise (ed.1883)"|"Gioacchino Rossini"|1|"20230911113130"|"AA00032"|"Ying Wa Primary School Symphonic Band, 2018- Now"|"MUSIC AUDITION-TOP SCHOOLS WEEKEND 2023"
"S042586"|""|"Music Audition"|"Piano"|""|"N/A"|""|"N/A"|"N/A"|"N/A"|2|"20230911115500"|"AA00032"|""|"MUSIC AUDITION-TOP SCHOOLS WEEKEND 2023"
"S042559"|""|"Music Audition"|"Violin"|""|"N/A"|""|"ABRSM Grade 4 February 2021 [109], ABRSM Grade 6 July 2023 [105]"|"N/A"|"N/A"|1|"20230911120052"|"AA00032"|"HK Children's Choir
School Orchestra, 2022 - present
School Choirs, 2018-2022"|"MUSIC AUDITION-TOP SCHOOLS WEEKEND 2023"
"S042559"|""|"Music Audition"|"Viola"|""|"N/A"|""|"N/A"|"TBC"|"TBC"|2|"20230911120132"|"AA00032"|""|"MUSIC AUDITION-TOP SCHOOLS WEEKEND 2023"
"S042559"|""|"Music Audition"|"Vocal/Singing Performance"|""|"N/A"|""|"ABRSM Grade 5 August 2023 [125]"|"TBC"|"TBC"|2|"20230911120241"|"AA00032"|""|"MUSIC AUDITION-TOP SCHOOLS WEEKEND 2023"
"S041133"|""|"Music Audition"|"Harmonica"|""|"N/A"|""|"Nil (Self Learning)"|"Piano Man"|"Billy Joel"|2|"20230911121334"|"AA00032"|""|"MUSIC AUDITION-TOP SCHOOLS WEEKEND 2023"
"S043613"|""|"Music Audition"|"Violin"|""|"N/A"|""|"ABRSM Grade 5  December 2021 [117], ABRSM Grade 8  April 2023 [125]"|"F.M. Veracini: Allegro: 1st movt from Sonata in E minor, Op.2 No.8"|"F.M. Veracini"|1|"20230911125101"|"AA00032"|"Tom Lee Music Academy
Symphony Orchestra Interflow 2022; School Open Day and School Ceremony 
King’s College Symphony Orchestra 2021-2023"|"MUSIC AUDITION-TOP SCHOOLS WEEKEND 2023"
"S043613"|""|"Music Audition"|"Piano"|""|"N/A"|""|"ABRSM Grade 5 August 2019 [121], ABRSM Grade 8 August 2023 [pending]"|"Mazurka in A minor"|"Fryderyk Chopin"|2|"20230911125306"|"AA00032"|""|"MUSIC AUDITION-TOP SCHOOLS WEEKEND 2023"
"S042567"|""|"Music Audition"|"Viola"|""|"N/A"|""|"ABRSM Viola Grade 4 June 2022 [125]"|"Menuet 1"|"J. S. Bach"|2|"20230911131036"|"AA00032"|"Viola player, symphony orchestra in St. Paul’s College"|"MUSIC AUDITION-TOP SCHOOLS WEEKEND 2023"
"S043143"|""|"Music Audition"|"Violin"|""|"N/A"|""|"ABRSM Grade 5 Violin October 2019 [124],  ABRSM Grade 7 Violin August 2022 [121]"|"TBD"|"TBD"|1|"20230911131217"|"AA00032"|"Hong Kong Youth Chamber Orchestra - Third Violin - Jul 2018 to Dec 2019
Private teachers for violin and piano"|"MUSIC AUDITION-TOP SCHOOLS WEEKEND 2023"
"S043143"|""|"Music Audition"|"Piano"|""|"N/A"|""|"ABRSM Grade 3 Piano August 2018 [113], ABRSM Grade 5 Piano November 2019 [110]"|"TBD"|"TBD"|2|"20230911131353"|"AA00032"|""|"MUSIC AUDITION-TOP SCHOOLS WEEKEND 2023"
"S042329"|""|"Music Audition"|"Flute"|""|"N/A"|""|""|"Sonate (3rd movement)"|"Paul Hindemith"|1|"20230915104755"|"AA00032"|"Ying Wa Primary School Symphonic Band, 2018- Now"|"MUSIC AUDITION-TOP SCHOOLS WEEKEND 2023"
"S043613"|""|"Music Audition"|"Violin"|""|"N/A"|""|""|"Traditional Japanese: Sakura, arr. Kaneko Millar"|"Traditional Japanese"|1|"20230915105438"|"AA00032"|"Tom Lee Music Academy
Symphony Orchestra Interflow 2022; School Open Day and School Ceremony 
King’s College Symphony Orchestra 2021-2023"|"MUSIC AUDITION-TOP SCHOOLS WEEKEND 2023"
"S043255"|""|"Music Audition"|"Oboe"|""|"N/A"|""|""|"Sonate pour Hantbois avee accompt de piano op.166"|"Saint-saëns"|1|"20230915110339"|"AA00032"|"School orchestra and concert band  
SMCS, SMCC orchestra, orchestra 2014-2023
SMCS, SMCC band 2014-2022
I have joined school band and orchestra since primary school. The experiences of playing in an orchestra and band are exhilarating and rewarding as it allows musicians to collaborate, communicate and express themselves in a unique and powerful way."|"MUSIC AUDITION-TOP SCHOOLS WEEKEND 2023"
"S042567"|""|"Music Audition"|"Piano"|""|"N/A"|""|""|"Over the Bars"|"J. P. Johnson"|1|"20230915110650"|"AA00032"|"Viola player, symphony orchestra in St. Paul's College"|"MUSIC AUDITION-TOP SCHOOLS WEEKEND 2023"
"S042567"|""|"Music Audition"|"Piano"|""|"N/A"|""|"ABRSM Piano Grade 8 coming October 2023, ABRSM Piano Grade 6 October 2021 [127]"|"Etude in D flat Op. 41 No. 5"|"Louise Farrenc"|1|"20230915110712"|"AA00032"|"Viola player, symphony orchestra in St. Paul's College"|"MUSIC AUDITION-TOP SCHOOLS WEEKEND 2023"
"S041133"|""|"Music Audition"|"Double Bass"|""|"N/A"|""|"ABRSM Grade 8 January 2023 [138], ABRSM Grade 6 May 2021 [138], ABRSM Grade 5 Jan 2021 [144]"|"Cello Suite Minuet 1 and 2"|"Johann Sebastian Bach"|1|"20230915110938"|"AA00032"|"Senior School Orchestra, String Orchestra, Chinese Orchestra, Junior School Orchestra, Hymn Choir and Junior Choir
Senior School Orchestra (2021-23)
Junior Choir (2018-19)"|"MUSIC AUDITION-TOP SCHOOLS WEEKEND 2023"
"S041133"|""|"Music Audition"|"Double Bass"|""|"N/A"|""|""|"Sonata in G Minor"|"Henry Eccles"|1|"20230915110945"|"AA00032"|"Senior School Orchestra, String Orchestra, Chinese Orchestra, Junior School Orchestra, Hymn Choir and Junior Choir
Senior School Orchestra (2021-23)
Junior Choir (2018-19)"|"MUSIC AUDITION-TOP SCHOOLS WEEKEND 2023"
"S042395"|""|"Music Audition"|"Piano"|""|"N/A"|""|"ABRSM Grade 6 June 2023 [123], ABRSM Grade 4 December 2021 [141]"|"Allegro (1st movt from Sonatina in C, Op. 20 No. 1)"|"Kuhlau"|2|"20230915111138"|"AA00032"|""|"MUSIC AUDITION-TOP SCHOOLS WEEKEND 2023"
"S042395"|""|"Music Audition"|"Harp"|""|"N/A"|""|"ABRSM Grade 5 Non-pedal Harp Sep 2021 [146], ABRSM Grade 6 Pedal HArp Apr 2023 [130]"|"Variations on a Theme of Mozart"|"Glinka"|1|"20230915111216"|"AA00032"|"Tom Lee Music Foundation Yamaha music program 9 years till June 2022
Tom Lee Music Academy"|"MUSIC AUDITION-TOP SCHOOLS WEEKEND 2023"
"S042395"|""|"Music Audition"|"Harp"|""|"N/A"|""|""|"Polka (from Suite of Eight Dances)"|"Salzedo"|1|"20230915111232"|"AA00032"|"Tom Lee Music Foundation Yamaha music program 9 years till June 2022
Tom Lee Music Academy"|"MUSIC AUDITION-TOP SCHOOLS WEEKEND 2023"
"S042586"|""|"Music Audition"|"Voilin"|""|"N/A"|""|""|"Beethoven Sonate V. Op.24"|"Beethoven"|1|"20230915111859"|"AA00032"|"2019-2020 Junior School Orchestra
2020-2021 String Orchestra / Senior School Orchestra
2021-2022 String Orchestra / Senior School Orchestra
2022-2023 String Orchestra / Senior School Orchestra
2023 - present     String Orchestra / Senior School Orchestra"|"MUSIC AUDITION-TOP SCHOOLS WEEKEND 2023"
"S042586"|""|"Music Audition"|"Voilin"|""|"N/A"|""|"ABRSM Grade 7 April 2021 [131]"|"Moto Perpetuo"|"Frank Bridge"|1|"20230915111910"|"AA00032"|"2019-2020 Junior School Orchestra
2020-2021 String Orchestra / Senior School Orchestra
2021-2022 String Orchestra / Senior School Orchestra
2022-2023 String Orchestra / Senior School Orchestra
2023 - present     String Orchestra / Senior School Orchestra"|"MUSIC AUDITION-TOP SCHOOLS WEEKEND 2023"
"S043255"|""|"Music Audition"|"Oboe"|""|"N/A"|""|"ABRSM Grade 8 April 2018 [112], TRINITY Level 4 Diploma in music performance February 2020 [69]"|"Quartett Nr.30"|"Wolfgang Amadeus Mozart KV 370"|1|"20230915124232"|"AA00032"|"School orchestra and concert band  
SMCS, SMCC orchestra, orchestra 2014-2023
SMCS, SMCC band 2014-2022
I have joined school band and orchestra since primary school. The experiences of playing in an orchestra and band are exhilarating and rewarding as it allows musicians to collaborate, communicate and express themselves in a unique and powerful way."|"MUSIC AUDITION-TOP SCHOOLS WEEKEND 2023"
"S043867"|""|"Music Audition"|"Violin"|""|"N/A"|""|"ABRSM Grade 8 Nov 2018 [135], Trinity College London ATCL Sep 2019 [73]"|"Ludwig v. Beethoven Sonata No. 5 for Violin and Piano “Spring” op. 24 (1) Allegro"|"Ludwig v. Beethoven"|1|"20230915150737"|"AA00032"|"South Island School School Sinfonia,  2021-Present
St. Stephen’s College School Orchestra, 2020
St. Stephen’s College Preparatory School (2016-2020)
St. Stephen College Treble Choir (2020), St. Stephen College Preparatory School School Choir (2014-2020)"|"MUSIC AUDITION-TOP SCHOOLS WEEKEND 2023"
"S043867"|""|"Music Audition"|"Violin"|""|"N/A"|""|""|"Bedrich Smetana “From My Homeland” (2) Andantino"|"Bedrich Smetana"|1|"20230915150737"|"AA00032"|"South Island School School Sinfonia,  2021-Present
St. Stephen’s College School Orchestra, 2020
St. Stephen’s College Preparatory School (2016-2020)
St. Stephen College Treble Choir (2020), St. Stephen College Preparatory School School Choir (2014-2020)"|"MUSIC AUDITION-TOP SCHOOLS WEEKEND 2023"
"S042560"|""|"Music Audition"|"Violin"|""|"N/A"|""|""|"Violin Sonata in A Major, Op.100 – Movement 2"|"Brahms"|1|"20230915151005"|"AA00032"|"Hong Kong Children’s String Orchestra performances from 2016 to 2019 in first violin group and 2nd Solo in 2019"|"MUSIC AUDITION-TOP SCHOOLS WEEKEND 2023"
"S042560"|""|"Music Audition"|"Violin"|""|"N/A"|""|"ABRSM Grade 5 May 2018 [130], ABRSM Grade 8 March 2021 [122]"|"Concerto no. 2 in E major, BWV 1042 - Movement 1+3"|"J S Bach"|1|"20230915152749"|"AA00032"|"Hong Kong Children’s String Orchestra performances from 2016 to 2019 in first violin group and 2nd Solo in 2019"|"MUSIC AUDITION-TOP SCHOOLS WEEKEND 2023"
"S042560"|""|"Music Audition"|"Piano"|""|"N/A"|""|"ABRSM Grade 5, January 2021 [122]"|"TBC"|"TBC"|2|"20230915152818"|"AA00032"|""|"MUSIC AUDITION-TOP SCHOOLS WEEKEND 2023"
"S041650"|""|"Music Audition"|"Violin"|""|"N/A"|""|""|"Chanson Russe"|"Stravinsky"|1|"20230919105656"|"AA00032"|"School Orchestra - 2017-2023
Yips Ensembles - 2021-2023
Started vocal class in summer 2023"|"MUSIC AUDITION-TOP SCHOOLS WEEKEND 2023"
"S041650"|""|"Music Audition"|"Piano"|""|"N/A"|""|"ABRSM Grade 5 January 2021 [125], ABRSM Grade 8 February 2022 [120]"|"Air"|"Helen Hopkirk"|2|"20230919105847"|"AA00032"|""|"MUSIC AUDITION-TOP SCHOOLS WEEKEND 2023"
"S041698"|""|"Music Audition"|"Piano"|""|"N/A"|""|"ABRSM Grade 3 October 2015 [140], ABRSM Grade 8 September 2021 [134]"|"Thunder in Drought Season"|"Chen Peixun"|1|"20230919110208"|"AA00032"|"School orchestra, 2019-2023
Flute ensemble, 2022-2023"|"MUSIC AUDITION-TOP SCHOOLS WEEKEND 2023"
"S041698"|""|"Music Audition"|"Piano"|""|"N/A"|""|""|"Sonata in E Flat Major, Hob XVI/49"|"Joseph Haydn"|1|"20230919110208"|"AA00032"|"School orchestra, 2019-2023
Flute ensemble, 2022-2023"|"MUSIC AUDITION-TOP SCHOOLS WEEKEND 2023"
"S041698"|""|"Music Audition"|"Flute"|""|"N/A"|""|"ABRSM Grade 4 September 2018 [133], ABRSM Grade 8 August 2022 [121]"|"Pan et les Bergers"|"Jules Mouquet"|2|"20230919110401"|"AA00032"|""|"MUSIC AUDITION-TOP SCHOOLS WEEKEND 2023"
"S042986"|""|"Music Audition"|"Violin"|""|"N/A"|""|"ABRSM Grade 2 September 2021 [114], ABRSM Grade 4 August 2022 [129]"|"Orientale - Kaleidoscope Op. 50 No. 9 by César Cui"|"César Cui"|2|"20230919111144"|"AA00032"|""|"MUSIC AUDITION-TOP SCHOOLS WEEKEND 2023"
"S043468"|""|"Music Audition"|"Clarinet"|""|"N/A"|""|""|"3 Intermezzi, Op.13"|"Stanford"|1|"20230919111958"|"AA00032"|"HK Children's Choir
School Choir since 2018, Hong Kong Children's Symphony Orchesta in 2021-2022"|"MUSIC AUDITION-TOP SCHOOLS WEEKEND 2023"
"S041650"|""|"Music Audition"|"Violin"|""|"N/A"|""|"Trinity College - ATCL - February 2013 [85 Distinction], ABRSM Grade 8 2021"|"Chaconne in G Minor"|"Vitali"|1|"20230919113805"|"AA00032"|"School Orchestra - 2017-2023
Yips Ensembles - 2021-2023
Started vocal class in summer 2023"|"MUSIC AUDITION-TOP SCHOOLS WEEKEND 2023"
"S042986"|""|"Music Audition"|"Piano"|""|"N/A"|""|"LCME Pianoforte-Pre preparatory Winter 2017 [88, Distinction], ABRSM Grade 2 November 2021 [117]"|"Allegro in F, Händel-Werke-Verzeichnis (HWV) 488 by George Frideric Handel"|"George Frideric Handel"|3|"20230919115327"|"AA00032"|""|"MUSIC AUDITION-TOP SCHOOLS WEEKEND 2023"
"S043468"|""|"Music Audition"|"Piano"|""|"N/A"|""|"ABRSM Grade 7 April 2021 [135]"|"Allegro moderato: 1st movt from Sonata in Ab, Hob. XVI:46"|"Haydn"|2|"20230919121520"|"AA00032"|""|"MUSIC AUDITION-TOP SCHOOLS WEEKEND 2023"
"S043468"|""|"Music Audition"|"Clarinet"|""|"N/A"|""|"ABRSM Grade 8 February 2021, ABRSM Diploma August 2023 [40, Merit]"|"4 Fantasiestücke, Op.43"|"Gade"|1|"20230919121606"|"AA00032"|"HK Children's Choir
School Choir since 2018, Hong Kong Children's Symphony Orchesta in 2021-2022"|"MUSIC AUDITION-TOP SCHOOLS WEEKEND 2023"
"S040932"|""|"Music Audition"|"Piano"|""|"N/A"|""|"ABRSM Grade 8 results pending September 2023"|"2nd movement sonata No. 8 in C minor"|"Beethoven"|1|"20230920111005"|"AA00032"|""|"MUSIC AUDITION-TOP SCHOOLS WEEKEND 2023"
"S040932"|""|"Music Audition"|"Piano"|""|"N/A"|""|""|"Allegro / moderato sonata in a"|"Martinez"|1|"20230920111005"|"AA00032"|""|"MUSIC AUDITION-TOP SCHOOLS WEEKEND 2023"
"S040932"|""|"Music Audition"|"Violin"|""|"N/A"|""|"ABRSM Grade 5 August 2023"|"Intermezzo aus Hary Janos"|"Zoltan Kodaly"|2|"20230920111047"|"AA00032"|""|"MUSIC AUDITION-TOP SCHOOLS WEEKEND 2023"
"S042986"|""|"Music Audition"|"Cello"|""|"N/A"|""|"ABRSM Grade 3 August 2022 [135], ABRSM Grade 5 June 2023 [115]"|"Cello Humoresque Op.101 by for Cello by Antonín Dvořák"|"Antonín Dvořák"|1|"20230920142445"|"AA00032"|"Malvern College Hong Kong Preparatory School Orchestra (since 2022) - Principal cellist
Pochen Strings Cello Orchestra (since 2022) - Hong Kong Flower Show 2023
Suzuki Music Academy of Hong Kong Music Playgroup (2014-2018) - group activities, singing, and musical games, and get familiar with Piano, Violin, Viola & Cello music concepts and basics
Suzuki Music Academy of Hong Kong Orchestra (2018-2021) - regular recitals & group performances, including the annual Hong Kong Stanley Market Christmas Concert

Rightmind Kindergarten School Choir (2017-2019) - public performances including charity walk concerts, and performance on the cruise from Hong Kong to Okinawa, Japan
Hong Kong Treble Choir (2017-2018) - public performances; Child Development Matching Fund (CDMF) Charity Christmas Concert"|"MUSIC AUDITION-TOP SCHOOLS WEEKEND 2023"
"S042986"|""|"Music Audition"|"Cello"|""|"N/A"|""|""|"Sheperd’s Hey (English Morris Dance tune) by Percy Grainger"|"Percy Grainger"|1|"20230920160838"|"AA00032"|"Malvern College Hong Kong Preparatory School Orchestra (since 2022) - Principal cellist
Pochen Strings Cello Orchestra (since 2022) - Hong Kong Flower Show 2023

Suzuki Music Academy of Hong Kong Music Playgroup (2014-2018) - group activities, singing, and musical games and get familiar with Piano, Violin, Viola & Cello music concepts and basics
Suzuki Music Academy of Hong Kong Orchestra (2018-2021) - regular recitals & group performances, including the annual Hong Kong Stanley Market Christmas Concert
Rightmind Kindergarten School Choir (2017-2019) - public performances including charity walk concerts, and performance on the cruise from Hong Kong to Okinawa, Japan
Hong Kong Treble Choir (2017-2018) - public performances; Child Development matching Fund (CDMF) Charity Christmas Concert"|"MUSIC AUDITION-TOP SCHOOLS WEEKEND 2023"
"S043867"|""|"Music Audition"|"Singing"|""|"N/A"|""|"ABRSM Grade 8 Oct 2019 [134]"|"I wandered Lonely as a Cloud"|"Eric Thiman"|2|"20230921114814"|"AA00032"|""|"MUSIC AUDITION-TOP SCHOOLS WEEKEND 2023"
"S041174"|""|"Music Audition"|"Violin"|""|"N/A"|""|""|"Frank sonata in A minor"|"Cesar franck"|1|"20230922112218"|"AA00032"|"APA, Dr Yip's
School orchestra 2013-2023
Hong Kong Camerata Strings 2016-2018
School string orchestra and symphony orchestra and school quartet"|"MUSIC AUDITION-TOP SCHOOLS WEEKEND 2023"
"S043679"|""|"Music Audition"|"Violin"|""|"N/A"|""|"ABRSM Grade 5 Feb 2021 [126], ABRSM Grade 8 Jan 2023 [124]"|"Spring-The Four Seasons First movement"|"AllegroAntonio Vivaldi"|1|"20230922112501"|"AA00032"|"DBSPD senior orchestra & string orchestra (2021-2023)
DBSPD Hymn Choir (2019-2020), DBSPD Junior Choir (2018-2019), HK Children’s choir 2017-2018"|"MUSIC AUDITION-TOP SCHOOLS WEEKEND 2023"
"S043679"|""|"Music Audition"|"Violin"|""|"N/A"|""|""|"Canzonetta from the Violin Concerto, Op.35"|"Pyotr Ilyich Tchaikovsky"|1|"20230922112501"|"AA00032"|"DBSPD senior orchestra & string orchestra (2021-2023)
DBSPD Hymn Choir (2019-2020), DBSPD Junior Choir (2018-2019), HK Children’s choir 2017-2018"|"MUSIC AUDITION-TOP SCHOOLS WEEKEND 2023"
"S043679"|""|"Music Audition"|"Piano"|""|"N/A"|""|"ABRSM Grade 3 Oct 2018 [111], ABRSM Grade 6 Feb 2022 [124]"|"River Flows In You"|"Yiruma"|2|"20230922112553"|"AA00032"|""|"MUSIC AUDITION-TOP SCHOOLS WEEKEND 2023"
"S041174"|""|"Music Audition"|"Viola"|""|"N/A"|""|"None"|"N/A"|"N/A"|2|"20230922112634"|"AA00032"|""|"MUSIC AUDITION-TOP SCHOOLS WEEKEND 2023"
"S042431"|""|"Music Audition"|"Violin"|""|"N/A"|""|"ABRSM Grade 7 May 2021 [130], ABRSM Grade 8 September 2022 [135]"|"Beethoven Sonata in F 'Spring', op. 24 - First Movement"|"Beethoven"|1|"20230922113050"|"AA00032"|"2016-2017 Dr Yip's Violin Group Class
2017-2022 (Primary 2-5) - St. Paul's Co-Educational College Primary School Orchestra - First Violinist
2022-Present (Grade 6-Present) - Hong Kong International School Classical Strings Ensemble - First Violinist
2015-2017 Braemar Hill Nursery School Choir
2015-2016 Red Vocal Academy - The Show Choir"|"MUSIC AUDITION-TOP SCHOOLS WEEKEND 2023"
"S042431"|""|"Music Audition"|"Violin"|""|"N/A"|""|""|"Prokofiev Cinq mélodies, op. 35a - No.1"|"Prokofiev"|1|"20230922113120"|"AA00032"|"2016-2017 Dr Yip's Violin Group Class
2017-2022 (Primary 2-5) - St. Paul's Co-Educational College Primary School Orchestra - First Violinist
2022-Present (Grade 6-Present) - Hong Kong International School Classical Strings Ensemble - First Violinist
2015-2017 Braemar Hill Nursery School Choir
2015-2016 Red Vocal Academy - The Show Choir"|"MUSIC AUDITION-TOP SCHOOLS WEEKEND 2023"
"S042176"|""|"Music Audition"|"Bassoon"|""|"N/A"|""|"ABRSM Grade 5 October 2021 [120]"|"Largo and Allegro (1st and 2nd movts from Sonata in C)"|"J.F. Fasch"|1|"20230922113337"|"AA00032"|"Hong Kong Bassoon Academy
Symphony orchestra (2020 - 2023) 
Concert Band"|"MUSIC AUDITION-TOP SCHOOLS WEEKEND 2023"
"S042176"|""|"Music Audition"|"Bassoon"|""|"N/A"|""|""|"Romance (No.2 from Three Romances, Op.94), arr. Gatt"|"Schumann"|1|"20230922113337"|"AA00032"|"Hong Kong Bassoon Academy
Symphony orchestra (2020 - 2023) 
Concert Band"|"MUSIC AUDITION-TOP SCHOOLS WEEKEND 2023"
"S041174"|""|"Music Audition"|"Violin"|""|"N/A"|""|"ABRSM Grade 8 October 2016 [130], Trinity Violin Recital ATCL 2018 [75]"|"Mendelssohn violin concerto in E major 1st movement"|"Mendelssohn"|1|"20230922115104"|"AA00032"|"APA, Dr Yip's
School orchestra 2013-2023
Hong Kong Camerata Strings 2016-2018
School string orchestra and symphony orchestra and school quartet"|"MUSIC AUDITION-TOP SCHOOLS WEEKEND 2023"
"S042323"|""|"Music Audition"|"Piano"|""|"N/A"|""|"Grade 6 June 2021"|"Nocturne in G minor"|"Fryderyk Chopin"|1|"20230922153010"|"AA00032"|"Lower School Choir (2016-2020), Prep School Choir (2020-2023), Prep School Chamber Choir (2020-2023), Duet/Ensemble singing in Lower School Musical - Super Stan (2019), Solo/Ensemble singing in Lower School Musical - Dragons Day (2020)
Lower School Percussion - Xylophone and Glockenspiel (2017- 2020), Lower School Drum Circle - Drums (2018), Lower School Spring Recital - Piano (2020), Prep School Percussion Ensemble - Glockenspiel (2020-2023), Brass Ensemble - Trumpet (2021-2023)
I have participated in numerous group music making and singing activities throughout my 7 years at Harrow HK. This encapsulates various recitals, ensembles, choirs and musicals. Many of these were live performances but due to COVID some were also recorded."|"MUSIC AUDITION-TOP SCHOOLS WEEKEND 2023"
"S042323"|""|"Music Audition"|"Trumpet"|""|"N/A"|""|"Grade 8 coming 23rd August 2023"|"Star Wars"|"John Williams"|2|"20230922153108"|"AA00032"|""|"MUSIC AUDITION-TOP SCHOOLS WEEKEND 2023"
"S043753"|""|"Music Audition"|"Piano"|""|"N/A"|""|"ABRSM Grade 6  4 May 2019 [130], ABRSM Grade 8 Piano 6 January 2021 [115]"|"Brahms Zwei Rhapsodien Opus 79 No.2"|"Johannes Brahms"|1|"20230923113934"|"AA00098"|"Orchestra in school, choir before"|"MUSIC AUDITION-TOP SCHOOLS WEEKEND 2023"
"S043753"|""|"Music Audition"|"Flute"|""|"N/A"|""|""|"Bouree anaglaise, Fourth movement from Partita in A minor, BMV 1013"|"John Sebstian Bach"|2|"20230923114242"|"AA00098"|""|"MUSIC AUDITION-TOP SCHOOLS WEEKEND 2023"
"S043753"|""|"Music Audition"|"Piano"|""|"N/A"|""|""|"Bach, The Well-Tempered Claiver Part 1, Prelude and Fugue 6 BMV 851"|"John Sebastian Bach"|1|"20230923114417"|"AA00098"|"Orchestra in school, choir before"|"MUSIC AUDITION-TOP SCHOOLS WEEKEND 2023"
"S043692"|""|"Music Audition"|"Violin"|""|"N/A"|""|""|"Russian Maiden Song"|"Igor Stravinsky"|1|"20240913174733"|"AA00098"|"Hong Kong Children Strings, 2022-Present
Chamber Orchestra – Principal Keyboard
Indigo (Musical Ensemble) – Member – Violinist
St. Pauls’ Convent School – Secondary Section Choir, 2021- Present
Second Suparno Choir, 2023 – Present – Committee Member
St. Paul's Convent School - Primary Section Choir, 2017-2020"|"MUSIC AUDITION-TOP SCHOOLS WEEKEND 2024"
"S043692"|""|"Music Audition"|"Piano"|""|"N/A"|""|"Trinity Grade 8 Oct 2019 [60/100], Trinity ATCL Sept 2022 [65/100]"|"Three Novelettes, nos 1 and 2"|"Poulenc"|2|"20240913174832"|"AA00098"|""|"MUSIC AUDITION-TOP SCHOOLS WEEKEND 2024"
"S043692"|""|"Music Audition"|"Violin"|""|"N/A"|""|"ABRSM Grade 8 in Violin Oct 2022 [123/150], ARSM in Violin June 2024 [40/50]"|"Concerto No. 2"|"Johann Sebastian Bach"|1|"20240913174900"|"AA00098"|"Hong Kong Children Strings, 2022-Present
Chamber Orchestra – Principal Keyboard
Indigo (Musical Ensemble) – Member – Violinist
St. Pauls’ Convent School – Secondary Section Choir, 2021- Present
Second Suparno Choir, 2023 – Present – Committee Member
St. Paul's Convent School - Primary Section Choir, 2017-2020"|"MUSIC AUDITION-TOP SCHOOLS WEEKEND 2024"
"S044920"|""|"Music Audition"|"Piano"|""|"N/A"|""|"ABRSM Grade 8 in 2023 [133], ABRSM Grade 7 in 2022 [122]"|"Night Pieces: Snow, moon and flowers"|"Peter Sculthorpe"|1|"20240913183106"|"AA00098"|"School Orchestra 2019-2020"|"MUSIC AUDITION-TOP SCHOOLS WEEKEND 2024"
"S044920"|""|"Music Audition"|"Piano"|""|"N/A"|""|""|"Waltz in C-sharp Minor, Op.64, No.2"|"Chopin"|1|"20240913183137"|"AA00098"|"School Orchestra 2019-2020"|"MUSIC AUDITION-TOP SCHOOLS WEEKEND 2024"
"S044920"|""|"Music Audition"|"Violin"|""|"N/A"|""|"ABRSM Grade 6 in 2021 [122], ABRSM Grade 4 in 2017 [123]"|"Sonata No.3 in F Major - 2nd Movement"|"Handel"|2|"20240913183214"|"AA00098"|""|"MUSIC AUDITION-TOP SCHOOLS WEEKEND 2024"
"S042604"|""|"Music Audition"|"Piano"|""|"N/A"|""|""|"Slow Waltz, Op36 nO 19"|"Gedike"|1|"20240918142743"|"AA00098"|""|"MUSIC AUDITION-TOP SCHOOLS WEEKEND 2024"
"S042604"|""|"Music Audition"|"Cello"|""|"N/A"|""|"ABRSM Grade 5 March 2023, [130]"|"Scherzo"|"Tellemann"|2|"20240918142844"|"AA00098"|""|"MUSIC AUDITION-TOP SCHOOLS WEEKEND 2024"
"S042604"|""|"Music Audition"|"Piano"|""|"N/A"|""|"ABRSM Grade 6 in Oct 2024 [137/150], Grade 8 in September 2024"|"Consolation No.3 in D flat major"|"Liszt"|1|"20240918142932"|"AA00098"|"Metropolitan Youth Orchestra, 2021-2024
GSIS - Studio Making in music making, 2023-2024
75th Hong Kong School Music Festival, Piano, 1st Place
Hong Kong School Music Festival 2024, Cello, 2nd Place
GSIS Junior Orchestra, 2022 - 2024
GSIS senior Orchestra, 2024 - Present
Home music Creative Process, 2018
GSIS School Choir, 2018 - 2020"|"MUSIC AUDITION-TOP SCHOOLS WEEKEND 2024"
"S042377"|""|"Music Audition"|"Double Bass"|""|"N/A"|""|"ABRSM Grade 6 January 2024 [132], ABRSM Grade 4 September 2022 [137]"|"Adagio and Corrente: Allegro con spirit, 3rd and 2nd movts from Sonata in G minor, trans. Zimmermann"|"Attrib. H. Eccles"|1|"20240918145428"|"AA00098"|"Metropolitan Youth Orchestra of Hong Kong (MYO), 2022-2023  
DBSPD Senior Orchestra, 2022-2024
DBSPD String Orchestra, 2022-2024
DBSPD Chinese Orchestra, 2023-2024"|"MUSIC AUDITION-TOP SCHOOLS WEEKEND 2024"
"S042377"|""|"Music Audition"|"Double Bass"|""|"N/A"|""|""|"Sicilienne, Op. 78, arr. Close & Sassmannshaus Concert Pieces for Double Bass"|"Fauré"|1|"20240918145458"|"AA00098"|""|"MUSIC AUDITION-TOP SCHOOLS WEEKEND 2024"
"S044741"|""|"Music Audition"|"Piano"|""|"N/A"|""|"ABRSM Grade 8 November 2023 [133], ABRSM Grade 6 July 2022 [132]"|"Mozart Sonata in B flat K570"|"Wolfgang Amadeus Mozart"|1|"20240918145913"|"AA00098"|""|"MUSIC AUDITION-TOP SCHOOLS WEEKEND 2024"
"S044741"|""|"Music Audition"|"Piano"|""|"N/A"|""|""|"La Plus Que Lente (The More than Slow)"|"Claude Debussy"|1|"20240918145935"|"AA00098"|""|"MUSIC AUDITION-TOP SCHOOLS WEEKEND 2024"
"S044741"|""|"Music Audition"|"Violin"|""|"N/A"|""|"ABRSM Grade 3 November 2022 [126]"|"Cossacks"|"Katherine and Hugh Colledge"|2|"20240918150004"|"AA00098"|""|"MUSIC AUDITION-TOP SCHOOLS WEEKEND 2024"
"S042617"|""|"Music Audition"|"Trumpet"|""|"N/A"|""|"ABRSM Grade 5 February 2023 [130]"|"Allegro con anima: 3rd movt from Sonata for Cornet, Op 18"|"Thorvald Hansen"|1|"20240918150234"|"AA00098"|"Secondary Windband, 2023 - Present
La Salle College Choir, 2023 - Present
Hong Kong Children Choir - Present
Dr Yip's Children Choir, 2016-2022
La Salle Primary School Senior Choir, 2018-2022
Performed in music competitions and various event"|"MUSIC AUDITION-TOP SCHOOLS WEEKEND 2024"
"S042617"|""|"Music Audition"|"Trumpet"|""|"N/A"|""|""|"Coranto (ending at Fig D), No. 2"|"Orlando Gibbons"|1|"20240918150318"|"AA00098"|""|"MUSIC AUDITION-TOP SCHOOLS WEEKEND 2024"
"S042617"|""|"Music Audition"|"Piano"|""|"N/A"|""|"ABRSM Grade 5 December 2021 [145]"|"Impromptu in B minor (No. 2 from Two Impromptus)"|"Samuel Coleridge-Taylor"|2|"20240918150417"|"AA00098"|""|"MUSIC AUDITION-TOP SCHOOLS WEEKEND 2024"
"S037859"|""|"Music Audition"|"Piano"|""|"N/A"|""|"ABRSM Grade 8 November 2022 [130], ABRSM Grade 7 November 2021 [130]"|"Sonata in C minor, op. 13, 'Pathetique'"|"Beethoven"|1|"20240918151822"|"AA00098"|""|"MUSIC AUDITION-TOP SCHOOLS WEEKEND 2024"
"S037859"|""|"Music Audition"|"Piano"|""|"N/A"|""|""|"Polonaise No. 2 in E-Flat Minor, Op. 26, No. 2"|"Chopin"|1|"20240918151840"|"AA00098"|""|"MUSIC AUDITION-TOP SCHOOLS WEEKEND 2024"
"S044751"|""|"Music Audition"|"Viola"|""|"N/A"|""|"Grade 8 exam in 2024"|"Elegie"|"Alexaudre Glazounow"|1|"20240918153200"|"AA00098"|"La Salle College Symthony Orchestra, 2023 - Present 
La Salle College String Orchestra, 2023- Present
APA orchestra - Present
Dr Yip's Mozart Orchestra, 2018-2022
La Salle Primary School Senior Orchestra, 2018-2023
La Salle College Choir,  2023 – Present 
Hong Kong Children Choir – Present
Dr Yip's Children Choir, 2016-2022
La Salle Primary School Senior Choir, 2018-2022"|"MUSIC AUDITION-TOP SCHOOLS WEEKEND 2024"
"S044751"|""|"Music Audition"|"Viola"|""|"N/A"|""|""|"Op.44  and 2. Fiddle Faddle"|"Leroy Anderson"|1|"20240918153306"|"AA00098"|""|"MUSIC AUDITION-TOP SCHOOLS WEEKEND 2024"
"S044751"|""|"Music Audition"|"Violin"|""|"N/A"|""|"ABRSM Grade 8 October 2021 [127]"|""|""|2|"20240918153338"|"AA00098"|""|"MUSIC AUDITION-TOP SCHOOLS WEEKEND 2024"
"S043926"|""|"Music Audition"|"French Horn"|""|"N/A"|""|"ABRSM Grade 4 August 2023 [136], ABRSM Grade 6 September 2024 [Pending results]"|"Allegro: 1st Movement from Horn Concerto No.1 in D, K.412/514"|"Mozart"|1|"20240918153802"|"AA00098"|"St Paul's Co-Educational College Primary School Orchestra and Band 2022-present
St Paul's Co-Educational College Primary School Choir - 2021-2023
Participated in school concerts and events
Won Silver Award at the Hong Kong Youth Music Interflows in 2023"|"MUSIC AUDITION-TOP SCHOOLS WEEKEND 2024"
"S043926"|""|"Music Audition"|"French Horn"|""|"N/A"|""|""|"En Irlande"|"Bozza"|1|"20240918153821"|"AA00098"|""|"MUSIC AUDITION-TOP SCHOOLS WEEKEND 2024"
"S043926"|""|"Music Audition"|"Singing"|""|"N/A"|""|"ABRSM Grade 5 September 2024 [Pending Results]"|"An Sylvia"|"Schubert"|2|"20240918154310"|"AA00098"|""|"MUSIC AUDITION-TOP SCHOOLS WEEKEND 2024"
"S043926"|""|"Music Audition"|"Piano"|""|"N/A"|""|"ABRSM Grade 5 Piano December 2021 [121]"|""|""|3|"20240918154450"|"AA00098"|""|"MUSIC AUDITION-TOP SCHOOLS WEEKEND 2024"
"S043096"|""|"Music Audition"|"Cello"|""|"N/A"|""|"ABRSM Grade 5 May 2023 [139], ABRSM Grade 3 Dec 2021 [132]"|"Gavotte humoristique"|"William H. Squire"|1|"20240918154703"|"AA00098"|"St. Paul's Co-educational College String and Orchestra [Pending result]
St. Paul's Co-educational College Primary School strings, 2022-2024 - principal of cello in 2024"|"MUSIC AUDITION-TOP SCHOOLS WEEKEND 2024"
"S043096"|""|"Music Audition"|"Cello"|""|"N/A"|""|""|"Tarantelle"|"Goltermann"|1|"20240918154755"|"AA00098"|""|"MUSIC AUDITION-TOP SCHOOLS WEEKEND 2024"
"S043096"|""|"Music Audition"|"Piano"|""|"N/A"|""|"ABRSM Grade 8 September 2024 [Pending Results], ABRSM Grade 5 December 2021 [139]"|"Andante grazioso and Vars.1-6 (1st movement from Sonata in A, K.331)"|"Mozart"|2|"20240918154826"|"AA00098"|""|"MUSIC AUDITION-TOP SCHOOLS WEEKEND 2024"
"S044555"|""|"Music Audition"|"Piano"|""|"N/A"|""|"ABRSM Grade 5 May 2023 [130], ABRSM Grade 2 January 2021 [134]"|"Piano Sonata No.11, K.331 Turkish March"|"Mozart"|1|"20240918154916"|"AA00098"|""|"MUSIC AUDITION-TOP SCHOOLS WEEKEND 2024"
"S044555"|""|"Music Audition"|"Piano"|""|"N/A"|""|""|"Sonatina No.1 C Major Op.36"|"Clementi"|1|"20240918154935"|"AA00098"|""|"MUSIC AUDITION-TOP SCHOOLS WEEKEND 2024"
"S040953"|""|"Music Audition"|"Violin"|""|"N/A"|""|""|"Theme from Schindler's List"|"John Williams"|1|"20240918155045"|"AA00098"|""|"MUSIC AUDITION-TOP SCHOOLS WEEKEND 2024"
"S044961"|""|"Music Audition"|"Piano"|""|"N/A"|""|"ABRSM Grade 8 December 2023 [125], ABRSM Grade 7 December 2022 [130]"|"Prelude and Fugue in D minor"|"Bach"|1|"20240918155134"|"AA00098"|"Performed at the Assembly, Graduation Performance and a band music of MCHK in 2023"|"MUSIC AUDITION-TOP SCHOOLS WEEKEND 2024"
"S044961"|""|"Music Audition"|"Piano"|""|"N/A"|""|""|"Adagio cantabile (2nd movt from Sonata in C minor ‘Pathétique’, Op. 13)"|"Beethoven"|1|"20240918155159"|"AA00098"|""|"MUSIC AUDITION-TOP SCHOOLS WEEKEND 2024"
"S044332"|""|"Music Audition"|"Violin"|""|"N/A"|""|"ABRSM Grade 5 July 2022 [136]"|"Folia (Theme and selected variations from Sonata in D minor, op.5 No.12"|"Corelli"|1|"20240918160733"|"AA00098"|"School‘s Orchestra - Present
Hong Kong Children’s Choir, 2021-2022
Yips Children’s Choir, 2017-2019"|"MUSIC AUDITION-TOP SCHOOLS WEEKEND 2024"
"S044332"|""|"Music Audition"|"Violin"|""|"N/A"|""|""|"Chanson triste: No.2 from 12 morceaux,Op.40, arr.Bullard"|"Tchaikovsky"|1|"20240918160803"|"AA00098"|""|"MUSIC AUDITION-TOP SCHOOLS WEEKEND 2024"
"S043755"|""|"Music Audition"|"Piano"|""|"N/A"|""|"ABRSM Grade 8 August 2024 [134]"|"No. 3, Notturno: Poco Allegro, con affetto"|"Franz liszt"|1|"20240918161203"|"AA00098"|"Chinese International School Choir, 2022-2023
Led the Year 6 Chinese chorus ""Youth Yearbook"" for CIS's 40th anniversary event
Member of the APA program"|"MUSIC AUDITION-TOP SCHOOLS WEEKEND 2024"
"S044933"|""|"Music Audition"|"Piano"|""|"N/A"|""|"ABRSM Grade 6 November 2021[123], ABRSM Grade 8 July 2024 [118]"|"F.M. Veracini Sonata E minor Op.2, No.8, 1st movement Allegro"|"F.M. Veracini"|1|"20240918161342"|"AA00098"|""|"MUSIC AUDITION-TOP SCHOOLS WEEKEND 2024"
"S044933"|""|"Music Audition"|"Piano"|""|"N/A"|""|""|"Tchaikovsky Concerto in D, 2nd movement Canzonetta Andante"|"Tchaikovsky"|1|"20240918161410"|"AA00098"|""|"MUSIC AUDITION-TOP SCHOOLS WEEKEND 2024"
"S044851"|""|"Music Audition"|"Cello"|""|"N/A"|""|"ABRSM Grade 8 May 2023 [126]"|"Bach Suite No.1 in G Major"|"Bach"|1|"20240918163305"|"AA00098"|"School Choir member, 2018-2019
Symphony Orchestra Principal Cellist, 2023 – Present 
Symphony Orchestra Cellist, 2019 – 2022
Principal Cellist/ Symphony Orchestra Cellist in School Performance and Concerts, 2022 – 2024
Hungarian Youth International Concert 2024
Wiener Musikverein Youth Symphony Concert 2024"|"MUSIC AUDITION-TOP SCHOOLS WEEKEND 2024"
"S044851"|""|"Music Audition"|"Cello"|""|"N/A"|""|""|"Julie-O Cello Solo"|"Mark Summer"|1|"20240918163328"|"AA00098"|""|"MUSIC AUDITION-TOP SCHOOLS WEEKEND 2024"
"S044851"|""|"Music Audition"|"Piano"|""|"N/A"|""|"ABRSM Grade 6 Jan 2022 [120]"|"Moment musical in C# minor: No. 4 from Moments musicaux, Op. 94, D. 780"|"Schubert"|2|"20240918163719"|"AA00098"|""|"MUSIC AUDITION-TOP SCHOOLS WEEKEND 2024"
"S043546"|""|"Music Audition"|"Violin"|""|"N/A"|""|"ABRSM Grade 5 August 2022 [126], ABRSM Grade 8 will take in 2024"|"Canzonetta: Andante (2nd movement from Concerto in D, Op.35)"|"Tchaikovsky"|1|"20240918163825"|"AA00098"|"IYS Orchestra- Music Office, 2022 – Current, 2nd Violinist since 2022
Tom Lee Music Academy, 2016 -Present"|"MUSIC AUDITION-TOP SCHOOLS WEEKEND 2024"
"S043546"|""|"Music Audition"|"Violin"|""|"N/A"|""|""|"Allemanda (1st movement from Partita No.2 in D minor, BWV 1004)"|"J.S. Bach"|1|"20240918163846"|"AA00098"|""|"MUSIC AUDITION-TOP SCHOOLS WEEKEND 2024"
"S043755"|""|"Music Audition"|"Piano"|""|"N/A"|""|""|"Piano Sonata Komponiert wahrscheinlich 1783 KV 332"|"Mozart"|1|"20240919111522"|"AA00098"|""|"MUSIC AUDITION-TOP SCHOOLS WEEKEND 2024"
"S044877"|""|"Music Audition"|"Piano"|""|"N/A"|""|"ABRSM Grade 8 April 2022 [132]"|"Beethoven Sonata Op. 2. N. 1. F minor"|"Ludwig van Beethoven"|1|"20240919131534"|"AA00098"|"School Band,  2020-2022
Chamber Music Squad, 2023-2024"|"MUSIC AUDITION-TOP SCHOOLS WEEKEND 2024"
"S044877"|""|"Music Audition"|"Piano"|""|"N/A"|""|""|"4 Impromptus, Op. 90,D.899: No.4 in A-flat Major"|"Franz Schubert"|1|"20240919131552"|"AA00098"|""|"MUSIC AUDITION-TOP SCHOOLS WEEKEND 2024"
"S044877"|""|"Music Audition"|"Saxophone"|""|"N/A"|""|""|"No.41 from Vollstandige Clarinett-Schule, Part1,Op.63"|"Carl Baermann"|2|"20240919131619"|"AA00098"|""|"MUSIC AUDITION-TOP SCHOOLS WEEKEND 2024"
"S044974"|""|"Music Audition"|"Piano"|""|"N/A"|""|""|"The Well-Tempered Clavier, Book I: Prelude and Fugue no. 24 in B minor, BWV 869 First movement"|"Bach"|1|"20240919132118"|"AA00098"|""|"MUSIC AUDITION-TOP SCHOOLS WEEKEND 2024"
"S042408"|""|"Music Audition"|"Singing"|""|"N/A"|""|""|"Think of Me"|"Andrew Lloyd Webber"|1|"20240919133126"|"AA00098"|""|"MUSIC AUDITION-TOP SCHOOLS WEEKEND 2024"
"S044974"|""|"Music Audition"|"Piano"|""|"N/A"|""|"ATCL 4 May 2023 [63/100]"|"Piano Concerto No 21,K 467 1st movement+1st&3rd movement cadenza"|"Mozart"|1|"20240919163442"|"AA00098"|"School Band - Present
School Choir, 2018
Performance: 
Mayor of Mönchengladbach in Germany, 2019
Mozarteum with the Szolnok Symphony Orchestra 2024
Musikverein in Vienna with the Vienna Mozart Orchestra 2024"|"MUSIC AUDITION-TOP SCHOOLS WEEKEND 2024"
"S043865"|""|"Music Audition"|"Piano"|""|"N/A"|""|"ABRSM Grade 5 August 2022 [135], ABRSM Grade 8 September 2024 [Pending result]"|"Beethoven Sonata No.8 “Pathetique” 2nd movement"|"Beethoven"|1|"20240919163833"|"AA00098"|"School Treble Choir, 2023-2024
HK Children's Choir, 2018-2021
GMC Music member - Present
Barcelona Grand Prize Virtuoso, Asian Aegean International Music Competition, IYMA, 2024"|"MUSIC AUDITION-TOP SCHOOLS WEEKEND 2024"
"S043865"|""|"Music Audition"|"Piano"|""|"N/A"|""|""|"Rondo"|"Bela Bartok"|1|"20240919163850"|"AA00098"|""|"MUSIC AUDITION-TOP SCHOOLS WEEKEND 2024"
"S044894"|""|"Music Audition"|"Flute"|""|"N/A"|""|""|"C:1 Zequinha de Abreu Tico-tico no fuba, arr. Nikki lles"|"Zequinha de Abreu (1880-1935)"|1|"20240919164942"|"AA00098"|""|"MUSIC AUDITION-TOP SCHOOLS WEEKEND 2024"
"S044894"|""|"Music Audition"|"Singing"|""|"N/A"|""|""|"Cloud-Shadows"|"James H. Rogers"|2|"20240919165011"|"AA00098"|""|"MUSIC AUDITION-TOP SCHOOLS WEEKEND 2024"
"S044894"|""|"Music Audition"|"Flute"|""|"N/A"|""|"AMRSM Grade 3 19 February 2021"|"B:2 Pietro Mascagni Intermezzo: from Cavalleria rusticana, arr. Alan Bullard"|"Pietro Mascagni (1963-1945)"|1|"20240919165057"|"AA00098"|"Piano -  AMRSM Grade 5 27 May 2023
Music Theory - AMRSM Grade 5 9 February 2024
GASCA 36th International Children and Youth Singing Competition 2023 - 2024- Champion
HK School Music and Speech Association 76th HK Schools Music Festival – 2024 - Vocal Solo Foreign
St. Stephen's College Preparatory School, Senior Choir, 2020 - Present
HK Children's Choir, 2018 - 2022
HK Ling Liang Church Choir, 2018 – Present
Singing Performance at Hong Kong Space Museum, 2023
The Globe Musical Performance at Hong Kong, Xiqu Centre, 2024
Singing Performance at Hong Kong Space Museum, 2024
23-24 76th HK School Music Festival 2024 - GOLD Award
23-24_GASCA 36th International Children and Youth Singing Competition_Champion"|"MUSIC AUDITION-TOP SCHOOLS WEEKEND 2024"
"S042408"|""|"Music Audition"|"Piano"|""|"N/A"|""|"N.A"|"Minnelied"|"Heinrich Hofmann"|2|"20240919165607"|"AA00098"|""|"MUSIC AUDITION-TOP SCHOOLS WEEKEND 2024"
"S042408"|""|"Music Audition"|"Singing"|""|"N/A"|""|"ABRSM Grade 5 December 20 2023 [138]"|"Sure on this shining night"|"Samuel Barber"|1|"20240919165758"|"AA00098"|"Diocesan Boys' School Choir – Present
Diocesan Boys' School Primary Division Treble Choir, 2023-2024
Diocesan Boys' School Primary Division Junior Choir, 2019-2023
Show Choir Hong Kong of Red Academy, 2016-2019"|"MUSIC AUDITION-TOP SCHOOLS WEEKEND 2024"
"S042377"|""|"Music Audition"|"Piano"|""|"N/A"|""|"ABRSM Grade 8 January 2023 [132], ABRSM Grade 5 April 2021 [134]"|"Alla Turca (3rd movt from Sonata in A, K.331)"|"Mozart"|2|"20240919170436"|"AA00098"|""|"MUSIC AUDITION-TOP SCHOOLS WEEKEND 2024"
"S040953"|""|"Music Audition"|"Violin"|""|"N/A"|""|"ABRSM Grade 5 Jan 2021 [113]"|"Concerto No. 1"|"JS Bach"|1|"20240919170707"|"AA00098"|"HK Children's Choir, Present
St Paul's Co-educational College Primary School, 2020 - 2021
Yip's Children's Choir, 2014 - 2016"|"MUSIC AUDITION-TOP SCHOOLS WEEKEND 2024"
"S044722"|""|"Music Audition"|"Clarinet"|""|"N/A"|""|"ABRSM Grade 8 August 2021 [130]"|"Five Bagatelles, Opus 23-- V. Fughetta"|"Gerald Finzi"|1|"20240920150632"|"AA00098"|"Diocesan Boy's School Orchestra, 2022-2024
Diocesan Boy's School primary devision Orchestra, 2018-2022"|"MUSIC AUDITION-TOP SCHOOLS WEEKEND 2024"
"S044722"|""|"Music Audition"|"Clarinet"|""|"N/A"|""|""|"Clarinet Sonata, Op.167"|"C.Saint Saens"|1|"20240920150658"|"AA00098"|""|"MUSIC AUDITION-TOP SCHOOLS WEEKEND 2024"
"S044581"|""|"Music Audition"|"Violin"|""|"N/A"|""|""|"Partita no 2, Allemanda"|"JS Bach"|1|"20240921110947"|"AA00098"|""|"MUSIC AUDITION-TOP SCHOOLS WEEKEND 2024"
"S044581"|""|"Music Audition"|"Piano"|""|"N/A"|""|"ABRSM Grade 7 September 2024 [Pending Result]"|"At the Evening Window, no 4 from Four Stories"|"Jan Freidlin"|2|"20240921111206"|"AA00098"|""|"MUSIC AUDITION-TOP SCHOOLS WEEKEND 2024"
"S044581"|""|"Music Audition"|"Violin"|""|"N/A"|""|"ABRSM grade 8 December 2022 [136], ABRSM grade 5 June 2021 [123]"|"The Bee” Op 13 no 9"|"Francois Schubert"|1|"20240921111246"|"AA00098"|"AMRSM Music Theory Grade 5 [69]
APA JSE orchestra, 2021- Present
APA JRE orchestra - Present"|"MUSIC AUDITION-TOP SCHOOLS WEEKEND 2024"
"S044748"|""|"Music Audition"|"Piano"|""|"N/A"|""|"ABRSM Grade 8 Aug 2023 [121]"|"Fantasie in D minor 6""00"|"Mozart"|1|"20240922084925"|"AA00098"|"School Choir, 2023 - Present"|"MUSIC AUDITION-TOP SCHOOLS WEEKEND 2024"
"S044748"|""|"Music Audition"|"Piano"|""|"N/A"|""|""|"Mazurka in A minor Op.17 No.4 5""00"|"Chopin"|1|"20240922085014"|"AA00098"|""|"MUSIC AUDITION-TOP SCHOOLS WEEKEND 2024"
