"school_id"|"examyear"|"grade"|"results"|"lastupdate"|"staffid"|"remarks"|"examtype"
4|"2012"|""|"63"|"20130402161014"|"AA00007"|""|"Pre - U"
4|"2012"|"Pass"|"3"|"20130403095402"|"AA00007"|""|"Pre - U"
4|"2012"|"Merit"|"33"|"20130403095414"|""|""|"Pre - U"
47|"2012"|"A* - B"|"31.0"|"20130508100555"|""|""|"A Level"
47|"2012"|"A* - A"|"29.0"|"20130508100603"|""|""|"A Level"
631|"2012"|"A*"|"32.0"|"20130618165208"|""|""|"GCSE"
631|"2012"|"A* - A"|"58.0"|"20130618165212"|""|""|"GCSE"
631|"2012"|"74"|"58.0"|"20130618165228"|"AA00025"|""|"GCSE"
631|"2012"|"A* - A"|"74"|"20130618165236"|"AA00025"|""|"GCSE"
631|"2012"|"A*"|"45"|"20130618165249"|"AA00025"|""|"GCSE"
691|"2012"|"A* - A"|"31"|"20130709122524"|"AA00025"|""|"A Level"
691|"2012"|"A* - B"|"59"|"20130709122528"|"AA00025"|""|"A Level"
11|"2013"|"A* - A"|"49"|"20130816152640"|"AA00025"|""|"A Level"
11|"2013"|"A*"|"16"|"20130816152655"|"AA00025"|""|"A Level"
646|"2013"|"A*"|"52.5"|"20130816161053"|"AA00040"|""|"A Level"
646|"2013"|"A*"|"28"|"20130816161128"|"AA00040"|""|"A Level"
320|"2013"|"A* - B"|"72"|"20130817101933"|"AA00025"|""|"A Level"
596|"2013"|"A*"|"18.42"|"20130819112015"|"AA00040"|""|"A Level"
522|"2013"|"A* - A"|"48"|"20130819172021"|"AA00040"|""|"A Level"
522|"2013"|"A* - A"|"-"|"20130819172428"|"AA00040"|""|"A Level"
549|"2013"|""|"41.8"|"20130819181809"|"AA00025"|""|"IB"
504|"2013"|"A* - A"|"36"|"20130819182253"|"AA00040"|""|"A Level"
258|"2011"|"A* - A"|"68.1"|"20130821181234"|""|""|"A Level"
192|"2012"|"A* - A"|"80.0"|"20130821182540"|""|""|"A Level"
599|"2013"|"A* - A"|"35"|"20130822175715"|"AA00040"|""|"A Level"
508|"2013"|"A* - A"|"15"|"20130822182621"|"AA00040"|""|"A Level"
462|"2013"|"A* - A"|"45"|"20130823101540"|"AA00040"|""|"A Level"
494|"2013"|"A* - A"|"40"|"20130823102000"|"AA00040"|""|"A Level"
286|"2013"|"A*"|"69"|"20130831101710"|"AA00025"|""|"GCSE"
177|"2013"|"A*"|"13.73"|"20130831162610"|"AA00040"|""|"A Level"
119|"2013"|"A* - A"|"88"|"20130903111059"|"AA00040"|""|"A Level"
330|"2013"|"A* - A"|"56"|"20130906114156"|"AA00025"|""|"GCSE"
261|"2013"|"A* - A"|"56"|"20130906115228"|"AA00025"|""|"A Level"
261|"2013"|""|"56"|"20130906115247"|"AA00025"|""|"GCSE"
103|"2013"|"A*"|"23"|"20130907152726"|"AA00025"|""|"A Level"
103|"2013"|"A* - A"|"63"|"20130907152738"|"AA00025"|""|"A Level"
103|"2013"|"A* - A"|"63"|"20130907152743"|"AA00025"|"Boarder: 73%"|"A Level"
103|"2013"|"A* - B"|"88"|"20130907152750"|"AA00025"|""|"A Level"
3|"2013"|"A*"|"27"|"20130913093519"|"AA00040"|""|"GCSE"
4|"2013"|""|"44"|"20131002180149"|"AA00040"|""|"IB"
575|"2013"|"A* - A"|"21"|"20131002192036"|"AA00025"|""|"GCSE"
520|"2013"|"A* - A"|"55.91"|"20131002195838"|"AA00040"|""|"A Level"
504|"2013"|"A* - A"|"50"|"20131002202203"|"AA00025"|""|"GCSE"
489|"2013"|"A* - B"|"83"|"20131003110944"|"AA00040"|""|"A Level"
483|"2013"|"A* - A"|"59"|"20131003112208"|"AA00025"|""|"GCSE"
483|"2013"|"A* - A"|"40"|"20131003112233"|"AA00040"|""|"A Level"
483|"2013"|"A*"|"42"|"20131003112326"|"AA00025"|""|"A Level"
455|"2013"|"A* - A"|"52.63"|"20131003112640"|"AA00040"|""|"A Level"
475|"2013"|"A* - A"|"65.44"|"20131003113841"|"AA00040"|""|"A Level"
18|"2013"|"A* - A"|"53"|"20131003115920"|"AA00040"|""|"A Level"
18|"2013"|"A* - B"|"81"|"20131003115923"|"AA00040"|""|"A Level"
430|"2013"|"A* - B"|"99.6"|"20131003121400"|"AA00040"|""|"A Level"
428|"2013"|"A* - A"|"22.27"|"20131003122023"|"AA00040"|""|"A Level"
414|"2013"|"A* - A"|"40.76"|"20131003150458"|"AA00040"|""|"A Level"
414|"2013"|"A*"|"16.6"|"20131003150519"|"AA00025"|""|"A Level"
414|"2013"|"A* - A"|"44.6"|"20131003150527"|"AA00025"|""|"A Level"
414|"2013"|"A* - B"|"75.9"|"20131003150546"|"AA00025"|""|"A Level"
409|"2013"|"A* - A"|"35.24"|"20131003152539"|"AA00040"|""|"A Level"
403|"2013"|"A*"|"24.05"|"20131003154219"|"AA00025"|""|"GCSE"
403|"2013"|"A* - A"|"53.71"|"20131003154224"|"AA00025"|""|"GCSE"
389|"2013"|"A* - A"|"35.29"|"20131003162358"|"AA00040"|""|"A Level"
377|"2013"|"A* - A"|"54.76"|"20131003162814"|"AA00040"|""|"A Level"
373|"2013"|"A* - A"|"60"|"20131003163156"|"AA00040"|""|"GCSE"
373|"2013"|"A*"|"30"|"20131003163240"|"AA00025"|""|"GCSE"
373|"2013"|"A* - A"|"64"|"20131003163632"|"AA00025"|""|"GCSE"
541|"2013"|"A* - A"|"20"|"20131003165118"|"AA00040"|""|"A Level"
362|"2013"|"A* - A"|"34.42"|"20131003170128"|"AA00040"|""|"A Level"
360|"2013"|"A* - A"|"78"|"20131003170256"|"AA00040"|""|"GCSE"
360|"2013"|"A* - A"|"81"|"20131003170318"|"AA00040"|""|"A Level"
345|"2013"|"A*"|"23.9"|"20131007151552"|"AA00040"|""|"A Level"
345|"2013"|"A* - A"|"60"|"20131007151557"|"AA00040"|""|"A Level"
345|"2013"|"A* - B"|"89.1"|"20131007151601"|"AA00040"|""|"A Level"
345|"2013"|"A*"|"53.3"|"20131007151607"|"AA00040"|""|"GCSE"
303|"2013"|"A*"|"17"|"20131007155111"|"AA00040"|""|"GCSE"
303|"2013"|"A* - A"|"45"|"20131007155115"|"AA00040"|""|"GCSE"
299|"2013"|"A*"|"17"|"20131007155659"|"AA00040"|""|"GCSE"
299|"2013"|"A* - A"|"45"|"20131007155704"|"AA00040"|""|"GCSE"
299|"2013"|"A* - B"|"64"|"20131007155711"|"AA00040"|""|"A Level"
534|"2013"|"A* - A"|"43"|"20131007160825"|"AA00040"|""|"A Level"
534|"2013"|"A*"|"41"|"20131007160839"|"AA00025"|""|"GCSE"
264|"2013"|"A* - A"|"34.9"|"20131008103140"|"AA00025"|""|"GCSE"
257|"2013"|"A* - A"|"65"|"20131008105737"|"AA00040"|""|"GCSE"
257|"2013"|"A* - A"|"46"|"20131008105756"|"AA00040"|""|"A Level"
257|"2013"|"A* - B"|"79.4"|"20131008105800"|"AA00040"|""|"A Level"
248|"2013"|"A* - A"|"31.3"|"20131008110846"|"AA00040"|""|"A Level"
235|"2013"|"A* - A"|"66.73"|"20131008111437"|"AA00040"|""|"A Level"
235|"2013"|"A* - B"|"89"|"20131008111441"|"AA00040"|""|"A Level"
211|"2013"|"A*"|"45.9"|"20131008112704"|"AA00040"|""|"GCSE"
208|"2013"|"A* - A"|"52.69"|"20131008113124"|"AA00040"|""|"A Level"
208|"2013"|"A* - B"|"75.8"|"20131008113129"|"AA00040"|""|"A Level"
16|"2013"|"A*"|"31"|"20131008115309"|"AA00040"|""|"GCSE"
16|"2013"|"A* - A"|"70"|"20131008115313"|"AA00040"|""|"GCSE"
154|"2013"|"A* - B"|"90.4"|"20131008115910"|"AA00025"|""|"A Level"
150|"2013"|"A* - A"|"20"|"20131008120045"|"AA00040"|""|"GCSE"
140|"2013"|"A* - B"|"71"|"20131008120522"|"AA00040"|""|"A Level"
140|"2013"|"A*"|"34"|"20131008120542"|"AA00040"|""|"A Level"
136|"2013"|"A*"|"45.5"|"20131008152122"|"AA00040"|""|"GCSE"
136|"2013"|"A* - A"|"76.5"|"20131008152126"|"AA00040"|""|"GCSE"
136|"2013"|"A* - A"|"50.4"|"20131008152140"|"AA00025"|""|"A Level"
136|"2013"|"A* - B"|"80"|"20131008152145"|"AA00025"|""|"A Level"
113|"2013"|"A* - A"|"46.39"|"20131008154235"|"AA00040"|""|"A Level"
110|"2013"|"A* - A"|"56"|"20131008160418"|"AA00040"|""|"GCSE"
110|"2013"|"A* - A"|"46.07"|"20131008160429"|"AA00040"|""|"A Level"
110|"2013"|"A* - B"|"77"|"20131008160434"|"AA00040"|""|"A Level"
100|"2013"|"A* - A"|"75"|"20131008160929"|"AA00040"|""|"GCSE"
100|"2013"|"A*"|"32"|"20131008160935"|"AA00040"|""|"A Level"
100|"2013"|"A* - A"|"68"|"20131008160942"|"AA00040"|""|"A Level"
100|"2013"|"A* - B"|"88"|"20131008160947"|"AA00040"|""|"A Level"
29|"2013"|"A* - B"|"78"|"20131008174108"|"AA00040"|""|"A Level"
58|"2013"|"A*"|"14.6"|"20131008174214"|"AA00040"|""|"A Level"
58|"2013"|"A* - A"|"53.4"|"20131008174220"|"AA00040"|""|"A Level"
58|"2013"|"A* - B"|"81.2"|"20131008174224"|"AA00040"|""|"A Level"
43|"2013"|"A* - A"|"25.6"|"20131009112633"|"AA00025"|""|"GCSE"
43|"2013"|"A* - A"|"18"|"20131009112639"|"AA00025"|""|"A Level"
43|"2013"|"A* - B"|"20.5"|"20131009112643"|"AA00025"|""|"A Level"
15|"2013"|"A* - A"|"79.4"|"20131010161422"|"AA00040"|""|"GCSE"
15|"2013"|"A*"|"22.5"|"20131010161430"|"AA00040"|""|"A Level"
15|"2013"|"A* - B"|"84"|"20131010161435"|"AA00040"|""|"A Level"
259|"2013"|""|"33.6"|"20131010161609"|"AA00039"|""|"IB"
211|"2013"|"A*"|"46.9"|"20131010162651"|"AA00025"|""|"GCSE"
211|"2013"|"A* - A"|"75.91"|"20131010162657"|"AA00040"|""|"GCSE"
211|"2013"|"A* - A"|"52.4"|"20131010162703"|"AA00040"|""|"A Level"
30000|"2013"|"A* - A"|"31"|"20131010162938"|"AA00040"|""|"GCSE"
566|"2013"|"A* - A"|"38"|"20131010163110"|"AA00040"|""|"A Level"
130|"2013"|"A* - A"|"77.5"|"20131010163313"|"AA00040"|""|"GCSE"
130|"2013"|"A*"|"37"|"20131010163319"|"AA00040"|""|"A Level"
130|"2013"|"A* - A"|"78"|"20131010163324"|"AA00040"|""|"A Level"
130|"2013"|"A* - B"|"95"|"20131010163329"|"AA00040"|""|"A Level"
501|"2013"|"A* - A"|"52"|"20131010164616"|"AA00040"|""|"A Level"
501|"2013"|"A*"|"14"|"20131010171117"|"AA00025"|""|"A Level"
501|"2013"|"A* - A"|"53"|"20131010171122"|"AA00025"|""|"A Level"
501|"2013"|"A* - B"|"72"|"20131010171126"|"AA00025"|""|"A Level"
501|"2013"|"A* - A"|"46"|"20131010171142"|"AA00025"|""|"GCSE"
32|"2013"|"A* - A"|"36"|"20131010171338"|"AA00040"|""|"GCSE"
65|"2013"|"A* - A"|"49"|"20131011101103"|"AA00040"|""|"GCSE"
65|"2013"|"A*"|"21"|"20131011101108"|"AA00040"|""|"A Level"
65|"2013"|"A* - A"|"50"|"20131011101115"|"AA00025"|""|"GCSE"
65|"2013"|"A* - B"|"64"|"20131011101118"|"AA00040"|""|"A Level"
380|"2013"|"A* - A"|"47"|"20131011101235"|"AA00025"|""|"GCSE"
574|"2013"|"A*"|"21"|"20131011102851"|"AA00025"|""|"GCSE"
574|"2013"|"A* - A"|"49"|"20131011102856"|"AA00025"|""|"GCSE"
78|"2013"|"A* - B"|"50"|"20131011103100"|"AA00025"|""|"A Level"
442|"2013"|"A* - B"|"69"|"20131011103514"|"AA00040"|""|"A Level"
603|"2013"|"A*"|"37.4"|"20131011103659"|"AA00040"|""|"A Level"
603|"2013"|"A* - A"|"70.7"|"20131011103702"|"AA00040"|""|"A Level"
556|"2013"|"A*"|"9"|"20131011104004"|"AA00040"|""|"A Level"
556|"2013"|"A*"|"10"|"20131011104011"|"AA00025"|""|"A Level"
556|"2013"|"A* - A"|"19.59"|"20131011104015"|"AA00040"|""|"A Level"
556|"2013"|"A* - B"|"55"|"20131011104019"|"AA00040"|""|"A Level"
479|"2013"|"A* - A"|"38.86"|"20131011104242"|"AA00040"|""|"A Level"
597|"2013"|"A* - A"|"37"|"20131011104433"|"AA00025"|""|"GCSE"
597|"2013"|"A* - B"|"60"|"20131011104439"|"AA00025"|""|"A Level"
271|"2013"|"A* - A"|"43"|"20131011105619"|"AA00040"|""|"A Level"
271|"2013"|"A* - B"|"49"|"20131011105624"|"AA00040"|""|"A Level"
322|"2013"|"A* - A"|"60"|"20131011110048"|"AA00040"|""|"GCSE"
322|"2013"|"A* - A"|"43"|"20131011110103"|"AA00040"|""|"A Level"
342|"2013"|"A* - A"|"29.59"|"20131011140129"|"AA00040"|""|"A Level"
472|"2013"|"A* - A"|"33.06"|"20131011172934"|"AA00040"|""|"A Level"
472|"2013"|""|"40"|"20131011172940"|"AA00040"|""|"GCSE"
376|"2013"|""|"40"|"20131011173437"|"AA00025"|""|"IB"
376|"2013"|"A* - A"|"80"|"20131011173444"|"AA00025"|""|"A Level"
376|"2013"|"A* - B"|"97"|"20131011173447"|"AA00025"|""|"A Level"
241|"2013"|"A* - A"|"68"|"20131011173615"|"AA00040"|""|"GCSE"
241|"2013"|"A* - A"|"49.5"|"20131011173620"|"AA00040"|""|"A Level"
125|"2013"|"A*"|"35"|"20131011173746"|"AA00040"|""|"GCSE"
197|"2013"|"A*"|"41.23"|"20131011173854"|"AA00040"|""|"GCSE"
197|"2013"|"A* - A"|"74.89"|"20131011173858"|"AA00040"|""|"GCSE"
197|"2013"|"A* - A"|"62.7"|"20131011173907"|"AA00025"|""|"A Level"
197|"2013"|"A* - B"|"83.1"|"20131011173910"|"AA00025"|""|"A Level"
422|"2013"|"A* - B"|"65"|"20131011174021"|"AA00040"|""|"A Level"
195|"2013"|"A*"|"23"|"20131011174337"|"AA00040"|""|"GCSE"
195|"2013"|"A* - A"|"48"|"20131011174343"|"AA00040"|""|"GCSE"
195|"2013"|"A* - A"|"40"|"20131011174351"|"AA00040"|""|"A Level"
195|"2013"|"A* - B"|"68"|"20131011174356"|"AA00040"|""|"A Level"
45|"2013"|"A* - A"|"52"|"20131012094648"|"AA00040"|""|"GCSE"
45|"2013"|"A* - A"|"31.91"|"20131012094654"|"AA00040"|""|"A Level"
592|"2013"|"A* - A"|"49.2"|"20131012094810"|"AA00040"|""|"GCSE"
41|"2013"|""|"25"|"20131012095628"|"AA00040"|""|"GCSE"
291|"2013"|"A* - A"|"48"|"20131012095853"|"AA00040"|""|"GCSE"
533|"2013"|"A*"|"51.9"|"20131012100835"|"AA00025"|""|"GCSE"
533|"2013"|"A* - A"|"78.6"|"20131012100839"|"AA00025"|""|"GCSE"
533|"2013"|"A* - B"|"85.2"|"20131012100843"|"AA00025"|""|"A Level"
655|"2013"|"A* - A"|"71"|"20131015095207"|"AA00040"|""|"GCSE"
655|"2013"|"A* - B"|"70"|"20131015095236"|"AA00025"|""|"A Level"
285|"2013"|"A* - A"|"36.28"|"20131015095946"|"AA00040"|""|"GCSE"
285|"2013"|"A* - A"|"36"|"20131015100123"|"AA00040"|""|"A Level"
285|"2013"|"A* - B"|"65"|"20131015100128"|"AA00040"|""|"A Level"
13|"2013"|"A* - B"|"84"|"20131015100700"|"AA00040"|""|"GCSE"
13|"2013"|"A* - A"|"55.3"|"20131015100705"|"AA00040"|""|"A Level"
416|"2013"|"A* - A"|"44"|"20131015100907"|"AA00025"|""|"A Level"
340|"2013"|"A*"|"7"|"20131015101031"|"AA00040"|""|"A Level"
570|"2013"|"A* - A"|"50"|"20131015102101"|"AA00025"|""|"GCSE"
11|"2013"|"A* - A"|"65"|"20131016095459"|"AA00040"|""|"GCSE"
11|"2013"|"A*"|"19"|"20131016095505"|"AA00025"|""|"A Level"
11|"2013"|"A* - A"|"55"|"20131016095510"|"AA00025"|""|"A Level"
11|"2013"|"A* - B"|"83"|"20131016095514"|"AA00025"|""|"A Level"
457|"2013"|"A* - A"|"25"|"20131016095650"|"AA00040"|""|"A Level"
457|"2013"|"A* - B"|"56"|"20131016095654"|"AA00040"|""|"A Level"
36|"2013"|"A* - A"|"54"|"20131016100027"|"AA00040"|""|"GCSE"
36|"2013"|"A* - A"|"41"|"20131016100050"|"AA00025"|""|"GCSE"
370|"2013"|"A* - A"|"60"|"20131016100242"|"AA00040"|""|"GCSE"
325|"2013"|"A* - A"|"65"|"20131016100507"|"AA00040"|""|"GCSE"
325|"2013"|"A* - A"|"62"|"20131016100509"|"AA00040"|""|"A Level"
325|"2013"|"A*"|"31"|"20131016100517"|"AA00040"|""|"GCSE"
594|"2013"|"A* - B"|"41.6"|"20131016183615"|"AA00040"|""|"A Level"
518|"2013"|"A* - A"|"32.75"|"20131017100420"|"AA00040"|""|"A Level"
655|"2013"|"A* - B"|"67"|"20131017193433"|"AA00025"|""|"A Level"
12|"2013"|"A*"|"33.3"|"20131021120811"|"AA00025"|""|"A Level"
12|"2013"|"A* - A"|"76.7"|"20131021120816"|"AA00025"|""|"A Level"
12|"2013"|"A* - B"|"94.3"|"20131021120820"|"AA00025"|""|"A Level"
576|"2013"|"A* - B"|"50"|"20131023093531"|"AA00040"|""|"A Level"
646|"2013"|"A*"|"19"|"20131023093715"|"AA00040"|""|"GCSE"
646|"2013"|"A* - A"|"27"|"20131023093720"|"AA00040"|""|"GCSE"
646|"2013"|"A*"|"-"|"20131023093724"|"AA00040"|""|"A Level"
646|"2013"|"A* - A"|"28"|"20131023093728"|"AA00040"|""|"A Level"
646|"2013"|"A* - B"|"52.5"|"20131023093732"|"AA00040"|""|"A Level"
110|"2013"|"A* - B"|"84.4"|"20131024122653"|"AA00025"|""|"A Level"
110|"2013"|"A* - A"|"51.7"|"20131024122720"|"AA00025"|""|"A Level"
110|"2013"|"A*"|"10.1"|"20131024122733"|"AA00025"|""|"A Level"
597|"2013"|"A*"|"33"|"20131024160204"|"AA00025"|""|"GCSE"
597|"2013"|"A* - A"|"74"|"20131024160213"|"AA00025"|""|"GCSE"
597|"2013"|"A*"|"12"|"20131024160221"|"AA00025"|""|"A Level"
597|"2013"|"A* - A"|"53"|"20131024160228"|"AA00025"|""|"A Level"
597|"2013"|"A* - B"|"86"|"20131024160242"|"AA00025"|""|"A Level"
510|"2013"|"A* - A"|"37.5"|"20131025100041"|"AA00040"|""|"A Level"
381|"2013"|"A* - A"|"55.71"|"20131031100050"|"AA00040"|""|"A Level"
381|"2013"|"A* - A"|"70"|"20131031100054"|"AA00040"|""|"GCSE"
2|"2013"|"A* - B"|"90"|"20131106094320"|"AA00025"|""|"A Level"
2|"2013"|"A* - A"|"71.27"|"20131106094325"|"AA00040"|""|"A Level"
2|"2013"|"A*"|"37"|"20131106094332"|"AA00025"|""|"A Level"
2|"2013"|"A* - A"|"87"|"20131106094340"|"AA00040"|""|"GCSE"
2|"2013"|"A*"|"60.2"|"20131106094355"|"AA00025"|""|"GCSE"
190|"2013"|"A* - A"|"45"|"20131106094435"|"AA00040"|""|"A Level"
190|"2013"|"A* - A"|"30"|"20131106094455"|"AA00040"|""|"GCSE"
591|"2013"|"A* - A"|"24.56"|"20131107170220"|"AA00040"|""|"A Level"
64|"2013"|"A* - A"|"32"|"20131107170722"|"AA00040"|""|"A Level"
251|"2013"|"A* - A"|"36"|"20131107174027"|"AA00040"|""|"A Level"
251|"2013"|"A* - B"|"68"|"20131107174035"|"AA00040"|""|"A Level"
251|"2013"|"A* - A"|"49"|"20131107174042"|"AA00040"|""|"GCSE"
607|"2013"|"A*"|"12"|"20131107181636"|"AA00040"|""|"A Level"
607|"2013"|"A* - B"|"55"|"20131107181640"|"AA00040"|""|"A Level"
590|"2013"|"A* - A"|"55"|"20131108094207"|"AA00025"|""|"GCSE"
180|"2013"|"A* - A"|"25"|"20131108094554"|"AA00040"|""|"A Level"
180|"2013"|"A* - B"|"58"|"20131108094558"|"AA00040"|""|"A Level"
318|"2013"|"A*"|"11"|"20131112095519"|"AA00040"|""|"GCSE"
318|"2013"|"A*"|"8"|"20131112095529"|"AA00040"|""|"A Level"
318|"2013"|"A* - A"|"28"|"20131112095533"|"AA00040"|""|"A Level"
318|"2013"|"A* - B"|"54"|"20131112095539"|"AA00040"|""|"A Level"
586|"2013"|""|"32.8"|"20131112174822"|"AA00040"|""|"IB"
586|"2013"|"A* - A"|"43.18"|"20131112174838"|"AA00040"|""|"A Level"
24|"2013"|"A* - B"|"27"|"20131113101012"|"AA00040"|""|"A Level"
530|"2008"|"A-B"|"0"|"20131114211658"|""|""|"A Level"
530|"2009"|"A*"|"0"|"20131114211702"|""|""|"GCSE"
530|"2008"|"A* - A"|"0"|"20131114211721"|""|""|"GCSE"
530|"2008"|"A*"|"0"|"20131114211725"|""|""|"GCSE"
530|"2007"|"A*"|"0"|"20131114211729"|""|""|"GCSE"
530|"2008"|"A"|"0"|"20131114211746"|""|""|"A Level"
46|"2013"|"A* - B"|"39"|"20131121101054"|"AA00040"|""|"A Level"
351|"2013"|"A* - B"|"71"|"20131127094029"|"AA00040"|""|"A Level"
598|"2013"|"A*"|"38.26"|"20140103102455"|"AA00025"|""|"A Level"
598|"2013"|"A* - A"|"85.57"|"20140103102501"|"AA00025"|""|"A Level"
290|"2013"|"A*"|"26"|"20140107114456"|"AA00025"|""|"A Level"
36|"2013"|"A* - B"|"86"|"20140215115728"|"AA00025"|""|"A Level"
423|"2013"|"A*"|"12.96"|"20140315105126"|"AA00025"|""|"A Level"
423|"2013"|"A* - A"|"44"|"20140315105223"|"AA00040"|""|"A Level"
423|"2013"|"A* - B"|"74"|"20140315105258"|"AA00040"|""|"A Level"
423|"2013"|"A* - B"|"75"|"20140315105316"|"AA00044"|""|"A Level"
423|"2013"|"A* - A"|"46"|"20140315105342"|"AA00044"|""|"A Level"
423|"2013"|"A*"|"13"|"20140315105354"|"AA00044"|""|"A Level"
423|"2012"|"A* - A"|"52.0"|"20140315105515"|""|""|"GCSE"
441|"2013"|"A* - A"|"47"|"20140315134006"|"AA00040"|""|"A Level"
441|"2013"|"A* - A"|"50.7"|"20140315134059"|"AA00025"|""|"GCSE"
590|"2013"|"A*"|"25"|"20140315151807"|"AA00025"|""|"GCSE"
590|"2013"|"A* - A"|"54"|"20140315151939"|"AA00025"|""|"GCSE"
590|"2013"|"A* - B"|"72.2"|"20140317125111"|"AA00025"|""|"A Level"
590|"2013"|"A* - A"|"45.9"|"20140317125128"|"AA00025"|""|"A Level"
590|"2012"|"A* - A"|"51.0"|"20140317125657"|""|""|"GCSE"
590|"2011"|"A* - A"|"56.0"|"20140317125909"|""|""|"GCSE"
590|"2011"|"A*"|"15.6"|"20140317130046"|""|""|"A Level"
590|"2011"|"A* - A"|"50.2"|"20140317130113"|""|""|"A Level"
590|"2011"|"A* - B"|"73.0"|"20140317130138"|""|""|"A Level"
590|"2010"|"A* - A"|"55.0"|"20140317130243"|""|""|"GCSE"
590|"2009"|"A* - A"|"51.0"|"20140317133028"|""|""|"GCSE"
590|"2009"|"A*"|"0"|"20140317133333"|""|""|"GCSE"
590|"2009"|"A"|"38.6"|"20140317133359"|""|""|"A Level"
590|"2009"|""|"39.3"|"20140317133413"|"AA00044"|""|"A Level"
590|"2008"|"A-B"|"69.4"|"20140317133452"|""|""|"A Level"
590|"2008"|"A*"|"23.2"|"20140317134113"|""|""|"GCSE"
590|"2008"|"A* - A"|"71.3"|"20140317134155"|""|""|"GCSE"
590|"2007"|"A*"|"17.1"|"20140317134303"|""|""|"GCSE"
590|"2007"|"A* - A"|"62.2"|"20140317134330"|""|""|"GCSE"
13|"2013"|"A* - B"|"76"|"20140524111153"|"AA00025"|""|"GCSE"
462|"2013"|"A*"|"50"|"20140531172052"|"AA00025"|""|"GCSE"
462|"2012"|"A* - A"|"45.0"|"20140531172119"|""|""|"GCSE"
462|"2011"|"A*"|"46.0"|"20140531172351"|""|""|"GCSE"
462|"2011"|"A* - A"|"79.0"|"20140531172357"|""|""|"GCSE"
462|"2010"|"A*"|"44.3"|"20140531172422"|""|""|"GCSE"
462|"2010"|"A* - A"|"72.1"|"20140531172428"|""|""|"GCSE"
462|"2013"|"A*"|"30"|"20140531172455"|"AA00025"|""|"A Level"
462|"2013"|"A* - A"|"68"|"20140531172502"|"AA00025"|""|"A Level"
462|"2012"|"A* - A"|"65.0"|"20140531172522"|""|""|"A Level"
462|"2010"|"A*"|"33.3"|"20140531172856"|""|""|"A Level"
462|"2010"|"A* - A"|"70.2"|"20140531172902"|""|""|"A Level"
462|"2010"|"A* - B"|"88.9"|"20140531172909"|""|""|"A Level"
592|"2013"|"A* - B"|"37.6"|"20140709125918"|"AA00025"|""|"A Level"
592|"2013"|"A* - A"|"14.9"|"20140709125940"|"AA00025"|""|"A Level"
592|"2013"|"A* - B"|"64.5"|"20140709125951"|""|""|"A Level"
322|"2013"|"A* - A"|"97.8"|"20140813100141"|"AA00025"|""|"GCSE"
457|"2013"|"A* - B"|"75"|"20140822154314"|"AA00025"|""|"A Level"
1|"2014"|"A*"|"32.7"|"20140823152509"|"AA00032"|""|"A Level"
1|"2014"|"A*"|"32.7"|"20140823152652"|"AA00032"|"Hit records again this year with almost 33% A*'s"|"A Level"
1|"2014"|"A*"|"32.7"|"20140823153746"|"AA00032"|"Hit records again with almost 33% A*'s"|"A Level"
376|"2013"|"A* - A"|"81"|"20140830124030"|"AA00025"|""|"A Level"
376|"2013"|"A* - A"|"80"|"20140830124059"|"AA00032"|""|"A Level"
376|"2014"|"A* - A"|"80.37"|"20140830124219"|"AA00032"|""|"A Level"
413|"2014"|"A* - A"|"52.9"|"20140830160451"|"AA00032"|""|"A Level"
3|"2014"|""|"37.1"|"20140830174304"|"AA00044"|""|"IB"
21|"2014"|"A* - A"|"88.1"|"20140906170442"|"AA00032"|""|"GCSE"
21|"2014"|"A* - A"|"88.1"|"20140906170558"|"AA00032"|"[The Telegraph - GCSE results 2014: Independent schools table]
87.84%"|"GCSE"
21|"2014"|"A*"|"44.47"|"20140906170606"|"AA00032"|""|"GCSE"
21|"2014"|"A* - A"|"88.1"|"20140906170632"|"AA00032"|"[The Telegraph - GCSE results 2014: Independent schools table]: 87.84%"|"GCSE"
21|"2014"|"A*"|"44.47"|"20140906170701"|"AA00032"|"[The Telegraph - GCSE results 2014: Independent schools table]"|"GCSE"
154|"2014"|"A* - A"|"86.68"|"20140906172700"|"AA00032"|"[86.68% - The Telegraph - GCSE results 2014: Independent schools table]"|"GCSE"
154|"2014"|"A*"|"53.84"|"20140906172729"|"AA00032"|"[53.84% - The Telegraph - GCSE results 2014: Independent schools table]"|"GCSE"
345|"2014"|"A* - A"|"86.53"|"20140906173705"|"AA00032"|"[86.53 - The Telegraph - GCSE results 2014: Independent schools table]"|"GCSE"
345|"2014"|"A*"|"53.3"|"20140906173730"|"AA00032"|"[53.3% - The Telegraph - GCSE results 2014: Independent schools table]"|"GCSE"
130|"2014"|"A*"|"56.11"|"20140906175614"|"AA00032"|"[56.11% - The Telegraph - GCSE results 2014: Independent schools table]"|"GCSE"
130|"2014"|"A* - A"|"86.19"|"20140906175642"|"AA00032"|"[86.19% - The Telegraph - GCSE results 2014: Independent schools table]"|"GCSE"
500|"2014"|"A*"|"53.57"|"20140906182938"|"AA00032"|"[53.57% - The Telegraph - GCSE results 2014: Independent schools table]"|"GCSE"
500|"2014"|"A* - A"|"84.24"|"20140906182951"|"AA00032"|"[84.24% - The Telegraph - GCSE results 2014: Independent schools table]"|"GCSE"
136|"2014"|"A* - A"|"52"|"20140913132618"|"AA00032"|""|"A Level"
577|"2014"|"A* - A"|"43.9"|"20141004174206"|"AA00032"|""|"GCSE"
577|"2014"|"A* - A"|"45"|"20141004174240"|"AA00032"|""|"A Level"
57|"2014"|"A* - A"|"87.05"|"20141004174530"|"AA00032"|""|"GCSE"
57|"2014"|"A*"|"56.23"|"20141004174541"|"AA00032"|""|"GCSE"
21|"2014"|"A* - A"|"74.4"|"20141004174952"|"AA00044"|""|"A Level"
130|"2014"|"A* - A"|"80.99"|"20141004175731"|"AA00032"|"[80.99% - Website info]"|"A Level"
130|"2014"|"A* - A"|"80.99"|"20141004175753"|"AA00032"|"[80.99% - Website info]
[80.61% - The Telegraph – A-Level results 2014: Independent schools table]"|"A Level"
154|"2014"|"A* - A"|"61.5"|"20141004175930"|"AA00032"|"[61.5% - Website info]"|"A Level"
274|"2014"|"A* - A"|"55"|"20141004180031"|"AA00032"|""|"A Level"
274|"2014"|"A*"|"30.47"|"20141004180229"|"AA00032"|""|"GCSE"
274|"2014"|"A* - A"|"66.23"|"20141004180251"|"AA00032"|""|"GCSE"
345|"2014"|"A* - A"|"59.4"|"20141004180439"|"AA00032"|"[59.4% - Website info]"|"A Level"
381|"2014"|"A* - A"|"55"|"20141004180554"|"AA00032"|""|"A Level"
381|"2014"|"A*"|"42"|"20141004180638"|"AA00032"|""|"GCSE"
381|"2014"|"A* - A"|"76"|"20141004180656"|"AA00032"|""|"GCSE"
547|"2014"|"A* - A"|"51"|"20141004180859"|"AA00032"|""|"GCSE"
547|"2014"|"A* - A"|"53.6"|"20141004180927"|"AA00032"|""|"A Level"
454|"2014"|"A* - A"|"64"|"20141004181230"|"AA00032"|"[64% - Website info]"|"A Level"
598|"2014"|"A* - A"|"90"|"20141004181703"|"AA00006"|""|"A Level"
598|"2014"|"A* - A"|"90"|"20141004182009"|"AA00006"|""|"A Level"
598|"2014"|"A*"|"48"|"20141004182025"|"AA00006"|""|"A Level"
598|"2014"|"A*"|"85.86"|"20141004182037"|"AA00006"|""|"GCSE"
598|"2014"|"A* - A"|"98.56"|"20141004182045"|"AA00006"|""|"GCSE"
598|"2014"|"A*"|"48"|"20141004182053"|"AA00032"|"[48% - The Telegraph - GCSE results 2014: Independent schools table]"|"A Level"
43|"2014"|"A* - A"|"31.82"|"20141011113440"|"AA00032"|"[31.82% - The Telegraph - GCSE results 2014: Independent schools table]"|"A Level"
61|"2014"|"A* - A"|"87.05"|"20141011114757"|"AA00032"|"[87.05% - The Telegraph - GCSE results 2014: Independent schools table]"|"GCSE"
3|"2014"|"A*"|"34.4"|"20141011120006"|"AA00032"|""|"GCSE"
3|"2014"|"A* - A"|"64"|"20141011120032"|"AA00032"|""|"GCSE"
3|"2014"|"A* - A"|"58"|"20141011120059"|"AA00032"|""|"A Level"
652|"2014"|"A* - A"|"53"|"20141011120525"|"AA00032"|""|"A Level"
101|"2014"|"A* - A"|"95"|"20141011120758"|"AA00032"|""|"A Level"
136|"2014"|"A*"|"47.3"|"20141011122729"|"AA00032"|""|"GCSE"
136|"2014"|"A* - A"|"76.5"|"20141011122804"|"AA00032"|""|"GCSE"
136|"2014"|"A* - A"|"52.1"|"20141011122826"|"AA00032"|""|"A Level"
148|"2014"|"A* - A"|"70"|"20141011123115"|"AA00003"|""|"A Level"
286|"2014"|"A*"|"19"|"20141011134048"|"AA00032"|""|"GCSE"
286|"2014"|"A* - A"|"50"|"20141011134108"|"AA00032"|""|"GCSE"
286|"2014"|"A* - A"|"51"|"20141011134132"|"AA00032"|""|"A Level"
306|"2014"|"A* - A"|"56"|"20141011151826"|"AA00032"|""|"A Level"
339|"2014"|"A*"|"55.21"|"20141011153812"|"AA00032"|"[55.21% - The Telegraph - GCSE results 2014: Independent schools table]"|"GCSE"
376|"2014"|"A* - A"|"80"|"20141011155508"|"AA00006"|""|"A Level"
376|"2014"|"A* - A"|"66"|"20141011155543"|"AA00006"|""|"GCSE"
413|"2014"|"A*"|"22.9"|"20141011162242"|"AA00032"|""|"GCSE"
389|"2014"|"A*"|"35.08"|"20141011160031"|"AA00032"|"[35.08% - The Telegraph – A-Level results 2014: Independent schools table]"|"A Level"
10|"2014"|"A*"|"40"|"20141011160941"|"AA00032"|"In 2014, the GCSE rate was the highest in girls’ schools in Sussex."|"GCSE"
10|"2014"|"A* - A"|"74"|"20141011161008"|"AA00032"|"In 2014, the GCSE rate was the highest in girls’ schools in Sussex."|"GCSE"
21|"2014"|"A* - A"|"74.4"|"20141101113357"|"AA00032"|""|"A Level"
21|"2014"|"A*"|"30.8"|"20141101113407"|"AA00044"|""|"A Level"
21|"2014"|"A* - A"|"88.1"|"20141101113417"|"AA00032"|""|"GCSE"
21|"2014"|"A*"|"44.47"|"20141101113425"|"AA00032"|""|"GCSE"
84|"2014"|"A* - A"|"62.79"|"20141101113915"|"AA00032"|""|"GCSE"
125|"2014"|"A* - A"|"64.67"|"20141101120753"|"AA00032"|""|"GCSE"
211|"2014"|"A* - A"|"52.61"|"20141101161850"|"AA00032"|""|"A Level"
258|"2014"|""|"34"|"20141101170729"|"AA00044"|""|"IB"
299|"2014"|"A*"|"17.35"|"20141101175317"|"AA00032"|""|"GCSE"
299|"2014"|"A* - A"|"44.9"|"20141101175334"|"AA00032"|""|"GCSE"
299|"2014"|"A* - A"|"43.67"|"20141101175343"|"AA00032"|""|"A Level"
325|"2014"|"A*"|"28.8"|"20141101181704"|"AA00032"|""|"GCSE"
327|"2014"|"A* - A"|"52.63"|"20141101181757"|"AA00032"|""|"A Level"
389|"2014"|"A*"|"20.7"|"20141108161122"|"AA00032"|""|"GCSE"
389|"2014"|"A* - A"|"48.56"|"20141108161134"|"AA00032"|""|"GCSE"
389|"2014"|"A* - A"|"35.08"|"20141108161147"|"AA00032"|""|"A Level"
489|"2014"|"A* - A"|"47.76"|"20141108180714"|"AA00032"|""|"A Level"
489|"2014"|"A* - A"|"52.85"|"20141108180736"|"AA00032"|""|"GCSE"
489|"2014"|"A*"|"18"|"20141108180747"|"AA00032"|""|"GCSE"
549|"2014"|"A* - A"|"93"|"20141108183041"|"AA00032"|""|"A Level"
573|"2014"|"A*"|"54.87"|"20141110112341"|"AA00032"|""|"GCSE"
573|"2014"|"A* - A"|"85.17"|"20141110112348"|"AA00032"|""|"GCSE"
13|"2014"|"A* - A"|"59.08"|"20141110112503"|"AA00032"|""|"A Level"
124|"2014"|"A* - A"|"19.05"|"20141110121846"|"AA00032"|""|"A Level"
40|"2014"|"A* - A"|"15"|"20141110125100"|"AA00032"|""|"GCSE"
558|"2014"|"A*"|"20.24"|"20141112102042"|"AA00032"|""|"GCSE"
524|"2014"|"A* - A"|"43"|"20141113112345"|"AA00006"|""|"GCSE"
509|"2014"|"A*"|"25"|"20141113120334"|"AA00032"|""|"GCSE"
566|"2014"|"A*"|"36.5"|"20141119150352"|"AA00032"|""|"A Level"
15|"2014"|"A* - A"|"69.76"|"20141124141646"|"AA00032"|""|"GCSE"
652|"2014"|"A* - A"|"53"|"20141210182258"|"AA00032"|""|"A Level"
603|"2014"|"A* - A"|"63"|"20141229153212"|"AA00006"|""|"A Level"
345|"2014"|"A*"|"53.2"|"20150103154208"|"AA00032"|""|"GCSE"
345|"2014"|"A* - A"|"86.3"|"20150103154213"|"AA00032"|""|"GCSE"
345|"2014"|"A* - A"|"86"|"20150103154222"|"AA00032"|""|"GCSE"
565|"2014"|"A*"|"7"|"20150115130547"|"AA00032"|""|"A Level"
565|"2014"|"A* - A"|"22"|"20150115130632"|"AA00032"|""|"A Level"
565|"2014"|"A* - B"|"49"|"20150115130715"|"AA00032"|""|"A Level"
565|"2014"|"A* - A"|"19"|"20150115130828"|"AA00032"|""|"A Level"
565|"2014"|"A* - B"|"39"|"20150115130913"|"AA00032"|""|"A Level"
565|"2014"|"A*"|"5"|"20150115132305"|"AA00032"|""|"GCSE"
565|"2014"|"A* - A"|"11"|"20150115132339"|"AA00032"|""|"GCSE"
565|"2014"|"A* - B"|"30"|"20150115132413"|"AA00032"|""|"GCSE"
398|"2014"|"A* - A"|"42.86"|"20150120113655"|"AA00032"|""|"GCSE"
39|"2014"|"A* - B"|"50"|"20150129132902"|"AA00006"|""|"A Level"
68|"2014"|""|"84"|"20150204150908"|"AA00032"|"A*-C grades"|"GCSE"
68|"2014"|"A* - A"|"45"|"20150204150930"|"AA00006"|""|"A Level"
288|"2014"|"A* - A"|"23.11"|"20150205104816"|"AA00032"|""|"GCSE"
597|"2014"|"A*"|"11.43"|"20150206112101"|"AA00032"|""|"GCSE"
597|"2014"|"A* - A"|"36.38"|"20150206112110"|"AA00032"|""|"GCSE"
539|"2014"|"A* - B"|"72"|"20150217152223"|"AA00032"|""|"A Level"
598|"2014"|"A* - A"|"98.56"|"20141014125122"|"AA00032"|"[98.56% - The Telegraph - GCSE results 2014: Independent schools table]"|"GCSE"
103|"2014"|"A* - A"|"78.32"|"20141018160138"|"AA00032"|""|"GCSE"
103|"2014"|"A*"|"47.1"|"20141018160152"|"AA00032"|""|"GCSE"
103|"2014"|"A* - A"|"65.23"|"20141018160317"|"AA00032"|""|"A Level"
71|"2014"|"A* - A"|"28.98"|"20141101112634"|"AA00032"|""|"GCSE"
72|"2014"|"A* - A"|"41.32"|"20141101112745"|"AA00032"|""|"A Level"
72|"2014"|"A* - A"|"45.52"|"20141101112755"|"AA00032"|""|"GCSE"
72|"2014"|"A*"|"14.3"|"20141101112804"|"AA00032"|""|"GCSE"
76|"2014"|"A*"|"28.78"|"20141101113057"|"AA00032"|""|"GCSE"
413|"2014"|"A* - A"|"43.9"|"20141011162311"|"AA00032"|""|"GCSE"
413|"2014"|"A* - A"|"43.9"|"20141011162638"|"AA00032"|""|"GCSE"
413|"2014"|"A* - A"|"43.9"|"20141011162651"|"AA00032"|"[43.9% - Both School Info + The Telegraph - GCSE results 2014: Independent schools table]"|"GCSE"
413|"2014"|"A* - A"|"39.8"|"20141011162726"|"AA00032"|""|"A Level"
577|"2014"|"A* - A"|"45"|"20141011180843"|"AA00032"|"[45.05% - The Telegraph - A-Level results 2014: Independent schools table]"|"A Level"
577|"2014"|"A* - A"|"43.9"|"20141011180900"|"AA00032"|"[43.93% - The Telegraph - GCSE results 2014: Independent schools table]"|"GCSE"
41|"2014"|"A* - A"|"37.5"|"20141013115523"|"AA00032"|"[37.5% - The Telegraph - GCSE results 2014: Independent schools table]"|"A Level"
41|"2014"|"A* - A"|"44.8"|"20141013115529"|"AA00032"|"[44.8% - The Telegraph - GCSE results 2014: Independent schools table]"|"GCSE"
41|"2014"|"A*"|"19.17"|"20141013115534"|"AA00032"|"[19.17% - The Telegraph - GCSE results 2014: Independent schools table]"|"GCSE"
40|"2014"|"A* - A"|"50.45"|"20141013115637"|"AA00032"|"[50.45% - The Telegraph – A-Level results 2014: Independent schools table]"|"A Level"
2|"2014"|"A* - A"|"65.03"|"20141013115725"|"AA00032"|"[65.03% - The Telegraph - GCSE results 2014: Independent schools table]"|"A Level"
2|"2014"|"A* - A"|"82.32"|"20141013115730"|"AA00032"|"[82.32% - The Telegraph - GCSE results 2014: Independent schools table]"|"GCSE"
2|"2014"|"A*"|"53.61"|"20141013115736"|"AA00032"|"[53.61% - The Telegraph - GCSE results 2014: Independent schools table]"|"GCSE"
43|"2014"|"A* - A"|"31.82"|"20141013115808"|"AA00032"|"[31.82% - The Telegraph - A-Level results 2014: Independent schools table]"|"A Level"
43|"2014"|"A* - A"|"35.65"|"20141013115812"|"AA00032"|"[35.65% - The Telegraph - GCSE results 2014: Independent schools table]"|"GCSE"
43|"2014"|"A*"|"12.87"|"20141013115816"|"AA00032"|"[12.87% - The Telegraph - GCSE results 2014: Independent schools table]"|"GCSE"
45|"2014"|"A* - A"|"36.26"|"20141013115842"|"AA00032"|"[36.26% - The Telegraph – A-Level results 2014: Independent schools table]"|"A Level"
45|"2014"|"A* - A"|"45.12"|"20141013115849"|"AA00032"|"[45.12% - The Telegraph - GCSE results 2014: Independent schools table]"|"GCSE"
542|"2014"|"A* - A"|"57.84"|"20141108161712"|"AA00032"|""|"A Level"
45|"2014"|"A*"|"17.07"|"20141013115853"|"AA00032"|"[17.07% - The Telegraph - GCSE results 2014: Independent schools table]"|"GCSE"
472|"2014"|"A* - A"|"35.47"|"20141013115917"|"AA00032"|"[35.47% - The Telegraph – A-Level results 2014: Independent schools table]"|"A Level"
472|"2014"|"A* - A"|"37.37"|"20141013115922"|"AA00032"|"[37.37% - The Telegraph - GCSE results 2014: Independent schools table]"|"GCSE"
472|"2014"|"A*"|"14.24"|"20141013115929"|"AA00032"|"[14.24% - The Telegraph - GCSE results 2014: Independent schools table]"|"GCSE"
50|"2014"|"A* - A"|"51.72"|"20141013115959"|"AA00032"|"[51.72% - The Telegraph – A-Level results 2014: Independent schools table]"|"A Level"
50|"2014"|"A* - A"|"63"|"20141013120006"|"AA00032"|"[63% - The Telegraph - GCSE results 2014: Independent schools table]"|"GCSE"
50|"2014"|"A*"|"31.7"|"20141013120010"|"AA00032"|"[31.7% - The Telegraph - GCSE results 2014: Independent schools table]"|"GCSE"
52|"2014"|"A* - A"|"23.51"|"20141013120031"|"AA00032"|"[23.51% - The Telegraph - GCSE results 2014: Independent schools table]"|"GCSE"
52|"2014"|"A*"|"6.15"|"20141013120035"|"AA00032"|"[6.15% - The Telegraph - GCSE results 2014: Independent schools table]"|"GCSE"
55|"2014"|"A* - A"|"48.17"|"20141013120059"|"AA00032"|"[48.17% - The Telegraph – A-Level results 2014: Independent schools table]"|"A Level"
55|"2014"|"A* - A"|"25.09"|"20141013120107"|"AA00032"|"[25.09% - The Telegraph - GCSE results 2014: Independent schools table]"|"GCSE"
55|"2014"|"A*"|"8.25"|"20141013120112"|"AA00032"|"[8.25% - The Telegraph - GCSE results 2014: Independent schools table]"|"GCSE"
61|"2014"|"A* - A"|"57.23"|"20141013120215"|"AA00032"|"[57.23% - The Telegraph – A-Level results 2014: Independent schools table]"|"A Level"
61|"2014"|"A* - A"|"63.07"|"20141013120222"|"AA00032"|"[63.07% - The Telegraph - GCSE results 2014: Independent schools table]"|"GCSE"
61|"2014"|"A*"|"33.71"|"20141013120229"|"AA00032"|"[33.71% - The Telegraph - GCSE results 2014: Independent schools table]"|"GCSE"
67|"2014"|"A* - A"|"49.38"|"20141013131527"|"AA00032"|"[49.38% - The Telegraph – A-Level results 2014: Independent schools table]"|"A Level"
67|"2014"|"A* - A"|"54.48"|"20141013131535"|"AA00032"|"[54.48% - The Telegraph - GCSE results 2014: Independent schools table]"|"GCSE"
67|"2014"|"A*"|"26.99"|"20141013131543"|"AA00032"|"[26.99% - The Telegraph - GCSE results 2014: Independent schools table]"|"GCSE"
576|"2014"|"A* - A"|"27.27"|"20141013131607"|"AA00032"|"[27.27% - The Telegraph – A-Level results 2014: Independent schools table]"|"A Level"
576|"2014"|"A* - A"|"19.72"|"20141013131616"|"AA00032"|"[19.72% - The Telegraph - GCSE results 2014: Independent schools table]"|"GCSE"
576|"2014"|"A*"|"6.98"|"20141013131622"|"AA00032"|"[6.98% - The Telegraph - GCSE results 2014: Independent schools table]"|"GCSE"
71|"2014"|"A* - A"|"34.04"|"20141013131641"|"AA00032"|"[34.04% - The Telegraph – A-Level results 2014: Independent schools table]"|"A Level"
71|"2014"|"A* - A"|"28.98"|"20141013131646"|"AA00032"|"[28.98% - The Telegraph - GCSE results 2014: Independent schools table]"|"GCSE"
71|"2014"|"A*"|"8.89"|"20141013131651"|"AA00032"|"[8.89% - The Telegraph - GCSE results 2014: Independent schools table]"|"GCSE"
72|"2014"|"A* - A"|"41.32"|"20141013131708"|"AA00032"|"[41.32% - The Telegraph – A-Level results 2014: Independent schools table]"|"A Level"
72|"2014"|"A*"|"14.3"|"20141013131718"|"AA00032"|"[14.3% - The Telegraph - GCSE results 2014: Independent schools table]"|"GCSE"
76|"2014"|"A*"|"28.78"|"20141013131820"|"AA00032"|"[28.78% - The Telegraph - GCSE results 2014: Independent schools table]"|"GCSE"
21|"2014"|"A* - A"|"74.4"|"20141013131855"|"AA00032"|"[74.56% - The Telegraph - A-Level results 2014: Independent schools table]"|"A Level"
21|"2014"|"A* - A"|"88.1"|"20141013131905"|"AA00032"|"[87.84% - The Telegraph - GCSE results 2014: Independent schools table]"|"GCSE"
21|"2014"|"A*"|"44.47"|"20141013131913"|"AA00032"|"[44.47% - The Telegraph - GCSE results 2014: Independent schools table]"|"GCSE"
3|"2014"|"A* - A"|"64 / 64.32"|"20141013131946"|"AA00032"|"[64.32% - The Telegraph - GCSE results 2014: Independent schools table]"|"GCSE"
3|"2014"|"A*"|"34.4 / 34.84"|"20141013131951"|"AA00032"|"[34.84% - The Telegraph - GCSE results 2014: Independent schools table]"|"GCSE"
84|"2014"|"A*"|"27.35"|"20141013132031"|"AA00032"|"[27.35% - The Telegraph - GCSE results 2014: Independent schools table]"|"GCSE"
1|"2014"|"A* - B"|"86.9"|"20141101102016"|"AA00032"|""|"A Level"
1|"2014"|"A* - A"|"64.5"|"20141101102026"|"AA00032"|""|"A Level"
1|"2014"|"A*"|"32.7"|"20141101102035"|"AA00032"|"Almost 33% of all passes being awarded an A*"|"A Level"
41|"2014"|"A* - A"|"37.5"|"20141101102932"|"AA00032"|""|"A Level"
43|"2014"|"A* - A"|"31.82"|"20141101103350"|"AA00032"|""|"A Level"
43|"2014"|"A* - A"|"35.65"|"20141101103411"|"AA00032"|""|"GCSE"
43|"2014"|"A*"|"12.87"|"20141101103417"|"AA00032"|""|"GCSE"
84|"2014"|"A* - B"|"69"|"20141101114023"|"AA00032"|""|"A Level"
133|"2014"|"A* - B"|"67.1"|"20141101121439"|"AA00032"|""|"A Level"
133|"2014"|"A* - A"|"37.5"|"20141101121445"|"AA00032"|""|"A Level"
213|"2014"|"A* - A"|"33.73"|"20141101162231"|"AA00032"|""|"A Level"
213|"2014"|"A* - A"|"38.52"|"20141101162239"|"AA00032"|""|"GCSE"
214|"2014"|"A* - A"|"55.4"|"20141101162412"|"AA00032"|""|"GCSE"
214|"2014"|"A*"|"28.98"|"20141101162419"|"AA00032"|""|"GCSE"
214|"2014"|"A* - A"|"40.99"|"20141101163659"|"AA00032"|""|"A Level"
214|"2014"|"A* - A"|"55"|"20141101163706"|"AA00032"|""|"GCSE"
214|"2014"|"A*"|"28"|"20141101163711"|"AA00032"|""|"GCSE"
259|"2014"|"A* - A"|"36.63"|"20141101170836"|"AA00032"|""|"GCSE"
300|"2014"|"A*"|"16.94"|"20141101175501"|"AA00032"|""|"GCSE"
300|"2014"|"A* - A"|"42.43"|"20141101175511"|"AA00032"|""|"GCSE"
300|"2014"|"A* - A"|"38.64"|"20141101175520"|"AA00032"|""|"A Level"
330|"2014"|"A*"|"17.97"|"20141101182005"|"AA00032"|""|"GCSE"
330|"2014"|"A* - A"|"49.15"|"20141101182017"|"AA00032"|""|"GCSE"
330|"2014"|"A* - A"|"46.77"|"20141101182031"|"AA00032"|""|"A Level"
392|"2014"|"A* - A"|"41.31"|"20141108161521"|"AA00032"|""|"A Level"
494|"2014"|"A* - A"|"40.19"|"20141108181144"|"AA00032"|""|"A Level"
494|"2014"|"A* - A"|"52.24"|"20141108181157"|"AA00032"|""|"GCSE"
494|"2014"|"A*"|"22.37"|"20141108181208"|"AA00032"|""|"GCSE"
518|"2014"|"A* - A"|"35.07"|"20141108183340"|"AA00032"|""|"A Level"
570|"2014"|"A*"|"10.33"|"20141110112630"|"AA00032"|""|"GCSE"
570|"2014"|"A* - A"|"30.07"|"20141110112645"|"AA00032"|""|"GCSE"
159|"2014"|"A*"|"21"|"20141110122932"|"AA00032"|""|"GCSE"
159|"2014"|"A* - A"|"49"|"20141110122959"|"AA00032"|""|"A Level"
214|"2014"|"A* - A"|"23"|"20141110132445"|"AA00032"|""|"A Level"
13|"2014"|"A*"|"43.1"|"20141112102359"|"AA00032"|""|"GCSE"
13|"2014"|"A* - A"|"72.02"|"20141112102404"|"AA00032"|""|"GCSE"
543|"2014"|"A* - A"|"68.74"|"20141113112757"|"AA00032"|""|"GCSE"
543|"2014"|"A* - A"|"51.2"|"20141113112809"|"AA00032"|""|"A Level"
543|"2014"|"A* - B"|"77.1"|"20141113112822"|"AA00032"|""|"A Level"
430|"2014"|"A* - A"|"40"|"20141113113342"|"AA00032"|""|"GCSE"
322|"2014"|"A* - A"|"58.5"|"20141113120838"|"AA00032"|""|"GCSE"
380|"2014"|"A* - A"|"42.26"|"20141119151557"|"AA00032"|""|"A Level"
380|"2014"|"A* - A"|"47.91"|"20141119151903"|"AA00032"|""|"GCSE"
418|"2014"|"A*"|"39.14"|"20141119155659"|"AA00006"|""|"GCSE"
418|"2014"|"A* - A"|"69.98"|"20141119155719"|"AA00006"|""|"GCSE"
418|"2014"|"A* - A"|"58.75"|"20141119155732"|"AA00006"|""|"A Level"
465|"2014"|"A* - A"|"74"|"20141119171244"|"AA00006"|""|"GCSE"
465|"2014"|"A* - B"|"83"|"20141119171419"|"AA00006"|""|"A Level"
493|"2014"|"A* - A"|"59.38"|"20141124142129"|"AA00032"|""|"A Level"
72|"2014"|"A* - A"|"45.52"|"20141013131713"|"AA00032"|"[45.52% - The Telegraph - GCSE results 2014: Independent schools table]"|"GCSE"
75|"2014"|"A* - A"|"2.08"|"20141013131740"|"AA00032"|"[2.08% - The Telegraph - GCSE results 2014: Independent schools table]"|"GCSE"
76|"2014"|"A* - A"|"46.27"|"20141013131808"|"AA00032"|"[46.27% - The Telegraph – A-Level results 2014: Independent schools table]"|"A Level"
76|"2014"|"A* - A"|"62.33"|"20141013131816"|"AA00032"|"[62.33% - The Telegraph - GCSE results 2014: Independent schools table]"|"GCSE"
3|"2014"|"A* - A"|"58 / 57.59"|"20141013131939"|"AA00032"|"[57.59% - The Telegraph – A-Level results 2014: Independent schools table]"|"A Level"
84|"2014"|"A* - A"|"62.79"|"20141013132027"|"AA00032"|"[62.79% - The Telegraph - GCSE results 2014: Independent schools table]"|"GCSE"
89|"2014"|"A* - A"|"49.56"|"20141013132102"|"AA00032"|"[49.56% - The Telegraph – A-Level results 2014: Independent schools table]"|"A Level"
89|"2014"|"A* - A"|"69.27"|"20141013132106"|"AA00032"|"[69.27% - The Telegraph - GCSE results 2014: Independent schools table]"|"GCSE"
89|"2014"|"A*"|"37.75"|"20141013132110"|"AA00032"|"[37.75% - The Telegraph - GCSE results 2014: Independent schools table]"|"GCSE"
652|"2014"|"A* - A"|"53 / 52.01"|"20141013132148"|"AA00032"|"[52.01% - The Telegraph – A-Level results 2014: Independent schools table]"|"A Level"
100|"2014"|"A* - A"|"57.32"|"20141013132225"|"AA00032"|"[57.32% - The Telegraph – A-Level results 2014: Independent schools table]"|"A Level"
100|"2014"|"A* - A"|"73.57"|"20141013132231"|"AA00032"|"[73.57% - The Telegraph - GCSE results 2014: Independent schools table]"|"GCSE"
100|"2014"|"A*"|"35.4"|"20141013132235"|"AA00032"|"[35.4% - The Telegraph - GCSE results 2014: Independent schools table]"|"GCSE"
101|"2014"|"A* - A"|"95 / 94.71"|"20141013132256"|"AA00032"|"[94.71% - The Telegraph – A-Level results 2014: Independent schools table]"|"A Level"
103|"2014"|"A* - A"|"65.23"|"20141013132320"|"AA00032"|"[65.23% - The Telegraph – A-Level results 2014: Independent schools table]"|"A Level"
103|"2014"|"A* - A"|"78.32"|"20141013132325"|"AA00032"|"[78.32% - The Telegraph - GCSE results 2014: Independent schools table]"|"GCSE"
103|"2014"|"A*"|"47.1"|"20141013132333"|"AA00032"|"[47.1% - The Telegraph - GCSE results 2014: Independent schools table]"|"GCSE"
110|"2014"|"A* - A"|"47.64"|"20141013132400"|"AA00032"|"[47.64% - The Telegraph – A-Level results 2014: Independent schools table]"|"A Level"
110|"2014"|"A* - A"|"64.46"|"20141013132404"|"AA00032"|"[64.46% - The Telegraph - GCSE results 2014: Independent schools table]"|"GCSE"
110|"2014"|"A*"|"34.9"|"20141013132408"|"AA00032"|"[34.9% - The Telegraph - GCSE results 2014: Independent schools table]"|"GCSE"
113|"2014"|"A* - A"|"55.08"|"20141013132451"|"AA00032"|"[55.08% - The Telegraph – A-Level results 2014: Independent schools table]"|"A Level"
113|"2014"|"A* - A"|"66.96"|"20141013132455"|"AA00032"|"[66.96% - The Telegraph - GCSE results 2014: Independent schools table]"|"GCSE"
113|"2014"|"A*"|"33.66"|"20141013132503"|"AA00032"|"[33.66% - The Telegraph - GCSE results 2014: Independent schools table]"|"GCSE"
115|"2014"|"A* - A"|"51.05"|"20141013132527"|"AA00032"|"[51.05% - The Telegraph – A-Level results 2014: Independent schools table]"|"A Level"
115|"2014"|"A* - A"|"46.41"|"20141013132532"|"AA00032"|"[46.41% - The Telegraph - GCSE results 2014: Independent schools table]"|"GCSE"
115|"2014"|"A*"|"17.46"|"20141013132535"|"AA00032"|"[17.46% - The Telegraph - GCSE results 2014: Independent schools table]"|"GCSE"
20|"2014"|"A* - A"|"68.8"|"20141013132557"|"AA00032"|"[68.8% - The Telegraph – A-Level results 2014: Independent schools table]"|"A Level"
20|"2014"|"A* - A"|"79.24"|"20141013132600"|"AA00032"|"[79.24% - The Telegraph - GCSE results 2014: Independent schools table]"|"GCSE"
20|"2014"|"A*"|"47.98"|"20141013132604"|"AA00032"|"[47.98% - The Telegraph - GCSE results 2014: Independent schools table]"|"GCSE"
124|"2014"|"A* - A"|"19.05"|"20141013132624"|"AA00032"|"[19.05% - The Telegraph – A-Level results 2014: Independent schools table]"|"A Level"
124|"2014"|"A* - A"|"29.56"|"20141013132628"|"AA00032"|"[29.56% - The Telegraph - GCSE results 2014: Independent schools table]"|"GCSE"
124|"2014"|"A*"|"10.79"|"20141013132631"|"AA00032"|"[10.79% - The Telegraph - GCSE results 2014: Independent schools table]"|"GCSE"
125|"2014"|"A* - A"|"64.67"|"20141013132649"|"AA00032"|"[64.67% - The Telegraph - GCSE results 2014: Independent schools table]"|"GCSE"
125|"2014"|"A* - A"|"50.53"|"20141013132655"|"AA00032"|"[50.53% - The Telegraph – A-Level results 2014: Independent schools table]"|"A Level"
125|"2014"|"A*"|"31.61"|"20141013132700"|"AA00032"|"[31.61% - The Telegraph - GCSE results 2014: Independent schools table]"|"GCSE"
130|"2014"|"A* - B"|"94.87"|"20141013152926"|"AA00032"|"[94.87% - Website info]"|"A Level"
130|"2014"|"A* - A"|"80.99"|"20141013152935"|"AA00032"|"[80.99% - Website info]  
[80.61% - The Telegraph – A-Level results 2014: Independent schools table]"|"A Level"
130|"2014"|"A*"|"43.35"|"20141013152941"|"AA00032"|"[43.35% - Website info]"|"A Level"
130|"2014"|"A* - B"|"97.52"|"20141013152947"|"AA00032"|"[97.52% - Website info]"|"GCSE"
130|"2014"|"A* - A"|"86.19"|"20141013153006"|"AA00032"|"[86.19% - The Telegraph - GCSE results 2014: Independent schools table]
[86.37% - Website info]"|"GCSE"
130|"2014"|"A*"|"56.11"|"20141013153014"|"AA00032"|"[56.11% - The Telegraph - GCSE results 2014: Independent schools table]
[same as Website info]"|"GCSE"
136|"2014"|"A* - A"|"52.1 / 52.14"|"20141013153058"|"AA00032"|"[52.14% - The Telegraph – A-Level results 2014: Independent schools table]"|"A Level"
136|"2014"|"A* - A"|"76.5 / 76.46"|"20141013153109"|"AA00032"|"[76.46% - The Telegraph - GCSE results 2014: Independent schools table]"|"GCSE"
136|"2014"|"A*"|"47.3 / 47.26"|"20141013153117"|"AA00032"|"[47.26% - The Telegraph - GCSE results 2014: Independent schools table]"|"GCSE"
146|"2014"|"A* - A"|"28.47"|"20141013153146"|"AA00032"|"[28.47% - The Telegraph – A-Level results 2014: Independent schools table]"|"A Level"
146|"2014"|"A* - A"|"24.48"|"20141013153150"|"AA00032"|"[24.48% - The Telegraph - GCSE results 2014: Independent schools table]"|"GCSE"
146|"2014"|"A*"|"3.15"|"20141013153154"|"AA00032"|"[3.15% - The Telegraph - GCSE results 2014: Independent schools table]"|"GCSE"
148|"2014"|"A* - A"|"70 / 69.64"|"20141013153218"|"AA00032"|"[69.64% - The Telegraph – A-Level results 2014: Independent schools table]"|"A Level"
148|"2014"|"A* - A"|"56.84"|"20141013153226"|"AA00032"|"[56.84% - The Telegraph - GCSE results 2014: Independent schools table]"|"GCSE"
148|"2014"|"A*"|"23.42"|"20141013153230"|"AA00032"|"[23.42% - The Telegraph - GCSE results 2014: Independent schools table]"|"GCSE"
154|"2014"|"A* - B"|"89.1"|"20141013153300"|"AA00032"|"[89.1% - Website info]"|"A Level"
154|"2014"|"A*"|"25.5"|"20141013153304"|"AA00032"|"[25.5% - Website info]"|"A Level"
154|"2014"|"A* - A"|"61.5"|"20141013153311"|"AA00032"|"[61.5% - Website info]  
[61.8% - The Telegraph – A-Level results 2014: Independent schools table]"|"A Level"
154|"2014"|"A* - A"|"86.68"|"20141013153326"|"AA00032"|"[86.68% - The Telegraph - GCSE results 2014: Independent schools table]
[86.6% - Website info]"|"GCSE"
154|"2014"|"A* - B"|"97.7"|"20141013153333"|"AA00032"|"[97.7% - Website info]"|"GCSE"
154|"2014"|"A*"|"53.84"|"20141013153344"|"AA00032"|"[53.84% - The Telegraph - GCSE results 2014: Independent schools table]
[53.7% - Website info]"|"GCSE"
16|"2014"|"A* - A"|"57.86"|"20141013153415"|"AA00032"|"[57.86% - The Telegraph – A-Level results 2014: Independent schools table]"|"A Level"
16|"2014"|"A* - A"|"72.5"|"20141013153423"|"AA00032"|"[72.5% - The Telegraph - GCSE results 2014: Independent schools table]"|"GCSE"
16|"2014"|"A*"|"38.38"|"20141013153431"|"AA00032"|"[38.38% - The Telegraph - GCSE results 2014: Independent schools table]"|"GCSE"
177|"2014"|"A* - A"|"56.27"|"20141013153450"|"AA00032"|"[56.27% - The Telegraph - GCSE results 2014: Independent schools table]"|"GCSE"
177|"2014"|"A*"|"24.91"|"20141013153454"|"AA00032"|"[24.91% - The Telegraph - GCSE results 2014: Independent schools table]"|"GCSE"
178|"2014"|"A* - A"|"21.43"|"20141013153519"|"AA00032"|"[21.43% - The Telegraph – A-Level results 2014: Independent schools table]"|"A Level"
672|"2014"|"A* - A"|"48.88"|"20141013153543"|"AA00032"|"[48.88% - The Telegraph - GCSE results 2014: Independent schools table]"|"GCSE"
672|"2014"|"A*"|"17.79"|"20141013153547"|"AA00032"|"[17.79% - The Telegraph - GCSE results 2014: Independent schools table]"|"GCSE"
191|"2014"|"A* - A"|"50"|"20141013153613"|"AA00032"|"[50% - The Telegraph – A-Level results 2014: Independent schools table]"|"A Level"
191|"2014"|"A* - A"|"31.25"|"20141013153619"|"AA00032"|"[31.25% - The Telegraph - GCSE results 2014: Independent schools table]"|"GCSE"
191|"2014"|"A*"|"3.75"|"20141013153628"|"AA00032"|"[3.75% - The Telegraph - GCSE results 2014: Independent schools table]"|"GCSE"
195|"2014"|"A* - A"|"33.72"|"20141013153651"|"AA00032"|"[33.72% - The Telegraph – A-Level results 2014: Independent schools table]"|"A Level"
195|"2014"|"A* - A"|"40.75"|"20141013153656"|"AA00032"|"[40.75% - The Telegraph - GCSE results 2014: Independent schools table]"|"GCSE"
195|"2014"|"A*"|"15.26"|"20141013153700"|"AA00032"|"[15.26% - The Telegraph - GCSE results 2014: Independent schools table]"|"GCSE"
197|"2014"|"A* - A"|"45.45"|"20141013153724"|"AA00032"|"[45.45% - The Telegraph – A-Level results 2014: Independent schools table]"|"A Level"
197|"2014"|"A* - A"|"68.56"|"20141013153729"|"AA00032"|"[68.56% - The Telegraph - GCSE results 2014: Independent schools table]"|"GCSE"
197|"2014"|"A*"|"40.67"|"20141013153735"|"AA00032"|"[40.67% - The Telegraph - GCSE results 2014: Independent schools table]"|"GCSE"
208|"2014"|"A* - A"|"45.4"|"20141013153811"|"AA00032"|"[45.4% - The Telegraph - GCSE results 2014: Independent schools table]"|"A Level"
208|"2014"|"A* - A"|"45.18"|"20141013153818"|"AA00032"|"[45.18% - The Telegraph - GCSE results 2014: Independent schools table]"|"GCSE"
208|"2014"|"A*"|"17.77"|"20141013153824"|"AA00032"|"[17.77% - The Telegraph - GCSE results 2014: Independent schools table]"|"GCSE"
211|"2014"|"A* - A"|"52.61"|"20141013153847"|"AA00032"|"[52.61% - The Telegraph – A-Level results 2014: Independent schools table]"|"A Level"
211|"2014"|"A* - A"|"73.89"|"20141013153852"|"AA00032"|"[73.89% - The Telegraph - GCSE results 2014: Independent schools table]"|"GCSE"
211|"2014"|"A*"|"42.61"|"20141013153856"|"AA00032"|"[42.61% - The Telegraph - GCSE results 2014: Independent schools table]"|"GCSE"
213|"2014"|"A* - A"|"33.73"|"20141013153932"|"AA00032"|"[33.73% - The Telegraph – A-Level results 2014: Independent schools table]"|"A Level"
213|"2014"|"A* - A"|"38.52"|"20141013153937"|"AA00032"|"[38.52% - The Telegraph - GCSE results 2014: Independent schools table]"|"GCSE"
213|"2014"|"A*"|"11.1"|"20141013153943"|"AA00032"|"[11.1% - The Telegraph - GCSE results 2014: Independent schools table]"|"GCSE"
524|"2014"|"A*"|"42.2"|"20141119143707"|"AA00032"|""|"GCSE"
214|"2014"|"A* - A"|"40.99"|"20141013154008"|"AA00032"|"[40.99% - The Telegraph – A-Level results 2014: Independent schools table]"|"A Level"
214|"2014"|"A*"|"28.98"|"20141013154018"|"AA00032"|"[28.98% - The Telegraph - GCSE results 2014: Independent schools table]"|"GCSE"
7|"2014"|"A* - A"|"83.66"|"20141013154052"|"AA00032"|"[83.66% - The Telegraph - GCSE results 2014: Independent schools table]"|"GCSE"
45|"2014"|"A* - A"|"45.12"|"20141101104648"|"AA00032"|""|"GCSE"
89|"2014"|"A* - A"|"49.56"|"20141101114308"|"AA00032"|""|"A Level"
89|"2014"|"A* - A"|"69.27"|"20141101114317"|"AA00032"|""|"GCSE"
148|"2014"|"A* - A"|"56.84"|"20141101123016"|"AA00032"|""|"GCSE"
148|"2014"|"A*"|"23.42"|"20141101123025"|"AA00032"|""|"GCSE"
7|"2014"|"A* - A"|"68.08"|"20141101163840"|"AA00032"|""|"A Level"
7|"2014"|"A* - A"|"83.66"|"20141101163849"|"AA00032"|""|"GCSE"
7|"2014"|"A*"|"52.24"|"20141101163855"|"AA00032"|""|"GCSE"
265|"2014"|"A* - A"|"42.72"|"20141101171231"|"AA00032"|""|"A Level"
265|"2014"|"A* - A"|"59.79"|"20141101172546"|"AA00032"|""|"GCSE"
265|"2014"|"A* - A"|"43"|"20141101172556"|"AA00032"|""|"A Level"
533|"2014"|"A* - A"|"56.4"|"20141101172749"|"AA00032"|""|"A Level"
302|"2014"|"A*"|"29.09"|"20141101175737"|"AA00032"|""|"GCSE"
302|"2014"|"A* - A"|"59.98"|"20141101175746"|"AA00032"|""|"GCSE"
302|"2014"|"A* - A"|"56.77"|"20141101175803"|"AA00032"|""|"A Level"
337|"2014"|"A* - A"|"46.31"|"20141101182307"|"AA00032"|""|"A Level"
337|"2014"|"A* - A"|"64.99"|"20141101182323"|"AA00032"|""|"GCSE"
337|"2014"|"A*"|"32.17"|"20141101182328"|"AA00032"|""|"GCSE"
339|"2014"|"A* - A"|"63.09"|"20141101182455"|"AA00032"|""|"GCSE"
339|"2014"|"A* - A"|"55.21"|"20141101182518"|"AA00032"|""|"A Level"
547|"2014"|"A* - A"|"51"|"20141108163749"|"AA00032"|""|"GCSE"
419|"2014"|"A*"|"33"|"20141108163941"|"AA00032"|""|"A Level"
462|"2014"|"A* - A"|"65.43"|"20141108181344"|"AA00032"|""|"A Level"
518|"2014"|"A* - A"|"38.38"|"20141108183358"|"AA00032"|""|"GCSE"
22|"2014"|"A*"|"32.99"|"20141110112833"|"AA00032"|""|"GCSE"
22|"2014"|"A* - A"|"66.86"|"20141110112841"|"AA00032"|""|"GCSE"
159|"2014"|"A* - B"|"78"|"20141110123004"|"AA00032"|""|"A Level"
442|"2014"|"A*"|"14"|"20141110182607"|"AA00032"|""|"A Level"
533|"2014"|"A* - B"|"86.5"|"20141113104114"|"AA00032"|""|"A Level"
430|"2014"|"A* - B"|"55"|"20141113113445"|"AA00003"|""|"A Level"
325|"2014"|"A*"|"30"|"20141113180201"|"AA00032"|""|"GCSE"
325|"2014"|"A* - A"|"60.91"|"20141113180210"|"AA00032"|""|"GCSE"
325|"2014"|"A* - A"|"45.77"|"20141113180222"|"AA00032"|""|"A Level"
40|"2014"|"A*"|"15"|"20141119183526"|"AA00006"|""|"GCSE"
40|"2014"|"A* - A"|"42"|"20141119183532"|"AA00006"|""|"GCSE"
15|"2014"|"A* - A"|"70"|"20141124144909"|"AA00032"|""|"GCSE"
445|"2014"|"A* - A"|"53.4"|"20141217111341"|"AA00006"|""|"A Level"
445|"2014"|"A* - A"|"72.32"|"20141217111350"|"AA00006"|""|"GCSE"
445|"2014"|"A*"|"37.84"|"20141217111356"|"AA00006"|""|"GCSE"
603|"2014"|"A* - A"|"30"|"20141229153552"|"AA00006"|""|"GCSE"
119|"2014"|"A* - B"|"0"|"20150105115138"|"AA00032"|"Overall pass rate for A levels is 95.5%"|"A Level"
573|"2014"|"A* - A"|"70.04"|"20150115150923"|"AA00032"|""|"A Level"
573|"2014"|"A* - B"|"95"|"20150115150933"|"AA00006"|""|"A Level"
141|"2014"|"A*"|"19.3"|"20150121150315"|"AA00032"|""|"GCSE"
141|"2014"|"A* - A"|"53"|"20150121150322"|"AA00032"|""|"GCSE"
141|"2014"|"A* - B"|"77"|"20150121150557"|"AA00032"|""|"A Level"
85|"2014"|"A* - A"|"48"|"20150130181351"|"AA00032"|""|"A Level"
167|"2014"|"A* - A"|"33.6"|"20150204152529"|"AA00032"|""|"GCSE"
167|"2014"|"A*"|"5.3"|"20150204152556"|"AA00032"|""|"A Level"
167|"2014"|"A* - A"|"17.3"|"20150204152605"|"AA00032"|""|"A Level"
248|"2014"|"A* - A"|"39.4"|"20150205111020"|"AA00032"|""|"GCSE"
248|"2014"|"A* - A"|"43.81"|"20150205111029"|"AA00032"|""|"A Level"
76|"2014"|"A* - A"|"62.33"|"20141101113104"|"AA00032"|""|"GCSE"
76|"2014"|"A* - A"|"46.27"|"20141101113131"|"AA00032"|""|"A Level"
20|"2014"|"A*"|"47.98"|"20141101120543"|"AA00032"|""|"GCSE"
20|"2014"|"A* - A"|"79.24"|"20141101120549"|"AA00032"|""|"GCSE"
208|"2014"|"A*"|"17.77"|"20141101161636"|"AA00032"|""|"GCSE"
208|"2014"|"A* - A"|"45.18"|"20141101161647"|"AA00032"|""|"GCSE"
208|"2014"|"A* - A"|"45.4"|"20141101161703"|"AA00032"|""|"A Level"
214|"2014"|"A* - A"|"55.4"|"20141013154014"|"AA00032"|"[55.4% - The Telegraph - GCSE results 2014: Independent schools table]"|"GCSE"
7|"2014"|"A* - A"|"68.08"|"20141013154047"|"AA00032"|"[68.08% - The Telegraph – A-Level results 2014: Independent schools table]"|"A Level"
7|"2014"|"A*"|"52.24"|"20141013154057"|"AA00032"|"[52.24% - The Telegraph - GCSE results 2014: Independent schools table]"|"GCSE"
625|"2014"|"A* - A"|"21.68"|"20141013154121"|"AA00032"|"[21.68% - The Telegraph – A-Level results 2014: Independent schools table]"|"A Level"
625|"2014"|"A* - A"|"39.46"|"20141013154126"|"AA00032"|"[39.46% - The Telegraph - GCSE results 2014: Independent schools table]"|"GCSE"
625|"2014"|"A*"|"13.72"|"20141013154131"|"AA00032"|"[13.72% - The Telegraph - GCSE results 2014: Independent schools table]"|"GCSE"
235|"2014"|"A* - A"|"63.67"|"20141013154221"|"AA00032"|"[63.67% - The Telegraph – A-Level results 2014: Independent schools table]"|"A Level"
22|"2014"|"A* - A"|"54.82"|"20141109145102"|"AA00032"|""|"A Level"
241|"2014"|"A* - A"|"42.28"|"20141013154248"|"AA00032"|"[42.28% - The Telegraph – A-Level results 2014: Independent schools table]"|"A Level"
241|"2014"|"A* - A"|"65.31"|"20141013154254"|"AA00032"|"[65.31% - The Telegraph - GCSE results 2014: Independent schools table]"|"GCSE"
241|"2014"|"A*"|"31.23"|"20141013154257"|"AA00032"|"[31.23% - The Telegraph - GCSE results 2014: Independent schools table]"|"GCSE"
250|"2014"|"A* - A"|"48.37"|"20141013154338"|"AA00032"|"[48.37% - The Telegraph – A-Level results 2014: Independent schools table]"|"A Level"
257|"2014"|"A* - A"|"40.54"|"20141013154422"|"AA00032"|"[40.54% - The Telegraph – A-Level results 2014: Independent schools table]"|"A Level"
257|"2014"|"A* - A"|"55.93"|"20141013154433"|"AA00032"|"[55.93% - The Telegraph - GCSE results 2014: Independent schools table]"|"GCSE"
257|"2014"|"A* - A"|"55.93"|"20141013155238"|"AA00032"|""|"GCSE"
257|"2014"|"A*"|"23.71"|"20141013155243"|"AA00032"|"[23.71% - The Telegraph - GCSE results 2014: Independent schools table]"|"GCSE"
274|"2014"|"A* - A"|"55"|"20141014105132"|"AA00032"|"[55.8% - The Telegraph – A-Level results 2014: Independent schools table]"|"A Level"
274|"2014"|"A* - A"|"66.23"|"20141014105138"|"AA00032"|"[% same as The Telegraph - GCSE results 2014: Independent schools table]"|"GCSE"
274|"2014"|"A*"|"30.47"|"20141014105142"|"AA00032"|"[% same as The Telegraph - GCSE results 2014: Independent schools table]"|"GCSE"
264|"2014"|"A* - A"|"26.17"|"20141014105211"|"AA00032"|"[26.17% - The Telegraph – A-Level results 2014: Independent schools table]"|"A Level"
264|"2014"|"A* - A"|"43.21"|"20141014105215"|"AA00032"|"[43.21% - The Telegraph - GCSE results 2014: Independent schools table]"|"GCSE"
264|"2014"|"A*"|"20.54"|"20141014105222"|"AA00032"|"[20.54% - The Telegraph - GCSE results 2014: Independent schools table]"|"GCSE"
533|"2014"|"A* - A"|"56.4"|"20141014105255"|"AA00032"|"[56.4% - The Telegraph – A-Level results 2014: Independent schools table]"|"A Level"
533|"2014"|"A* - A"|"75.72"|"20141014105300"|"AA00032"|"[75.72% - The Telegraph - GCSE results 2014: Independent schools table]"|"GCSE"
533|"2014"|"A*"|"47.24"|"20141014105305"|"AA00032"|"[47.24% - The Telegraph - GCSE results 2014: Independent schools table]"|"GCSE"
265|"2014"|"A* - A"|"42.72"|"20141014105328"|"AA00032"|"[42.72% - The Telegraph – A-Level results 2014: Independent schools table]"|"A Level"
265|"2014"|"A* - A"|"59.79"|"20141014105333"|"AA00032"|"[59.79% - The Telegraph - GCSE results 2014: Independent schools table]"|"GCSE"
265|"2014"|"A*"|"26"|"20141014105341"|"AA00032"|"[26% - The Telegraph - GCSE results 2014: Independent schools table]"|"GCSE"
260|"2014"|"A* - A"|"26.16"|"20141014105418"|"AA00032"|"[26.16% - The Telegraph - GCSE results 2014: Independent schools table]"|"GCSE"
260|"2014"|"A*"|"7.36"|"20141014105424"|"AA00032"|"[7.36% - The Telegraph - GCSE results 2014: Independent schools table]"|"GCSE"
259|"2014"|"A* - A"|"44.44"|"20141014105457"|"AA00032"|"[44.44% - The Telegraph – A-Level results 2014: Independent schools table]"|"A Level"
259|"2014"|"A* - A"|"36.63"|"20141014105505"|"AA00032"|"[36.63% - The Telegraph - GCSE results 2014: Independent schools table]"|"GCSE"
259|"2014"|"A*"|"14.89"|"20141014105510"|"AA00032"|"[14.89% - The Telegraph - GCSE results 2014: Independent schools table]"|"GCSE"
275|"2014"|"A* - A"|"39.38"|"20141014105730"|"AA00032"|"[39.38% - The Telegraph – A-Level results 2014: Independent schools table]"|"A Level"
275|"2014"|"A* - A"|"48.92"|"20141014105735"|"AA00032"|"[48.92% - The Telegraph - GCSE results 2014: Independent schools table]"|"GCSE"
275|"2014"|"A*"|"19.81"|"20141014105740"|"AA00032"|"[19.81% - The Telegraph - GCSE results 2014: Independent schools table]"|"GCSE"
279|"2014"|"A* - A"|"35.29"|"20141014105804"|"AA00032"|"[35.29% - The Telegraph – A-Level results 2014: Independent schools table]"|"A Level"
279|"2014"|"A* - A"|"36.82"|"20141014105810"|"AA00032"|"[36.82% - The Telegraph - GCSE results 2014: Independent schools table]"|"GCSE"
279|"2014"|"A*"|"11.46"|"20141014105815"|"AA00032"|"[11.46% - The Telegraph - GCSE results 2014: Independent schools table]"|"GCSE"
285|"2014"|"A* - A"|"43.88"|"20141014105851"|"AA00032"|"[43.88% - The Telegraph - GCSE results 2014: Independent schools table]"|"GCSE"
285|"2014"|"A* - A"|"38.1"|"20141014105858"|"AA00032"|"[38.1% - The Telegraph – A-Level results 2014: Independent schools table]"|"A Level"
285|"2014"|"A*"|"19.27"|"20141014105903"|"AA00032"|"[19.27% - The Telegraph - GCSE results 2014: Independent schools table]"|"GCSE"
286|"2014"|"A* - A"|"51 / 51.82"|"20141014105925"|"AA00032"|"[51.82% - The Telegraph - GCSE results 2014: Independent schools table]"|"A Level"
472|"2014"|"A*"|"14.24"|"20141101105319"|"AA00032"|""|"GCSE"
472|"2014"|"A* - A"|"37.37"|"20141101105329"|"AA00032"|""|"GCSE"
472|"2014"|"A* - A"|"35.47"|"20141101105344"|"AA00032"|""|"A Level"
100|"2014"|"A* - A"|"73.57"|"20141101114601"|"AA00032"|""|"GCSE"
100|"2014"|"A* - A"|"57.32"|"20141101114613"|"AA00032"|""|"A Level"
150|"2014"|"A* - A"|"42.73"|"20141101123141"|"AA00032"|"[42.73% - The Telegraph – A-Level results 2014: Independent schools table]"|"A Level"
150|"2014"|"A* - A"|"59.9"|"20141101123150"|"AA00032"|"[59.9% - The Telegraph - GCSE results 2014: Independent schools table]"|"GCSE"
150|"2014"|"A*"|"31.33"|"20141101123159"|"AA00032"|"[31.33% - The Telegraph - GCSE results 2014: Independent schools table]"|"GCSE"
7|"2014"|"A* - B"|"85.7"|"20141101163934"|"AA00032"|""|"A Level"
264|"2014"|"A* - A"|"26.17"|"20141101173136"|"AA00032"|""|"A Level"
264|"2014"|"A* - A"|"43.21"|"20141101173147"|"AA00032"|""|"GCSE"
264|"2014"|"A*"|"20.54"|"20141101173154"|"AA00032"|""|"GCSE"
306|"2014"|"A* - B"|"81"|"20141101180343"|"AA00032"|""|"A Level"
342|"2014"|"A* - A"|"38.13"|"20141101183459"|"AA00032"|""|"A Level"
342|"2014"|"A* - A"|"34.91"|"20141101183515"|"AA00032"|""|"GCSE"
342|"2014"|"A*"|"15.32"|"20141101183526"|"AA00032"|""|"GCSE"
423|"2014"|"A* - A"|"42.45"|"20141108164129"|"AA00032"|""|"GCSE"
465|"2014"|"A* - A"|"46.06"|"20141108181512"|"AA00032"|""|"A Level"
465|"2014"|"A* - A"|"73.41"|"20141108181524"|"AA00032"|""|"GCSE"
465|"2014"|"A*"|"34.38"|"20141108181533"|"AA00032"|""|"GCSE"
558|"2014"|"A* - A"|"49.08"|"20141110112913"|"AA00032"|""|"GCSE"
2|"2014"|"A* - A"|"65.03"|"20141110124050"|"AA00032"|""|"A Level"
423|"2014"|"A*"|"15.81"|"20141110183053"|"AA00032"|""|"GCSE"
423|"2014"|"A* - A"|"43"|"20141110183103"|"AA00032"|""|"GCSE"
423|"2014"|"A* - A"|"51.74"|"20141110183125"|"AA00032"|""|"A Level"
533|"2014"|"A*"|"47.24"|"20141113104209"|"AA00032"|""|"GCSE"
533|"2014"|"A* - A"|"75.72"|"20141113104214"|"AA00032"|""|"GCSE"
258|"2014"|""|"30"|"20141113113631"|"AA00032"|""|"IB"
214|"2014"|"A* - A"|"40.99"|"20141115104706"|"AA00006"|""|"A Level"
255|"2014"|"A* - B"|"56.2"|"20141115111841"|"AA00032"|""|"A Level"
134|"2014"|"A* - A"|"46"|"20141120113629"|"AA00032"|""|"GCSE"
373|"2014"|"A* - B"|"65"|"20141127100449"|"AA00032"|""|"A Level"
373|"2014"|"A* - A"|"33"|"20141127100457"|"AA00032"|""|"A Level"
373|"2014"|"A* - A"|"55"|"20141127100509"|"AA00032"|""|"GCSE"
30011|"2014"|"A* - B"|"82"|"20141217174626"|"AA00032"|""|"A Level"
646|"2014"|"A* - A"|"25.8"|"20141229162316"|"AA00006"|""|"A Level"
648|"2014"|""|"0"|"20150105175406"|"AA00032"|"Not indicated at their website"|"GCSE"
241|"2014"|"A* - A"|"42.3"|"20150115154047"|"AA00032"|""|"A Level"
442|"2014"|"A* - B"|"61"|"20150123153424"|"AA00032"|""|"A Level"
85|"2014"|""|"34"|"20150130182704"|"AA00032"|""|"IB"
177|"2014"|"A* - A"|"57.7"|"20150204153252"|"AA00032"|""|"GCSE"
177|"2014"|"A*"|"12.7"|"20150204153303"|"AA00032"|""|"A Level"
344|"2014"|"A* - A"|"35.4"|"20150205120825"|"AA00006"|""|"GCSE"
344|"2014"|"A*"|"11.3"|"20150205120837"|"AA00006"|""|"A Level"
344|"2014"|"A* - A"|"28.7"|"20150205120847"|"AA00006"|""|"A Level"
257|"2014"|"A* - A"|"40.54"|"20141101170509"|"AA00032"|""|"A Level"
257|"2014"|"A* - A"|"55.93"|"20141101170524"|"AA00032"|""|"GCSE"
257|"2014"|"A*"|"23.71"|"20141101170535"|"AA00032"|""|"GCSE"
291|"2014"|"A* - A"|"39.91"|"20141101174904"|"AA00032"|""|"A Level"
322|"2014"|"A* - A"|"58.8"|"20141101181534"|"AA00032"|""|"GCSE"
381|"2014"|"A* - A"|"76"|"20141108161004"|"AA00032"|""|"GCSE"
381|"2014"|"A* - B"|"83"|"20141108161017"|"AA00032"|""|"A Level"
381|"2014"|"A* - A"|"55"|"20141108161027"|"AA00032"|""|"A Level"
483|"2014"|"A* - A"|"49.89"|"20141108174109"|"AA00032"|""|"GCSE"
483|"2014"|"A*"|"33.06"|"20141108175142"|"AA00032"|""|"A Level"
499|"2014"|"A* - A"|"97.4"|"20141108182827"|"AA00032"|""|"A Level"
574|"2014"|"A* - A"|"49"|"20141110112230"|"AA00006"|"1 Yr GCSE 63%"|"GCSE"
680|"2014"|"A* - A"|"61.4"|"20141110121630"|"AA00032"|""|"A Level"
41|"2014"|"A* - B"|"62"|"20141110124922"|"AA00032"|""|"A Level"
40|"2014"|"A* - A"|"42"|"20141110125134"|"AA00006"|""|"GCSE"
286|"2014"|"A* - A"|"50 / 49.88"|"20141014105932"|"AA00032"|"[49.88% - The Telegraph - GCSE results 2014: Independent schools table]"|"GCSE"
286|"2014"|"A*"|"19 / 18.48"|"20141014105939"|"AA00032"|"[18.48% - The Telegraph - GCSE results 2014: Independent schools table]"|"GCSE"
534|"2014"|"A* - A"|"49.49"|"20141014110002"|"AA00032"|"[49.49% - The Telegraph – A-Level results 2014: Independent schools table]"|"A Level"
534|"2014"|"A* - A"|"61.08"|"20141014110006"|"AA00032"|"[61.08% - The Telegraph - GCSE results 2014: Independent schools table]"|"GCSE"
534|"2014"|"A*"|"27.12"|"20141014110011"|"AA00032"|"[27.12% - The Telegraph - GCSE results 2014: Independent schools table]"|"GCSE"
288|"2014"|"A* - A"|"12.18"|"20141014110031"|"AA00032"|"[12.18% - The Telegraph – A-Level results 2014: Independent schools table]"|"A Level"
288|"2014"|"A* - A"|"23.11"|"20141014110041"|"AA00032"|"[23.11% - The Telegraph - GCSE results 2014: Independent schools table]"|"GCSE"
288|"2014"|"A*"|"6.02"|"20141014110048"|"AA00032"|"[6.02% - The Telegraph - GCSE results 2014: Independent schools table]"|"GCSE"
291|"2014"|"A* - A"|"39.91"|"20141014110121"|"AA00032"|"[39.91% - The Telegraph – A-Level results 2014: Independent schools table]"|"A Level"
291|"2014"|"A* - A"|"37.02"|"20141014110126"|"AA00032"|"[37.02% - The Telegraph - GCSE results 2014: Independent schools table]"|"GCSE"
291|"2014"|"A*"|"11.73"|"20141014110134"|"AA00032"|"[11.73% - The Telegraph - GCSE results 2014: Independent schools table]"|"GCSE"
299|"2014"|"A* - A"|"43.67"|"20141014110205"|"AA00032"|"[43.67% - The Telegraph – A-Level results 2014: Independent schools table]"|"A Level"
299|"2014"|"A* - A"|"44.9"|"20141014110211"|"AA00032"|"[44.9% - The Telegraph - GCSE results 2014: Independent schools table]"|"GCSE"
299|"2014"|"A*"|"17.35"|"20141014110215"|"AA00032"|"[17.35% - The Telegraph - GCSE results 2014: Independent schools table]"|"GCSE"
300|"2014"|"A* - A"|"38.64"|"20141014110236"|"AA00032"|"[38.64% - The Telegraph – A-Level results 2014: Independent schools table]"|"A Level"
300|"2014"|"A* - A"|"42.43"|"20141014110241"|"AA00032"|"[42.43% - The Telegraph - GCSE results 2014: Independent schools table]"|"GCSE"
300|"2014"|"A*"|"16.94"|"20141014110245"|"AA00032"|"[16.94% - The Telegraph - GCSE results 2014: Independent schools table]"|"GCSE"
301|"2014"|"A* - A"|"44.79"|"20141014110305"|"AA00032"|"[44.79% - The Telegraph – A-Level results 2014: Independent schools table]"|"A Level"
302|"2014"|"A* - A"|"56.77"|"20141014110328"|"AA00032"|"[56.77% - The Telegraph – A-Level results 2014: Independent schools table]"|"A Level"
302|"2014"|"A* - A"|"59.98"|"20141014110333"|"AA00032"|"[59.98% - The Telegraph - GCSE results 2014: Independent schools table]"|"GCSE"
302|"2014"|"A*"|"29.09"|"20141014110337"|"AA00032"|"[29.09% - The Telegraph - GCSE results 2014: Independent schools table]"|"GCSE"
306|"2014"|"A* - A"|"56 / 57.45"|"20141014110404"|"AA00032"|"[57.45% - The Telegraph – A-Level results 2014: Independent schools table]"|"A Level"
654|"2014"|"A* - A"|"37.29"|"20141014110429"|"AA00032"|"[37.29% - The Telegraph - GCSE results 2014: Independent schools table]"|"A Level"
654|"2014"|"A* - A"|"30.3"|"20141014110434"|"AA00032"|"[30.3% - The Telegraph - GCSE results 2014: Independent schools table]"|"GCSE"
654|"2014"|"A*"|"11.11"|"20141014110439"|"AA00032"|"[11.11% - The Telegraph - GCSE results 2014: Independent schools table]"|"GCSE"
312|"2014"|"A* - A"|"55.41"|"20141014110502"|"AA00032"|"[55.41% - The Telegraph – A-Level results 2014: Independent schools table]"|"A Level"
313|"2014"|"A* - A"|"52.46"|"20141014110529"|"AA00032"|"[52.46% - The Telegraph - GCSE results 2014: Independent schools table]"|"A Level"
313|"2014"|"A* - A"|"57.23"|"20141014110533"|"AA00032"|"[57.23% - The Telegraph - GCSE results 2014: Independent schools table]"|"GCSE"
313|"2014"|"A*"|"21.86"|"20141014110538"|"AA00032"|"[21.86% - The Telegraph - GCSE results 2014: Independent schools table]"|"GCSE"
316|"2014"|"A* - A"|"44.95"|"20141014110600"|"AA00032"|"[44.95% - The Telegraph – A-Level results 2014: Independent schools table]"|"A Level"
318|"2014"|"A* - A"|"24.06"|"20141014110621"|"AA00032"|"[24.06% - The Telegraph – A-Level results 2014: Independent schools table]"|"A Level"
318|"2014"|"A* - A"|"35.1"|"20141014110627"|"AA00032"|"[35.1% - The Telegraph - GCSE results 2014: Independent schools table]"|"GCSE"
318|"2014"|"A*"|"12.44"|"20141014110632"|"AA00032"|"[12.44% - The Telegraph - GCSE results 2014: Independent schools table]"|"GCSE"
323|"2014"|"A* - A"|"43.46"|"20141014110703"|"AA00032"|"[43.46% - The Telegraph – A-Level results 2014: Independent schools table]"|"A Level"
323|"2014"|"A* - A"|"65.99"|"20141014110708"|"AA00032"|"[65.99% - The Telegraph - GCSE results 2014: Independent schools table]"|"GCSE"
323|"2014"|"A*"|"35.7"|"20141014110712"|"AA00032"|"[35.7% - The Telegraph - GCSE results 2014: Independent schools table]"|"GCSE"
325|"2014"|"A* - A"|"45.77"|"20141014110754"|"AA00032"|"[45.77% - The Telegraph – A-Level results 2014: Independent schools table]"|"A Level"
325|"2014"|"A* - A"|"60.91"|"20141014110759"|"AA00032"|"[60.91% - The Telegraph - GCSE results 2014: Independent schools table]"|"GCSE"
325|"2014"|"A*"|"28.8"|"20141014110803"|"AA00032"|"[28.8% - The Telegraph - GCSE results 2014: Independent schools table]"|"GCSE"
327|"2014"|"A* - A"|"52.63"|"20141014110827"|"AA00032"|"[52.63% - The Telegraph – A-Level results 2014: Independent schools table]"|"A Level"
327|"2014"|"A* - A"|"47.95"|"20141014110831"|"AA00032"|"[47.95% - The Telegraph - GCSE results 2014: Independent schools table]"|"GCSE"
327|"2014"|"A*"|"20.03"|"20141014110836"|"AA00032"|"[20.03% - The Telegraph - GCSE results 2014: Independent schools table]"|"GCSE"
330|"2014"|"A* - A"|"46.77"|"20141014110902"|"AA00032"|"[46.77% - The Telegraph – A-Level results 2014: Independent schools table]"|"A Level"
330|"2014"|"A*"|"17.97"|"20141014110910"|"AA00032"|"[17.97% - The Telegraph - GCSE results 2014: Independent schools table]"|"GCSE"
52|"2014"|"A* - A"|"23.51"|"20141101105810"|"AA00032"|""|"GCSE"
52|"2014"|"A*"|"6.15"|"20141101105820"|"AA00032"|""|"GCSE"
110|"2014"|"A* - A"|"64.46"|"20141101115542"|"AA00032"|""|"GCSE"
167|"2014"|""|"50"|"20141101154921"|"AA00032"|""|"IB"
16|"2014"|"A* - A"|"57.86"|"20141101155058"|"AA00032"|""|"A Level"
16|"2014"|"A* - A"|"72.5"|"20141101155108"|"AA00032"|""|"GCSE"
16|"2014"|"A*"|"38.38"|"20141101155115"|"AA00032"|""|"GCSE"
177|"2014"|"A* - A"|"56.27"|"20141101155317"|"AA00032"|""|"GCSE"
177|"2014"|"A*"|"24.91"|"20141101155326"|"AA00032"|""|"GCSE"
177|"2014"|"A* - B"|"30"|"20141101155439"|"AA00032"|""|"A Level"
178|"2014"|"A* - A"|"21.43"|"20141101155542"|"AA00032"|""|"A Level"
220|"2103"|"A*"|"4"|"20141101164036"|"AA00025"|""|"GCSE"
266|"2014"|"A*"|"15.87"|"20141101173501"|"AA00032"|""|"A Level"
313|"2014"|"A*"|"21.86"|"20141101180639"|"AA00032"|""|"GCSE"
360|"2014"|"A* - A"|"44"|"20141108155349"|"AA00032"|""|"A Level"
362|"2014"|"A* - B"|"64"|"20141108155611"|"AA00032"|""|"A Level"
424|"2014"|"A*"|"12.37"|"20141108164249"|"AA00032"|""|"GCSE"
424|"2014"|"A* - A"|"34.31"|"20141108164301"|"AA00032"|""|"GCSE"
424|"2014"|"A* - A"|"25"|"20141108164317"|"AA00032"|""|"A Level"
465|"2014"|"A* - B"|"74"|"20141108181604"|"AA00032"|""|"A Level"
11|"2015"|"A* - B"|"83"|"20141109145258"|"AA00032"|""|"A Level"
11|"2014"|"A* - B"|"83"|"20141109145704"|""|""|"A Level"
554|"2014"|"A* - A"|"36.61"|"20141110113243"|"AA00032"|""|"A Level"
71|"2014"|"A*"|"8.89"|"20141110124612"|"AA00032"|""|"GCSE"
423|"2014"|"A* - B"|"75"|"20141110183135"|"AA00032"|""|"A Level"
501|"2014"|"A* - A"|"46.92"|"20141113105533"|"AA00032"|""|"A Level"
501|"2014"|"A*"|"28.3"|"20141113105631"|"AA00032"|""|"GCSE"
501|"2014"|"A* - A"|"54.29"|"20141113105637"|"AA00032"|""|"GCSE"
465|"2014"|"A* - A"|"73"|"20141113105959"|"AA00032"|""|"GCSE"
465|"2014"|"A* - B"|"81.8"|"20141113110013"|"AA00032"|""|"A Level"
342|"2014"|"A*"|"19"|"20141113114027"|"AA00032"|""|"A Level"
342|"2014"|"A* - A"|"39"|"20141113114044"|"AA00032"|""|"A Level"
342|"2014"|"A*"|"15.3"|"20141113114112"|"AA00032"|""|"GCSE"
285|"2014"|"A*"|"31.9"|"20141117125812"|"AA00006"|""|"A Level"
66|"2014"|"A*"|"0"|"20141120122559"|"AA00032"|""|"GCSE"
557|"2014"|"A*"|"26.27"|"20141128100827"|"AA00032"|""|"GCSE"
557|"2014"|"A* - A"|"50.99"|"20141128100834"|"AA00032"|""|"GCSE"
30011|"2014"|"A* - B"|"77"|"20141218124805"|"AA00032"|""|"A Level"
30009|"2014"|"A* - B"|"1"|"20141229174909"|"AA00032"|""|"A Level"
668|"2013"|"A* - B"|"17"|"20150106183107"|"AA00032"|""|"A Level"
513|"2014"|"A* - B"|"0"|"20150115174122"|"AA00032"|"Achieved a pass rate of 97%"|"A Level"
513|"2014"|"A* - A"|"0"|"20150115174131"|"AA00032"|"Achieved a pass rate of 97%"|"A Level"
513|"2014"|"A*"|"0"|"20150115174139"|"AA00032"|"Achieved a pass rate of 97%"|"A Level"
513|"2014"|"A* - B"|"36.19"|"20150115174202"|"AA00032"|"Achieved a pass rate of 97%"|"A Level"
513|"2014"|"A* - A"|"12.04"|"20150115174206"|"AA00032"|"Achieved a pass rate of 97%"|"A Level"
513|"2014"|"A*"|"3.78"|"20150115174209"|"AA00032"|"Achieved a pass rate of 97%"|"A Level"
513|"2014"|"A* - A"|"0"|"20150115175238"|"AA00032"|""|"GCSE"
513|"2014"|"A*"|"0"|"20150115175247"|"AA00032"|""|"GCSE"
245|"2014"|""|"."|"20150127132319"|"AA00032"|"69% achieved grades A*-C"|"A Level"
245|"2013"|"."|"."|"20150127132329"|"AA00032"|"Achieved a pass rate of 97.4%"|"A Level"
604|"2014"|"A* - B"|"83.3"|"20150202134413"|"AA00006"|""|"A Level"
192|"2014"|""|"10"|"20150204155005"|"AA00011"|""|"A Level"
394|"2014"|"A*"|"30.32"|"20150205121315"|"AA00032"|""|"GCSE"
394|"2014"|"A* - A"|"63.51"|"20150205121321"|"AA00032"|""|"GCSE"
394|"2014"|"A* - A"|"45.39"|"20150205121332"|"AA00032"|""|"A Level"
40|"2014"|"A* - A"|"50.45"|"20141110125155"|"AA00032"|""|"A Level"
473|"2014"|"A*"|"22.52"|"20141110184049"|"AA00032"|""|"GCSE"
473|"2014"|"A* - A"|"48.24"|"20141110184059"|"AA00032"|""|"GCSE"
344|"2014"|"A*"|"10.05"|"20141113111235"|"AA00032"|""|"GCSE"
330|"2014"|"A* - A"|"49.15"|"20141014110907"|"AA00032"|"[49.15% - The Telegraph - GCSE results 2014: Independent schools table]"|"GCSE"
337|"2014"|"A* - A"|"46.31"|"20141014110940"|"AA00032"|"[46.31% - The Telegraph - A-Level results 2014: Independent schools table]"|"A Level"
337|"2014"|"A* - A"|"64.99"|"20141014110947"|"AA00032"|"[64.99% - The Telegraph - GCSE results 2014: Independent schools table]"|"GCSE"
337|"2014"|"A*"|"32.17"|"20141014110952"|"AA00032"|"[32.17% - The Telegraph - GCSE results 2014: Independent schools table]"|"GCSE"
339|"2014"|"A* - A"|"55.21"|"20141014111013"|"AA00032"|"[55.21% - The Telegraph - GCSE results 2014: Independent schools table]"|"A Level"
339|"2014"|"A* - A"|"63.09"|"20141014111017"|"AA00032"|"[63.09% - The Telegraph - GCSE results 2014: Independent schools table]"|"GCSE"
339|"2014"|"A*"|"31.54"|"20141014111020"|"AA00032"|"[31.54% - The Telegraph - GCSE results 2014: Independent schools table]"|"GCSE"
342|"2014"|"A* - A"|"34.91"|"20141014111116"|"AA00032"|"[34.91% - The Telegraph - GCSE results 2014: Independent schools table]"|"GCSE"
342|"2014"|"A*"|"15.32"|"20141014111120"|"AA00032"|"[15.32% - The Telegraph - GCSE results 2014: Independent schools table]"|"GCSE"
342|"2014"|"A* - A"|"38.13"|"20141014111124"|"AA00032"|"[38.13% - The Telegraph – A-Level results 2014: Independent schools table]"|"A Level"
344|"2014"|"A* - A"|"27.83"|"20141014111147"|"AA00032"|"[27.83% - The Telegraph – A-Level results 2014: Independent schools table]"|"A Level"
344|"2014"|"A* - A"|"30.86"|"20141014111152"|"AA00032"|"[30.86% - The Telegraph - GCSE results 2014: Independent schools table]"|"GCSE"
344|"2014"|"A*"|"10.05"|"20141014111156"|"AA00032"|"[10.05% - The Telegraph - GCSE results 2014: Independent schools table]"|"GCSE"
345|"2014"|"A* - B"|"84.7"|"20141014111224"|"AA00032"|"[84.7% - Website info]"|"A Level"
345|"2014"|"A*"|"25"|"20141014111257"|"AA00032"|"[25% - Website info]"|"A Level"
345|"2014"|"A* - A"|"86.53"|"20141014111312"|"AA00032"|"[86.53% - The Telegraph - GCSE results 2014: Independent schools table]
[86.3% - Website info]"|"GCSE"
345|"2014"|"A*"|"53.3"|"20141014111323"|"AA00032"|"[53.3% - The Telegraph - GCSE results 2014: Independent schools table]
[53.2% - Website info]"|"GCSE"
345|"2014"|"A* - A"|"59.4"|"20141014112736"|"AA00032"|"[59.4% - Website info]  
[64.04% - The Telegraph – A-Level results 2014: Independent schools table]"|"A Level"
351|"2014"|"A* - A"|"27.88"|"20141014112907"|"AA00032"|"[27.88% - The Telegraph - GCSE results 2014: Independent schools table]"|"GCSE"
351|"2014"|"A*"|"10.41"|"20141014112912"|"AA00032"|"[10.41% - The Telegraph - GCSE results 2014: Independent schools table]"|"GCSE"
362|"2014"|"A*"|"15.34"|"20141014112945"|"AA00032"|"[15.34% - The Telegraph - GCSE results 2014: Independent schools table]"|"GCSE"
362|"2014"|"A* - A"|"40.32"|"20141014112951"|"AA00032"|"[40.32% - The Telegraph - GCSE results 2014: Independent schools table]"|"GCSE"
363|"2014"|"A* - A"|"54.33"|"20141014113026"|"AA00032"|"[54.33% - The Telegraph - GCSE results 2014: Independent schools table]"|"GCSE"
363|"2014"|"A*"|"28.83"|"20141014113032"|"AA00032"|"[28.83% - The Telegraph - GCSE results 2014: Independent schools table]"|"GCSE"
363|"2014"|"A* - A"|"31.25"|"20141014113039"|"AA00032"|"[31.25% - The Telegraph - GCSE results 2014: Independent schools table]"|"A Level"
541|"2014"|"A* - A"|"48.81"|"20141014113106"|"AA00032"|"[48.81% - The Telegraph - GCSE results 2014: Independent schools table]"|"GCSE"
541|"2014"|"A*"|"18.27"|"20141014113111"|"AA00032"|"[18.27% - The Telegraph - GCSE results 2014: Independent schools table]"|"GCSE"
367|"2014"|"A* - A"|"51.43"|"20141014113134"|"AA00032"|"[51.43% - The Telegraph – A-Level results 2014: Independent schools table]"|"A Level"
367|"2014"|"A* - A"|"52.87"|"20141014113139"|"AA00032"|"[52.87% - The Telegraph - GCSE results 2014: Independent schools table]"|"GCSE"
367|"2014"|"A*"|"22.88"|"20141014113143"|"AA00032"|"[22.88% - The Telegraph - GCSE results 2014: Independent schools table]"|"GCSE"
376|"2014"|"A* - A"|"80 / 80.37"|"20141014113215"|"AA00032"|"[80.37% - The Telegraph – A-Level results 2014: Independent schools table]"|"A Level"
376|"2014"|"A* - A"|"66 / 66.3"|"20141014113227"|"AA00032"|"[66.3% - The Telegraph - GCSE results 2014: Independent schools table]"|"GCSE"
376|"2014"|"A*"|"27.49"|"20141014113233"|"AA00032"|"[27.49% - The Telegraph - GCSE results 2014: Independent schools table]"|"GCSE"
380|"2014"|"A* - A"|"42.26"|"20141014113335"|"AA00032"|"[42.26% - The Telegraph – A-Level results 2014: Independent schools table]"|"A Level"
380|"2014"|"A* - A"|"47.91"|"20141014113338"|"AA00032"|"[47.91% - The Telegraph - GCSE results 2014: Independent schools table]"|"GCSE"
380|"2014"|"A*"|"19.22"|"20141014113342"|"AA00032"|"[19.22% - The Telegraph - GCSE results 2014: Independent schools table]"|"GCSE"
381|"2014"|"A* - A"|"55"|"20141014113419"|"AA00032"|"[54.97% - The Telegraph – A-Level results 2014: Independent schools table]"|"A Level"
381|"2014"|"A* - A"|"76"|"20141014113430"|"AA00032"|"[76.51% - The Telegraph - GCSE results 2014: Independent schools table]"|"GCSE"
381|"2014"|"A*"|"42"|"20141014113436"|"AA00032"|"[42.79% - The Telegraph - GCSE results 2014: Independent schools table]"|"GCSE"
389|"2014"|"A* - A"|"35.08"|"20141014113753"|"AA00032"|"[35.08% - The Telegraph – A-Level results 2014: Independent schools table]"|"A Level"
389|"2014"|"A* - A"|"48.56"|"20141014113758"|"AA00032"|"[48.56% - The Telegraph - GCSE results 2014: Independent schools table]"|"GCSE"
389|"2014"|"A*"|"20.7"|"20141014113805"|"AA00032"|"[20.7% - The Telegraph - GCSE results 2014: Independent schools table]"|"GCSE"
392|"2014"|"A* - A"|"41.31"|"20141014113830"|"AA00032"|"[41.31% - The Telegraph - GCSE results 2014: Independent schools table]"|"A Level"
392|"2014"|"A* - A"|"73.59"|"20141014113839"|"AA00032"|"[73.59% - The Telegraph - GCSE results 2014: Independent schools table]"|"GCSE"
392|"2014"|"A*"|"36.92"|"20141014113846"|"AA00032"|"[36.92% - The Telegraph - GCSE results 2014: Independent schools table]"|"GCSE"
542|"2014"|"A* - A"|"57.84"|"20141014120915"|"AA00032"|"[57.84% - The Telegraph – A-Level results 2014: Independent schools table]"|"A Level"
542|"2014"|"A* - A"|"69.2"|"20141014120919"|"AA00032"|"[69.2% - The Telegraph - GCSE results 2014: Independent schools table]"|"GCSE"
542|"2014"|"A*"|"42.12"|"20141014120922"|"AA00032"|"[42.12% - The Telegraph - GCSE results 2014: Independent schools table]"|"GCSE"
394|"2014"|"A* - A"|"45.39"|"20141014120945"|"AA00032"|"[45.39% - The Telegraph - A-Level  results 2014: Independent schools table]"|"A Level"
394|"2014"|"A* - A"|"63.51"|"20141014120948"|"AA00032"|"[63.51% - The Telegraph - GCSE results 2014: Independent schools table]"|"GCSE"
394|"2014"|"A*"|"30.32"|"20141014120951"|"AA00032"|"[30.32% - The Telegraph - GCSE results 2014: Independent schools table]"|"GCSE"
398|"2014"|"A* - A"|"42.86"|"20141014121019"|"AA00032"|"[42.86% - The Telegraph - GCSE results 2014: Independent schools table]"|"GCSE"
398|"2014"|"A*"|"21.5"|"20141014121025"|"AA00032"|"[21.5% - The Telegraph - GCSE results 2014: Independent schools table]"|"GCSE"
10|"2014"|"A* - A"|"47.29"|"20141014121124"|"AA00032"|"[47.29% - The Telegraph – A-Level results 2014: Independent schools table]"|"A Level"
10|"2014"|"A* - A"|"74 / 73.14"|"20141014121148"|"AA00032"|"In 2014, the GCSE rate was the highest in girls’ schools in Sussex.

[73.14% - The Telegraph - GCSE results 2014: Independent schools table]"|"GCSE"
10|"2014"|"A*"|"40 / 39.44"|"20141014121158"|"AA00032"|"In 2014, the GCSE rate was the highest in girls’ schools in Sussex.   

[39.44% - The Telegraph - GCSE results 2014: Independent schools table]"|"GCSE"
409|"2014"|"A* - A"|"24.91"|"20141014121230"|"AA00032"|"[24.91% - The Telegraph – A-Level results 2014: Independent schools table]"|"A Level"
409|"2014"|"A* - A"|"33.66"|"20141014121236"|"AA00032"|"[33.66% - The Telegraph - GCSE results 2014: Independent schools table]"|"GCSE"
409|"2014"|"A*"|"10.9"|"20141014121244"|"AA00032"|"[10.9% - The Telegraph - GCSE results 2014: Independent schools table]"|"GCSE"
544|"2014"|"A* - A"|"54.39"|"20141014121311"|"AA00032"|"[54.39% - The Telegraph – A-Level results 2014: Independent schools table]"|"A Level"
544|"2014"|"A* - A"|"67.43"|"20141014121314"|"AA00032"|"[67.43% - The Telegraph - GCSE results 2014: Independent schools table]"|"GCSE"
544|"2014"|"A*"|"37.15"|"20141014121319"|"AA00032"|"[37.15% - The Telegraph - GCSE results 2014: Independent schools table]"|"GCSE"
413|"2014"|"A* - A"|"39.8 / 38.98"|"20141014121354"|"AA00032"|"[38.98% - The Telegraph – A-Level results 2014: Independent schools table]"|"A Level"
413|"2014"|"A* - A"|"43.9"|"20141014121400"|"AA00032"|"[43.9% - Both School Result + The Telegraph - GCSE results 2014: Independent schools table]"|"GCSE"
413|"2014"|"A*"|"22.9 / 22.89"|"20141014121406"|"AA00032"|"[22.89% - The Telegraph - GCSE results 2014: Independent schools table]"|"GCSE"
413|"2014"|"A*"|"22.9"|"20141014121411"|"AA00032"|"[22.89% - The Telegraph - GCSE results 2014: Independent schools table]"|"GCSE"
414|"2014"|"A* - A"|"37.67"|"20141014121616"|"AA00032"|"[37.67% - The Telegraph – A-Level results 2014: Independent schools table]"|"A Level"
414|"2014"|"A* - A"|"49.11"|"20141014121619"|"AA00032"|"[49.11% - The Telegraph - GCSE results 2014: Independent schools table]"|"GCSE"
414|"2014"|"A*"|"16.46"|"20141014121622"|"AA00032"|"[16.46% - The Telegraph - GCSE results 2014: Independent schools table]"|"GCSE"
547|"2014"|"A* - A"|"53.6"|"20141014121641"|"AA00032"|"[56.57% - The Telegraph - A-Level results 2014: Independent schools table]"|"A Level"
547|"2014"|"A* - A"|"51"|"20141014121645"|"AA00032"|"[51.29% - The Telegraph - GCSE results 2014: Independent schools table]"|"GCSE"
547|"2014"|"A*"|"22.96"|"20141014121650"|"AA00032"|"[22.96% - The Telegraph - GCSE results 2014: Independent schools table]"|"GCSE"
419|"2014"|"A* - A"|"69.33"|"20141014121812"|"AA00032"|"[69.33% - The Telegraph – A-Level results 2014: Independent schools table]"|"A Level"
423|"2014"|"A* - A"|"51.74"|"20141014121841"|"AA00032"|"[51.74% - The Telegraph – A-Level results 2014: Independent schools table]"|"A Level"
423|"2014"|"A* - A"|"42.45"|"20141014121849"|"AA00032"|"[42.45% - The Telegraph - GCSE results 2014: Independent schools table]"|"GCSE"
423|"2014"|"A*"|"15.81"|"20141014121853"|"AA00032"|"[15.81% - The Telegraph - GCSE results 2014: Independent schools table]"|"GCSE"
424|"2014"|"A* - A"|"25"|"20141014121921"|"AA00032"|"[25% - The Telegraph – A-Level results 2014: Independent schools table]"|"A Level"
424|"2014"|"A* - A"|"34.31"|"20141014121925"|"AA00032"|"[34.31% - The Telegraph - GCSE results 2014: Independent schools table]"|"GCSE"
424|"2014"|"A*"|"12.37"|"20141014121928"|"AA00032"|"[12.37% - The Telegraph - GCSE results 2014: Independent schools table]"|"GCSE"
482|"2014"|"A* - A"|"30.68"|"20141014121948"|"AA00032"|"[30.68% - The Telegraph – A-Level results 2014: Independent schools table]"|"A Level"
482|"2014"|"A* - A"|"42.02"|"20141014121951"|"AA00032"|"[42.02% - The Telegraph - GCSE results 2014: Independent schools table]"|"GCSE"
482|"2014"|"A*"|"12.88"|"20141014121954"|"AA00032"|"[12.88% - The Telegraph - GCSE results 2014: Independent schools table]"|"GCSE"
426|"2014"|"A* - A"|"34.78"|"20141014122017"|"AA00032"|"[34.78% - The Telegraph - GCSE results 2014: Independent schools table]"|"GCSE"
427|"2014"|"A* - A"|"51.04"|"20141014122042"|"AA00032"|"[51.04% - The Telegraph - GCSE results 2014: Independent schools table]"|"GCSE"
440|"2014"|"A*"|"10.81"|"20141014122210"|"AA00032"|"[10.81% - The Telegraph - GCSE results 2014: Independent schools table]"|"GCSE"
57|"2014"|"A*"|"56.23"|"20141101110157"|"AA00032"|"[56.23% - The Telegraph - GCSE results 2014: Independent schools table]"|"GCSE"
15|"2014"|"A* - A"|"54.58"|"20141124141619"|"AA00032"|""|"A Level"
57|"2014"|"A* - A"|"87.05"|"20141101110207"|"AA00032"|"[87.05% - The Telegraph - GCSE results 2014: Independent schools table]"|"GCSE"
57|"2014"|"A* - A"|"60.45"|"20141101110236"|"AA00032"|"[60.45% - The Telegraph – A-Level results 2014: Independent schools table]"|"A Level"
528|"2014"|"A* - B"|"91.9"|"20141101115924"|"AA00032"|""|"A Level"
113|"2014"|"A* - A"|"55.08"|"20141101120053"|"AA00032"|""|"A Level"
113|"2014"|"A* - A"|"66.96"|"20141101120103"|"AA00032"|""|"GCSE"
113|"2014"|"A*"|"33.66"|"20141101120111"|"AA00032"|""|"GCSE"
182|"2014"|""|"33"|"20141101160021"|"AA00032"|""|"IB"
182|"2014"|"A* - B"|"71"|"20141101160027"|"AA00032"|""|"A Level"
182|"2014"|"A* - A"|"44"|"20141101160034"|"AA00032"|""|"A Level"
625|"2014"|"A* - A"|"21.68"|"20141101164202"|"AA00032"|""|"A Level"
625|"2014"|"A* - A"|"39.46"|"20141101164212"|"AA00032"|""|"GCSE"
279|"2014"|"A* - A"|"35.29"|"20141101174005"|"AA00032"|""|"A Level"
313|"2014"|"A* - A"|"57.23"|"20141101180651"|"AA00032"|""|"GCSE"
313|"2014"|"A* - A"|"52.46"|"20141101180708"|"AA00032"|""|"A Level"
363|"2014"|"A* - A"|"54.33"|"20141108155801"|"AA00032"|""|"GCSE"
363|"2014"|"A*"|"28.83"|"20141108155812"|"AA00032"|""|"GCSE"
541|"2014"|"A* - A"|"48.81"|"20141108155942"|"AA00032"|""|"GCSE"
541|"2014"|"A*"|"18.27"|"20141108155951"|"AA00032"|""|"GCSE"
482|"2014"|"A* - A"|"30.68"|"20141108164435"|"AA00032"|""|"A Level"
482|"2014"|"A* - A"|"42.02"|"20141108164452"|"AA00032"|""|"GCSE"
482|"2014"|"A*"|"12.88"|"20141108164505"|"AA00032"|""|"GCSE"
464|"2014"|"A*"|"32.99"|"20141108181706"|"AA00032"|""|"GCSE"
11|"2014"|"A* - B"|"83.5"|"20141109145752"|""|""|"A Level"
520|"2014"|"A*"|"19.93"|"20141110113557"|"AA00032"|""|"GCSE"
520|"2014"|"A* - A"|"53.5"|"20141110113602"|"AA00032"|""|"GCSE"
71|"2014"|"A* - A"|"28.7"|"20141110124619"|"AA00032"|""|"GCSE"
71|"2014"|""|"32"|"20141110124625"|"AA00032"|""|"IB"
71|"2014"|"A* - A"|"34.04"|"20141110124649"|"AA00032"|""|"A Level"
41|"2014"|"A* - A"|"44.8"|"20141110124840"|"AA00032"|""|"GCSE"
337|"2014"|"A*"|"32"|"20141110183547"|"AA00032"|""|"GCSE"
337|"2014"|"A* - A"|"65"|"20141110183555"|"AA00032"|""|"GCSE"
337|"2014"|"A* - A"|"40"|"20141110183619"|"AA00032"|""|"A Level"
465|"2014"|"A*"|"34"|"20141113105953"|"AA00032"|""|"GCSE"
342|"2014"|"A* - A"|"34.9"|"20141113114118"|"AA00032"|""|"GCSE"
456|"2014"|"A*"|"16.75"|"20141113114219"|"AA00032"|""|"GCSE"
441|"2014"|"A*"|"11.45"|"20141117130340"|"AA00032"|""|"GCSE"
441|"2014"|"A* - A"|"29.78"|"20141117130349"|"AA00032"|""|"GCSE"
441|"2014"|"A* - A"|"43.43"|"20141117130403"|"AA00032"|""|"A Level"
66|"2014"|"A* - A"|"0"|"20141120122800"|"AA00032"|"A*- C in 5 subjects or more 95%
As above including Maths and English 90%"|"GCSE"
66|"2014"|"A*"|"0"|"20141120122807"|"AA00032"|"A*- C in 5 subjects or more 95%
As above including Maths and English 90%"|"GCSE"
571|"2014"|"."|"."|"20141218180953"|"AA00032"|"- 98.4% pass rate with Rugby College students achieving 100%  
-  students across the Royal Leamington Spa and Rugby colleges achieved a 100% pass rate in 16 A-level subjects including English, Physics, Accounting and Economics."|"A Level"
571|"2014"|""|"0"|"20141218181059"|"AA00032"|"- 98.4% pass rate with Rugby College students achieving 100%  
-  students across the Royal Leamington Spa and Rugby colleges achieved a 100% pass rate in 16 A-level subjects including English, Physics, Accounting and Economics."|"A Level"
30008|"2014"|"A* - B"|"62"|"20141229183415"|"AA00032"|""|"A Level"
428|"2014"|"A* - A"|"29"|"20150109121425"|"AA00032"|""|"GCSE"
95|"2012"|"A* - A"|"45"|"20150116115807"|"AA00032"|""|"A Level"
125|"2014"|"A*"|"31.61"|"20150127164138"|"AA00032"|""|"GCSE"
125|"2014"|"A* - A"|"65"|"20150127164146"|"AA00032"|""|"GCSE"
125|"2014"|"A*"|"50"|"20150127164155"|"AA00006"|""|"A Level"
125|"2014"|"A* - A"|"50.53"|"20150127164201"|"AA00032"|""|"A Level"
125|"2014"|"A* - B"|"77"|"20150127164208"|"AA00032"|""|"A Level"
36|"2014"|"A*"|"36"|"20150204124108"|"AA00006"|""|"GCSE"
426|"2014"|"A*"|"22.83"|"20141014122021"|"AA00032"|"[22.83% - The Telegraph - GCSE results 2014: Independent schools table]"|"GCSE"
427|"2014"|"A*"|"30.23"|"20141014122046"|"AA00032"|"[30.23% - The Telegraph - GCSE results 2014: Independent schools table]"|"GCSE"
434|"2014"|"A* - A"|"27.66"|"20141014122115"|"AA00032"|"[27.66% - The Telegraph – A-Level results 2014: Independent schools table]"|"A Level"
440|"2014"|"A* - A"|"29.43"|"20141014122207"|"AA00032"|"[29.43% - The Telegraph - GCSE results 2014: Independent schools table]"|"GCSE"
441|"2014"|"A* - A"|"29.78"|"20141014122233"|"AA00032"|"[29.78% - The Telegraph - GCSE results 2014: Independent schools table]"|"GCSE"
441|"2014"|"A* - A"|"43.43"|"20141014122236"|"AA00032"|"[43.43% - The Telegraph – A-Level results 2014: Independent schools table]"|"A Level"
441|"2014"|"A*"|"11.45"|"20141014122239"|"AA00032"|"[11.45% - The Telegraph - GCSE results 2014: Independent schools table]"|"GCSE"
473|"2014"|"A* - A"|"29.63"|"20141014122311"|"AA00032"|"[29.63% - The Telegraph – A-Level results 2014: Independent schools table]"|"A Level"
473|"2014"|"A* - A"|"48.24"|"20141014122315"|"AA00032"|"[48.24% - The Telegraph - GCSE results 2014: Independent schools table]"|"GCSE"
473|"2014"|"A*"|"22.52"|"20141014122319"|"AA00032"|"[22.52% - The Telegraph - GCSE results 2014: Independent schools table]"|"GCSE"
454|"2014"|"A* - B"|"91"|"20141014122345"|"AA00032"|"[91% - Website info]"|"A Level"
454|"2014"|"A* - A"|"64"|"20141014122352"|"AA00032"|"[64% - Website info]  
[64.64% - The Telegraph – A-Level results 2014: Independent schools table]"|"A Level"
454|"2014"|"A*"|"28"|"20141014122355"|"AA00032"|"[28% - Website info]"|"A Level"
454|"2014"|"A* - A"|"84.84"|"20141014122359"|"AA00032"|"[84.84% - The Telegraph - GCSE results 2014: Independent schools table]"|"GCSE"
454|"2014"|"A*"|"55.06"|"20141014122403"|"AA00032"|"[55.06% - The Telegraph - GCSE results 2014: Independent schools table]"|"GCSE"
454|"2014"|"A* - B"|"91"|"20141014122408"|"AA00032"|"[91% - Website info]"|"A Level"
479|"2014"|"A* - A"|"32.24"|"20141014122450"|"AA00032"|"[32.24% - The Telegraph – A-Level results 2014: Independent schools table]"|"A Level"
479|"2014"|"A* - A"|"38.25"|"20141014122455"|"AA00032"|"[38.25% - The Telegraph - GCSE results 2014: Independent schools table]"|"GCSE"
479|"2014"|"A*"|"12.54"|"20141014122458"|"AA00032"|"[12.54% - The Telegraph - GCSE results 2014: Independent schools table]"|"GCSE"
480|"2014"|"A* - A"|"36.08"|"20141014122525"|"AA00032"|"[36.08% - The Telegraph – A-Level results 2014: Independent schools table]"|"A Level"
480|"2014"|"A* - A"|"37.99"|"20141014122529"|"AA00032"|"[37.99% - The Telegraph - GCSE results 2014: Independent schools table]"|"GCSE"
480|"2014"|"A*"|"11.4"|"20141014122533"|"AA00032"|"[11.4% - The Telegraph - GCSE results 2014: Independent schools table]"|"GCSE"
455|"2014"|"A* - A"|"44.3"|"20141014122554"|"AA00032"|"[44.3% - The Telegraph – A-Level results 2014: Independent schools table]"|"A Level"
455|"2014"|"A*"|"31.43"|"20141014122558"|"AA00032"|"[31.43% - The Telegraph - GCSE results 2014: Independent schools table]"|"GCSE"
455|"2014"|"A* - A"|"64.94"|"20141014122603"|"AA00032"|"[64.94% - The Telegraph - GCSE results 2014: Independent schools table]"|"GCSE"
483|"2014"|"A*"|"33.06"|"20141014122621"|"AA00032"|"[33.06% - The Telegraph – A-Level results 2014: Independent schools table]"|"A Level"
483|"2014"|"A* - A"|"49.89"|"20141014122625"|"AA00032"|"[49.89% - The Telegraph - GCSE results 2014: Independent schools table]"|"GCSE"
483|"2014"|"A*"|"19.22"|"20141014122628"|"AA00032"|"[19.22% - The Telegraph - GCSE results 2014: Independent schools table]"|"GCSE"
456|"2014"|"A* - A"|"42.86"|"20141014122645"|"AA00032"|"[42.86% - The Telegraph – A-Level results 2014: Independent schools table]"|"A Level"
456|"2014"|"A* - A"|"44.22"|"20141014122655"|"AA00032"|"[44.22% - The Telegraph - GCSE results 2014: Independent schools table]"|"GCSE"
456|"2014"|"A*"|"16.75"|"20141014122658"|"AA00032"|"[16.75% - The Telegraph - GCSE results 2014: Independent schools table]"|"GCSE"
457|"2014"|"A* - A"|"31.71"|"20141014122827"|"AA00032"|"[31.71% - The Telegraph – A-Level results 2014: Independent schools table]"|"A Level"
457|"2014"|"A* - A"|"32.12"|"20141014122831"|"AA00032"|"[32.12% - The Telegraph - GCSE results 2014: Independent schools table]"|"GCSE"
457|"2014"|"A*"|"11.81"|"20141014122834"|"AA00032"|"[11.81% - The Telegraph - GCSE results 2014: Independent schools table]"|"GCSE"
489|"2014"|"A* - A"|"47.76"|"20141014122943"|"AA00032"|"[47.76% - The Telegraph – A-Level results 2014: Independent schools table]"|"A Level"
489|"2014"|"A* - A"|"52.85"|"20141014122946"|"AA00032"|"[52.85% - The Telegraph - GCSE results 2014: Independent schools table]"|"GCSE"
489|"2014"|"A*"|"18"|"20141014122951"|"AA00032"|"[18% - The Telegraph - GCSE results 2014: Independent schools table]"|"GCSE"
459|"2014"|"A* - A"|"29.87"|"20141014123019"|"AA00032"|"[29.87% - The Telegraph - GCSE results 2014: Independent schools table]"|"GCSE"
459|"2014"|"A* - A"|"20.95"|"20141014123024"|"AA00032"|"[20.95% - The Telegraph – A-Level results 2014: Independent schools table]"|"A Level"
459|"2014"|"A*"|"8.71"|"20141014123028"|"AA00032"|"[8.71% - The Telegraph - GCSE results 2014: Independent schools table]"|"GCSE"
460|"2014"|"A* - A"|"46.86"|"20141014123049"|"AA00032"|"[46.86% - The Telegraph – A-Level results 2014: Independent schools table]"|"A Level"
61|"2014"|"A* - A"|"57.23"|"20141101111122"|"AA00032"|""|"A Level"
460|"2014"|"A* - A"|"40.36"|"20141014123056"|"AA00032"|"[40.36% - The Telegraph - GCSE results 2014: Independent schools table]"|"GCSE"
460|"2014"|"A*"|"16.69"|"20141014123102"|"AA00032"|"[16.69% - The Telegraph - GCSE results 2014: Independent schools table]"|"GCSE"
493|"2014"|"A* - A"|"59.38"|"20141014123120"|"AA00032"|"[59.38% - The Telegraph – A-Level results 2014: Independent schools table]"|"A Level"
493|"2014"|"A* - A"|"59.38"|"20141014123310"|"AA00032"|""|"A Level"
493|"2014"|"A* - A"|"69.12"|"20141014123316"|"AA00032"|"[69.12% - The Telegraph - GCSE results 2014: Independent schools table]"|"GCSE"
493|"2014"|"A*"|"31.92"|"20141014123321"|"AA00032"|"[31.92% - The Telegraph - GCSE results 2014: Independent schools table]"|"GCSE"
494|"2014"|"A* - A"|"40.19"|"20141014123346"|"AA00032"|"[40.19% - The Telegraph – A-Level results 2014: Independent schools table]"|"A Level"
494|"2014"|"A*"|"22.37"|"20141014123353"|"AA00032"|"[22.37% - The Telegraph - GCSE results 2014: Independent schools table]"|"GCSE"
494|"2014"|"A* - A"|"52.24"|"20141014123356"|"AA00032"|"[52.24% - The Telegraph - GCSE results 2014: Independent schools table]"|"GCSE"
462|"2014"|"A* - A"|"65.43"|"20141014123428"|"AA00032"|"[65.43% - The Telegraph – A-Level results 2014: Independent schools table]"|"A Level"
465|"2014"|"A* - A"|"46.06"|"20141014123453"|"AA00032"|"[46.06% - The Telegraph – A-Level results 2014: Independent schools table]"|"A Level"
465|"2014"|"A* - A"|"73.41"|"20141014123459"|"AA00032"|"[73.41% - The Telegraph - GCSE results 2014: Independent schools table]"|"GCSE"
465|"2014"|"A*"|"34.38"|"20141014123503"|"AA00032"|"[34.38% - The Telegraph - GCSE results 2014: Independent schools table]"|"GCSE"
464|"2014"|"A* - A"|"46.15"|"20141014123530"|"AA00032"|"[46.15% - The Telegraph – A-Level results 2014: Independent schools table]"|"A Level"
464|"2014"|"A* - A"|"57.97"|"20141014123533"|"AA00032"|"[57.97% - The Telegraph - GCSE results 2014: Independent schools table]"|"GCSE"
464|"2014"|"A*"|"32.99"|"20141014123536"|"AA00032"|"[32.99% - The Telegraph - GCSE results 2014: Independent schools table]"|"GCSE"
467|"2014"|"A* - A"|"34.78"|"20141014123627"|"AA00032"|"[34.78% - The Telegraph - GCSE results 2014: Independent schools table]"|"GCSE"
467|"2014"|"A*"|"22.83"|"20141014123632"|"AA00032"|"[22.83% - The Telegraph - GCSE results 2014: Independent schools table]"|"GCSE"
631|"2014"|"A* - A"|"43.44"|"20141014123658"|"AA00032"|"[43.44% - The Telegraph – A-Level results 2014: Independent schools table]"|"A Level"
631|"2014"|"A* - A"|"54.59"|"20141014123701"|"AA00032"|"[54.59% - The Telegraph - GCSE results 2014: Independent schools table]"|"GCSE"
18|"2014"|"A*"|"6.7"|"20141208113952"|"AA00032"|""|"GCSE"
631|"2014"|"A*"|"23.1"|"20141014123706"|"AA00032"|"[23.1% - The Telegraph - GCSE results 2014: Independent schools table]"|"GCSE"
501|"2014"|"A* - A"|"46.92"|"20141014123745"|"AA00032"|"[46.92% - The Telegraph – A-Level results 2014: Independent schools table]"|"A Level"
501|"2014"|"A* - A"|"54.29"|"20141014123748"|"AA00032"|"[54.29% - The Telegraph - GCSE results 2014: Independent schools table]"|"GCSE"
501|"2014"|"A*"|"28.38"|"20141014123750"|"AA00032"|"[28.38% - The Telegraph - GCSE results 2014: Independent schools table]"|"GCSE"
503|"2014"|"A* - A"|"40.55"|"20141014123810"|"AA00032"|"[40.55% - The Telegraph – A-Level results 2014: Independent schools table]"|"A Level"
503|"2014"|"A* - A"|"61.04"|"20141014123814"|"AA00032"|"[61.04% - The Telegraph - GCSE results 2014: Independent schools table]"|"GCSE"
503|"2014"|"A*"|"38.19"|"20141014123817"|"AA00032"|"[38.19% - The Telegraph - GCSE results 2014: Independent schools table]"|"GCSE"
504|"2014"|"A* - A"|"36.77"|"20141014123837"|"AA00032"|"[36.77% - The Telegraph – A-Level results 2014: Independent schools table]"|"A Level"
504|"2014"|"A* - A"|"46.84"|"20141014123843"|"AA00032"|"[46.84% - The Telegraph - GCSE results 2014: Independent schools table]"|"GCSE"
504|"2014"|"A*"|"22.39"|"20141014123846"|"AA00032"|"[22.39% - The Telegraph - GCSE results 2014: Independent schools table]"|"GCSE"
508|"2014"|"A* - A"|"30.41"|"20141014123914"|"AA00032"|"[30.41% - The Telegraph – A-Level results 2014: Independent schools table]"|"A Level"
508|"2014"|"A* - A"|"48.17"|"20141014123917"|"AA00032"|"[48.17% - The Telegraph - GCSE results 2014: Independent schools table]"|"GCSE"
508|"2014"|"A*"|"22.52"|"20141014123923"|"AA00032"|"[22.52% - The Telegraph - GCSE results 2014: Independent schools table]"|"GCSE"
518|"2014"|"A* - A"|"35.07"|"20141014124110"|"AA00032"|"[35.07% - The Telegraph – A-Level results 2014: Independent schools table]"|"A Level"
518|"2014"|"A* - A"|"38.38"|"20141014124118"|"AA00032"|"[38.38% - The Telegraph - GCSE results 2014: Independent schools table]"|"GCSE"
518|"2014"|"A*"|"14.29"|"20141014124123"|"AA00032"|"[14.29% - The Telegraph - GCSE results 2014: Independent schools table]"|"GCSE"
520|"2014"|"A* - A"|"43"|"20141014124143"|"AA00032"|"[43% - The Telegraph – A-Level results 2014: Independent schools table]"|"A Level"
520|"2014"|"A* - A"|"53.5"|"20141014124146"|"AA00032"|"[53.5% - The Telegraph - GCSE results 2014: Independent schools table]"|"GCSE"
520|"2014"|"A*"|"19.93"|"20141014124151"|"AA00032"|"[19.93% - The Telegraph - GCSE results 2014: Independent schools table]"|"GCSE"
552|"2014"|"A* - A"|"60.42"|"20141014124220"|"AA00032"|"[60.42% - The Telegraph - GCSE results 2014: Independent schools table]"|"GCSE"
552|"2014"|"A*"|"25.23"|"20141014124224"|"AA00032"|"[25.23% - The Telegraph - GCSE results 2014: Independent schools table]"|"GCSE"
550|"2014"|"A* - A"|"48.95"|"20141014124249"|"AA00032"|"[48.95% - The Telegraph - GCSE results 2014: Independent schools table]"|"GCSE"
556|"2014"|"A* - A"|"21.73"|"20141014124342"|"AA00032"|"[21.73% - The Telegraph - GCSE results 2014: Independent schools table]"|"GCSE"
557|"2014"|"A*"|"26.27"|"20141014124407"|"AA00032"|"[26.27% - The Telegraph - GCSE results 2014: Independent schools table]"|"GCSE"
61|"2014"|"A* - A"|"63.07"|"20141101111130"|"AA00032"|""|"GCSE"
61|"2014"|"A*"|"33.71"|"20141101111138"|"AA00032"|""|"GCSE"
115|"2014"|"A* - A"|"46.41"|"20141101120242"|"AA00032"|""|"GCSE"
195|"2014"|"A* - A"|"33.72"|"20141101161000"|"AA00032"|""|"A Level"
195|"2014"|"A* - A"|"40.75"|"20141101161010"|"AA00032"|""|"GCSE"
195|"2014"|"A*"|"15.26"|"20141101161017"|"AA00032"|""|"GCSE"
241|"2014"|"A* - A"|"42.28"|"20141101164503"|"AA00032"|""|"A Level"
285|"2014"|"A* - A"|"43.88"|"20141101174306"|"AA00032"|""|"GCSE"
285|"2014"|"A* - A"|"38.1"|"20141101174323"|"AA00032"|""|"A Level"
316|"2014"|"A* - A"|"44.95"|"20141101180827"|"AA00032"|""|"A Level"
367|"2014"|"A*"|"22.88"|"20141108160206"|"AA00032"|""|"GCSE"
367|"2014"|"A* - A"|"52.87"|"20141108160220"|"AA00032"|""|"GCSE"
367|"2014"|"A* - A"|"51.43"|"20141108160234"|"AA00032"|""|"A Level"
11|"2014"|"A* - A"|"83"|"20141108172211"|"AA00032"|""|"A Level"
631|"2014"|"A*"|"23.1"|"20141108181943"|"AA00032"|""|"GCSE"
631|"2014"|"A* - A"|"54.59"|"20141108181955"|"AA00032"|""|"GCSE"
501|"2014"|"A*"|"28.38"|"20141108182123"|"AA00032"|""|"GCSE"
503|"2014"|"A* - A"|"61.04"|"20141108182242"|"AA00032"|""|"GCSE"
503|"2014"|"A* - A"|"40.55"|"20141108182303"|"AA00032"|""|"A Level"
594|"2014"|"A* - B"|"39%"|"20141110110742"|"AA00032"|""|"A Level"
418|"2014"|"A* - A"|"39.14"|"20141110115500"|"AA00006"|""|"GCSE"
41|"2014"|"A*"|"19.17"|"20141110124834"|"AA00032"|""|"GCSE"
306|"2014"|"A* - A"|"56"|"20141110183830"|"AA00032"|""|"A Level"
593|"2014"|"A* - A"|"46"|"20141113110629"|"AA00006"|""|"GCSE"
593|"2014"|"A* - A"|"47"|"20141113110645"|"AA00006"|""|"GCSE"
456|"2014"|"A* - A"|"44.22"|"20141113114226"|"AA00032"|""|"GCSE"
456|"2014"|"A* - A"|"42.86"|"20141113114239"|"AA00032"|""|"A Level"
10|"2014"|"A* - A"|"74"|"20141117131525"|"AA00032"|"In 2014, the GCSE rate was the highest in girls’ schools in Sussex."|"GCSE"
258|"2014"|""|"34"|"20141122115504"|"AA00006"|""|"IB"
258|"2014"|"A* - A"|"39"|"20141122115524"|"AA00032"|""|"GCSE"
370|"2014"|"A* - B"|"61.8"|"20141202172252"|"AA00032"|""|"A Level"
370|"2014"|"A* - A"|"31.4"|"20141202172301"|"AA00032"|""|"A Level"
247|"2014"|"A*"|"20.74"|"20141219114140"|"AA00032"|""|"A Level"
247|"2014"|"A* - A"|"47.34"|"20141219114203"|"AA00032"|""|"A Level"
652|"2014"|"A* - A"|"54"|"20150102113041"|"AA00032"|""|"A Level"
652|"2014"|"A*"|"18"|"20150102113414"|"AA00006"|""|"A Level"
652|"2014"|"A* - A"|"53"|"20150102113420"|"AA00032"|""|"A Level"
652|"2014"|"A* - B"|"74"|"20150102113428"|"AA00006"|""|"A Level"
146|"2008"|"A-B"|"57.5"|"20150112115216"|""|""|"A Level"
146|"2007"|"A-B"|"46.0"|"20150112115316"|""|""|"A Level"
146|"2007"|""|"50"|"20150112115331"|"AA00032"|"[7Mar13] with update of 46.0"|"A Level"
146|"2013"|"A* - B"|"50"|"20150112115508"|"AA00040"|""|"A Level"
418|"2013"|"A* - A"|"54.31"|"20150119124046"|"AA00040"|""|"A Level"
28|"2014"|"A* - A"|"70.6"|"20150127183402"|"AA00006"|""|"GCSE"
30011|"2014"|"A* - B"|"60"|"20150204132816"|"AA00032"|""|"GCSE"
30011|"2014"|"A* - B"|"82"|"20150204132909"|"AA00032"|""|"A Level"
214|"2014"|"A*"|"28"|"20150204160936"|"AA00032"|""|"GCSE"
483|"2014"|"A*"|"19.22"|"20150206101035"|"AA00032"|""|"GCSE"
483|"2014"|"A* - A"|"51"|"20150206101043"|"AA00032"|""|"GCSE"
483|"2014"|"A*"|"10"|"20150206101055"|"AA00032"|""|"A Level"
483|"2014"|"A* - A"|"33"|"20150206101104"|"AA00032"|""|"A Level"
483|"2014"|"A* - B"|"72"|"20150206101112"|"AA00032"|""|"A Level"
344|"2014"|"A* - A"|"30.86"|"20141113111247"|"AA00032"|""|"GCSE"
344|"2014"|"A* - A"|"27.83"|"20141113111322"|"AA00032"|""|"A Level"
344|"2014"|"A* - B"|"61"|"20141113111331"|"AA00032"|""|"A Level"
592|"2014"|"A*"|"12.59"|"20141113115023"|"AA00032"|""|"GCSE"
592|"2014"|"A* - A"|"29.68"|"20141113115030"|"AA00032"|""|"GCSE"
592|"2014"|"A* - A"|"34.96"|"20141113115043"|"AA00032"|""|"A Level"
524|"2014"|"A*"|"42"|"20141119143447"|"AA00032"|""|"GCSE"
550|"2014"|"A*"|"20.59"|"20141014124253"|"AA00032"|"[20.59% - The Telegraph - GCSE results 2014: Independent schools table]"|"GCSE"
554|"2014"|"A* - A"|"36.61"|"20141014124315"|"AA00032"|"[36.61% - The Telegraph – A-Level results 2014: Independent schools table]"|"A Level"
556|"2014"|"A* - A"|"20.59"|"20141014124337"|"AA00032"|"[20.59% - The Telegraph – A-Level results 2014: Independent schools table]"|"A Level"
556|"2014"|"A*"|"6.87"|"20141014124346"|"AA00032"|"[6.87% - The Telegraph - GCSE results 2014: Independent schools table]"|"GCSE"
557|"2014"|"A* - A"|"50.99"|"20141014124402"|"AA00032"|"[50.99% - The Telegraph - GCSE results 2014: Independent schools table]"|"GCSE"
558|"2014"|"A* - A"|"49.08"|"20141014124424"|"AA00032"|"[49.08% - The Telegraph - GCSE results 2014: Independent schools table]"|"GCSE"
558|"2014"|"A*"|"20.24"|"20141014124427"|"AA00032"|"[20.24% - The Telegraph - GCSE results 2014: Independent schools table]"|"GCSE"
22|"2014"|"A* - A"|"54.82"|"20141014124449"|"AA00032"|"[54.82% - The Telegraph – A-Level results 2014: Independent schools table]"|"A Level"
22|"2014"|"A* - A"|"66.86"|"20141014124454"|"AA00032"|"[66.86% - The Telegraph - GCSE results 2014: Independent schools table]"|"GCSE"
22|"2014"|"A*"|"32.99"|"20141014124456"|"AA00032"|"[32.99% - The Telegraph - GCSE results 2014: Independent schools table]"|"GCSE"
570|"2014"|"A* - A"|"31.25"|"20141014124526"|"AA00032"|"[31.25% - The Telegraph – A-Level results 2014: Independent schools table]"|"A Level"
570|"2014"|"A* - A"|"30.07"|"20141014124530"|"AA00032"|"[30.07% - The Telegraph - GCSE results 2014: Independent schools table]"|"GCSE"
570|"2014"|"A*"|"10.33"|"20141014124534"|"AA00032"|"[10.33% - The Telegraph - GCSE results 2014: Independent schools table]"|"GCSE"
13|"2014"|"A* - A"|"59.08"|"20141014124553"|"AA00032"|"[59.08% - The Telegraph – A-Level results 2014: Independent schools table]"|"A Level"
13|"2014"|"A* - A"|"72.02"|"20141014124556"|"AA00032"|"[72.02% - The Telegraph - GCSE results 2014: Independent schools table]"|"GCSE"
13|"2014"|"A*"|"43.1"|"20141014124558"|"AA00032"|"[43.1% - The Telegraph - GCSE results 2014: Independent schools table]"|"GCSE"
573|"2014"|"A* - A"|"70.04"|"20141014124623"|"AA00032"|"[70.04% - The Telegraph – A-Level results 2014: Independent schools table]"|"A Level"
573|"2014"|"A* - A"|"85.17"|"20141014124626"|"AA00032"|"[85.17% - The Telegraph - GCSE results 2014: Independent schools table]"|"GCSE"
573|"2014"|"A*"|"54.87"|"20141014124629"|"AA00032"|"[54.87% - The Telegraph - GCSE results 2014: Independent schools table]"|"GCSE"
574|"2014"|"A* - A"|"38.67"|"20141014124650"|"AA00032"|"[38.67% - The Telegraph – A-Level results 2014: Independent schools table]"|"A Level"
574|"2014"|"A* - A"|"48.92"|"20141014124653"|"AA00032"|"[48.92% - The Telegraph - GCSE results 2014: Independent schools table]"|"GCSE"
574|"2014"|"A*"|"24.84"|"20141014124657"|"AA00032"|"[24.84% - The Telegraph - GCSE results 2014: Independent schools table]"|"GCSE"
575|"2014"|"A* - A"|"49.09"|"20141014124726"|"AA00032"|"[49.09% - The Telegraph – A-Level results 2014: Independent schools table]"|"A Level"
575|"2014"|"A* - A"|"55.15"|"20141014124731"|"AA00032"|"[55.15% - The Telegraph - GCSE results 2014: Independent schools table]"|"GCSE"
575|"2014"|"A*"|"26.79"|"20141014124735"|"AA00032"|"[26.79% - The Telegraph - GCSE results 2014: Independent schools table]"|"GCSE"
577|"2014"|"A* - A"|"45 / 45.05"|"20141014124757"|"AA00032"|"[45.05% - The Telegraph - A-Level results 2014: Independent schools table]"|"A Level"
577|"2014"|"A* - A"|"43.9 / 43.93"|"20141014124807"|"AA00032"|"[43.93% - The Telegraph - GCSE results 2014: Independent schools table]"|"GCSE"
577|"2014"|"A*"|"14.96"|"20141014124812"|"AA00032"|"[14.96% - The Telegraph - GCSE results 2014: Independent schools table]"|"GCSE"
15|"2014"|"A* - A"|"54.58"|"20141014124842"|"AA00032"|"[54.58% - The Telegraph – A-Level results 2014: Independent schools table]"|"A Level"
15|"2014"|"A* - A"|"69.76"|"20141014124847"|"AA00032"|"[69.76% - The Telegraph - GCSE results 2014: Independent schools table]"|"GCSE"
15|"2014"|"A*"|"42.18"|"20141014124850"|"AA00032"|"[42.18% - The Telegraph - GCSE results 2014: Independent schools table]"|"GCSE"
591|"2014"|"A* - A"|"33.2"|"20141014124915"|"AA00032"|"[33.2% - The Telegraph – A-Level results 2014: Independent schools table]"|"A Level"
591|"2014"|"A*"|"15.72"|"20141014124918"|"AA00032"|"[15.72% - The Telegraph - GCSE results 2014: Independent schools table]"|"GCSE"
591|"2014"|"A* - A"|"38.05"|"20141014124921"|"AA00032"|"[38.05% - The Telegraph - GCSE results 2014: Independent schools table]"|"GCSE"
592|"2014"|"A* - A"|"34.96"|"20141014124942"|"AA00032"|"[34.96% - The Telegraph – A-Level results 2014: Independent schools table]"|"A Level"
18|"2014"|"A* - A"|"21"|"20141208114002"|"AA00032"|""|"GCSE"
592|"2014"|"A* - A"|"29.68"|"20141014124946"|"AA00032"|"[29.68% - The Telegraph - GCSE results 2014: Independent schools table]"|"GCSE"
592|"2014"|"A*"|"12.59"|"20141014124949"|"AA00032"|"[12.59% - The Telegraph - GCSE results 2014: Independent schools table]"|"GCSE"
595|"2014"|"A* - A"|"33.61"|"20141014125013"|"AA00032"|"[33.61% - The Telegraph – A-Level results 2014: Independent schools table]"|"A Level"
595|"2014"|"A* - A"|"39.03"|"20141014125018"|"AA00032"|"[39.03% - The Telegraph - GCSE results 2014: Independent schools table]"|"GCSE"
595|"2014"|"A*"|"15.95"|"20141014125021"|"AA00032"|"[15.95% - The Telegraph - GCSE results 2014: Independent schools table]"|"GCSE"
597|"2014"|"A* - A"|"36.38"|"20141014125047"|"AA00032"|"[36.38% - The Telegraph - GCSE results 2014: Independent schools table]"|"GCSE"
597|"2014"|"A*"|"11.43"|"20141014125050"|"AA00032"|"[11.43% - The Telegraph - GCSE results 2014: Independent schools table]"|"GCSE"
598|"2014"|"A* - A"|"90"|"20141014125115"|"AA00032"|"[% - The Telegraph – A-Level results 2014: Independent schools table]"|"A Level"
598|"2014"|"A*"|"85.86"|"20141014125125"|"AA00032"|"[85.86% - The Telegraph - GCSE results 2014: Independent schools table]"|"GCSE"
67|"2014"|"A*"|"26.99"|"20141101112242"|"AA00032"|""|"GCSE"
67|"2014"|"A* - A"|"54.48"|"20141101112253"|"AA00032"|""|"GCSE"
67|"2014"|"A* - A"|"49.38"|"20141101112307"|"AA00032"|""|"A Level"
655|"2014"|"A* - A"|"52.08"|"20141101120400"|"AA00032"|"[52.08% - The Telegraph – A-Level results 2014: Independent schools table]"|"A Level"
655|"2014"|"A* - A"|"64.78"|"20141101120412"|"AA00032"|"[64.78% - The Telegraph - GCSE results 2014: Independent schools table]"|"GCSE"
655|"2014"|"A*"|"32.75"|"20141101120418"|"AA00032"|"[32.75% - The Telegraph - GCSE results 2014: Independent schools table]"|"GCSE"
197|"2014"|"A* - A"|"45.45"|"20141101161213"|"AA00032"|""|"A Level"
197|"2014"|"A* - A"|"68.56"|"20141101161222"|"AA00032"|""|"GCSE"
197|"2014"|"A*"|"40.67"|"20141101161229"|"AA00032"|""|"GCSE"
248|"2014"|"A* - B"|"71"|"20141101165415"|"AA00032"|""|"A Level"
534|"2014"|"A*"|"27.12"|"20141101174508"|"AA00032"|""|"GCSE"
534|"2014"|"A* - A"|"61.08"|"20141101174519"|"AA00032"|""|"GCSE"
534|"2014"|"A* - A"|"49.49"|"20141101174534"|"AA00032"|""|"A Level"
318|"2014"|"A*"|"12.44"|"20141101181047"|"AA00032"|""|"GCSE"
318|"2014"|"A* - A"|"35.1"|"20141101181059"|"AA00032"|""|"GCSE"
318|"2014"|"A* - A"|"24.06"|"20141101181113"|"AA00032"|""|"A Level"
376|"2014"|"A* - A"|"66"|"20141108160711"|"AA00032"|""|"GCSE"
455|"2014"|"A* - A"|"64.94"|"20141108173954"|"AA00032"|""|"GCSE"
455|"2014"|"A*"|"31.43"|"20141108174003"|"AA00032"|""|"GCSE"
504|"2014"|"A* - A"|"46.84"|"20141108182406"|"AA00032"|""|"GCSE"
504|"2014"|"A* - A"|"36.77"|"20141108182418"|"AA00032"|""|"A Level"
574|"2014"|"A*"|"24.84"|"20141110112004"|"AA00032"|""|"GCSE"
574|"2014"|"A* - A"|"48.92"|"20141110112011"|"AA00032"|""|"GCSE"
574|"2014"|"A* - A"|"38.67"|"20141110112020"|"AA00032"|""|"A Level"
574|"2014"|"A*"|"25"|"20141110112158"|"AA00006"|""|"GCSE"
574|"2014"|"A* - A"|"49"|"20141110112210"|"AA00006"|""|"GCSE"
345|"2014"|"A* - A"|"59.4"|"20141110120811"|"AA00032"|"[64.04% - The Telegraph – A-Level results 2014: Independent schools table]"|"A Level"
345|"2014"|"A* - B"|"84.7"|"20141110120824"|"AA00032"|""|"A Level"
41|"2014"|"A* - A"|"34"|"20141110124915"|"AA00032"|""|"A Level"
473|"2014"|"A* - A"|"29.63"|"20141110183953"|"AA00032"|""|"A Level"
235|"2014"|"A*"|"27.5"|"20141113111004"|"AA00032"|""|"A Level"
235|"2014"|"A* - A"|"63.67"|"20141113111013"|"AA00032"|""|"A Level"
235|"2014"|"A* - B"|"87.2"|"20141113111023"|"AA00032"|""|"A Level"
412|"2014"|"A* - A"|"33.33"|"20141113114647"|"AA00032"|""|"A Level"
275|"2014"|"A* - A"|"39.38"|"20141119141816"|"AA00032"|""|"A Level"
40|"2014"|"A*"|"14.8"|"20141124133214"|"AA00032"|""|"GCSE"
40|"2014"|"A* - A"|"42.2"|"20141124133222"|"AA00032"|""|"GCSE"
376|"2013"|"A* - B"|"98"|"20141204184953"|"AA00025"|""|"A Level"
376|"2013"|"A* - A"|"80.09"|"20141204185001"|"AA00032"|""|"A Level"
376|"2014"|"A* - B"|"98"|"20141204185120"|"AA00006"|""|"A Level"
376|"2014"|"A* - B"|"98"|"20141204185207"|"AA00003"|"cc testing"|"A Level"
68|"2014"|"A* - B"|"72"|"20141220155553"|"AA00032"|""|"A Level"
68|"2014"|"A* - B"|"72.3"|"20141220155646"|"AA00032"|""|"A Level"
68|"2014"|"A* - B"|"72.2"|"20141220155706"|"AA00032"|""|"A Level"
652|"2014"|"A*"|"17"|"20150102130119"|"AA00032"|""|"A Level"
652|"2014"|"A* - A"|"54"|"20150102130125"|"AA00032"|""|"A Level"
652|"2014"|"A* - B"|"73"|"20150102130132"|"AA00032"|""|"A Level"
30|"2014"|"A* - A"|"64"|"20150115101025"|"AA00032"|""|"A Level"
465|"2014"|"A* - A"|"73"|"20150119140012"|"AA00032"|""|"GCSE"
465|"2014"|"A* - B"|"81.8"|"20150119141003"|"AA00032"|""|"A Level"
28|"2014"|"A* - B"|"70.6"|"20150128172657"|"AA00032"|""|"GCSE"
631|"2014"|"A* - A"|"43.44"|"20150206101926"|"AA00032"|""|"A Level"
513|"2014"|"A* - B"|"0"|"20141119145403"|"AA00032"|""|"A Level"
513|"2014"|"A* - A"|"0"|"20141119145414"|"AA00032"|""|"A Level"
513|"2014"|"A*"|"0"|"20141119145426"|"AA00032"|""|"A Level"
575|"2014"|"A*"|"26.79"|"20150414103034"|"AA00032"|""|"GCSE"
575|"2014"|"A* - A"|"55.15"|"20150414103041"|"AA00032"|""|"GCSE"
575|"2014"|"A* - A"|"49.09"|"20150414103257"|"AA00032"|""|"A Level"
575|"2014"|"A* - B"|"73"|"20150414103307"|"AA00006"|""|"A Level"
291|"2014"|"A* - A"|"40"|"20150429110429"|"AA00032"|""|"A Level"
291|"2014"|"A* - A"|"37.02"|"20150429110452"|"AA00032"|""|"GCSE"
149|"2014"|"A*"|"26.38"|"20141223112001"|"AA00007"|""|"A Level"
345|"2014"|"A* - A"|"59.4"|"20150103153402"|"AA00006"|"[64.04% - The Telegraph – A-Level results 2014: Independent schools table]
includes some Pre-U results - using A level equivalencies"|"A Level"
345|"2014"|"A* - B"|"84.7"|"20150103153418"|"AA00006"|"includes some Pre-U results - using A level equivalencies"|"A Level"
547|"2014"|"A*"|"22.96"|"20150115111132"|"AA00032"|""|"GCSE"
547|"2014"|"A* - A"|"51.29"|"20150115111138"|"AA00032"|""|"GCSE"
190|"2014"|"A* - B"|"66"|"20150120102734"|"AA00006"|""|"A Level"
1|"2014"|"A* - A"|"66"|"20150128180433"|"AA00032"|""|"A Level"
1|"2014"|"A*"|"48"|"20150128180608"|"AA00032"|""|"GCSE"
1|"2014"|"A* - A"|"79.3"|"20150128180613"|"AA00032"|""|"GCSE"
55|"2014"|"A* - A"|"48.17"|"20150204133459"|"AA00032"|""|"A Level"
303|"2014"|"A* - A"|"51"|"20150205103947"|"AA00032"|""|"GCSE"
593|"2014"|"A* - A"|"47.06"|"20150206111456"|"AA00006"|""|"GCSE"
593|"2014"|"A* - A"|"42.5"|"20150206111507"|"AA00006"|""|"A Level"
259|"2014"|""|"33.7"|"20150710095844"|"AA00032"|""|"IB"
6|"2014"|"A*"|"26"|"20150805212455"|"AA00032"|""|"A Level"
6|"2014"|"A*"|"56"|"20150805212520"|"AA00032"|""|"GCSE"
130|"2015"|"A* - A"|"79.1"|"20150814170126"|"AA00044"|""|"A Level"
130|"2015"|"A* - B"|"95.1"|"20150814170131"|"AA00044"|""|"A Level"
84|"2015"|"A* - A"|"-"|"20150831094455"|"AA00044"|""|"GCSE"
136|"2015"|"A* - B"|"81.5"|"20150831101536"|"AA00044"|""|"A Level"
21|"2015"|"A*"|"-"|"20150831115545"|"AA00044"|""|"GCSE"
10|"2015"|"A* - A"|"39"|"20150905104011"|"AA00044"|""|"GCSE"
10|"2015"|"A*"|"39"|"20150905104114"|"AA00044"|""|"GCSE"
68|"2015"|"A* - B"|"76.5"|"20150917105059"|"AA00044"|""|"A Level"
50|"2015"|""|"37"|"20151005160326"|"AA00006"|""|"IB"
110|"2015"|"A* - A"|"69"|"20151005182551"|"AA00006"|""|"GCSE"
136|"2015"|"A*"|"45.6"|"20151008101420"|"AA00044"|""|"GCSE"
136|"2015"|"A*"|"17.9"|"20151008101459"|"AA00044"|""|"A Level"
136|"2015"|"A* - A"|"50.3"|"20151008101510"|"AA00044"|""|"A Level"
136|"2015"|"A* - B"|"81.4"|"20151008101519"|"AA00044"|""|"A Level"
36|"2015"|"A* - B"|"73"|"20151008102218"|"AA00006"|""|"A Level"
72|"2015"|""|"35.3"|"20151008103847"|"AA00006"|""|"IB"
177|"2015"|"A*"|"24"|"20151008105306"|"AA00006"|""|"GCSE"
177|"2015"|"A* - A"|"48.8"|"20151008105317"|"AA00006"|""|"GCSE"
177|"2015"|"A*"|"19.4"|"20151008105343"|"AA00006"|""|"A Level"
177|"2015"|"A* - A"|"58.3"|"20151008105402"|"AA00006"|""|"A Level"
177|"2015"|"A* - B"|"80.5"|"20151008105455"|"AA00006"|""|"A Level"
574|"2015"|""|"43"|"20151008120912"|"AA00044"|""|"GCSE"
501|"2015"|"17.2"|"44.4"|"20151008151248"|"AA00044"|""|"GCSE"
18|"2015"|"A* - A"|"31.7"|"20151008161046"|"AA00044"|""|"GCSE"
412|"2015"|"A*"|"22"|"20151008172827"|"AA00044"|""|"A Level"
412|"2015"|"A*"|"8.9"|"20151008172839"|"AA00044"|""|"A Level"
543|"2015"|"A* - B"|"90"|"20151008174559"|"AA00044"|""|"A Level"
543|"2015"|"A*"|"27"|"20151008174621"|"AA00044"|""|"A Level"
543|"2015"|"A* - A"|"54"|"20151008174640"|"AA00044"|""|"A Level"
10|"2015"|"A* - A"|"20"|"20151008175321"|"AA00044"|""|"GCSE"
10|"2015"|"A*"|"19"|"20151008175429"|"AA00044"|""|"A Level"
10|"2015"|"A* - A"|"55"|"20151008175437"|"AA00044"|""|"A Level"
84|"2015"|"A* - A"|"50"|"20151009104829"|"AA00044"|""|"GCSE"
599|"2015"|"A*"|"14.8"|"20151009113816"|"AA00044"|""|"A Level"
597|"2015"|"A* - A"|"23.6"|"20151009114523"|"AA00044"|""|"GCSE"
39|"2015"|"A* - B"|"50"|"20151009114628"|"AA00006"|""|"A Level"
373|"2015"|"A* - A"|"63"|"20151009121815"|"AA00044"|""|"A Level"
286|"2015"|"A* - B"|"84"|"20151009155216"|"AA00044"|""|"GCSE"
211|"2015"|"A* - B"|"94.8"|"20151009163355"|"AA00044"|""|"GCSE"
21|"2015"|"A*"|"54"|"20151009163913"|"AA00044"|""|"GCSE"
208|"2015"|""|"34.1"|"20151010100257"|"AA00006"|""|"IB"
21|"2015"|"A* - A"|"87.6"|"20151009163922"|"AA00044"|""|"GCSE"
21|"2015"|"A* - B"|"99"|"20151009163930"|"AA00044"|""|"GCSE"
21|"2015"|"A*"|"36.4"|"20151009163937"|"AA00044"|""|"A Level"
21|"2015"|"A* - A"|"83.4"|"20151009163944"|"AA00044"|""|"A Level"
21|"2015"|"A* - B"|"98"|"20151009163949"|"AA00044"|""|"A Level"
21|"2015"|"A* - A"|"93.0"|"20151009164546"|"AA00044"|""|"GCSE"
687|"2015"|"A*"|"46.0"|"20151009172605"|"AA00044"|""|"A Level"
687|"2015"|"A* - B"|"88.0"|"20151009172653"|"AA00044"|""|"A Level"
593|"2015"|"A*"|"61"|"20151009173202"|"AA00044"|""|"GCSE"
593|"2015"|"A* - A"|"93"|"20151009173215"|"AA00044"|""|"GCSE"
593|"2015"|"A* - A"|"92.3"|"20151009173226"|"AA00044"|""|"A Level"
322|"2015"|"A* - B"|"98.8"|"20151010095406"|"AA00044"|""|"GCSE"
506|"2015"|"A* - A"|"22"|"20151010100056"|"AA00044"|""|"A Level"
506|"2015"|"A* - B"|"51"|"20151010100104"|"AA00044"|""|"A Level"
384|"2015"|"A* - B"|"89.73"|"20151010150850"|"AA00007"|""|"A Level"
384|"2015"|"A* - A"|"63.88"|"20151010150857"|"AA00007"|""|"A Level"
384|"2015"|"A*"|"25.29"|"20151010150902"|"AA00007"|""|"A Level"
419|"2015"|"A*"|"31"|"20151013115109"|"AA00044"|""|"A Level"
214|"2015"|"A*"|"28"|"20151014100009"|"AA00044"|""|"GCSE"
214|"2015"|"A* - A"|"54"|"20151014100016"|"AA00044"|""|"GCSE"
9|"2015"|"A*"|"27"|"20151014101630"|"AA00044"|""|"GCSE"
9|"2015"|"A*"|"28.5"|"20151014101808"|"AA00044"|""|"GCSE"
9|"2015"|"A* - A"|"55"|"20151014101814"|"AA00044"|""|"GCSE"
9|"2015"|"A*"|"18.00"|"20151014101932"|"AA00044"|""|"A Level"
57|"2016"|"A*"|"45.4"|"20151014120637"|"AA00044"|""|"GCSE"
76|"2015"|"A*"|"31"|"20151015122528"|"AA00044"|""|"A Level"
76|"2015"|"A*"|"26"|"20151015122725"|"AA00044"|""|"GCSE"
76|"2015"|"A* - A"|"59"|"20151015122746"|"AA00044"|""|"GCSE"
76|"2015"|""|"35"|"20151015123255"|"AA00044"|""|"IB"
2|"2015"|"A* - A"|"79"|"20151015175602"|"AA00006"|""|"GCSE"
2|"2015"|"A* - B"|"85.4"|"20151015175614"|"AA00006"|""|"A Level"
376|"2015"|"A*"|"12.10"|"20151020100152"|"AA00044"|""|"GCSE"
134|"2015"|"A* - A"|"51"|"20151022094640"|"AA00006"|""|"GCSE"
134|"2015"|"A* - A"|"26"|"20151022094653"|"AA00006"|""|"A Level"
286|"2015"|"A*"|"34"|"20151027110235"|"AA00044"|""|"GCSE"
286|"2015"|"A* - A"|"59"|"20151027110243"|"AA00044"|""|"GCSE"
286|"2015"|"A* - A"|"63"|"20151027110357"|"AA00044"|""|"A Level"
291|"2015"|"A*"|"28"|"20151114184009"|"AA00044"|""|"A Level"
291|"2015"|"A*"|"36"|"20151114184110"|"AA00044"|""|"A Level"
177|"2015"|"A*"|"12.1"|"20151120150948"|"AA00044"|""|"A Level"
177|"2015"|"A* - A"|"25.7"|"20151120151005"|"AA00044"|""|"A Level"
177|"2015"|"A* - B"|"57.5"|"20151120151014"|"AA00044"|""|"A Level"
177|"2015"|"A*"|"25.3"|"20151120151056"|"AA00044"|""|"GCSE"
177|"2015"|"A* - A"|"57.7"|"20151120151110"|"AA00044"|""|"GCSE"
380|"2015"|"A*"|"44.1"|"20151202121901"|"AA00044"|""|"GCSE"
510|"2015"|"A*"|"20.1"|"20151202174214"|"AA00044"|""|"A Level"
510|"2015"|"A*"|"20.6"|"20151202174258"|"AA00044"|""|"A Level"
510|"2015"|"A* - A"|"49.9"|"20151202174307"|"AA00044"|""|"A Level"
510|"2015"|""|"20.6"|"20151202174313"|"AA00044"|""|"GCSE"
510|"2015"|"A* - B"|"79.8"|"20151202174328"|"AA00044"|""|"A Level"
265|"2015"|"A*"|"15"|"20151203150237"|"AA00044"|""|"GCSE"
265|"2014"|"A* - A"|"60"|"20151203150337"|"AA00032"|""|"GCSE"
265|"2014"|"A* - A"|"55"|"20151203150355"|"AA00044"|""|"GCSE"
265|"2015"|"A* - B"|"62"|"20151203150514"|"AA00044"|""|"A Level"
265|"2015"|"A* - A"|"33"|"20151203150520"|"AA00044"|""|"A Level"
265|"2015"|"A* - A"|"44"|"20151203150550"|"AA00044"|""|"A Level"
265|"2015"|"A* - B"|"68"|"20151203150558"|"AA00044"|""|"A Level"
309|"2015"|"A*"|"42"|"20151203154514"|"AA00044"|""|"A Level"
309|"2015"|"A* - A"|"75"|"20151203154521"|"AA00044"|""|"A Level"
309|"2015"|"A* - B"|"93"|"20151203154559"|"AA00044"|""|"A Level"
309|"2014"|"A* - B"|"83"|"20151203155035"|"AA00044"|""|"GCSE"
314|"2015"|"A*"|"8.2"|"20151203155956"|"AA00044"|""|"A Level"
314|"2015"|"A* - A"|"25.9"|"20151203160003"|"AA00044"|""|"A Level"
314|"2015"|"A* - B"|"52.8"|"20151203160025"|"AA00044"|""|"A Level"
314|"2015"|"A*"|"6.6"|"20151203160235"|"AA00044"|""|"GCSE"
370|"2005"|"A* - A"|"55"|"20151203163822"|"AA00044"|""|"GCSE"
173|"2015"|"Distinction - Pass"|"100"|"20151206155522"|"AA00007"|""|"Pre - U"
264|"2015"|"A* - A"|"21.7"|"20151211165723"|"AA00044"|""|"A Level"
264|"2015"|"A* - B"|"53.3"|"20151211165732"|"AA00044"|""|"A Level"
41|"2015"|"A* - B"|"52"|"20151219094819"|"AA00044"|""|"A Level"
509|"2015"|"A* - B"|"40"|"20151222100929"|"AA00044"|""|"A Level"
509|"2015"|"A* - A"|"22.3"|"20160106100754"|"AA00044"|""|"GCSE"
509|"2015"|"A*"|"3.2"|"20160106100803"|"AA00044"|""|"A Level"
509|"2015"|"A* - A"|"14.5"|"20160106100815"|"AA00044"|""|"A Level"
509|"2015"|"A* - B"|"40.3"|"20160106100824"|"AA00044"|""|"A Level"
404|"2015"|"A* - A"|"40"|"20160121150900"|"AA00044"|""|"A Level"
115|"2015"|"A* - A"|"56"|"20160128110005"|"AA00044"|""|"A Level"
557|"2015"|"A* - A"|"65"|"20160128115226"|"AA00044"|""|"A Level"
494|"2015"|"A* - A"|"38"|"20160205111510"|"AA00044"|""|"A Level"
480|"2015"|"A* - A"|"30"|"20160205162630"|"AA00044"|""|"A Level"
480|"2015"|""|"30"|"20160205162637"|"AA00044"|""|"GCSE"
480|"2015"|"A* - B"|"58"|"20160205162756"|"AA00044"|""|"A Level"
489|"2015"|"A*"|"23.5"|"20160205164412"|"AA00044"|""|"A Level"
489|"2015"|"A* - A"|"60.6"|"20160205164419"|"AA00044"|""|"A Level"
43|"2015"|"A* - A"|"24.8"|"20160206131701"|"AA00044"|""|"A Level"
472|"2015"|"A* - A"|"37"|"20160211102136"|"AA00044"|""|"A Level"
472|"2015"|""|"37"|"20160211102151"|"AA00044"|""|"GCSE"
472|"2015"|"A* - B"|"78"|"20160211102231"|"AA00044"|""|"A Level"
71|"2015"|"A* - A"|"29.1"|"20160212152357"|"AA00044"|""|"GCSE"
672|"2015"|"A* - A"|"79"|"20160304172541"|"AA00044"|""|"GCSE"
475|"2015"|""|"36.35"|"20160308165105"|"AA00044"|""|"IB"
534|"2015"|"A*"|"15.8"|"20160318162931"|"AA00044"|""|"GCSE"
534|"2015"|"A* - A"|"46.8"|"20160318162943"|"AA00044"|""|"GCSE"
636|"2015"|"A*"|"7"|"20160318172641"|"AA00044"|""|"A Level"
636|"2015"|"A* - A"|"24"|"20160318172646"|"AA00044"|""|"A Level"
636|"2015"|"A* - B"|"56"|"20160318172651"|"AA00044"|""|"A Level"
434|"2015"|"A* - A"|"43.66"|"20160319111355"|"AA00044"|""|"A Level"
285|"2015"|"A* - B"|"68"|"20160415101157"|"AA00044"|""|"A Level"
235|"2015"|"A* - B"|"88.6"|"20160416145217"|"AA00044"|""|"A Level"
302|"2016"|"A* - B"|"68"|"20160419174837"|"AA00044"|""|"A Level"
342|"2015"|"A*"|"22"|"20160420125201"|"AA00044"|""|"A Level"
342|"2015"|"A*"|"19"|"20160420125252"|"AA00044"|""|"A Level"
342|"2015"|"A* - A"|"39"|"20160420125257"|"AA00044"|""|"A Level"
360|"2015"|"A* - A"|"67"|"20160420133935"|"AA00044"|""|"A Level"
468|"2015"|"A*"|"24.1"|"20160422133059"|"AA00044"|""|"A Level"
468|"2015"|"A* - A"|"56.7"|"20160422133113"|"AA00044"|""|"A Level"
468|"2015"|"A*"|"24.3"|"20160422133139"|"AA00044"|""|"A Level"
468|"2015"|"A* - A"|"57.5"|"20160422133146"|"AA00044"|""|"A Level"
62|"2014"|"A* - A"|"55.9"|"20160509153135"|"AA00032"|"1-yr GCSE"|"GCSE"
22|"2015"|"A* - A"|"49.0"|"20160622151230"|"AA00044"|""|"A Level"
22|"2014"|"A* - B"|"85.3"|"20160622151248"|""|""|"A Level"
22|"2013"|"A*"|"20.5"|"20160622151302"|"AA00025"|""|"A Level"
22|"2013"|"A* - A"|"53.7"|"20160622151312"|"AA00025"|""|"A Level"
22|"2013"|"A* - B"|"80"|"20160622151320"|"AA00025"|""|"A Level"
22|"2014"|"A*"|"34.5"|"20160622151348"|"AA00006"|""|"GCSE"
22|"2014"|"A* - A"|"67.7"|"20160622151357"|"AA00006"|""|"GCSE"
22|"2013"|"A*"|"29.8"|"20160622151409"|"AA00040"|""|"GCSE"
22|"2013"|"A* - A"|"62.4"|"20160622151414"|"AA00040"|""|"GCSE"
22|"2012"|"A*"|"36.3"|"20160622151430"|""|""|"GCSE"
22|"2012"|"A* - A"|"68.4"|"20160622151436"|""|""|"GCSE"
130|"2016"|"A*"|"6.6"|"20160827105445"|"AA00044"|""|"GCSE"
208|"2016"|""|"36"|"20160907095712"|"AA00044"|""|"IB"
21|"2016"|"A*"|"53.3"|"20161004130248"|"AA00044"|""|"GCSE"
21|"2016"|"A* - A"|"91.1"|"20161004130255"|"AA00044"|""|"GCSE"
16|"2015"|"A* - B"|"91.5"|"20161004132046"|"AA00044"|""|"GCSE"
533|"2016"|"A* - B"|"93"|"20161004145920"|"AA00044"|""|"GCSE"
13|"2016"|"A* - A"|"38"|"20161004152159"|"AA00044"|""|"A Level"
36|"2016"|"A*"|"22"|"20161004153020"|"AA00044"|""|"A Level"
36|"2016"|"A* - A"|"62"|"20161004153032"|"AA00044"|""|"A Level"
36|"2016"|"A* - B"|"86"|"20161004153045"|"AA00044"|""|"A Level"
41|"2016"|"A* - A"|"79"|"20161004153337"|"AA00044"|""|"GCSE"
655|"2016"|"A*"|"64.1"|"20161004154907"|"AA00044"|""|"GCSE"
413|"2016"|"A* - A"|"43.4"|"20161004172026"|"AA00044"|""|"A Level"
29|"2016"|"A* - A"|"80"|"20161005123122"|"AA00044"|""|"A Level"
35|"2016"|"A* - A"|"44.8"|"20161005125936"|"AA00044"|""|"GCSE"
35|"2016"|"A* - A"|"37.0"|"20161005130647"|"AA00044"|""|"GCSE"
35|"2016"|"A*"|"13.0"|"20161005130720"|"AA00044"|""|"GCSE"
35|"2016"|"A* - A"|"44.8"|"20161005130725"|"AA00044"|""|"GCSE"
59|"2016"|"A*"|"12"|"20161005153005"|"AA00044"|""|"A Level"
59|"2016"|"A* - A"|"31"|"20161005153011"|"AA00044"|""|"A Level"
59|"2016"|"A* - B"|"63"|"20161005153018"|"AA00044"|""|"A Level"
159|"2016"|"A* - A"|"59"|"20161006094919"|"AA00044"|""|"A Level"
30|"2015"|"A* - A"|"49"|"20161006095941"|"AA00044"|""|"A Level"
185|"2016"|"A* - A"|"44.6"|"20161006115300"|"AA00044"|""|"A Level"
274|"2016"|"A* - A"|"61"|"20161006131258"|"AA00044"|""|"A Level"
274|"2016"|"A* - B"|"89"|"20161006131304"|"AA00044"|""|"A Level"
274|"2016"|"A* - A"|"56"|"20161006131317"|"AA00044"|""|"A Level"
274|"2016"|"A* - B"|"82"|"20161006131322"|"AA00044"|""|"A Level"
302|"2016"|"A*"|"17"|"20161006150516"|"AA00044"|""|"A Level"
302|"2016"|"A* - B"|"68"|"20161006150537"|"AA00044"|""|"A Level"
381|"2016"|"A* - A"|"52"|"20161007125040"|"AA00044"|""|"GCSE"
381|"2016"|"A*"|"20"|"20161007125046"|"AA00044"|""|"GCSE"
389|"2016"|"A* - A"|"41"|"20161007131146"|"AA00044"|""|"A Level"
389|"2016"|"A* - A"|"41"|"20161007131157"|"AA00044"|""|"A Level"
389|"2016"|"A* - B"|"71"|"20161007131202"|"AA00044"|""|"A Level"
391|"2016"|"A* - A"|"10"|"20161007132831"|"AA00044"|""|"GCSE"
533|"2016"|"A*"|"46.5"|"20161007162115"|"AA00044"|""|"GCSE"
533|"2016"|"A* - A"|"75.5"|"20161007162121"|"AA00044"|""|"GCSE"
533|"2016"|"A* - B"|"83"|"20161007162205"|"AA00044"|""|"A Level"
628|"2016"|"A*"|"85"|"20161007174220"|"AA00044"|""|"A Level"
318|"2016"|"A* - A"|"56"|"20161008100230"|"AA00044"|""|"A Level"
318|"2016"|"A* - B"|"89"|"20161008100235"|"AA00044"|""|"A Level"
431|"2016"|"A* - A"|"92"|"20161008154531"|"AA00044"|""|"A Level"
438|"2016"|"A*"|"15"|"20161008162057"|"AA00044"|""|"A Level"
438|"2016"|"A* - A"|"51"|"20161008162102"|"AA00044"|""|"A Level"
438|"2016"|"A* - B"|"77"|"20161008162107"|"AA00044"|""|"A Level"
11|"2016"|"A*"|"43.8"|"20161008171114"|"AA00044"|""|"A Level"
427|"2016"|"A* - A"|"47.26"|"20161011104410"|"AA00044"|""|"A Level"
318|"2016"|"A* - A"|"28"|"20161011115425"|"AA00044"|""|"A Level"
41|"2016"|"A* - A"|"43"|"20161013095736"|"AA00044"|""|"GCSE"
41|"2016"|"A* - B"|"76"|"20161013095819"|"AA00044"|""|"A Level"
41|"2016"|"A* - A"|"46"|"20161013095826"|"AA00044"|""|"A Level"
4|"2016"|"Distinction - Pass"|"6"|"20161014125821"|"AA00044"|""|"Pre - U"
4|"2016"|"Distinction - Merit"|"34"|"20161014125911"|"AA00044"|""|"Pre - U"
4|"2016"|"Distinction"|"58"|"20161014125915"|"AA00044"|""|"Pre - U"
520|"2016"|"A* - A"|"40.8"|"20161014183948"|"AA00044"|""|"GCSE"
11|"2016"|"A* - B"|"79"|"20161018100731"|"AA00044"|""|"A Level"
4|"2016"|"Distinction"|"6"|"20161018100925"|"AA00044"|""|"Pre - U"
381|"2016"|"A*"|"20"|"20161111151619"|"AA00044"|""|"GCSE"
381|"2016"|"A* - A"|"72"|"20161111151623"|"AA00044"|""|"GCSE"
464|"2016"|"A* - B"|"78"|"20161111161810"|"AA00044"|""|"A Level"
457|"2016"|"A*"|"32"|"20161116095019"|"AA00044"|""|"A Level"
36|"2016"|"A*"|"11"|"20161118131142"|"AA00044"|""|"A Level"
36|"2016"|"A* - A"|"43"|"20161118131153"|"AA00044"|""|"A Level"
36|"2016"|"A* - B"|"76"|"20161118131159"|"AA00044"|""|"A Level"
125|"2016"|"A* - A"|"69"|"20161126145112"|"AA00044"|""|"A Level"
125|"2016"|"A*"|"36"|"20161126145128"|"AA00044"|""|"A Level"
125|"2016"|"A* - B"|"89"|"20161126145141"|"AA00044"|""|"A Level"
125|"2016"|"A* - A"|"50"|"20161126145200"|"AA00044"|""|"GCSE"
125|"2016"|"A*"|"16"|"20161126145208"|"AA00044"|""|"GCSE"
337|"2016"|"A* - A"|"42"|"20161126154207"|"AA00044"|""|"GCSE"
50|"2016"|"A* - A"|"49.5"|"20161206163217"|"AA00044"|""|"A Level"
50|"2016"|"A* - B"|"77"|"20161206163227"|"AA00044"|""|"A Level"
50|"2016"|"A* - A"|"56.5"|"20161206163340"|"AA00044"|""|"GCSE"
50|"2016"|"A* - A"|"57.6"|"20161206163501"|"AA00044"|""|"A Level"
50|"2016"|"A* - B"|"85.1"|"20161206163508"|"AA00044"|""|"A Level"
173|"2016"|"Distinction - Merit"|"100"|"20161206174744"|"AA00044"|""|"Pre - U"
185|"2016"|"A* - A"|"44.6"|"20161206175843"|"AA00044"|""|"GCSE"
566|"2016"|"A* - A"|"46"|"20161208163802"|"AA00044"|""|"GCSE"
566|"2016"|"A* - A"|"40"|"20161208163845"|"AA00044"|""|"A Level"
7|"2016"|"A*"|"26.4"|"20161214100917"|"AA00044"|""|"A Level"
7|"2016"|"A* - A"|"62.5"|"20161214100954"|"AA00044"|""|"A Level"
7|"2016"|"A*"|"51.1"|"20161214101044"|"AA00044"|""|"GCSE"
7|"2016"|"A* - A"|"28.6"|"20161214101106"|"AA00044"|""|"GCSE"
85|"2016"|""|"34.1"|"20161223162953"|"AA00044"|""|"IB"
72|"2016"|"A*"|"10.8"|"20161228104003"|"AA00044"|""|"A Level"
72|"2016"|"A*"|"10.8"|"20161228104009"|"AA00044"|""|"A Level"
72|"2016"|"A* - A"|"38.1"|"20161228104017"|"AA00044"|""|"A Level"
72|"2016"|"A* - B"|"73"|"20161228104024"|"AA00044"|""|"A Level"
411|"2016"|"A* - A"|"17"|"20170111171850"|"AA00044"|""|"A Level"
411|"2016"|"A* - B"|"51"|"20170111171908"|"AA00044"|""|"A Level"
59|"2016"|"A* - A"|"22.63"|"20170202160720"|"AA00044"|""|"A Level"
59|"2016"|"A* - B"|"45.99"|"20170202160725"|"AA00044"|""|"A Level"
68|"2016"|"A* - A"|"43.7"|"20170202160820"|"AA00044"|""|"A Level"
68|"2016"|"A* - B"|"70.9"|"20170202160829"|"AA00044"|""|"A Level"
180|"2016"|"A* - B"|"68"|"20170202160925"|"AA00044"|""|"A Level"
185|"2016"|"A* - B"|"47.8"|"20170202161050"|"AA00044"|""|"A Level"
200|"2016"|"A* - A"|"23"|"20170202161320"|"AA00044"|""|"A Level"
200|"2016"|"A* - B"|"46"|"20170202161326"|"AA00044"|""|"A Level"
325|"2016"|"A* - A"|"70"|"20170202161745"|"AA00044"|""|"GCSE"
325|"2016"|"A* - A"|"40"|"20170202161756"|"AA00044"|""|"A Level"
362|"2016"|"A* - A"|"34"|"20170202162735"|"AA00044"|""|"A Level"
362|"2016"|"A* - B"|"65"|"20170202162743"|"AA00044"|""|"A Level"
423|"2016"|""|"35"|"20170202165107"|"AA00044"|""|"IB"
554|"2016"|"A* - A"|"32.3"|"20170202170334"|"AA00044"|""|"A Level"
554|"2016"|"A* - B"|"63.2"|"20170202170341"|"AA00044"|""|"A Level"
577|"2016"|"A* - A"|"52.4"|"20170202172336"|"AA00044"|""|"A Level"
577|"2016"|"A* - B"|"76.2"|"20170202172344"|"AA00044"|""|"A Level"
268|"2016"|"A* - A"|"60"|"20170206125728"|"AA00044"|""|"A Level"
268|"2016"|"A* - B"|"92"|"20170206125738"|"AA00044"|""|"A Level"
9|"2016"|"A*"|"22"|"20170331100715"|"AA00044"|""|"A Level"
9|"2016"|"A* - A"|"53"|"20170331100726"|"AA00044"|""|"A Level"
9|"2016"|"A* - B"|"77.2"|"20170331100754"|"AA00044"|""|"A Level"
9|"2016"|"A*"|"21"|"20170331100836"|"AA00065"|""|"A Level"
9|"2016"|"A* - A"|"50"|"20170331100846"|"AA00065"|""|"A Level"
9|"2016"|"A* - B"|"75"|"20170331100906"|"AA00065"|""|"A Level"
442|"2016"|"A* - C"|"76"|"20170521135402"|"AA00007"|""|"GCSE"
241|"2016"|"A* - B"|"87.3"|"20170526144427"|"AA00065"|""|"GCSE"
241|"2016"|"A* - B"|"82"|"20170527094844"|"AA00065"|""|"A Level"
336|"2007"|"A* - A"|"Physics 10%"|"20170801193534"|"AA00007"|""|"A Level"
214|"2017"|"A* - B"|"69"|"20170818102849"|"AA00032"|""|"A Level"
322|"2017"|"A*"|"40"|"20170818103040"|"AA00032"|""|"A Level"
30012|"2017"|"A* - A"|"46"|"20170818103912"|"AA00032"|""|"A Level"
686|"2017"|"A* - B"|"57"|"20170822155547"|"AA00032"|""|"A Level"
286|"2017"|"A* - A"|"50"|"20170825100146"|"AA00032"|"Over half of all the exams taken achieved A and above"|"GCSE"
3|"2017"|"A* - A"|"60"|"20170825145125"|"AA00032"|"over three-fifths achieved at least an A grade"|"A Level"
509|"2017"|"A*-C"|"79"|"20170826101935"|"AA00032"|""|"GCSE"
509|"2017"|""|"80"|"20170826101947"|"AA00032"|""|"GCSE"
533|"2017"|"Distinction"|"72.9"|"20170915183726"|"AA00073"|""|"Pre - U"
22|"2017"|"A* - A"|"78"|"20170916102657"|"AA00073"|""|"GCSE"
22|"2017"|"A*"|"45"|"20170916102716"|"AA00073"|""|"GCSE"
103|"2017"|"A* - A"|"63.2"|"20170916120039"|"AA00075"|""|"A Level"
103|"2017"|"A*"|"23.9"|"20170916120050"|"AA00075"|""|"A Level"
103|"2017"|"A* - A"|"84.5"|"20170916120115"|"AA00075"|""|"GCSE"
103|"2017"|"A*"|"54.9"|"20170916120130"|"AA00075"|""|"GCSE"
322|"2017"|"A* - B"|"73"|"20170916141947"|"AA00032"|""|"A Level"
322|"2017"|"A* - A"|"40"|"20170916141958"|"AA00032"|""|"A Level"
13|"2017"|"A*"|"23"|"20170916152402"|"AA00073"|""|"A Level"
533|"2017"|"A* - B"|"83.2"|"20170916154223"|"AA00073"|""|"GCSE"
394|"2017"|"A*"|"43"|"20170916154057"|"AA00073"|""|"A Level"
323|"2017"|"A* - B"|"81"|"20170916165036"|"AA00073"|""|"GCSE"
130|"2017"|"A* - B"|"96.8"|"20170918104848"|"AA00032"|""|"A Level"
130|"2017"|"A* - A"|"84.1"|"20170918104900"|"AA00032"|""|"A Level"
130|"2017"|"A*"|"44.9"|"20170918104916"|"AA00032"|""|"A Level"
497|"2017"|"A*"|"90"|"20170918113013"|"AA00073"|""|"GCSE"
418|"2017"|"A*"|"78"|"20170918114120"|"AA00073"|""|"GCSE"
10|"2017"|"A* - B"|"80"|"20170918125503"|"AA00075"|""|"A Level"
10|"2017"|"A* - A"|"52.8"|"20170918125519"|"AA00075"|""|"A Level"
10|"2017"|"A* - A"|"75"|"20170918125559"|"AA00075"|""|"GCSE"
10|"2017"|"A*"|"50"|"20170918125610"|"AA00075"|""|"GCSE"
15|"2017"|"A* - A"|"50"|"20170918142251"|"AA00073"|""|"A Level"
53|"2017"|"A* - B"|"74.6"|"20170918151513"|"AA00073"|""|"A Level"
53|"2017"|"A* - A"|"43.3"|"20170918151532"|"AA00073"|""|"A Level"
503|"2017"|"A* - A"|"42.7"|"20170918165312"|"AA00073"|""|"GCSE"
377|"2017"|"A* - A"|"40"|"20170918180616"|"AA00073"|""|"GCSE"
377|"2017"|""|"40"|"20170918180632"|"AA00073"|""|"A Level"
377|"2017"|""|"40"|"20170918180646"|"AA00073"|""|"A Level"
76|"2017"|""|"57"|"20170919103850"|"AA00073"|""|"GCSE"
493|"2017"|"A* - B"|"84"|"20170919111144"|"AA00073"|""|"A Level"
345|"2017"|"A* - B"|"95.1"|"20170919114507"|"AA00079"|""|"GCSE"
687|"2017"|"A*"|"15"|"20170919115436"|"AA00073"|""|"A Level"
337|"2017"|"A* - B"|"73"|"20170919152612"|"AA00073"|""|"A Level"
337|"2017"|"A* - A"|"47"|"20170919152624"|"AA00073"|""|"A Level"
337|"2017"|"A*"|"12"|"20170919152633"|"AA00073"|""|"A Level"
304|"2017"|"A* - B"|"70.3"|"20170919181313"|"AA00073"|""|"A Level"
304|"2017"|"A* - A"|"38.3"|"20170919181344"|"AA00073"|""|"A Level"
304|"2017"|"A*"|"12"|"20170919181404"|"AA00073"|""|"A Level"
524|"2017"|"A* - B"|"65"|"20170919183642"|"AA00073"|""|"A Level"
524|"2017"|"A* - A"|"45"|"20170919183651"|"AA00073"|""|"A Level"
300|"2017"|"A* - A"|"45.1"|"20170923113829"|"AA00073"|""|"GCSE"
318|"2017"|"A* - A"|"30"|"20170923152842"|"AA00075"|""|"A Level"
195|"2017"|"A*"|"12"|"20170923153927"|"AA00073"|""|"A Level"
195|"2017"|"A* - B"|"58.8"|"20170923154658"|"AA00073"|""|"A Level"
195|"2017"|"A* - A"|"39.1"|"20170923154710"|"AA00073"|""|"A Level"
248|"2017"|"A* - B"|"53"|"20170923161903"|"AA00073"|""|"A Level"
248|"2017"|"A* - A"|"35"|"20170923161914"|"AA00073"|""|"A Level"
65|"2017"|"A*"|"42"|"20170925142618"|"AA00073"|""|"A Level"
607|"2016"|"A* - A"|"48"|"20170926120555"|"AA00073"|""|"GCSE"
524|"2017"|"A* - A"|"45"|"20170926143635"|"AA00073"|""|"GCSE"
414|"2017"|"A* - B"|"69.2"|"20170926152122"|"AA00073"|""|"A Level"
419|"2017"|"A* - A"|"59.8"|"20170926160609"|"AA00073"|""|"A Level"
419|"2017"|"A*"|"26"|"20170926160619"|"AA00073"|""|"A Level"
419|"2017"|"A* - B"|"80"|"20170926160643"|"AA00073"|""|"A Level"
533|"2017"|"A*"|"24.5"|"20170926161142"|"AA00073"|""|"A Level"
533|"2017"|"A* - A"|"55.4"|"20170926161148"|"AA00073"|""|"A Level"
533|"2017"|"A* - B"|"83.2"|"20170926161204"|"AA00079"|""|"A Level"
30036|"2017"|"A* - A"|"79.8"|"20170926161238"|"AA00079"|""|"A Level"
30036|"2017"|"A*"|"38.6"|"20170926161326"|"AA00079"|""|"A Level"
286|"2017"|"A* - B"|"71"|"20170926163951"|"AA00032"|""|"A Level"
286|"2017"|"A* - A"|"44"|"20170926164014"|"AA00032"|""|"A Level"
286|"2017"|"A*"|"14"|"20170926164031"|"AA00073"|""|"A Level"
286|"2017"|"A* - A"|"50"|"20170926164522"|"AA00032"|"Over half of all the exams taken achieved A and above. Assume 50%"|"GCSE"
286|"2017"|"A*"|"27"|"20170926164546"|"AA00032"|""|"GCSE"
259|"2017"|""|"32.6"|"20170926165022"|"AA00007"|""|"IB"
2|"2017"|"A* - B"|"84"|"20170926173023"|"AA00073"|""|"A Level"
2|"2017"|"A* - A"|"79"|"20170926173055"|"AA00073"|""|"GCSE"
21|"2017"|"A* - A"|"86.6"|"20170926180209"|"AA00079"|""|"GCSE"
21|"2017"|"A*"|"53.3"|"20170926180225"|"AA00079"|""|"GCSE"
533|"2017"|"A*"|"27.4"|"20170926182241"|"AA00079"|""|"A Level"
533|"2017"|"A* - A"|"60"|"20170926182257"|"AA00079"|""|"A Level"
533|"2017"|"A* - B"|"85"|"20170926182310"|"AA00079"|""|"A Level"
376|"2017"|"A*"|"43.3"|"20170926183256"|"AA00079"|""|"GCSE"
376|"2017"|"A* - A"|"80"|"20170926183302"|"AA00079"|""|"GCSE"
376|"2017"|"A*"|"34.6"|"20170926183308"|"AA00079"|""|"A Level"
376|"2017"|"A* - A"|"84.9"|"20170926183314"|"AA00079"|""|"A Level"
101|"2017"|"A*"|"63.4"|"20170926183459"|"AA00079"|""|"A Level"
101|"2017"|"A* - A"|"91.4"|"20170926183509"|"AA00079"|""|"A Level"
582|"2017"|"A* - A"|"86.4"|"20170926183555"|"AA00079"|""|"A Level"
582|"2017"|"A*"|"57.5"|"20170926183601"|"AA00079"|""|"A Level"
30036|"2017"|"A* - B"|"97.2"|"20170926183730"|"AA00073"|""|"A Level"
30036|"2017"|"A* - A"|"81.8"|"20170926183736"|"AA00073"|""|"A Level"
30036|"2017"|"A*"|"41.1"|"20170926183742"|"AA00073"|""|"A Level"
30036|"2017"|"A* - A"|"96.3"|"20170926183749"|"AA00073"|""|"GCSE"
30036|"2017"|"A*"|"83.1"|"20170926183754"|"AA00073"|""|"GCSE"
419|"2017"|"A* - B"|"92"|"20170926183843"|"AA00079"|""|"A Level"
419|"2017"|"A* - A"|"73"|"20170926183848"|"AA00079"|""|"A Level"
419|"2017"|"A*"|"28.6"|"20170926183854"|"AA00079"|""|"A Level"
586|"2017"|"A* - A"|"65.2"|"20170926183931"|"AA00079"|""|"A Level"
586|"2017"|"A*"|"19.6"|"20170926183936"|"AA00079"|""|"A Level"
475|"2017"|"A*"|"25.1"|"20170926184147"|"AA00079"|""|"A Level"
475|"2017"|"A* - A"|"63"|"20170926184153"|"AA00079"|""|"A Level"
148|"2017"|"A* - A"|"61.6"|"20170926184254"|"AA00079"|""|"A Level"
148|"2017"|"A*"|"23.2"|"20170926184259"|"AA00079"|""|"A Level"
290|"2017"|"A* - A"|"60"|"20170926184355"|"AA00079"|""|"A Level"
290|"2017"|"A*"|"37.1"|"20170926184401"|"AA00079"|""|"A Level"
340|"2016"|"A* - A"|"15"|"20170927171947"|"AA00073"|""|"A Level"
340|"2017"|"A* - B"|"46.3"|"20170927172216"|"AA00073"|""|"A Level"
101|"2017"|""|"91"|"20170927173808"|"AA00073"|""|"A Level"
58|"2017"|""|"90.1"|"20170927180234"|"AA00078"|""|"GCSE"
582|"2017"|"A* - A"|"86.1"|"20170927183209"|"AA00073"|""|"A Level"
582|"2017"|"A*"|"57.2"|"20170927183229"|"AA00073"|""|"A Level"
35|"2017"|"A* - B"|"66.7"|"20170928183637"|"AA00079"|""|"A Level"
35|"2017"|"A* - A"|"37.5"|"20170928183655"|"AA00079"|""|"A Level"
35|"2017"|"A*"|"9.6"|"20170928183707"|"AA00079"|""|"A Level"
35|"2017"|"A* - B"|"83.1"|"20170928183719"|"AA00079"|""|"GCSE"
35|"2017"|"A* - A"|"59.6"|"20170928183728"|"AA00079"|""|"GCSE"
35|"2017"|"A*"|"34.4"|"20170928183738"|"AA00079"|""|"GCSE"
593|"2017"|"A* - B"|"71"|"20171003154935"|"AA00073"|""|"A Level"
36|"2017"|"A* - A"|"44"|"20171006101824"|"AA00073"|""|"A Level"
36|"2017"|""|"36.8"|"20171006101846"|"AA00073"|""|"IB"
148|"2017"|""|"22"|"20171006120755"|"AA00073"|""|"GCSE"
302|"2017"|"A* - B"|"81"|"20171007094809"|"AA00073"|""|"A Level"
302|"2017"|"A*"|"22"|"20171007094827"|"AA00073"|""|"A Level"
302|"2017"|"A* - A"|"57"|"20171007094843"|"AA00073"|""|"A Level"
573|"2017"|"A*"|"30"|"20171009152131"|"AA00073"|"AL and IB results combined"|"A Level"
573|"2017"|"A* - A"|"69.5"|"20171009152143"|"AA00073"|"Combined AL and IB"|"A Level"
16|"2017"|"A* - A"|"53"|"20171009152736"|"AA00073"|""|"A Level"
16|"2017"|"A* - B"|"86"|"20171009152753"|"AA00073"|""|"A Level"
16|"2017"|"A*"|"15"|"20171009152805"|"AA00073"|""|"A Level"
528|"2017"|"A* - A"|"90"|"20171009160532"|"AA00073"|""|"GCSE"
528|"2017"|"A*"|"69"|"20171009160542"|"AA00073"|""|"GCSE"
419|"2017"|"A* - B"|"92"|"20171014163151"|"AA00073"|""|"A Level"
545|"2017"|"A* - A"|"53"|"20171014164114"|"AA00073"|""|"GCSE"
4|"2017"|""|"37"|"20171014181254"|"AA00073"|""|"IB"
4|"2017"|""|"37"|"20171014190306"|"AA00073"|"Note:  Only about half of the cohort achieved 37pt average.   Actual average IB figure not available."|"IB"
494|"2017"|"A* - B"|"80"|"20171016100929"|"AA00073"|""|"A Level"
494|"2017"|"A* - A"|"47"|"20171016100947"|"AA00073"|""|"A Level"
494|"2017"|"A*"|"21"|"20171016100959"|"AA00073"|""|"A Level"
304|"2017"|"A* - A"|"40"|"20171016144127"|"AA00073"|""|"A Level"
371|"2017"|"A* - A"|"26"|"20171016155408"|"AA00073"|""|"A Level"
159|"2017"|"A* - A"|"40"|"20171019143204"|"AA00073"|""|"A Level"
593|"2017"|"A* - B"|"71"|"20171020180658"|"AA00073"|"Combined AL and IB results."|"A Level"
36|"2017"|"A* - A"|"32"|"20171029153756"|"AA00078"|""|"A Level"
36|"2017"|""|"37"|"20171029153818"|"AA00078"|""|"IB"
309|"2017"|"A*"|"40"|"20171107164807"|"AA00073"|""|"GCSE"
400|"2017"|"A* - A"|"46.3"|"20171107170820"|"AA00073"|""|"A Level"
400|"2017"|"A*"|"18.3"|"20171107170833"|"AA00073"|""|"A Level"
264|"2017"|"A*"|"37.5"|"20171109114849"|"AA00073"|""|"GCSE"
621|"2017"|"A* - B"|"58.6"|"20171109115100"|"AA00078"|""|"A Level"
621|"2017"|"A* - A"|"34.3"|"20171109115108"|"AA00078"|""|"A Level"
621|"2017"|"A*"|"8.6"|"20171109115116"|"AA00073"|""|"A Level"
621|"2017"|"A* - A"|"35.2"|"20171109115953"|"AA00078"|""|"GCSE"
330|"2017"|"A*"|"25"|"20171109145456"|"AA00073"|""|"A Level"
40|"2017"|"A* - A"|"39"|"20171109150224"|"AA00073"|""|"GCSE"
479|"2017"|"A* - A"|"31"|"20171109160741"|"AA00073"|""|"A Level"
479|"2017"|"A* - A"|"43"|"20171109160753"|"AA00073"|""|"GCSE"
479|"2017"|"A* - A"|"63"|"20171109161258"|"AA00073"|""|"GCSE"
479|"2017"|"A* - A"|"43"|"20171109161351"|"AA00073"|""|"A Level"
225|"2017"|""|"35"|"20171109170640"|"AA00073"|""|"IB"
225|"2017"|""|"61.6"|"20171109170953"|"AA00073"|""|"GCSE"
133|"2017"|"A* - B"|"70"|"20171109181916"|"AA00073"|""|"A Level"
133|"2017"|"A* - A"|"55.5"|"20171109182019"|"AA00073"|""|"A Level"
133|"2017"|""|"55.5"|"20171109182031"|"AA00073"|""|"GCSE"
133|"2017"|"A* - A"|"55.5"|"20171109182159"|"AA00073"|""|"GCSE"
133|"2017"|"A* - B"|"70.3"|"20171109182401"|"AA00073"|""|"A Level"
484|"2016"|"A* - A"|"48.7"|"20171109184139"|"AA00073"|""|"A Level"
484|"2017"|"A* - B"|"75"|"20171109184239"|"AA00073"|""|"GCSE"
484|"2017"|""|"75"|"20171109184443"|"AA00073"|""|"A Level"
29|"2017"|"A* - B"|"80"|"20171111123855"|"AA00073"|""|"A Level"
499|"2017"|"A* - B"|"97.1"|"20171111134147"|"AA00073"|""|"A Level"
499|"2017"|"A* - A"|"85.1"|"20171111134159"|"AA00073"|""|"A Level"
499|"2017"|"A*"|"46.9"|"20171111134208"|"AA00073"|""|"A Level"
499|"2017"|"A*"|"46.9"|"20171111134214"|"AA00073"|"Aggregate AL and Pre-U results"|"A Level"
200|"2017"|"A* - A"|"44.9"|"20171111143147"|"AA00073"|""|"A Level"
11|"2017"|"Distinction - Merit"|"88"|"20171118165634"|"AA00073"|""|"Pre - U"
182|"2017"|"A* - B"|"83"|"20171124144110"|"AA00073"|"Combined AL and IB results"|"A Level"
173|"2017"|"Distinction"|"19.7"|"20171127113804"|"AA00007"|""|"Pre - U"
76|"2017"|"A* - A"|"44"|"20171127135837"|"AA00073"|""|"A Level"
76|"2017"|"A* - A"|"57"|"20171127135939"|"AA00073"|""|"GCSE"
518|"2017"|"A* - A"|"27"|"20171127140855"|"AA00073"|""|"GCSE"
596|"2017"|"A* - B"|"64"|"20171127151356"|"AA00073"|""|"A Level"
218|"2017"|"A* - A"|"54"|"20171130152221"|"AA00075"|""|"A Level"
218|"2017"|"A* - A"|"58"|"20171130152657"|"AA00075"|""|"GCSE"
218|"2017"|"A*"|"27"|"20171130152717"|"AA00075"|""|"GCSE"
381|"2017"|"A* - B"|"77"|"20171130163515"|"AA00073"|"Combined AL and PreU results."|"A Level"
381|"2017"|"A* - B"|"74.4"|"20171130163524"|"AA00073"|"Combined AL"|"A Level"
381|"2017"|"Distinction"|"46.2"|"20171130163724"|"AA00073"|""|"Pre - U"
381|"2017"|"Distinction - Pass"|"100"|"20171130163907"|"AA00073"|"Eng Lit, History, History of Art"|"Pre - U"
381|"2017"|"Distinction - Merit"|"96.2"|"20171130163914"|"AA00073"|"Eng Lit, History, History of Art"|"Pre - U"
381|"2017"|"Distinction"|"46.2"|"20171130163921"|"AA00073"|"Eng Lit; History; History of Art"|"Pre - U"
9|"2017"|"A* - A"|"57"|"20171205110920"|"AA00073"|""|"A Level"
510|"2017"|"A* - A"|"47.3"|"20171205111850"|"AA00073"|""|"GCSE"
489|"2017"|"A* - B"|"71"|"20171211150712"|"AA00073"|""|"A Level"
36|"2017"|"A* - B"|"84"|"20171219174423"|"AA00073"|""|"A Level"
258|"2017"|"A* - A"|"27.1"|"20171220161214"|"AA00073"|""|"A Level"
380|"2017"|"A* - B"|"60"|"20171220170144"|"AA00073"|""|"A Level"
543|"2017"|"A* - A"|"48"|"20171220173811"|"AA00073"|""|"A Level"
543|"2017"|"A* - B"|"73.6"|"20171220173829"|"AA00073"|""|"A Level"
30035|"2017"|"A* - A"|"44"|"20171220175404"|"AA00073"|""|"A Level"
30035|"2017"|"A* - B"|"78"|"20171220175414"|"AA00073"|""|"A Level"
597|"2017"|"A* - A"|"48"|"20180102113235"|"AA00073"|""|"GCSE"
262|"2016"|"A*"|"23"|"20180102142613"|"AA00073"|""|"GCSE"
303|"2018"|"A* - B"|"77"|"20180109163259"|"AA00078"|""|"GCSE"
309|"2016"|"A*"|"46"|"20180117154058"|"AA00078"|""|"A Level"
344|"2017"|"A* - A"|"25"|"20180118120756"|"AA00073"|"Not actual figure. School listed one-quarter of all subjects taken received A*-A."|"A Level"
344|"2017"|"A* - B"|"50"|"20180118120806"|"AA00073"|"Not actual figure. School listed one-half of all subjects taken received A*-B."|"A Level"
423|"2017"|"A*"|"12.7"|"20180118120849"|"AA00073"|"3 year rolling exam results of 2015-2017"|"A Level"
423|"2017"|"A*"|"11"|"20180118120913"|"AA00078"|"3 year rolling exam results of 2015-2017"|"A Level"
423|"2017"|"A* - A"|"37"|"20180118120932"|"AA00073"|"3 year rolling exam results of 2015-2017"|"A Level"
423|"2017"|"A* - B"|"64.8"|"20180118120943"|"AA00073"|"3 year rolling exam results of 2015-2017"|"A Level"
423|"2017"|"A*"|"21.9"|"20180118121104"|"AA00073"|"3 year rolling exam results of 2015-2017"|"GCSE"
423|"2017"|"A* - A"|"46.5"|"20180118121119"|"AA00073"|"3 year rolling exam results of 2015-2017"|"GCSE"
303|"2017"|"A* - A"|"27"|"20180125161824"|"AA00078"|""|"A Level"
404|"2017"|"A* - A"|"37"|"20180206170725"|"AA00032"|""|"GCSE"
582|"2007"|"A"|"86.0"|"20180220154234"|""|""|"A Level"
582|"2007"|"A-B"|"98.0"|"20180220154245"|""|""|"A Level"
582|"2008"|"A"|"92.0"|"20180220154417"|""|""|"A Level"
582|"2008"|"A-B"|"98.8"|"20180220154432"|""|""|"A Level"
582|"2009"|"A"|"90.0"|"20180220162100"|""|""|"A Level"
582|"2009"|"A-B"|"98.0"|"20180220162109"|""|""|"A Level"
582|"2009"|"A*"|"0"|"20180220162132"|""|""|"GCSE"
582|"2012"|"A*"|"53.2"|"20180220163036"|""|""|"A Level"
582|"2012"|"A* - A"|"88.0"|"20180220163049"|""|""|"A Level"
582|"2015"|"A*"|"49"|"20180220163242"|"AA00044"|""|"A Level"
582|"2015"|"A*"|"47"|"20180220163402"|"AA00078"|""|"A Level"
3|"2017"|"A* - B"|"80"|"20180323134028"|"AA00032"|""|"A Level"
3|"2017"|"A* - A"|"60"|"20180323134047"|"AA00032"|"Over three-fifths achieved at least an A grade"|"A Level"
3|"2017"|"A*"|"25"|"20180323134346"|"AA00032"|"More than a quarter of all results achieved the equivalent of an A*"|"A Level"
3|"2017"|"A* - A"|"51"|"20180323134354"|"AA00073"|"Over three-fifths achieved at least an A grade"|"A Level"
11|"2017"|"A*"|"18"|"20180712172922"|"AA00073"|""|"A Level"
11|"2017"|"A* - A"|"48.4"|"20180712172936"|"AA00073"|""|"A Level"
11|"2017"|"A* - B"|"77"|"20180712172951"|"AA00073"|""|"A Level"
95|"2017"|"A* - A"|"62"|"20180816153143"|"AA00078"|""|"A Level"
1|"2018"|"A*"|"62.2"|"20180817102604"|"AA00078"|""|"A Level"
7|"2018"|"A* - A"|"77.7"|"20180817110506"|"AA00078"|""|"A Level"
7|"2018"|"A* - A"|"54.1"|"20180817110934"|"AA00078"|""|"A Level"
7|"2018"|"A* - B"|"77.7"|"20180817110952"|"AA00078"|""|"A Level"
7|"2018"|"A* - C"|"91.3"|"20180817111011"|"AA00078"|""|"A Level"
7|"2018"|"A*"|"15.8"|"20180817111135"|"AA00078"|""|"A Level"
7|"2018"|""|"77.7"|"20180817111153"|"AA00078"|""|"A Level"
32|"2018"|"A* - B"|"48"|"20180817155308"|"AA00078"|"over 48% were at A*, A or B grades"|"A Level"
43|"2018"|"A*"|"8.3"|"20180817170257"|"AA00078"|""|"A Level"
43|"2018"|"A* - A"|"21"|"20180817170300"|"AA00078"|""|"A Level"
43|"2018"|"A* - C"|"64"|"20180817170303"|"AA00078"|""|"A Level"
48|"2018"|"A* - A"|"65"|"20180817174058"|"AA00078"|""|"A Level"
48|"2018"|"A* - B"|"75"|"20180817174209"|"AA00078"|""|"A Level"
48|"2018"|"A* - C"|"90"|"20180817174212"|"AA00078"|""|"A Level"
65|"2018"|"A* - C"|"90"|"20180818110410"|"AA00078"|""|"A Level"
65|"2018"|""|"88"|"20180818110423"|"AA00078"|""|"A Level"
72|"2018"|"A* - A"|"41"|"20180818114145"|"AA00078"|""|"A Level"
76|"2018"|"A* - C"|"96"|"20180818121558"|"AA00078"|""|"A Level"
76|"2018"|""|"96"|"20180818121609"|"AA00078"|"A Level and IB results combined"|"A Level"
631|"2018"|"A* - A"|"61"|"20180822145002"|"AA00078"|""|"A Level"
214|"2017"|"A* - A"|"61"|"20180825104252"|"AA00032"|""|"GCSE"
214|"2017"|"A* - A (7-9)"|"61"|"20180825104411"|"AA00078"|""|"GCSE"
214|"2017"|"A* - A"|"61"|"20180825104638"|"AA00078"|""|"GCSE"
214|"2017"|"A* - A"|"61 (7-9)"|"20180825104927"|"AA00078"|""|"GCSE"
302|"2018"|"A*"|"44"|"20180829115613"|"AA00078"|""|"GCSE"
278|"2019"|"A*"|"18"|"20180829120925"|"AA00073"|""|"A Level"
140|"2018"|"A* - B"|"80"|"20180829153156"|"AA00078"|"nearly 80% of all exams have been graded as A* to B"|"A Level"
140|"2018"|"A* - A"|"0"|"20180829153416"|"AA00078"|"Over half of all grades were either 9-7"|"GCSE"
141|"2018"|"A* - A"|"38"|"20180829160705"|"AA00078"|""|"A Level"
141|"2018"|"A*(8-9)"|"25"|"20180829160856"|"AA00078"|""|"GCSE"
141|"2018"|"A* - C"|"88"|"20180829160900"|"AA00078"|""|"A Level"
141|"2018"|"A*(8-9)"|"25"|"20180829161050"|"AA00078"|""|"GCSE"
1|"2018"|"A*"|"58"|"20180829162535"|"AA00078"|""|"GCSE"
3|"2018"|"A*"|"34.4"|"20180829164509"|"AA00078"|""|"GCSE"
3|"2018"|"A*(8-9)"|"34.4"|"20180829164853"|"AA00078"|""|"GCSE"
3|"2018"|""|"41.1"|"20180829164909"|"AA00078"|""|"GCSE"
3|"2018"|"A* - A(7-9)"|"64"|"20180829164929"|"AA00078"|""|"GCSE"
3|"2018"|"A* - B"|"88"|"20180829164933"|"AA00078"|""|"GCSE"
7|"2018"|"A* - A"|"15.8"|"20180829181510"|"AA00078"|""|"A Level"
7|"2018"|"A* - B"|"54.1"|"20180829181519"|"AA00078"|""|"A Level"
7|"2018"|"A* - C"|"77.7"|"20180829181534"|"AA00078"|""|"A Level"
7|"2018"|""|"91.3"|"20180829181546"|"AA00078"|""|"A Level"
631|"2018"|"A* - A"|"61"|"20180830155324"|"AA00078"|"International boarders A*-A: 68%"|"A Level"
631|"2018"|"A* - B"|"88"|"20180830155333"|"AA00078"|""|"A Level"
528|"2018"|"A*"|"74.5"|"20180831113820"|"AA00078"|""|"GCSE"
345|"2018"|"A*"|"22"|"20180831160403"|"AA00078"|""|"A Level"
345|"2018"|"A* - A"|"58"|"20180831160406"|"AA00078"|""|"A Level"
345|"2018"|"A* - B"|"84"|"20180831160409"|"AA00078"|""|"A Level"
345|"2018"|"A* - C"|"94"|"20180831160412"|"AA00078"|""|"A Level"
10|"2018"|"A* - A"|"54"|"20180901153615"|"AA00078"|""|"A Level"
4|"2018"|"Distinction - Merit"|"36"|"20180901171334"|"AA00078"|""|"Pre - U"
598|"2018"|"A*"|"83.5"|"20180905182015"|"AA00078"|""|"GCSE"
373|"2018"|"A*"|"47"|"20180906120445"|"AA00078"|""|"GCSE"
3|"2018"|""|"38.2"|"20180907101117"|"AA00078"|"an average score of 38.2 points"|"IB"
3|"2018"|"A* - B"|"75"|"20180907101324"|"AA00078"|""|"A Level"
1|"2018"|"A*"|"28.3"|"20180907175632"|"AA00078"|""|"A Level"
1|"2018"|"A* - A"|"62.2"|"20180907175639"|"AA00078"|""|"A Level"
1|"2018"|"A* - B"|"86.5"|"20180907175648"|"AA00078"|""|"A Level"
1|"2018"|"A*(8-9)"|"58"|"20180907175709"|"AA00078"|""|"GCSE"
1|"2018"|""|"58.9"|"20180907175755"|"AA00078"|""|"GCSE"
1|"2018"|"A*"|"58.9"|"20180907175805"|"AA00078"|""|"GCSE"
1|"2018"|"A* - A(7-9)"|"84.5"|"20180907175831"|"AA00078"|""|"GCSE"
1|"2018"|"A* - B"|"96.4"|"20180907175843"|"AA00078"|""|"GCSE"
2|"2018"|"A*"|"25"|"20180907180144"|"AA00078"|""|"A Level"
2|"2018"|"A* - A(7-9)"|"87"|"20180907180330"|"AA00078"|""|"GCSE"
2|"2018"|""|"87.1"|"20180907180410"|"AA00078"|""|"GCSE"
21|"2018"|"A*(8-9)"|"71.5"|"20180907181657"|"AA00078"|""|"GCSE"
21|"2018"|""|"38"|"20180907181728"|"AA00078"|""|"GCSE"
21|"2018"|"A* - A(7-9)"|"89.7"|"20180907181736"|"AA00078"|""|"GCSE"
21|"2018"|""|"72"|"20180907181759"|"AA00078"|""|"GCSE"
21|"2018"|"A* - C(4-9)"|"99.9"|"20180907181816"|"AA00078"|""|"GCSE"
21|"2018"|""|"100"|"20180907181829"|"AA00078"|""|"GCSE"
21|"2018"|"A*"|"38.2"|"20180907181851"|"AA00078"|""|"A Level"
21|"2018"|"A* - A"|"81.9"|"20180907181901"|"AA00078"|""|"A Level"
21|"2018"|"A* - B"|"98.4"|"20180907181908"|"AA00078"|""|"A Level"
21|"2018"|"A* - C"|"99.9"|"20180907181914"|"AA00078"|""|"A Level"
11|"2018"|"A*"|"38.3"|"20180908095612"|"AA00078"|""|"GCSE"
22|"2018"|"A* - C(4-9)"|"98.9"|"20180908095955"|"AA00078"|""|"GCSE"
22|"2018"|""|"99"|"20180908100613"|"AA00078"|""|"GCSE"
22|"2018"|"A*"|"16.8"|"20180908100649"|"AA00078"|""|"A Level"
22|"2018"|"A* - A"|"53.9"|"20180908100702"|"AA00078"|""|"A Level"
22|"2018"|"A* - B"|"79.7"|"20180908100716"|"AA00078"|""|"A Level"
22|"2018"|"A* - C"|"91.9"|"20180908100734"|"AA00078"|""|"A Level"
22|"2018"|""|"92.1"|"20180908100750"|"AA00078"|""|"A Level"
103|"2018"|"A* - A(7-9)"|"80"|"20180908165524"|"AA00078"|"over 80 per cent of all GCSE results were graded A*-A or equivalent grade on the new numeric scale"|"GCSE"
103|"2018"|""|"82"|"20180908165540"|"AA00078"|"over 80 per cent of all GCSE results were graded A*-A or equivalent grade on the new numeric scale"|"GCSE"
12|"2018"|"A*(8-9)"|"70"|"20180908165831"|"AA00078"|""|"GCSE"
12|"2018"|""|"64"|"20180908165847"|"AA00078"|""|"GCSE"
12|"2018"|"A* - A(7-9)"|"90"|"20180908165911"|"AA00078"|""|"GCSE"
12|"2018"|""|"92"|"20180908165922"|"AA00078"|""|"GCSE"
12|"2018"|"A* - C"|"100"|"20180908170006"|"AA00078"|""|"GCSE"
12|"2018"|"A* - A"|"0"|"20180908170051"|"AA00078"|"nearly two-thirds of all grades being A* or A, or their Pre-U equivalent"|"A Level"
533|"2018"|"A*"|"18.2"|"20180913171127"|"AA00078"|""|"A Level"
533|"2018"|"A* - A"|"52.6"|"20180913171135"|"AA00078"|""|"A Level"
533|"2018"|"A* - B"|"79.1"|"20180913171148"|"AA00078"|""|"A Level"
533|"2018"|"A*(8-9)"|"47.4"|"20180913171220"|"AA00078"|""|"GCSE"
533|"2018"|""|"48"|"20180913171230"|"AA00078"|""|"GCSE"
533|"2018"|"A* - A(7-9)"|"73.3"|"20180913171321"|"AA00078"|""|"GCSE"
533|"2018"|""|"74"|"20180913171332"|"AA00078"|""|"GCSE"
533|"2018"|"A* - B"|"90.8"|"20180913171345"|"AA00078"|""|"GCSE"
547|"2018"|"A* - A"|"42.5"|"20180919150315"|"AA00078"|""|"A Level"
21|"2018"|"A*(8-9)"|"38"|"20180920180445"|"AA00078"|""|"GCSE"
21|"2018"|""|"39"|"20180920180608"|"AA00078"|""|"GCSE"
21|"2018"|""|"100"|"20180920180618"|"AA00078"|""|"A Level"
1|"2018"|""|"83.7"|"20180920180646"|"AA00078"|""|"GCSE"
3|"2018"|"A* - A"|"56"|"20180925165301"|"AA00078"|""|"A Level"
3|"2018"|"A* - B"|"75"|"20180925165311"|"AA00078"|"AL, IB & BTEC combined: 78.4%"|"A Level"
6|"2018"|"A* - A"|"70"|"20180925170512"|"AA00078"|""|"A Level"
6|"2018"|"A* - B"|"91"|"20180925170521"|"AA00078"|""|"A Level"
6|"2018"|"A*(8-9)"|"62"|"20180925170555"|"AA00078"|""|"GCSE"
6|"2018"|""|"61"|"20180925170604"|"AA00078"|""|"GCSE"
7|"2018"|""|"38.2"|"20180925173348"|"AA00078"|""|"IB"
11|"2018"|"A* - A"|"56"|"20180925175845"|"AA00078"|""|"A Level"
11|"2018"|"A* - B"|"80"|"20180925175916"|"AA00078"|"over 80% of all grades were at A* to B level"|"A Level"
11|"2018"|"A* - A(7-9)"|"65.6"|"20180925180000"|"AA00078"|""|"A Level"
13|"2018"|"A* - A"|"53"|"20180925181259"|"AA00078"|""|"A Level"
50|"2018"|"A* - A"|"59"|"20181009145211"|"AA00078"|"IB & AL combined"|"A Level"
50|"2018"|"A* - B"|"84"|"20181009145227"|"AA00078"|"IB & AL combined"|"A Level"
50|"2018"|"A* - C"|"95"|"20181009145257"|"AA00078"|"IB & AL combined"|"A Level"
50|"2018"|""|"90.6"|"20181009145306"|"AA00078"|"IB & AL combined: 95%"|"A Level"
58|"2018"|"A*(8-9)"|"43.5"|"20181009151700"|"AA00078"|""|"GCSE"
58|"2018"|""|"43"|"20181009151711"|"AA00078"|""|"GCSE"
58|"2018"|"A* - A"|"40"|"20181009151847"|"AA00078"|"Over 40% of grades achieved by students were A*/A’s"|"A Level"
58|"2018"|"A* - C"|"91"|"20181009151927"|"AA00078"|""|"A Level"
58|"2018"|""|"91.5"|"20181009151935"|"AA00078"|""|"A Level"
101|"2018"|"A* - A"|"88"|"20181009153813"|"AA00078"|""|"A Level"
110|"2018"|"A* - A"|"48"|"20181009155435"|"AA00078"|""|"A Level"
159|"2018"|"A* - B"|"12"|"20181016124849"|"AA00073"|""|"A Level"
524|"2018"|"A* - C"|"88"|"20181016125318"|"AA00078"|""|"A Level"
524|"2018"|""|"86"|"20181016125431"|"AA00073"|""|"A Level"
655|"2018"|"A*"|"38"|"20181018161018"|"AA00078"|""|"A Level"
655|"2018"|"A* - A"|"67"|"20181018161029"|"AA00078"|""|"A Level"
20|"2018"|"A*"|"25"|"20181018161444"|"AA00078"|""|"A Level"
20|"2018"|"A* - A"|"63"|"20181018161456"|"AA00078"|""|"A Level"
20|"2018"|"A* - C"|"98"|"20181018161507"|"AA00078"|""|"A Level"
133|"2018"|"A* - B"|"62"|"20181018162634"|"AA00078"|""|"A Level"
159|"2018"|"A*"|"30"|"20181018163140"|"AA00073"|""|"GCSE"
159|"2018"|"A* - A"|"50"|"20181018163152"|"AA00073"|""|"GCSE"
211|"2018"|"A* - A(7-9)"|"69.3"|"20181018170718"|"AA00078"|""|"GCSE"
211|"2018"|""|"71"|"20181018170732"|"AA00078"|""|"GCSE"
211|"2018"|"A* - C(8-9)"|"98.4"|"20181018170753"|"AA00078"|""|"GCSE"
211|"2018"|"A*(8-9)"|"47.1"|"20181018170832"|"AA00078"|""|"GCSE"
211|"2018"|""|"40.2"|"20181018170841"|"AA00078"|""|"GCSE"
211|"2018"|"A* - A(7-9)"|"71"|"20181018170856"|"AA00078"|""|"GCSE"
211|"2018"|"A* - B"|"89.1"|"20181018170907"|"AA00078"|""|"GCSE"
211|"2018"|"A* - C(8-9)"|"98.6"|"20181018170921"|"AA00078"|""|"GCSE"
211|"2018"|"A* - B"|"75.3"|"20181018170940"|"AA00078"|""|"A Level"
323|"2018"|"A* - C(4-9)"|"98"|"20181018171149"|"AA00078"|""|"GCSE"
373|"2018"|"A* - C"|"98"|"20181019110757"|"AA00078"|""|"GCSE"
413|"2018"|"A*"|"27.3"|"20181019111955"|"AA00073"|""|"GCSE"
413|"2018"|"A* - A"|"50.5"|"20181019112012"|"AA00073"|""|"GCSE"
413|"2018"|"A* - C(4-9)"|"91.4"|"20181019112052"|"AA00078"|""|"A Level"
423|"2018"|"A*(8-9)"|"40"|"20181019113526"|"AA00078"|""|"GCSE"
423|"2018"|""|"26"|"20181019113538"|"AA00078"|""|"GCSE"
423|"2018"|"A* - A(7-9)"|"61"|"20181019113553"|"AA00078"|""|"GCSE"
423|"2018"|"A* - C(4-9)"|"95"|"20181019113606"|"AA00078"|""|"GCSE"
423|"2018"|"A*"|"17"|"20181019113641"|"AA00078"|""|"A Level"
423|"2018"|"A* - A"|"42"|"20181019113647"|"AA00078"|""|"A Level"
423|"2018"|"A* - B"|"74"|"20181019113654"|"AA00078"|""|"A Level"
423|"2018"|"A* - C"|"90"|"20181019113700"|"AA00078"|""|"A Level"
508|"2018"|"A*"|"18"|"20181019115453"|"AA00073"|""|"GCSE"
508|"2018"|"A* - A"|"58"|"20181019115505"|"AA00073"|""|"GCSE"
423|"2018"|""|"92"|"20181019120107"|"AA00078"|""|"A Level"
511|"2018"|"A*"|"17"|"20181019120927"|"AA00073"|""|"GCSE"
511|"2018"|"A* - A"|"33"|"20181019121005"|"AA00073"|""|"GCSE"
524|"2018"|"A*"|"43"|"20181019122428"|"AA00073"|""|"GCSE"
524|"2018"|"A* - A"|"46"|"20181019122439"|"AA00073"|""|"GCSE"
218|"2017"|"A*"|"32"|"20181022110609"|"AA00073"|""|"GCSE"
218|"2017"|"A* - A"|"61"|"20181022110616"|"AA00073"|""|"GCSE"
30051|"2017"|"A* - A"|"26"|"20181022110835"|"AA00078"|""|"A Level"
257|"2017"|"A*"|"27.8"|"20181022111045"|"AA00073"|""|"GCSE"
257|"2017"|"A* - A"|"57.3"|"20181022111054"|"AA00073"|""|"GCSE"
257|"2017"|"A* - B"|"83.1"|"20181022111102"|"AA00079"|""|"GCSE"
257|"2017"|"A* - A"|"57.7"|"20181022111140"|"AA00073"|""|"A Level"
621|"2017"|"A* - A"|"35.2"|"20181022114738"|"AA00073"|""|"GCSE"
621|"2017"|"A* - A"|"34.3"|"20181022114823"|"AA00073"|""|"A Level"
621|"2017"|"A* - B"|"58.6"|"20181022114837"|"AA00073"|""|"A Level"
544|"2018"|"A* - A"|"50.4"|"20181024103219"|"AA00078"|""|"GCSE"
544|"2018"|"A* - C"|"96"|"20181024103228"|"AA00078"|""|"GCSE"
265|"2017"|"A* - B"|"66"|"20181024111114"|"AA00073"|""|"A Level"
299|"2017"|"A*"|"23.5"|"20181024111602"|"AA00073"|""|"GCSE"
299|"2017"|"A* - A"|"51.3"|"20181024111617"|"AA00073"|""|"GCSE"
299|"2017"|"A*"|"9.2"|"20181024111701"|"AA00073"|""|"A Level"
299|"2017"|"A* - A"|"38.2"|"20181024111741"|"AA00073"|""|"A Level"
299|"2017"|"A* - B"|"64.5"|"20181024111757"|"AA00073"|""|"A Level"
377|"2017"|"A* - A"|"64"|"20181024112742"|"AA00073"|""|"GCSE"
377|"2017"|"A* - A"|"40"|"20181024112930"|"AA00073"|""|"A Level"
431|"2018"|"A* - A"|"92"|"20181024183129"|"AA00078"|""|"GCSE"
11|"2017"|"A*"|"20.4"|"20181025103002"|"AA00078"|""|"A Level"
11|"2017"|"A* - A"|"50.1"|"20181025103012"|"AA00078"|""|"A Level"
11|"2017"|"A* - B"|"78.9"|"20181025103023"|"AA00078"|""|"A Level"
11|"2017"|"A* - C"|"91.6"|"20181025103036"|"AA00078"|""|"A Level"
480|"2017"|"A* - A"|"21"|"20181025103332"|"AA00073"|""|"A Level"
480|"2017"|"A* - B"|"54"|"20181025103341"|"AA00073"|""|"A Level"
480|"2017"|"A* - A"|"41"|"20181025103419"|"AA00078"|""|"A Level"
480|"2017"|"A* - B"|"67"|"20181025103427"|"AA00078"|""|"A Level"
455|"2017"|"A*"|"24"|"20181025104406"|"AA00073"|""|"GCSE"
455|"2017"|"A* - A"|"54"|"20181025104416"|"AA00073"|""|"GCSE"
455|"2017"|"A* - A"|"49"|"20181025104523"|"AA00073"|""|"A Level"
455|"2017"|"A* - B"|"70"|"20181025104534"|"AA00073"|""|"A Level"
464|"2017"|"A*"|"31"|"20181025104919"|"AA00073"|""|"GCSE"
464|"2017"|"A* - B"|"85"|"20181025104930"|"AA00073"|""|"GCSE"
464|"2017"|"A* - B"|"56"|"20181025105005"|"AA00078"|""|"GCSE"
464|"2017"|"A*"|"20"|"20181025105044"|"AA00073"|""|"A Level"
464|"2017"|"A* - A"|"41"|"20181025105052"|"AA00073"|""|"A Level"
464|"2017"|"A* - B"|"83"|"20181025105102"|"AA00073"|""|"A Level"
507|"2017"|"A*"|"15.6"|"20181025105555"|"AA00073"|""|"GCSE"
507|"2017"|"A* - A"|"47.7"|"20181025105607"|"AA00073"|""|"GCSE"
507|"2017"|"A*"|"10.4"|"20181025105651"|"AA00032"|""|"A Level"
507|"2017"|"A* - A"|"29.2"|"20181025105658"|"AA00032"|""|"A Level"
507|"2017"|"A* - B"|"47.9"|"20181025105706"|"AA00032"|""|"A Level"
544|"2017"|"A*"|"15"|"20181025110420"|"AA00073"|""|"A Level"
544|"2017"|"A* - A"|"49.5"|"20181025110429"|"AA00073"|""|"A Level"
544|"2017"|"A* - B"|"70"|"20181025110439"|"AA00073"|""|"A Level"
545|"2017"|"A*"|"24.7"|"20181025113521"|"AA00078"|""|"GCSE"
545|"2017"|"A* - A"|"52.4"|"20181025113532"|"AA00078"|""|"GCSE"
545|"2017"|"A* - B"|"77.7"|"20181025113543"|"AA00078"|""|"GCSE"
545|"2017"|"A*"|"17"|"20181025113614"|"AA00073"|""|"A Level"
558|"2017"|"A*"|"16"|"20181025114142"|"AA00073"|""|"A Level"
558|"2017"|"A* - A"|"41"|"20181025114146"|"AA00073"|""|"A Level"
570|"2017"|"A*"|"12.2"|"20181025114957"|"AA00073"|""|"GCSE"
570|"2017"|"A* - A"|"24.7"|"20181025115002"|"AA00073"|""|"GCSE"
570|"2017"|"A*"|"1.6"|"20181025115039"|"AA00073"|""|"A Level"
570|"2017"|"A* - A"|"7.5"|"20181025115043"|"AA00073"|""|"A Level"
570|"2017"|"A* - B"|"36.7"|"20181025115054"|"AA00073"|""|"A Level"
575|"2017"|"A*"|"25"|"20181025120427"|"AA00073"|""|"GCSE"
575|"2017"|"A* - A"|"75"|"20181025120443"|"AA00073"|""|"GCSE"
15|"2017"|"A* - A"|"50"|"20181025135748"|"AA00073"|"approx. only.  Less than 50% gets A*-A.  School has not released actual data."|"A Level"
591|"2017"|"A*"|"17.8"|"20181025164940"|"AA00073"|""|"GCSE"
591|"2017"|"A* - A"|"38"|"20181025164951"|"AA00073"|""|"GCSE"
596|"2017"|"A* - A"|"37.8"|"20181025170029"|"AA00073"|""|"A Level"
599|"2017"|"A* - A"|"38.5"|"20181025170247"|"AA00032"|""|"A Level"
61|"2017"|"A* - A"|"50"|"20181025172509"|"AA00073"|""|"A Level"
61|"2017"|"A* - B"|"80"|"20181025172521"|"AA00073"|""|"A Level"
88|"2017"|"A* - A"|"26"|"20181025173124"|"AA00073"|""|"GCSE"
88|"2017"|"A* - A"|"31"|"20181025173316"|"AA00073"|""|"A Level"
88|"2017"|"A* - B"|"64"|"20181025173342"|"AA00073"|""|"A Level"
136|"2017"|"A*"|"44"|"20181025181604"|"AA00073"|""|"GCSE"
136|"2017"|"A* - A"|"71.2"|"20181025181615"|"AA00073"|""|"GCSE"
136|"2017"|"A*"|"16.8"|"20181025181658"|"AA00073"|""|"A Level"
136|"2017"|"A* - A"|"49.6"|"20181025181706"|"AA00073"|""|"A Level"
136|"2017"|"A* - B"|"76.2"|"20181025181714"|"AA00073"|""|"A Level"
278|"2017"|"A* - A"|"63.7"|"20181025181847"|"AA00073"|""|"GCSE"
278|"2017"|"A*"|"18"|"20181025181934"|"AA00078"|""|"A Level"
278|"2017"|"A* - B"|"70"|"20181025181946"|"AA00073"|""|"A Level"
430|"2017"|"A* - A"|"39"|"20181025182232"|"AA00073"|""|"GCSE"
291|"2017"|"A* - A"|"32"|"20181025182537"|"AA00073"|""|"GCSE"
291|"2017"|"A* - B"|"58"|"20181025182642"|"AA00073"|""|"A Level"
40|"2017"|"A*"|"14"|"20181025182908"|"AA00073"|""|"GCSE"
40|"2017"|"A* - A"|"39.1"|"20181025182917"|"AA00073"|""|"GCSE"
28|"2017"|"A*(8-9)"|"24.6"|"20181026104915"|"AA00078"|""|"GCSE"
28|"2017"|""|"22.2"|"20181026104933"|"AA00078"|""|"GCSE"
28|"2017"|"A* - A(7-9)"|"53.6"|"20181026104954"|"AA00078"|""|"GCSE"
28|"2017"|"A* - B(6-9)"|"76.5"|"20181026105011"|"AA00078"|""|"GCSE"
28|"2017"|"A* - B(5-9)"|"76.5"|"20181026105030"|"AA00078"|""|"GCSE"
28|"2017"|"A* - C(4-9)"|"90.8"|"20181026105056"|"AA00078"|""|"GCSE"
28|"2018"|"A*(8-9)"|"20.7"|"20181026105128"|"AA00078"|""|"GCSE"
28|"2018"|"A* - A(7-9)"|"38"|"20181026105137"|"AA00078"|""|"GCSE"
28|"2018"|"A* - B(5-9)"|"74"|"20181026105154"|"AA00078"|""|"GCSE"
28|"2018"|"A* - B(6-9)"|"59.9"|"20181026105206"|"AA00078"|""|"GCSE"
28|"2018"|"A* - C(4-9)"|"88.6"|"20181026105220"|"AA00078"|""|"GCSE"
256|"2018"|""|"37.7"|"20181026124157"|"AA00078"|"Result of Grade A in Higher (equivalent to A Level)"|"A Level"
256|"2018"|"A-B"|"66"|"20181026134844"|"AA00078"|"Result of Advanced Higher (equivalent to A Level)"|"A Level"
256|"2018"|"A*"|"66"|"20181026134856"|"AA00078"|"Result of Advanced Higher (equivalent to A Level)"|"A Level"
256|"2018"|"A-C"|"87.7"|"20181026134929"|"AA00078"|"Result of Advanced Higher (equivalent to A Level)"|"A Level"
256|"2018"|"A*"|"92.3"|"20181026134939"|"AA00078"|"Result of Advanced Higher (equivalent to A Level)"|"A Level"
256|"2018"|""|"37.7"|"20181026134957"|"AA00078"|"Result of Grade A in Higher (equivalent to A Level)"|"A Level"
256|"2018"|""|"37.7"|"20181026135238"|"AA00078"|"Result of Grade A in Higher (equivalent to A Level)"|"A Level"
424|"2017"|"A* - B"|"28.7"|"20181030112655"|"AA00073"|""|"GCSE"
424|"2018"|"A*"|"13.6"|"20181030112848"|"AA00078"|""|"GCSE"
424|"2018"|"A* - A"|"27.8"|"20181030112855"|"AA00078"|""|"GCSE"
208|"2017"|""|"33"|"20181030160125"|"AA00073"|""|"IB"
208|"2018"|"A*"|"23.2"|"20181030160958"|"AA00078"|""|"GCSE"
43|"2018"|""|"64"|"20181031115606"|"AA00078"|"A Level & Pre-U results combined"|"A Level"
493|"2018"|"A* - C"|"99"|"20181031152022"|"AA00078"|""|"GCSE"
55|"2018"|"A* - B"|"49"|"20181031170302"|"AA00078"|""|"GCSE"
61|"2018"|"A* - A"|"52"|"20181031175424"|"AA00078"|""|"A Level"
61|"2018"|"A* - B"|"82"|"20181031175441"|"AA00078"|""|"A Level"
75|"2018"|"A* - B"|"63"|"20181101143322"|"AA00078"|""|"A Level"
75|"2018"|"A* - C"|"100"|"20181101143326"|"AA00078"|""|"A Level"
76|"2018"|"A* - A"|"44"|"20181101145117"|"AA00078"|"A Level and IB results combined"|"A Level"
76|"2018"|"A* - B"|"78"|"20181101145133"|"AA00078"|"A Level and IB results combined"|"A Level"
76|"2018"|"A* - C"|"96"|"20181101145147"|"AA00078"|"A Level and IB results combined"|"A Level"
76|"2018"|""|"95.1"|"20181101145158"|"AA00078"|"A Level and IB results combined: 96%"|"A Level"
78|"2018"|"A* - B"|"47"|"20181101152122"|"AA00078"|""|"A Level"
412|"2018"|"A* - C(4-9)"|"95.2"|"20181106103804"|"AA00078"|"Reformed GCSE 4-9=95.2%, Unreformed GCSE A*-C=87.3%"|"GCSE"
412|"2018"|"A* - A(7-9)"|"38.3"|"20181106104032"|"AA00078"|"Reformed GCSE 7-9=38.3%, Unreformed GCSE A*-A=28%"|"GCSE"
534|"2018"|"A*(8-9)"|"45"|"20181106160238"|"AA00078"|""|"GCSE"
534|"2018"|"A* - A(7-9)"|"67"|"20181106160653"|"AA00078"|"Unreformed GCSE A*-A=71"|"GCSE"
534|"2018"|"A*(8-9)"|"45"|"20181106160705"|"AA00078"|"Unreformed GCSE A*=34"|"GCSE"
88|"2018"|"A* - C"|"74"|"20181106163302"|"AA00069"|""|"A Level"
89|"2018"|"A* - A"|"55"|"20181106163819"|"AA00078"|""|"A Level"
100|"2018"|"A*"|"20"|"20181106171539"|"AA00069"|""|"A Level"
100|"2018"|"A* - A"|"53"|"20181106171702"|"AA00069"|""|"A Level"
100|"2018"|"A* - B"|"78"|"20181106171728"|"AA00069"|""|"A Level"
100|"2018"|"A* - C"|"95"|"20181106171740"|"AA00069"|""|"A Level"
140|"2018"|"A*(8-9)"|"0"|"20181107155550"|"AA00078"|"A third of grades were either 9-8 or A*"|"GCSE"
140|"2018"|"A* - C(4-9)"|"0"|"20181107155613"|"AA00078"|"Over 90% were either 9-4 (GCSE) or A* to C (IGCSE)"|"GCSE"
173|"2018"|"A*(8-9)"|"92.4"|"20181108144949"|"AA00078"|"9= 70.9%"|"GCSE"
173|"2018"|"A* - A(7-9)"|"97.5"|"20181108145023"|"AA00078"|""|"GCSE"
149|"2018"|"A* - A"|"60"|"20181108160234"|"AA00078"|"Almost 60% of all grades achieved by the girls were A or A*"|"A Level"
149|"2018"|"A* - B"|"90"|"20181108160243"|"AA00078"|""|"A Level"
251|"2018"|"A* - B"|"61"|"20190314101520"|"AA00078"|""|"A Level"
149|"2018"|"A*(8-9)"|"63"|"20181108162045"|"AA00078"|"29% of all grades achieved were at the new level 9"|"GCSE"
500|"2018"|"A*"|"56"|"20181108180823"|"AA00078"|"9=29.5%"|"GCSE"
30010|"2018"|"A*"|"45.4"|"20181109115648"|"AA00078"|""|"GCSE"
195|"2018"|"A* - B"|"61.91"|"20181109142352"|"AA00078"|""|"A Level"
177|"2018"|"A* - C(4-9)"|"84.4"|"20181110165029"|"AA00078"|"4=6%"|"GCSE"
286|"2018"|"A* - B"|"42"|"20181114153253"|"AA00078"|""|"A Level"
345|"2018"|""|"94"|"20181116180746"|"AA00078"|"AL/Pre-U combined results"|"A Level"
345|"2018"|"A* - C(4-9)"|"94"|"20181116180805"|"AA00078"|"AL/Pre-U combined results"|"A Level"
468|"2018"|"A* - B"|"83"|"20181122144925"|"AA00078"|""|"A Level"
474|"2018"|"A* - B"|"68"|"20181123134259"|"AA00078"|"5-9= 68%"|"GCSE"
506|"2018"|"A*(8-9)"|"9.5"|"20181129170503"|"AA00078"|"9= 3.2%, 8-9= 9.5%"|"GCSE"
506|"2018"|""|"9.5"|"20181129170512"|"AA00078"|"9= 3.2%, 8-9= 9.5%, A*=5.9%"|"GCSE"
603|"2018"|"A* - C"|"87"|"20181205104912"|"AA00078"|""|"GCSE"
611|"2018"|"A*"|"40"|"20181205112036"|"AA00078"|""|"A Level"
686|"2018"|"A* - A"|"61"|"20181205161935"|"AA00078"|"Results of international students only"|"A Level"
683|"2018"|"A* - A"|"24.1"|"20181205174040"|"AA00078"|""|"A Level"
520|"2018"|"A* - A"|"29.3"|"20190105162217"|"AA00078"|""|"A Level"
520|"2018"|"A* - B"|"29.3"|"20190105162227"|"AA00078"|""|"A Level"
520|"2018"|"A* - C"|"14.1"|"20190105162236"|"AA00078"|""|"A Level"
520|"2018"|""|"92.3"|"20190105162249"|"AA00078"|""|"A Level"
53|"2018"|"A* - A"|"37"|"20190131142104"|"AA00078"|""|"GCSE"
68|"2018"|"A*"|"14.9"|"20190131145917"|"AA00078"|""|"A Level"
68|"2018"|"A* - A"|"42.6"|"20190131145923"|"AA00078"|""|"A Level"
68|"2018"|"A* - B"|"70.2"|"20190131145933"|"AA00078"|""|"A Level"
185|"2018"|"A* - C"|"97"|"20190131152415"|"AA00078"|""|"A Level"
185|"2018"|""|"76"|"20190131152426"|"AA00078"|""|"A Level"
30010|"2018"|"A*(8-9)"|"45.4"|"20190201155619"|"AA00078"|""|"GCSE"
30010|"2018"|"A* - A(7-9)"|"70.8"|"20190201155633"|"AA00078"|""|"GCSE"
30010|"2018"|"A* - B"|"89.2"|"20190201155642"|"AA00078"|""|"GCSE"
30010|"2018"|"A* - C(4-9)"|"98.6"|"20190201155658"|"AA00078"|""|"GCSE"
30010|"2018"|"A*"|"24.6"|"20190201155705"|"AA00078"|""|"A Level"
30010|"2018"|"A* - A"|"59.1"|"20190201155724"|"AA00078"|""|"A Level"
30010|"2018"|"A* - B"|"83.6"|"20190201155731"|"AA00078"|""|"A Level"
30010|"2018"|"A* - C"|"93.6"|"20190201155738"|"AA00078"|""|"A Level"
30010|"2018"|""|"94"|"20190201155749"|"AA00078"|""|"A Level"
344|"2018"|"A* - C"|"94"|"20190201161405"|"AA00078"|""|"A Level"
362|"2018"|"A* - A"|"29"|"20190201165322"|"AA00078"|""|"A Level"
412|"2018"|"A* - A"|"32.3"|"20190201174254"|"AA00078"|""|"A Level"
412|"2018"|"A* - B"|"64.3"|"20190201174303"|"AA00078"|""|"A Level"
412|"2018"|"A* - C"|"88.4"|"20190201174314"|"AA00078"|""|"A Level"
545|"2018"|"A*(8-9)"|"37.9"|"20190201174821"|"AA00078"|"9= 18.5%"|"GCSE"
545|"2018"|"A* - B"|"78.7"|"20190201174834"|"AA00078"|""|"GCSE"
545|"2018"|"A* - C(4-9)"|"97.7"|"20190201174844"|"AA00078"|"5-9= 93.6%"|"GCSE"
545|"2018"|"A*"|"17.2"|"20190201174857"|"AA00078"|""|"A Level"
545|"2018"|"A* - A"|"48.8"|"20190201174911"|"AA00078"|""|"A Level"
545|"2018"|"A* - B"|"74.6"|"20190201174919"|"AA00078"|""|"A Level"
545|"2018"|"A* - C"|"91.4"|"20190201174927"|"AA00078"|""|"A Level"
545|"2018"|""|"92"|"20190201174941"|"AA00078"|""|"A Level"
570|"2018"|"A*(8-9)"|"18"|"20190201180119"|"AA00078"|""|"GCSE"
570|"2018"|"A* - A(7-9)"|"32"|"20190201180142"|"AA00078"|""|"GCSE"
570|"2018"|"A* - B"|"51"|"20190201180154"|"AA00078"|""|"GCSE"
570|"2018"|"A* - C(4-9)"|"86"|"20190201180204"|"AA00078"|""|"GCSE"
570|"2018"|""|"30"|"20190201180301"|"AA00078"|""|"IB"
192|"2018"|"A* - A"|"36"|"20190208153709"|"AA00078"|""|"A Level"
504|"2018"|"A* - A(7-9)"|"55"|"20190208161344"|"AA00078"|""|"GCSE"
554|"2018"|"A*(8-9)"|"25.3"|"20190208170326"|"AA00078"|""|"GCSE"
554|"2018"|"A* - A(7-9)"|"48.1"|"20190208170338"|"AA00078"|""|"GCSE"
554|"2018"|"A* - B"|"68.4"|"20190208170346"|"AA00078"|""|"GCSE"
554|"2018"|"A* - A"|"35.8"|"20190208170406"|"AA00078"|""|"A Level"
554|"2018"|"A* - B"|"59.5"|"20190208170416"|"AA00078"|""|"A Level"
256|"2018"|""|"37.7"|"20190215102834"|"AA00078"|"Result of Higher (equivalent to A Level):
Grade A: 37.7%
Grade A-B: 66%
Grade A-C: 87.7%"|"A Level"
256|"2018"|"A"|"60.6"|"20190215102908"|"AA00078"|"Result of National 5 (equivalent to GCSE)"|"GCSE"
256|"2018"|"A-B"|"79"|"20190215102925"|"AA00078"|"Result of National 5 (equivalent to GCSE)"|"GCSE"
256|"2018"|"A-C"|"92.4"|"20190215102942"|"AA00078"|"Result of National 5 (equivalent to GCSE)"|"GCSE"
256|"2018"|"A"|"38.5"|"20190215103008"|"AA00078"|"Result of Advanced Higher (equivalent to A Level)"|"A Level"
256|"2018"|"A-B"|"66.7"|"20190215103018"|"AA00078"|"Result of Advanced Higher (equivalent to A Level)"|"A Level"
256|"2018"|"A-C"|"92.3"|"20190215103030"|"AA00078"|"Result of Advanced Higher (equivalent to A Level)"|"A Level"
128|"2018"|"A* - A(7-9)"|"88"|"20190215151945"|"AA00078"|""|"GCSE"
412|"2018"|""|"84.4"|"20190215174404"|"AA00078"|""|"A Level"
342|"2018"|"A* - C"|"76"|"20190216121657"|"AA00078"|""|"A Level"
20|"2018"|""|"97"|"20190227143156"|"AA00078"|""|"A Level"
72|"2018"|"A*(9)"|"17"|"20190310204120"|"AA00078"|""|"GCSE"
251|"2018"|"A* - A"|"16"|"20190314101513"|"AA00078"|""|"A Level"
28|"2018"|"A* - B(5-9)"|"70.2"|"20190314110041"|"AA00078"|""|"GCSE"
28|"2018"|"A* - B(6-9)"|"56.3"|"20190314110117"|"AA00078"|""|"GCSE"
40|"2018"|"A* - C(4-9)"|"90"|"20190314121451"|"AA00078"|""|"GCSE"
36|"2018"|""|"39"|"20190314113124"|"AA00078"|"39 point average"|"IB"
36|"2018"|"A*(8-9)"|"52.5"|"20190314113155"|"AA00078"|""|"GCSE"
36|"2018"|"A* - A(7-9)"|"74.5"|"20190314113204"|"AA00078"|""|"GCSE"
15|"2018"|"A* - A"|"60"|"20190316122559"|"AA00078"|""|"A Level"
15|"2018"|"A* - B"|"84"|"20190316122606"|"AA00078"|""|"A Level"
256|"2018"|"A"|"62"|"20190319122858"|"AA00078"|"Result of National 5 (equivalent to GCSE)"|"GCSE"
256|"2018"|"A-B"|"81"|"20190319122911"|"AA00078"|"Result of National 5 (equivalent to GCSE)"|"GCSE"
256|"2018"|"A-C"|"94"|"20190319122918"|"AA00078"|"Result of National 5 (equivalent to GCSE)"|"GCSE"
256|"2018"|""|"39"|"20190319122930"|"AA00078"|"Result of Higher (equivalent to Lower Sixth):
Grade A: 39%
Grade A-B: 62%
Grade A-C: 87%"|"A Level"
256|"2018"|""|"39"|"20190319122958"|"AA00078"|"Result of Higher (equivalent to Lower Sixth):
Grade A: 39%
Grade A-B: 62%
Grade A-C: 87%"|"Higher"
256|"2018"|""|"62"|"20190319123109"|"AA00078"|"Result of National 5 (equivalent to GCSE)"|"National 5"
256|"2018"|"A"|"39"|"20190319123145"|"AA00078"|"Result of Advanced Higher (equivalent to A Level)"|"A Level"
256|"2018"|"A-B"|"67"|"20190319123152"|"AA00078"|"Result of Advanced Higher (equivalent to A Level)"|"A Level"
256|"2018"|"A-C"|"93"|"20190319123158"|"AA00078"|"Result of Advanced Higher (equivalent to A Level)"|"A Level"
136|"2018"|"A* - A"|"48.3"|"20190319173224"|"AA00078"|""|"A Level"
136|"2018"|"A* - B"|"77.2"|"20190319173234"|"AA00078"|""|"A Level"
149|"2018"|"A*(8-9)"|"64"|"20190319180315"|"AA00078"|"29% of all grades achieved were at the new level 9"|"GCSE"
149|"2018"|"A* - A(7-9)"|"84"|"20190319180326"|"AA00078"|""|"GCSE"
45|"2018"|"A* - A"|"45"|"20190320103342"|"AA00078"|""|"A Level"
45|"2018"|"A* - B"|"78"|"20190320103348"|"AA00078"|""|"A Level"
199|"2018"|"A* - B"|"75.4"|"20190320172819"|"AA00078"|""|"A Level"
199|"2018"|"A* - A(7-9)"|"40"|"20190320172842"|"AA00078"|""|"GCSE"
199|"2018"|"A* - C(4-9)"|"94"|"20190320172958"|"AA00078"|"5-9= 82%"|"GCSE"
199|"2018"|""|"94"|"20190320173007"|"AA00078"|"5-9= 82%
4-9 = 94%"|"GCSE"
199|"2018"|"A* - C(4-9)"|"94"|"20190320173033"|"AA00078"|"5-9= 82%
4-9 = 94%"|"GCSE"
255|"2018"|"A*(8-9)"|"5.4"|"20190321120951"|"AA00078"|"Please note: only 5 subjects.  Business studies, CiDA, electronics, graphic product and resistant materials. 
9 = 7.4%"|"GCSE"
255|"2018"|"A* - B"|"73.6"|"20190321121116"|"AA00078"|"6-9 = 51.5%, 5-9 = 73.6%"|"GCSE"
40|"2018"|"A*(8-9)"|"25"|"20190321140209"|"AA00078"|"Over 25% of grades were A*"|"GCSE"
40|"2018"|"A* - A(7-9)"|"81"|"20190321140240"|"AA00078"|""|"GCSE"
40|"2018"|"A* - C(4-9)"|"95"|"20190321140257"|"AA00078"|""|"GCSE"
687|"2018"|"Distinction - Merit"|"38"|"20190321181609"|"AA00078"|""|"Pre - U"
687|"2018"|"Distinction - Pass"|"3"|"20190321181614"|"AA00078"|""|"Pre - U"
155|"2018"|"A* - B"|"70"|"20190322101214"|"AA00078"|""|"A Level"
264|"2018"|"A* - C(4-9)"|"88.3"|"20190322111214"|"AA00078"|""|"A Level"
212|"2018"|"A*(8-9)"|"43.3"|"20190323104356"|"AA00078"|""|"GCSE"
212|"2018"|"A* - A(7-9)"|"68.5"|"20190323104419"|"AA00078"|""|"GCSE"
212|"2018"|"A* - B"|"88.4"|"20190323104443"|"AA00078"|""|"GCSE"
208|"2018"|"A* - C"|"84"|"20190402111058"|"AA00078"|"IB & AL combined result"|"A Level"
213|"2018"|"A* - B"|"42"|"20190411100232"|"AA00078"|""|"A Level"
21|"2018"|"A*"|"40"|"20190413112135"|"AA00078"|""|"A Level"
21|"2018"|"A* - A"|"83"|"20190413112141"|"AA00078"|""|"A Level"
21|"2018"|"A* - B"|"99"|"20190413112154"|"AA00078"|""|"A Level"
21|"2018"|"A* - C"|"100"|"20190413112201"|"AA00078"|""|"A Level"
21|"2018"|""|"99.9"|"20190413112217"|"AA00078"|""|"A Level"
21|"2018"|"A*(8-9)"|"39"|"20190413112336"|"AA00078"|""|"GCSE"
21|"2018"|"A* - A(7-9)"|"72"|"20190413112401"|"AA00078"|""|"GCSE"
21|"2018"|"A* - B"|"90"|"20190413112413"|"AA00078"|""|"GCSE"
21|"2018"|"A* - A(7-9)"|"90.4"|"20190413112437"|"AA00078"|""|"GCSE"
414|"2018"|"A* - A(7-9)"|"46.8"|"20190417112115"|"AA00078"|""|"GCSE"
414|"2018"|"A* - B"|"80.1"|"20190417112119"|"AA00078"|""|"GCSE"
414|"2018"|"A* - C(4-9)"|"94.24"|"20190417112159"|"AA00078"|""|"GCSE"
1|"2019"|"A* - B"|"96"|"20190823121713"|"AA00078"|""|"GCSE"
1|"2019"|"A*(8-9)"|"69.3"|"20190912103416"|"AA00078"|"9 = 41.6%"|"GCSE"
1|"2019"|"A* - A(7-9)"|"86.3"|"20190912103433"|"AA00078"|""|"GCSE"
1|"2019"|"A* - B"|"96"|"20190912103447"|"AA00078"|"9-6 = 96%"|"GCSE"
1|"2019"|"A* - B"|"96.3"|"20190912103453"|"AA00078"|"9-6 = 96%"|"GCSE"
40|"2018"|""|"95"|"20190314121504"|"AA00078"|""|"GCSE"
57|"2018"|"A* - A"|"62"|"20190314135949"|"AA00078"|""|"A Level"
30036|"2018"|"A*(8-9)"|"82"|"20190314141801"|"AA00078"|""|"GCSE"
30003|"2018"|"A* - B"|"79"|"20190314151933"|"AA00078"|""|"A Level"
687|"2018"|"A* - C"|"99"|"20190314155303"|"AA00078"|""|"A Level"
687|"2018"|""|"95.7"|"20190314155313"|"AA00078"|""|"A Level"
133|"2018"|"A* - C"|"97"|"20190314181455"|"AA00078"|""|"GCSE"
134|"2018"|"A* - C"|"93"|"20190314181524"|"AA00078"|""|"GCSE"
140|"2018"|"A* - A(7-9)"|"0"|"20190314182302"|"AA00078"|"Over half of all grades were either 9-7"|"GCSE"
140|"2018"|""|"50"|"20190314182319"|"AA00078"|"Over half of all grades were either 9-7"|"GCSE"
177|"2018"|""|"84.4"|"20190315102337"|"AA00078"|"4= 6%"|"GCSE"
214|"2018"|"A*"|"0"|"20190315114320"|"AA00078"|"- A third of all science grades (Physics, Chemistry and Biology) were A*
- 90% of pupils got at least one A*/ A or the equivalent"|"GCSE"
214|"2018"|"A*(7-9)"|"50"|"20190315114340"|"AA00078"|""|"GCSE"
214|"2018"|"A*(8-9)"|"50"|"20190315114427"|"AA00078"|""|"GCSE"
330|"2017"|""|"25"|"20190315124511"|"AA00073"|""|"GCSE"
330|"2017"|"A*"|"25"|"20190315124541"|"AA00078"|""|"GCSE"
419|"2018"|"A*"|"43.8"|"20190315131811"|"AA00078"|""|"GCSE"
655|"2018"|"Distinction - Pass"|"6"|"20190316100624"|"AA00078"|""|"Pre - U"
655|"2018"|"Distinction"|"54"|"20190316100629"|"AA00078"|""|"Pre - U"
16|"2018"|"A*(8-9)"|"54"|"20190316144046"|"AA00078"|""|"GCSE"
16|"2018"|"A* - A(7-9)"|"77"|"20190316144108"|"AA00078"|""|"GCSE"
16|"2018"|"A*(8-9)"|"55"|"20190316144236"|"AA00078"|""|"GCSE"
16|"2018"|"A* - A(7-9)"|"81"|"20190316144244"|"AA00078"|""|"GCSE"
16|"2018"|"A* - B"|"94"|"20190316144256"|"AA00078"|""|"GCSE"
136|"2018"|"A*(8-9)"|"46"|"20190319173048"|"AA00078"|""|"GCSE"
124|"2018"|"A* - B"|"60"|"20190320102759"|"AA00078"|""|"A Level"
45|"2018"|"A* - A(7-9)"|"39"|"20190320103253"|"AA00078"|""|"GCSE"
115|"2018"|"A* - B"|"70"|"20190320114031"|"AA00078"|""|"A Level"
115|"2018"|"A* - A(7-9)"|"45"|"20190320114333"|"AA00078"|""|"GCSE"
218|"2018"|"A* - A"|"32"|"20190321122229"|"AA00078"|""|"A Level"
218|"2018"|"A* - C(4-9)"|"100"|"20190321122555"|"AA00078"|"9,8,7,6,5,4,A*,A,B,C - 99%"|"GCSE"
218|"2018"|""|"100"|"20190321122611"|"AA00078"|""|"GCSE"
218|"2018"|"A*(8-9)"|"23"|"20190321122739"|"AA00078"|"9 = 10%, 8-9 = 38%"|"GCSE"
218|"2018"|"A* - A(7-9)"|"38"|"20190321122857"|"AA00078"|"7-9 = 42%"|"GCSE"
218|"2018"|"A* - C(4-9)"|"100"|"20190321122932"|"AA00078"|""|"GCSE"
218|"2018"|""|"99"|"20190321122945"|"AA00078"|""|"GCSE"
197|"2018"|"A* - B"|"94"|"20190321143510"|"AA00078"|""|"GCSE"
197|"2018"|"A* - B"|"83"|"20190321143612"|"AA00078"|""|"A Level"
155|"2018"|"A*(9)"|"11"|"20190322101054"|"AA00078"|""|"GCSE"
258|"2018"|"A* - A(7-9)"|"45.5"|"20190322102215"|"AA00078"|""|"GCSE"
258|"2018"|"A* - C(4-9)"|"92.6"|"20190322102303"|"AA00078"|""|"GCSE"
187|"2018"|"A* - C"|"70.1"|"20190322114056"|"AA00078"|""|"GCSE"
290|"2018"|"A* - C"|"74"|"20190322174028"|"AA00078"|""|"A Level"
337|"2018"|"A*"|"13"|"20190402104043"|"AA00078"|""|"A Level"
286|"2018"|"A*(8-9)"|"12"|"20190402153912"|"AA00078"|""|"GCSE"
286|"2018"|"A* - A(7-9)"|"29"|"20190402153926"|"AA00078"|""|"GCSE"
286|"2018"|"A* - B"|"44"|"20190402153937"|"AA00078"|""|"GCSE"
286|"2018"|"A* - C(4-9)"|"81"|"20190402153958"|"AA00078"|""|"GCSE"
213|"2018"|"A* - A(7-9)"|"36.8"|"20190411100358"|"AA00078"|""|"GCSE"
213|"2018"|"A* - C(4-9)"|"91.8"|"20190411100503"|"AA00078"|""|"GCSE"
213|"2018"|"A* - B"|"80"|"20190411100514"|"AA00078"|"5-9 = 80%"|"GCSE"
394|"2018"|"A* - A(7-9)"|"72"|"20190416110207"|"AA00078"|""|"GCSE"
418|"2018"|"A*(8-9)"|"57"|"20190423121801"|"AA00078"|""|"GCSE"
418|"2018"|"A*"|"19.7"|"20190423122113"|"AA00078"|""|"A Level"
418|"2018"|"A* - A"|"60.9"|"20190423122117"|"AA00078"|""|"A Level"
418|"2018"|"A* - B"|"85.7"|"20190423122120"|"AA00078"|""|"A Level"
418|"2018"|"A* - C"|"96.5"|"20190423122124"|"AA00078"|""|"A Level"
418|"2018"|""|"96.5"|"20190423122138"|"AA00078"|"AL & Pre-U combined result"|"A Level"
398|"2018"|"A* - A(7-9)"|"0"|"20190423153347"|"AA00078"|"Over half of all grades awarded were A* or A or the equivalent grade of 7 or higher on the new 9 - 1 scale"|"GCSE"
422|"2018"|"A*(8-9)"|"33.9"|"20190423181702"|"AA00078"|""|"GCSE"
422|"2018"|"A* - A(7-9)"|"51.1"|"20190423181714"|"AA00078"|""|"GCSE"
422|"2018"|"A* - C(4-9)"|"94.4"|"20190423181729"|"AA00078"|""|"GCSE"
422|"2018"|"A* - A"|"45.1"|"20190423181757"|"AA00078"|""|"A Level"
422|"2018"|"A* - B"|"63.7"|"20190423181804"|"AA00078"|""|"A Level"
494|"2018"|"A* - B"|"70"|"20190424164645"|"AA00078"|""|"A Level"
494|"2018"|"A* - A(7-9)"|"62"|"20190424164746"|"AA00078"|""|"GCSE"
507|"2018"|"A*(8-9)"|"29.2"|"20190424180745"|"AA00078"|""|"GCSE"
507|"2018"|"A* - A(7-9)"|"49.9"|"20190424180756"|"AA00078"|""|"GCSE"
507|"2018"|"A* - C(4-9)"|"90.1"|"20190424180807"|"AA00078"|""|"GCSE"
455|"2018"|"A*(8-9)"|"38"|"20190425142238"|"AA00078"|""|"GCSE"
455|"2018"|"A* - A(7-9)"|"60"|"20190425142249"|"AA00078"|""|"GCSE"
455|"2018"|"A* - C(4-9)"|"98"|"20190425142309"|"AA00078"|""|"GCSE"
524|"2018"|"A*(8-9)"|"43"|"20190426112052"|"AA00078"|""|"GCSE"
524|"2018"|"A* - A(7-9)"|"46"|"20190426112232"|"AA00078"|""|"GCSE"
524|"2018"|"A* - B"|"76"|"20190426112245"|"AA00073"|""|"GCSE"
524|"2018"|"A* - C(4-9)"|"90"|"20190426112403"|"AA00078"|""|"GCSE"
524|"2018"|"A* - C(4-9)"|"90.24"|"20190426112425"|"AA00078"|"A*-C = 85%; Combined A*-C and 4-9 = 90.24%"|"GCSE"
524|"2018"|""|"90.24"|"20190426112515"|"AA00078"|"A*-C = 85%; Combined 4-9 and A*-C = 90.24%"|"GCSE"
524|"2018"|"A*"|"16"|"20190426112535"|"AA00073"|""|"A Level"
524|"2018"|"A* - A"|"46"|"20190426112542"|"AA00078"|""|"A Level"
524|"2018"|"A* - B"|"61"|"20190426112549"|"AA00073"|""|"A Level"
467|"2018"|"A*(8-9)"|"29"|"20190426120322"|"AA00078"|""|"GCSE"
467|"2018"|"A* - A(7-9)"|"41"|"20190426120332"|"AA00078"|""|"GCSE"
467|"2018"|"A* - A"|"21"|"20190426120349"|"AA00078"|""|"A Level"
21|"2020"|"A* - C"|"NP"|"20200909125415"|"AA00078"|""|"A Level"
582|"2018"|"A*"|"57.5"|"20190426162831"|"AA00078"|"AL and Pre-U results combined"|"A Level"
582|"2018"|"A* - A"|"88.1"|"20190426162857"|"AA00078"|"AL and Pre-U results combined"|"A Level"
409|"2018"|"A*"|"5"|"20190426163315"|"AA00078"|""|"A Level"
409|"2018"|"A*"|"18"|"20190426163328"|"AA00078"|""|"A Level"
409|"2018"|"A* - B"|"43"|"20190426163337"|"AA00078"|""|"A Level"
409|"2018"|"A* - A(7-9)"|"47"|"20190426163412"|"AA00078"|""|"GCSE"
409|"2018"|"A* - C(4-9)"|"95"|"20190426163457"|"AA00078"|""|"GCSE"
627|"2018"|"A*(8-9)"|"13"|"20190427143057"|"AA00078"|"9= 13%"|"GCSE"
456|"2018"|"A* - B"|"67"|"20190430110607"|"AA00078"|"6-9 = 67%"|"GCSE"
456|"2018"|"A* - B"|"67"|"20190430111027"|"AA00078"|"6-9 = 67%; 5-9 = 86%"|"GCSE"
543|"2018"|"A* - C(4-9)"|"98"|"20190430150459"|"AA00078"|"Day students A*-C =91%; Boarding students A*-C =98%"|"A Level"
30046|"2018"|"A*"|"37"|"20190430153140"|"AA00078"|"International pupils' AL results"|"A Level"
30046|"2018"|"A* - A"|"67"|"20190430153154"|"AA00078"|"International pupils' AL results"|"A Level"
30046|"2018"|"A* - B"|"80"|"20190430153208"|"AA00078"|"International pupils' AL results"|"A Level"
30046|"2018"|"A* - C"|"93"|"20190430153227"|"AA00078"|"International pupils' AL results"|"A Level"
30046|"2018"|"A* - B"|"71.6"|"20190430153245"|"AA00078"|"International pupils' AL results= 80%"|"A Level"
30046|"2018"|"A* - C"|"93.9"|"20190430153255"|"AA00078"|"International pupils' AL results= 93%"|"A Level"
607|"2018"|"A* - A"|"31"|"20190430171025"|"AA00078"|""|"A Level"
607|"2018"|"A*(8-9)"|"28"|"20190430171107"|"AA00078"|""|"GCSE"
607|"2018"|""|"27"|"20190430171116"|"AA00078"|"A*(9) = 12%"|"GCSE"
607|"2018"|"A*(8-9)"|"27"|"20190430171220"|"AA00078"|"A*(9) = 12%"|"GCSE"
607|"2018"|"A* - C"|"96"|"20190430171311"|"AA00078"|""|"GCSE"
30054|"2018"|"A*(8-9)"|"65.9"|"20190502121729"|"AA00078"|"9 = 25.6%"|"GCSE"
573|"2018"|"A* - B"|"25.1"|"20190502140158"|"AA00078"|""|"A Level"
573|"2018"|"A* - A"|"41.4"|"20190502140211"|"AA00078"|""|"A Level"
9|"2017"|""|"57"|"20190521102014"|"AA00073"|""|"GCSE"
340|"2018"|"A* - C(4-9)"|"85"|"20190522112916"|"AA00078"|""|"GCSE"
30027|"2018"|"A* - A(7-9)"|"68"|"20190528101112"|"AA00078"|"GCSE & National 5 = 68%"|"GCSE"
30027|"2018"|"A* - A(7-9)"|"68.5"|"20190528101153"|"AA00078"|"GCSE = 53.3% ; GCSE & National 5 combined = 68.5%"|"GCSE"
30027|"2018"|"A*-B"|"86"|"20190528101641"|"AA00078"|"AS Level & Higher combined = 86%"|"Higher"
556|"2018"|"A* - A"|"50"|"20190531112640"|"AA00078"|""|"A Level"
556|"2018"|"A* - C"|"94"|"20190531112652"|"AA00078"|""|"A Level"
262|"2017"|"A*"|"23"|"20190726181241"|"AA00073"|""|"GCSE"
262|"2017"|"A* - A"|"50"|"20190726181245"|"AA00073"|""|"GCSE"
262|"2017"|"A*"|"10"|"20190726181249"|"AA00073"|""|"A Level"
262|"2017"|"A* - A"|"31"|"20190726181252"|"AA00073"|""|"A Level"
262|"2017"|"A* - B"|"60"|"20190726181257"|"AA00073"|""|"A Level"
643|"2017"|"A*"|"23"|"20190726181450"|"AA00078"|""|"GCSE"
643|"2017"|"A* - A"|"50"|"20190726181454"|"AA00078"|""|"GCSE"
643|"2017"|"A*"|"10"|"20190726181459"|"AA00078"|""|"A Level"
643|"2017"|"A* - A"|"31"|"20190726181503"|"AA00078"|""|"A Level"
643|"2017"|"A* - B"|"60"|"20190726181508"|"AA00078"|""|"A Level"
413|"2019"|"A* - A"|"45"|"20190906101829"|"AA00078"|""|"A Level"
413|"2019"|"A* - B"|"68"|"20190906101844"|"AA00078"|""|"A Level"
1|"2019"|"A* - C(4-9)"|"99.2"|"20190912103507"|"AA00078"|""|"GCSE"
1|"2019"|"A* - A"|"68.2"|"20190912103521"|"AA00078"|""|"A Level"
1|"2019"|"A* - B"|"90.2"|"20190912103532"|"AA00078"|""|"A Level"
21|"2019"|"A*(8-9)"|"78.5"|"20190912104107"|"AA00078"|""|"GCSE"
21|"2019"|""|"78.5"|"20190912104143"|"AA00078"|"9 = 52%"|"GCSE"
21|"2019"|"A* - A(7-9)"|"93.6"|"20190912104201"|"AA00078"|""|"GCSE"
21|"2019"|"A*"|"41.5"|"20190912104240"|"AA00078"|""|"A Level"
21|"2019"|"A* - A"|"80.5"|"20190912104248"|"AA00078"|""|"A Level"
21|"2019"|"A* - C"|"99.9"|"20190912104256"|"AA00078"|""|"A Level"
21|"2019"|""|"100"|"20190912104306"|"AA00078"|""|"A Level"
4|"2019"|"A*(8-9)"|"50"|"20190912110708"|"AA00078"|""|"GCSE"
4|"2019"|""|"50"|"20190912110719"|"AA00078"|"Over 50% of our pupils' grades were 8-9 (A*)"|"GCSE"
11|"2019"|"A* - A(7-9)"|"42.8"|"20190912122758"|"AA00078"|""|"GCSE"
22|"2019"|"A* - A"|"69"|"20190912140337"|"AA00078"|""|"A Level"
22|"2019"|"A* - B"|"84.6"|"20190912140347"|"AA00078"|""|"A Level"
32|"2019"|"A* - B"|"50"|"20191002154243"|"AA00078"|""|"A Level"
32|"2019"|"A* - C"|"75"|"20191002154430"|"AA00078"|""|"A Level"
32|"2019"|""|"75"|"20191002154448"|"AA00078"|"Over three quarters achieved either an A*,A,B or C"|"A Level"
130|"2019"|"A*(9)"|"47"|"20191003144327"|"AA00078"|"9 = 47%"|"GCSE"
241|"209"|"A* - B"|"85"|"20191008103109"|"AA00078"|""|"GCSE"
88|"2019"|"A* - C(4-9)"|"76"|"20191008110731"|"AA00078"|""|"GCSE"
325|"2019"|"A* - A(7-9)"|"50"|"20191009102918"|"AA00078"|"Over half of all entries achieving grades 9 - 7/ A* - A"|"GCSE"
325|"2019"|""|"75"|"20191009102933"|"AA00078"|""|"GCSE"
40|"2019"|"A*(8-9)"|"70"|"20191009111417"|"AA00078"|""|"GCSE"
68|"2019"|"A*"|"36"|"20191009115925"|"AA00078"|""|"A Level"
68|"2019"|"A* - A"|"55"|"20191009115938"|"AA00078"|""|"A Level"
68|"2019"|"A* - B"|"83"|"20191009115947"|"AA00078"|""|"A Level"
68|"2019"|"A* - C"|"96"|"20191009115955"|"AA00078"|""|"A Level"
68|"2019"|""|"87"|"20191009120005"|"AA00078"|""|"A Level"
214|"2019"|"A* - B"|"60"|"20191009155529"|"AA00078"|""|"A Level"
214|"2019"|"A*(8-9)"|"37"|"20191009155603"|"AA00078"|""|"GCSE"
182|"2019"|"A* - A(7-9)"|"70"|"20191009163123"|"AA00078"|""|"GCSE"
182|"2019"|"A* - B"|"82"|"20191009163146"|"AA00078"|""|"A Level"
389|"2019"|"A* - C"|"90"|"20191009180910"|"AA00078"|""|"GCSE"
40|"2019"|"A* - B"|"70"|"20191011105710"|"AA00078"|""|"GCSE"
40|"2019"|"A* - A(7-9)"|"31.3"|"20191011105728"|"AA00078"|""|"GCSE"
438|"2019"|"A* - B"|"89"|"20191011112138"|"AA00078"|"6-9 = 72%
5-9 = 89%"|"GCSE"
438|"2019"|"A*(8-9)"|"29"|"20191011112151"|"AA00078"|"9 = 13%
8-9 = 29%"|"GCSE"
58|"2019"|"A*"|"19"|"20191012101546"|"AA00078"|""|"A Level"
58|"2019"|"A* - A"|"55"|"20191012101555"|"AA00078"|""|"A Level"
58|"2019"|"A* - B"|"80"|"20191012101608"|"AA00078"|""|"A Level"
58|"2019"|"A*(8-9)"|"60"|"20191012101646"|"AA00078"|"9 = 34%"|"GCSE"
58|"2019"|""|"41.8"|"20191012101657"|"AA00078"|"9 = 18.7%"|"GCSE"
302|"2019"|"A* - C(4-9)"|"96"|"20191012111214"|"AA00078"|""|"GCSE"
302|"2019"|"A*"|"19"|"20191012111226"|"AA00078"|""|"A Level"
302|"2019"|"A* - B"|"73"|"20191012111235"|"AA00078"|""|"A Level"
302|"2019"|"A* - C"|"89"|"20191012111253"|"AA00078"|""|"A Level"
413|"2019"|"A* - C(4-9)"|"95.8"|"20191012112345"|"AA00078"|""|"GCSE"
511|"2019"|"A* - C(4-9)"|"86.9"|"20191012115951"|"AA00078"|""|"GCSE"
211|"2019"|"A* - B"|"29.91"|"20191012120222"|"AA00078"|""|"A Level"
211|"2019"|"A* - A"|"28.97"|"20191012120446"|"AA00078"|""|"A Level"
439|"2019"|"A*"|"22"|"20191012174501"|"AA00078"|""|"A Level"
439|"2019"|"A* - A"|"37"|"20191012174506"|"AA00078"|""|"A Level"
439|"2019"|"A* - B"|"64"|"20191012174510"|"AA00078"|""|"A Level"
439|"2019"|"A* - C"|"86"|"20191012174514"|"AA00078"|""|"A Level"
439|"2019"|""|"86"|"20191012174524"|"AA00078"|"Combined A level and BTEC results"|"A Level"
299|"2019"|"A* - B"|"63"|"20191015105807"|"AA00078"|""|"A Level"
299|"2019"|"A* - A"|"31"|"20191015105810"|"AA00078"|""|"A Level"
299|"2019"|"A*"|"13"|"20191015105815"|"AA00078"|""|"A Level"
40|"2019"|"A* - C(4-9)"|"92"|"20191016103820"|"AA00078"|""|"GCSE"
592|"2019"|"A*(8-9)"|"21.4"|"20191018105135"|"AA00078"|"A*-A = 11.48%; 8-9 = 21.4%"|"GCSE"
492|"2019"|"A*"|"17"|"20191021140031"|"AA00078"|""|"A Level"
492|"2019"|"A* - A"|"32"|"20191021140038"|"AA00078"|""|"A Level"
76|"2019"|"A*(8-9)"|"18.5"|"20191025114456"|"AA00078"|"9 = 18.5"|"GCSE"
422|"2019"|"A* - A"|"36.1"|"20191026155317"|"AA00078"|""|"A Level"
422|"2019"|"A* - A(7-9)"|"36.1"|"20191026155329"|"AA00078"|""|"A Level"
255|"2019"|"A* - C"|"75"|"20191029100259"|"AA00078"|""|"A Level"
574|"2019"|"A* - A(7-9)"|"50"|"20191029111557"|"AA00078"|"A*-A: Almost half of grades"|"GCSE"
574|"2019"|""|"50"|"20191029111607"|"AA00078"|"A*-A: Almost half of all grades"|"GCSE"
611|"2019"|"A* - B"|"71"|"20191029170420"|"AA00078"|"6-9 = 71%"|"GCSE"
58|"2019"|"A* - A"|"56.2"|"20191031100341"|"AA00078"|""|"A Level"
686|"2019"|"A* - B"|"58.4"|"20191102100103"|"AA00078"|""|"A Level"
30059|"2019"|"A* - C"|"76"|"20191107140946"|"AA00078"|""|"GCSE"
506|"2019"|"A*(8-9)"|"12"|"20191114175619"|"AA00078"|"9 = 3.7%"|"GCSE"
510|"2019"|"A*(8-9)"|"10.8"|"20191116115649"|"AA00078"|""|"GCSE"
510|"2019"|""|"10.8"|"20191116115757"|"AA00078"|"9 = 10.8%"|"GCSE"
510|"2019"|"A* - A(7-9)"|"86.1"|"20191116120212"|"AA00078"|""|"GCSE"
342|"2019"|"A* - B"|"54.8"|"20191129100726"|"AA00032"|""|"A Level"
342|"2019"|"A* - A"|"30.1"|"20191129100734"|"AA00032"|""|"A Level"
342|"2019"|"A*"|"10.8"|"20191129100739"|"AA00032"|""|"A Level"
398|"2019"|"A* - C"|"90.3"|"20191129113644"|"AA00032"|""|"GCSE"
100|"2019"|"D1"|"12.1"|"20191204094445"|"AA00032"|"Remarks: Pre-U subjects Art, French, German, Spanish"|"Pre - U"
100|"2019"|""|"12.1"|"20191204094502"|"AA00032"|"Pre-U subjects Art, French, German, Spanish"|"Pre - U"
100|"2019"|""|"12.1"|"20191204094553"|"AA00032"|"Pre-U subjects Art, French, German, Spanish only"|"Pre - U"
100|"2019"|"D1-D2"|"39.4"|"20191204094605"|"AA00032"|""|"Pre - U"
100|"2019"|"D1 - M2"|"90.9"|"20191204094902"|"AA00032"|""|"Pre - U"
100|"2019"|""|"39.4"|"20191204095201"|"AA00032"|"Pre-U subjects Art, French, German, Spanish only"|"Pre - U"
100|"2019"|"D1 - M2"|"90"|"20191204095324"|"AA00032"|"Pre-U subjects Art, French, German, Spanish"|"Pre - U"
100|"2019"|""|"90.1"|"20191204095356"|"AA00032"|"Pre-U subjects Art, French, German, Spanish"|"Pre - U"
47|"2019"|"A*"|"14.4"|"20191204100721"|"AA00032"|"Music Pre-U grade included"|"A Level"
47|"2019"|"A* - A"|"43.5"|"20191204100729"|"AA00032"|""|"A Level"
400|"2019"|"A*"|"12"|"20191204111554"|"AA00078"|""|"A Level"
2|"2019"|"A*(8-9)"|"61.7"|"20200104095732"|"AA00078"|""|"GCSE"
345|"2019"|"A* - B"|"48"|"20200210183937"|"AA00073"|""|"A Level"
381|"2019"|"A* - C(4-9)"|"79.4"|"20200211102418"|"AA00078"|""|"GCSE"
381|"2019"|"A* - C(4-9)"|"98"|"20200211102654"|"AA00078"|""|"GCSE"
381|"2019"|"A* - A(7-9)"|"26.3"|"20200211102736"|"AA00078"|""|"GCSE"
381|"2019"|"A* - A"|"45.7"|"20200211102814"|"AA00078"|""|"A Level"
381|"2019"|"A* - B"|"56.3"|"20200211102834"|"AA00078"|""|"GCSE"
381|"2019"|"A* - C"|"97.6"|"20200211102854"|"AA00078"|""|"A Level"
381|"2018"|"A* - C(4-9)"|"96.7"|"20200211114425"|"AA00078"|""|"GCSE"
381|"2018"|"A* - A(7-9)"|"61.3"|"20200211114525"|"AA00078"|""|"GCSE"
337|"2019"|"A* - A"|"48"|"20200213123042"|"AA00078"|""|"A Level"
3|"2019"|"A* - B"|"80.1"|"20200213145227"|"AA00078"|""|"GCSE"
45|"2019"|"A* - B"|"65"|"20200213185803"|"AA00078"|"Average last two years"|"A Level"
45|"2019"|"A* - B"|"test"|"20200213185811"|"AA00007"|"Average last two years"|"A Level"
10|"2019"|"A* - A"|"55.9"|"20200213213454"|"AA00078"|""|"A Level"
61|"2019"|"A* - A(7-9)"|"75"|"20200214141759"|"AA00078"|""|"GCSE"
154|"2019"|"A*(8-9)"|"35.8"|"20200214150142"|"AA00078"|""|"GCSE"
154|"2019"|"A* - A(7-9)"|"64"|"20200214150200"|"AA00078"|""|"GCSE"
154|"2019"|"A* - B"|"83.9"|"20200214150209"|"AA00078"|""|"GCSE"
101|"2019"|"A* - B"|"NP"|"20200214191350"|"AA00078"|""|"GCSE"
101|"2019"|"A*(8-9)"|"71"|"20200214191645"|"AA00078"|""|"GCSE"
101|"2019"|"A* - B"|"94"|"20200214191708"|"AA00078"|""|"GCSE"
101|"2019"|"A*(8-9)"|"71"|"20200214191910"|"AA00078"|""|"GCSE"
101|"2019"|"A* - B"|"94"|"20200214191925"|"AA00078"|""|"GCSE"
101|"2019"|""|"71"|"20200214191947"|"AA00078"|"% of students"|"GCSE"
101|"2019"|"A* - C(4-9)"|"100"|"20200214191959"|"AA00078"|""|"GCSE"
101|"2019"|"A* - A(7-9)"|"83.87"|"20200214192008"|"AA00078"|""|"GCSE"
101|"2019"|"A* - A"|"90"|"20200214192527"|"AA00078"|""|"A Level"
101|"2019"|"A* - B"|"99"|"20200214192531"|"AA00078"|""|"A Level"
101|"2019"|"A* - C"|"100"|"20200214192534"|"AA00078"|""|"A Level"
101|"2019"|""|"100"|"20200214192545"|"AA00078"|"% of students"|"A Level"
285|"2019"|"A* - C"|"96"|"20200217130334"|"AA00078"|""|"A Level"
285|"2019"|"A* - A"|"55"|"20200217130350"|"AA00078"|""|"A Level"
285|"2019"|"A*"|"35"|"20200217130450"|"AA00078"|""|"A Level"
285|"2019"|""|"77"|"20200217130541"|"AA00073"|""|"A Level"
285|"2019"|"A* - A(7-9)"|"31"|"20200217130644"|"AA00078"|""|"GCSE"
285|"2019"|"A* - C(4-9)"|"77"|"20200217130800"|"AA00078"|""|"GCSE"
285|"2019"|"A* - B"|"56"|"20200217130952"|"AA00078"|""|"GCSE"
285|"2019"|""|"55"|"20200217131244"|"AA00073"|""|"GCSE"
30068|"2019"|"A*(8-9)"|"60"|"20200226194455"|"AA00078"|"9 = 21%"|"GCSE"
47|"2019"|"9"|"11.8"|"20200229161306"|"AA00032"|""|"GCSE"
251|"2019"|"A* - A"|"35"|"20200303150341"|"AA00078"|""|"A Level"
251|"2019"|"A* - B"|"71"|"20200303150346"|"AA00078"|""|"A Level"
251|"2019"|"A* - A(7-9)"|"63"|"20200303150533"|"AA00078"|""|"GCSE"
251|"2019"|"A* - B"|"81"|"20200303150550"|"AA00078"|"6-9= 81%"|"GCSE"
115|"2019"|"A* - A"|"43"|"20200303151609"|"AA00078"|""|"A Level"
306|"2019"|"9"|"18.2"|"20200303153040"|"AA00032"|""|"GCSE"
306|"2019"|"A*(8-9)"|"38"|"20200303153105"|"AA00078"|""|"GCSE"
377|"2019"|"Distinction - Merit"|"50"|"20200303170714"|"AA00078"|""|"Pre - U"
377|"2019"|"Distinction - Merit"|"41"|"20200303170731"|"AA00078"|""|"Pre - U"
377|"2019"|"Distinction - Merit"|"41"|"20200303170831"|"AA00078"|"Pre-U and AL combined"|"Pre - U"
377|"2019"|"Distinction - Merit"|"84.6"|"20200303170918"|"AA00078"|""|"Pre - U"
381|"2019"|"A* - B"|"56.3"|"20200303172954"|"AA00078"|""|"A Level"
381|"2019"|"A* - C"|"79.4"|"20200303172957"|"AA00078"|""|"A Level"
381|"2019"|""|"79.4"|"20200303173012"|"AA00078"|"AL & Pre-U combined"|"A Level"
381|"2019"|"A*(8-9)"|"27.9"|"20200303174401"|"AA00078"|""|"GCSE"
381|"2019"|"A* - A(7-9)"|"45.7"|"20200303174429"|"AA00078"|""|"GCSE"
381|"2019"|"A* - C(4-9)"|"97.6"|"20200303174440"|"AA00078"|""|"GCSE"
545|"2019"|"A* - A"|"26"|"20200303175348"|"AA00078"|""|"A Level"
520|"2019"|"A* - B"|"NP"|"20200303182521"|"AA00078"|""|"GCSE"
76|"2019"|""|"18.5"|"20200304164551"|"AA00078"|"9 = 18.5%"|"GCSE"
76|"2019"|"A*"|"NP"|"20200304164903"|"AA00078"|""|"A Level"
76|"2019"|"A* - B"|"NP"|"20200304165028"|"AA00078"|""|"GCSE"
76|"2019"|"A* - C(4-9)"|"NP"|"20200304165107"|"AA00078"|""|"GCSE"
285|"2019"|"A*"|"35"|"20200312115715"|"AA00073"|""|"GCSE"
285|"2019"|"A* - B"|"95"|"20200312115803"|"AA00073"|""|"GCSE"
285|"2019"|"A* - A"|"55"|"20200312115830"|"AA00073"|""|"GCSE"
110|"2019"|"A*(8-9)"|"42"|"20200318135537"|"AA00078"|""|"GCSE"
380|"2019"|"A* - B"|"64.6"|"20200318174820"|"AA00078"|""|"A Level"
380|"2019"|"A* - A(7-9)"|"43"|"20200318175008"|"AA00078"|""|"GCSE"
380|"2019"|"A* - C(4-9)"|"95"|"20200318175018"|"AA00078"|""|"GCSE"
381|"2019"|""|"27.9"|"20200318175237"|"AA00078"|"8-9 = 27.9% (number grades only)"|"GCSE"
192|"2019"|"A* - B"|"63"|"20200318183736"|"AA00078"|""|"A Level"
115|"2019"|"A*(8-9)"|"NP"|"20200319132450"|"AA00078"|""|"GCSE"
115|"2019"|"A* - A(7-9)"|"46"|"20200319132506"|"AA00078"|""|"GCSE"
115|"2019"|"A* - B"|"NP"|"20200319132519"|"AA00078"|""|"GCSE"
115|"2019"|"A* - C(4-9)"|"NP"|"20200319132534"|"AA00078"|""|"GCSE"
115|"2019"|"A*"|"NP"|"20200319132541"|"AA00078"|""|"A Level"
115|"2019"|"A* - C"|"85"|"20200319132550"|"AA00078"|""|"A Level"
115|"2019"|""|"87"|"20200319132558"|"AA00078"|""|"A Level"
155|"2019"|"A* - A(7-9)"|"NP"|"20200320102103"|"AA00078"|""|"GCSE"
155|"2019"|"A* - B"|"NP"|"20200320102118"|"AA00078"|""|"GCSE"
155|"2019"|"A* - C(4-9)"|"NP"|"20200320102135"|"AA00078"|""|"GCSE"
155|"2019"|"A* - A"|"NP"|"20200320102205"|"AA00078"|""|"A Level"
155|"2019"|"A* - B"|"NP"|"20200320102212"|"AA00078"|""|"A Level"
155|"2019"|"A* - C"|"NP"|"20200320102220"|"AA00078"|""|"A Level"
155|"2019"|""|"84"|"20200320102245"|"AA00078"|""|"A Level"
235|"2019"|"A* - B"|"40.7"|"20200320142304"|"AA00078"|"6-9 =25.1%
5-9 = 40.7%"|"GCSE"
264|"2019"|"A* - A(7-9)"|"39.7"|"20200320152840"|"AA00078"|""|"GCSE"
362|"2019"|"A* - B"|"57"|"20200320164243"|"AA00078"|""|"GCSE"
362|"2019"|"A* - A(7-9)"|"37"|"20200320164257"|"AA00078"|""|"GCSE"
362|"2019"|"A* - A"|"27"|"20200320164436"|"AA00078"|""|"A Level"
362|"2019"|"A* - B"|"52"|"20200320164442"|"AA00078"|""|"A Level"
362|"2019"|"A* - C"|"76"|"20200320164451"|"AA00078"|""|"A Level"
309|"2019"|"A* - B"|"78"|"20200321145057"|"AA00078"|""|"A Level"
316|"2019"|"A*(8-9)"|"36"|"20200321154922"|"AA00078"|""|"GCSE"
384|"2019"|"A*(8-9)"|"62"|"20200321164432"|"AA00078"|"9 = 29%; 8-9 = 62%"|"IGCSE"
384|"2019"|"A* - A(7-9)"|"83"|"20200321164445"|"AA00078"|""|"IGCSE"
384|"2019"|"A*"|"21"|"20200321165339"|"AA00078"|""|"A Level"
384|"2019"|"A* - A"|"59"|"20200321165403"|"AA00078"|""|"A Level"
384|"2019"|"A* - C"|"97.5"|"20200321165732"|"AA00078"|""|"A Level"
400|"2019"|"A*(8-9)"|"43.1"|"20200321182757"|"AA00078"|""|"GCSE"
400|"2019"|"A* - A(7-9)"|"66.5"|"20200321182813"|"AA00078"|""|"GCSE"
431|"2019"|"A* - A(7-9)"|"87"|"20200324111217"|"AA00078"|"Over 87% of all examinations were graded A or A* equivalent"|"GCSE"
511|"2019"|"A* - C(4-9)"|"NP"|"20200324125336"|"AA00078"|""|"GCSE"
511|"2019"|"A* - B"|"86.9"|"20200324125343"|"AA00078"|""|"GCSE"
582|"2019"|"A*(8-9)"|"90.9"|"20200324132620"|"AA00078"|""|"GCSE"
582|"2019"|"A* - A(7-9)"|"98.6"|"20200324132637"|"AA00078"|""|"GCSE"
582|"2019"|"A* - A"|"83.5"|"20200324132824"|"AA00078"|"A Level & Pre-U combined A*-A = 83.5%"|"A Level"
607|"2019"|"A*(8-9)"|"27"|"20200324133740"|"AA00078"|""|"GCSE"
607|"2019"|"A* - A"|"31"|"20200324133838"|"AA00078"|""|"A Level"
607|"2019"|"A* - B"|"57"|"20200324133847"|"AA00078"|""|"A Level"
607|"2019"|"A* - C"|"80"|"20200324133856"|"AA00078"|""|"A Level"
607|"2019"|""|"86"|"20200324133908"|"AA00078"|""|"A Level"
30069|"2019"|"A* - A"|"64"|"20200326114518"|"AA00078"|""|"A Level"
30069|"2019"|"A* - B"|"87"|"20200326114524"|"AA00078"|""|"A Level"
30069|"2019"|"A*(8-9)"|"44"|"20200326121555"|"AA00078"|""|"GCSE"
195|"2019"|"A*"|"NP"|"20200327170512"|"AA00078"|""|"A Level"
195|"2019"|"A* - A"|"NP"|"20200327170518"|"AA00078"|""|"A Level"
195|"2019"|"A* - B"|"NP"|"20200327170531"|"AA00078"|""|"A Level"
195|"2019"|"A* - C"|"NP"|"20200327170542"|"AA00078"|""|"A Level"
195|"2019"|"A*(8-9)"|"NP"|"20200327170554"|"AA00078"|""|"GCSE"
195|"2019"|"A* - A(7-9)"|"NP"|"20200327170604"|"AA00078"|""|"GCSE"
195|"2019"|"A* - C"|"87"|"20200327170622"|"AA00078"|""|"A Level"
195|"2019"|"A* - B"|"NP"|"20200327170631"|"AA00078"|""|"GCSE"
195|"2019"|"A* - C(4-9)"|"NP"|"20200327170642"|"AA00078"|""|"GCSE"
45|"2019"|"A*(9)"|"10"|"20200403134540"|"AA00078"|""|"GCSE"
62|"2018"|"A* - A(7-9)"|"41"|"20200403135229"|"AA00078"|""|"GCSE"
62|"2019"|"A* - C(4-9)"|"96"|"20200403140252"|"AA00078"|""|"GCSE"
656|"2019"|"A*(8-9)"|"7.56"|"20200502175416"|"AA00078"|""|"GCSE"
656|"2019"|""|"7.6"|"20200502175431"|"AA00078"|""|"GCSE"
384|"2019"|"A* - C(4-9)"|"99.6"|"20200507174412"|"AA00078"|""|"I/GCSE"
384|"2019"|""|"99.6"|"20200507174733"|"AA00007"|""|"GCSE/IGCSE"
384|"2019"|"A* - B"|"98.6"|"20200507174749"|"AA00078"|""|"I/GCSE"
384|"2019"|""|"98.6"|"20200507174827"|""|""|"GCSE/I"
384|"2019"|"A* - B"|"98.6"|"20200507174838"|""|""|"GCSE"
384|"2019"|"A* - A(7-9)"|"83"|"20200507174903"|"AA00078"|""|"I/GCSE"
384|"2019"|"A* - A(7-9)"|"83"|"20200507174926"|""|""|"GCSE"
384|"2019"|""|"83"|"20200507175004"|""|""|"GCSE/I"
384|"2019"|""|"83"|"20200507175017"|""|""|"GCSE"
384|"2019"|"A*(8-9)"|"62"|"20200507175043"|"AA00078"|"9 = 29%; 8-9 = 62%"|"I/GCSE"
384|"2019"|"A*-C(4-9)"|"99.6"|"20200507175157"|""|""|"GCSE/I"
384|"2019"|"A* - B"|"98.6"|"20200507175209"|""|""|"GCSE/I"
384|"2019"|"A*-A(7-9)"|"83"|"20200507175219"|""|""|"GCSE/I"
384|"2019"|"A*(8-9)"|"62"|"20200507175229"|""|"9 = 29%; 8-9 = 62%"|"GCSE/I"
384|"2019"|"A*-C(4-9)"|"99.6"|"20200507175252"|""|""|"GCSE"
384|"2019"|"A* - B"|"98.6"|"20200507175255"|""|""|"GCSE"
384|"2019"|""|"99.6"|"20200507175335"|""|"IGCSE"|"GCSE"
384|"2019"|"A*-A(7-9)"|"83"|"20200507175344"|""|""|"GCSE"
384|"2019"|""|"83"|"20200507175411"|""|"IGCSE"|"GCSE"
384|"2019"|"A*-A(4-7)"|"83"|"20200507175431"|""|"IGCSE"|"GCSE"
384|"2019"|"A*(8-9)"|"62"|"20200507175449"|""|"9 = 29%; 8-9 = 62%"|"GCSE"
384|"2019"|"A*-C(4-7)"|"99.6"|"20200507175913"|""|"IGCSE"|"GCSE"
384|"2019"|"A*-A(7-9)"|"83"|"20200507175926"|""|"IGCSE"|"GCSE"
384|"2019"|"A*(8-9)"|"62"|"20200507175936"|""|"9 = 29%; 8-9 = 62% IGCSE"|"GCSE"
384|"2019"|"A* - C(4-7)"|"99.6"|"20200507180309"|""|"IGCSE"|"GCSE"
371|"2019"|"A* - A"|"NP"|"20200508163039"|"AA00078"|""|"A Level"
371|"2019"|"A* - A(7-9)"|"NP"|"20200508163131"|"AA00078"|""|"GCSE"
371|"2019"|"A* - B"|"NP"|"20200508163138"|"AA00078"|""|"GCSE"
371|"2019"|"A* - C(4-9)"|"NP"|"20200508163151"|"AA00078"|""|"GCSE"
371|"2019"|"A* - A"|"52"|"20200508163302"|"AA00078"|""|"A Level"
371|"2019"|"A* - B"|"NP"|"20200508163313"|"AA00078"|""|"A Level"
586|"2019"|"A*-C (4-9)"|"92"|"20200508173310"|"AA00032"|""|"GCSE"
125|"2019"|"A*"|"NP"|"20200513150056"|"AA00078"|""|"A Level"
125|"2019"|"A* - B"|"NP"|"20200513150106"|"AA00078"|""|"A Level"
125|"2019"|"A* - C"|"NP"|"20200513150116"|"AA00078"|""|"A Level"
598|"2018"|"A*"|"36.6"|"20200612105746"|"AA00078"|""|"A Level"
598|"2018"|"A*"|"33"|"20200612105810"|"AA00078"|""|"A Level"
30003|"2019"|"A* - C"|"82"|"20200616112406"|"AA00078"|""|"A Level"
30003|"2019"|"A* - B"|"61"|"20200616112430"|"AA00078"|""|"A Level"
30003|"2018"|"A* - B"|"61"|"20200616112501"|"AA00078"|""|"A Level"
30003|"2019"|"A* - B"|"79"|"20200616112814"|"AA00006"|""|"A Level"
50|"2018"|"A* - C"|"90.6"|"20200618095259"|"AA00078"|"IB & AL combined: 95%"|"A Level"
50|"2018"|"A* - B"|"69.7"|"20200618095307"|"AA00078"|"IB & AL combined:84"|"A Level"
50|"2018"|""|"91"|"20200618095346"|"AA00006"|"IB & AL combined: 95%"|"A Level"
21|"2018"|"A* - C"|"99.9"|"20200618113455"|"AA00078"|""|"A Level"
21|"2018"|""|"100"|"20200618113524"|"AA00006"|""|"A Level"
413|"2020"|"A*"|"14.7"|"20200814104035"|"AA00078"|""|"A Level"
413|"2020"|"A* - B"|"68.1"|"20200821101447"|"AA00078"|""|"A Level"
413|"2020"|"A* - C"|"88.2"|"20200821101450"|"AA00078"|""|"A Level"
413|"2020"|""|"88.2"|"20200821101640"|"AA00078"|"AL & BTEC results combined"|"A Level"
1|"2020"|"A*"|"28.1"|"20200901153636"|"AA00078"|""|"A Level"
1|"2020"|"A* - A"|"62.7"|"20200901153639"|"AA00078"|""|"A Level"
1|"2020"|"A* - B"|"84.2"|"20200901153641"|"AA00078"|""|"A Level"
1|"2020"|"A* - C"|"95.3"|"20200901153648"|"AA00078"|""|"A Level"
21|"2020"|"A* - B"|"97.2"|"20200901174857"|"AA00078"|""|"A Level"
21|"2020"|"A* - A(7-9)"|"94.5"|"20200901174905"|"AA00078"|""|"GCSE"
11|"2020"|"A* - A"|"NP"|"20200901181601"|"AA00078"|""|"A Level"
11|"2020"|"A* - C"|"NP"|"20200901181616"|"AA00078"|""|"A Level"
11|"2020"|"A*(8-9)"|"NP"|"20200901183931"|"AA00078"|"Over 50% of grades awarded at 9 or 8"|"GCSE"
11|"2020"|"A* - A(7-9)"|"72"|"20200901183950"|"AA00078"|""|"GCSE"
58|"2020"|"A*(8-9)"|"26.2"|"20200903144456"|"AA00078"|""|"GCSE"
61|"2020"|"A* - B"|"91"|"20200903145440"|"AA00078"|""|"GCSE"
3|"2020"|""|"38"|"20200903165159"|"AA00078"|""|"IB"
655|"2020"|"A*(8-9)"|"42"|"20200904151857"|"AA00078"|""|"GCSE"
655|"2020"|""|"42"|"20200904151907"|"AA00078"|"9 = 20%"|"GCSE"
655|"2020"|"(8-9)"|"42"|"20200904151918"|"AA00078"|"9 = 20%"|"GCSE"
159|"2020"|"A*(8-9)"|"NP"|"20200904183609"|"AA00078"|"8-9 = over 40%"|"GCSE"
2|"2020"|"A* - A(7-9)"|"NP"|"20200905101530"|"AA00078"|""|"GCSE"
2|"2020"|"A* - B"|"NP"|"20200905101547"|"AA00078"|""|"A Level"
103|"2020"|"A*(9)"|"40"|"20200905110945"|"AA00078"|"9 = 40%; More than two thirds of all results were 8-9"|"GCSE"
115|"2020"|"A*(8-9)"|"NP"|"20200905113030"|"AA00078"|""|"GCSE"
115|"2020"|"A* - A(7-9)"|"NP"|"20200905113040"|"AA00078"|""|"GCSE"
115|"2020"|"A* - C(4-9)"|"NP"|"20200905113056"|"AA00078"|""|"GCSE"
115|"2020"|"A* - A"|"NP"|"20200905113142"|"AA00078"|""|"A Level"
115|"2020"|"A* - B"|"NP"|"20200905113148"|"AA00078"|""|"A Level"
150|"2019"|"A*(8-9)"|"NP"|"20200905181143"|"AA00078"|""|"GCSE"
150|"2019"|"A* - B"|"NP"|"20200905181151"|"AA00078"|""|"GCSE"
195|"2020"|"A* - B"|"NP"|"20200909103523"|"AA00078"|"67% of pupils achieved A*-B"|"A Level"
2|"2020"|"A* - B"|"NP"|"20200909124020"|"AA00078"|""|"GCSE"
2|"2020"|"A* - A"|"NP"|"20200909124033"|"AA00078"|""|"A Level"
1|"2020"|"A*(8-9)"|"70.7"|"20200909124642"|"AA00078"|"9 = 44%"|"GCSE"
1|"2020"|"A* - A(7-9)"|"87.7"|"20200909124656"|"AA00078"|""|"GCSE"
1|"2020"|"A* - B"|"98.8"|"20200909124716"|"AA00078"|""|"GCSE"
1|"2020"|"A*"|"28.1"|"20200909124755"|"AA00078"|"AL & Pre-U results combined"|"A Level"
1|"2020"|"A* - A"|"62.7"|"20200909124806"|"AA00078"|"AL & Pre-U results combined"|"A Level"
1|"2020"|"A* - B"|"84.2"|"20200909124818"|"AA00078"|"AL & Pre-U results combined"|"A Level"
1|"2020"|"A* - C"|"95.3"|"20200909124833"|"AA00078"|"AL & Pre-U results combined"|"A Level"
21|"2020"|"A*(8-9)"|"NP"|"20200909125247"|"AA00078"|""|"GCSE"
21|"2020"|"A* - A(7-9)"|"NP"|"20200909125300"|"AA00078"|""|"GCSE"
21|"2020"|"A* - B"|"NP"|"20200909125318"|"AA00078"|""|"GCSE"
21|"2020"|"A* - C(4-9)"|"NP"|"20200909125336"|"AA00078"|""|"GCSE"
21|"2020"|"A*"|"NP"|"20200909125356"|"AA00078"|""|"A Level"
21|"2020"|"A* - A"|"NP"|"20200909125403"|"AA00078"|""|"A Level"
21|"2020"|"A* - B"|"NP"|"20200909125410"|"AA00078"|""|"A Level"
21|"2020"|""|"100"|"20200909125425"|"AA00011"|""|"A Level"
3|"2020"|"A* - A(7-9)"|"NP"|"20200909125842"|"AA00078"|"65% of candidates attained a grade 7/8/9"|"GCSE"
3|"2020"|"A* - A"|"NP"|"20200909125907"|"AA00078"|"59% of candidates attained a grade A*/A"|"A Level"
3|"2020"|"A* - B"|"NP"|"20200909125917"|"AA00078"|"88% attained A*/B"|"A Level"
9|"2020"|"A*"|"NP"|"20200909130856"|"AA00078"|"Almost 25% of all grades were A*"|"A Level"
9|"2020"|"A*(8-9)"|"NP"|"20200909130920"|"AA00078"|""|"GCSE"
9|"2020"|"A* - A(7-9)"|"NP"|"20200909130934"|"AA00078"|""|"GCSE"
9|"2020"|"A* - B"|"NP"|"20200909130943"|"AA00078"|""|"GCSE"
9|"2020"|"A*"|"25"|"20200909151313"|"AA00011"|"Almost 25% of all grades were A*"|"A Level"
11|"2020"|"A*(8-9)"|"49"|"20200909151909"|"AA00078"|""|"GCSE"
11|"2020"|"A* - A(7-9)"|"71"|"20200909151921"|"AA00078"|""|"GCSE"
11|"2020"|"A* - A"|"60"|"20200909151939"|"AA00078"|""|"A Level"
11|"2020"|"A* - B"|"84.6"|"20200909151945"|"AA00078"|""|"A Level"
11|"2020"|"A* - C"|"96"|"20200909152002"|"AA00078"|""|"A Level"
22|"2020"|"Distinction"|"NP"|"20200909152937"|"AA00078"|"The 2020 examination results will be published when all final outcomes are known."|"Pre - U"
22|"2020"|"Distinction - Merit"|"NP"|"20200909152948"|"AA00078"|"The 2020 examination results will be published when all final outcomes are known."|"Pre - U"
22|"2020"|"Distinction - Pass"|"NP"|"20200909153000"|"AA00078"|"The 2020 examination results will be published when all final outcomes are known."|"Pre - U"
22|"2020"|"A*(8-9)"|"NP"|"20200909153019"|"AA00078"|"The 2020 examination results will be published when all final outcomes are known."|"GCSE"
22|"2020"|"A* - A(7-9)"|"NP"|"20200909153034"|"AA00078"|"The 2020 examination results will be published when all final outcomes are known."|"GCSE"
22|"2020"|"A* - B"|"NP"|"20200909153051"|"AA00078"|"The 2020 examination results will be published when all final outcomes are known."|"GCSE"
22|"2020"|"A* - C(4-9)"|"NP"|"20200909153108"|"AA00078"|"The 2020 examination results will be published when all final outcomes are known."|"GCSE"
22|"2020"|"A*"|"NP"|"20200909153122"|"AA00078"|"The 2020 examination results will be published when all final outcomes are known."|"A Level"
22|"2020"|"A* - A"|"NP"|"20200909153130"|"AA00078"|"The 2020 examination results will be published when all final outcomes are known."|"A Level"
22|"2020"|"A* - B"|"NP"|"20200909153140"|"AA00078"|"The 2020 examination results will be published when all final outcomes are known."|"A Level"
22|"2020"|"A* - C"|"NP"|"20200909153154"|"AA00078"|"The 2020 examination results will be published when all final outcomes are known."|"A Level"
103|"2020"|"A*(8-9)"|"NP"|"20200910101144"|"AA00078"|"9 = 40%; More than two thirds of all results were 8-9"|"GCSE"
103|"2020"|"A* - A(7-9)"|"NP"|"20200910101211"|"AA00078"|""|"GCSE"
103|"2020"|"A* - C(4-9)"|"NP"|"20200910101349"|"AA00078"|""|"GCSE"
103|"2020"|""|"100"|"20200910101358"|"AA00078"|""|"GCSE"
103|"2020"|"A*"|"NP"|"20200910101541"|"AA00078"|""|"A Level"
103|"2020"|"A* - A"|"NP"|"20200910101556"|"AA00078"|"Two thirds of all results at top A*-A"|"A Level"
103|"2020"|"A* - B"|"NP"|"20200910101606"|"AA00078"|""|"A Level"
103|"2020"|"A* - C"|"NP"|"20200910101649"|"AA00078"|""|"A Level"
13|"2020"|"A*(8-9)"|"NP"|"20200910102016"|"AA00078"|""|"GCSE"
13|"2020"|"A* - A(7-9)"|"NP"|"20200910102027"|"AA00078"|""|"GCSE"
13|"2020"|"A* - B"|"NP"|"20200910102034"|"AA00078"|""|"GCSE"
13|"2020"|"A* - C(4-9)"|"NP"|"20200910102053"|"AA00078"|""|"GCSE"
13|"2020"|"A*"|"NP"|"20200910102117"|"AA00078"|""|"A Level"
13|"2020"|"A* - A"|"NP"|"20200910102127"|"AA00078"|""|"A Level"
13|"2020"|"A* - B"|"NP"|"20200910102137"|"AA00078"|""|"A Level"
13|"2020"|"A* - C"|"NP"|"20200910102145"|"AA00078"|""|"A Level"
3|"2020"|"A* - B"|"NP"|"20200912105401"|"AA00078"|""|"GCSE"
30035|"2020"|"A* - A"|"NP"|"20200912152944"|"AA00078"|"32% of students achieved A*"|"A Level"
554|"2020"|"A* - B"|"NP"|"20200912182151"|"AA00078"|""|"A Level"
656|"2020"|"A*"|"7.4"|"20200916113412"|"AA00078"|""|"A Level"
656|"2019"|"A*"|"NP"|"20200916113513"|"AA00078"|""|"A Level"
656|"2019"|"A* - A"|"NP"|"20200916113520"|"AA00078"|""|"A Level"
656|"2019"|"A* - B"|"NP"|"20200916113528"|"AA00078"|""|"A Level"
656|"2019"|"A* - C"|"NP"|"20200916113540"|"AA00078"|""|"A Level"
53|"2020"|"A* - B"|"NP"|"20200919101111"|"AA00078"|""|"GCSE"
53|"2020"|"A* - A"|"42"|"20200919101125"|"AA00078"|""|"A Level"
53|"2020"|"A* - B"|"64"|"20200919101132"|"AA00078"|""|"A Level"
53|"2020"|"A* - C"|"NP"|"20200919101141"|"AA00078"|""|"A Level"
53|"2020"|"A* - C"|"NP"|"20200919101205"|"AA00078"|"86"|"A Level"
234|"2020"|"A* - C"|"NP"|"20200920180029"|"AA00078"|""|"A Level"
500|"2020"|"A*(8-9)"|"36.5"|"20200921183027"|"AA00078"|""|"GCSE"
500|"2020"|"A*(8-9)"|"63.1"|"20200921183211"|"AA00078"|"9 = 36.5%"|"GCSE"
500|"2020"|"A* - A(7-9)"|"84.8"|"20200921183245"|"AA00078"|""|"GCSE"
268|"2020"|"A*(8-9)"|"NP"|"20200922115834"|"AA00078"|""|"GCSE"
367|"2020"|"A* - B"|"NP"|"20200922151810"|"AA00078"|""|"GCSE"
524|"2020"|"A* - A"|"NP"|"20200922154346"|"AA00078"|""|"A Level"
522|"2020"|"A*"|"NP"|"20200922154549"|"AA00078"|""|"A Level"
522|"2020"|"A* - A"|"NP"|"20200922154613"|"AA00078"|"36% of Year 13 students had A* or A"|"A Level"
522|"2020"|"A* - B"|"NP"|"20200922154622"|"AA00078"|"62% of students had A*-B"|"A Level"
522|"2020"|"A* - C"|"84"|"20200922154642"|"AA00078"|"84% of students achieved A*-C"|"A Level"
259|"2020"|"A*(8-9)"|"29"|"20200923113556"|"AA00078"|""|"GCSE"
259|"2020"|""|"NP"|"20200923113609"|"AA00078"|"29% of students awarded A* (or 9-8)"|"GCSE"
299|"2020"|"A* - B"|"69"|"20200923122647"|"AA00078"|""|"A Level"
494|"2020"|"A*(8-9)"|"48"|"20200929104642"|"AA00078"|""|"GCSE"
585|"2020"|"Distinction"|"NP"|"20200929105638"|"AA00078"|""|"Pre - U"
585|"2020"|"Distinction - Merit"|"NP"|"20200929105701"|"AA00078"|""|"Pre - U"
585|"2020"|"Distinction - Pass"|"NP"|"20200929105738"|"AA00078"|""|"Pre - U"
585|"2020"|"A* - C(4-9)"|"NP"|"20200929110014"|"AA00078"|""|"GCSE"
585|"2020"|"A* - B"|"NP"|"20200929110034"|"AA00078"|""|"GCSE"
585|"2020"|"A* - B"|"99.8"|"20200929110101"|"AA00078"|""|"GCSE"
585|"2020"|"A* - A(7-9)"|"NP"|"20200929110116"|"AA00078"|""|"GCSE"
585|"2020"|"A*(8-9)"|"NP"|"20200929110145"|"AA00078"|""|"GCSE"
318|"2020"|"A*"|"NP"|"20200930103121"|"AA00078"|""|"GCSE"
518|"2020"|"A* - A"|"NP"|"20200930122828"|"AA00078"|""|"A Level"
518|"2020"|"A* - C"|"100"|"20200930122848"|"AA00078"|""|"A Level"
328|"2020"|"A* - A(7-9)"|"NP"|"20201003172311"|"AA00078"|""|"GCSE"
328|"2020"|"A* - A"|"NP"|"20201003172418"|"AA00078"|""|"A Level"
342|"2020"|"A*(8-9)"|"35"|"20201003182940"|"AA00078"|"9 = 18%"|"GCSE"
342|"2020"|""|"35"|"20201003182956"|"AA00078"|"% of passes at grade A*; 9 = 18%"|"GCSE"
342|"2020"|"A* - A(7-9)"|"53"|"20201003183008"|"AA00078"|""|"GCSE"
342|"2020"|"A* - B"|"87"|"20201003183016"|"AA00078"|""|"GCSE"
342|"2020"|"A* - C(4-9)"|"99"|"20201003183027"|"AA00078"|""|"GCSE"
342|"2020"|"A*"|"22"|"20201003183049"|"AA00078"|""|"A Level"
342|"2020"|"A* - A"|"53"|"20201003183055"|"AA00078"|""|"A Level"
342|"2020"|"A* - B"|"72"|"20201003183100"|"AA00078"|""|"A Level"
342|"2020"|"A* - C"|"90"|"20201003183109"|"AA00078"|""|"A Level"
362|"2020"|"A* - A"|"31"|"20201006123910"|"AA00078"|"Average results of last 6 years"|"A Level"
362|"2020"|"A* - B"|"58"|"20201006123919"|"AA00078"|"Average results of last 6 years"|"A Level"
480|"2020"|"A*(8-9)"|"NP"|"20201007112705"|"AA00078"|""|"A Level"
480|"2020"|"A*"|"NP"|"20201007112741"|"AA00078"|""|"A Level"
480|"2020"|"A* - A"|"45"|"20201007112750"|"AA00078"|""|"A Level"
480|"2020"|"A* - C"|"98"|"20201007112804"|"AA00078"|""|"A Level"
480|"2020"|"A* - B"|"NP"|"20201007112810"|"AA00078"|""|"A Level"
480|"2020"|"A* - A"|"34"|"20201007114008"|"AA00078"|""|"A Level"
480|"2020"|"A* - B"|"54"|"20201007114015"|"AA00078"|""|"A Level"
441|"2020"|"A* - A"|"40"|"20201007121614"|"AA00078"|""|"A Level"
441|"2020"|"A* - C"|"80"|"20201007121624"|"AA00078"|""|"A Level"
430|"2020"|"A* - C(4-9)"|"98.4"|"20201007182219"|"AA00078"|""|"GCSE"
430|"2020"|""|"NP"|"20201007182228"|"AA00078"|"98.4% of pupils received passes with grades between 4-9"|"GCSE"
10|"2020"|"A* - A"|"94.1"|"20201008113848"|"AA00078"|""|"A Level"
483|"2020"|"A*"|"21"|"20201008143142"|"AA00078"|""|"A Level"
30021|"2020"|"A* - A"|"NP"|"20201008151515"|"AA00078"|""|"A Level"
30021|"2020"|"A* - A"|"NP"|"20201008151630"|"AA00078"|"29.5% of students achieved A*-A"|"GCSE"
422|"2020"|"A* - A(7-9)"|"62.1"|"20201008171312"|"AA00078"|""|"GCSE"
422|"2020"|""|"NP"|"20201008171322"|"AA00078"|"62.1% of students were awarded A*-A"|"GCSE"
422|"2020"|"A* - A(7-9)"|"NP"|"20201008171343"|"AA00078"|"62.1% of students were awarded A*-A"|"GCSE"
422|"2020"|"A* - B"|"87.1"|"20201008171441"|"AA00078"|""|"GCSE"
423|"2020"|"A* - B"|"63.8"|"20201008174119"|"AA00078"|""|"GCSE"
423|"2020"|"A*(8-9)"|"25.7"|"20201008174129"|"AA00078"|""|"GCSE"
423|"2020"|"A* - A(7-9)"|"43.2"|"20201008174138"|"AA00078"|""|"GCSE"
423|"2020"|"A* - C(4-9)"|"90.5"|"20201008174146"|"AA00078"|""|"GCSE"
457|"2020"|"A*"|"NP"|"20201009104802"|"AA00078"|""|"A Level"
457|"2020"|"A* - A"|"NP"|"20201009104811"|"AA00078"|""|"A Level"
457|"2020"|"A* - B"|"NP"|"20201009104823"|"AA00078"|""|"A Level"
457|"2020"|"A* - C"|"NP"|"20201009104833"|"AA00078"|""|"A Level"
457|"2020"|"A*(8-9)"|"NP"|"20201009104909"|"AA00078"|""|"GCSE"
457|"2020"|"A* - A(7-9)"|"NP"|"20201009104924"|"AA00078"|""|"GCSE"
457|"2020"|"A* - B"|"NP"|"20201009104941"|"AA00078"|""|"GCSE"
457|"2020"|"A* - C(4-9)"|"NP"|"20201009104956"|"AA00078"|""|"GCSE"
50|"2020"|"A*"|"NP"|"20201009110413"|"AA00078"|""|"A Level"
50|"2020"|"A* - A"|"NP"|"20201009110420"|"AA00078"|""|"A Level"
50|"2020"|"A* - B"|"NP"|"20201009110428"|"AA00078"|""|"A Level"
50|"2020"|"A*(8-9)"|"NP"|"20201009111103"|"AA00078"|""|"GCSE"
50|"2020"|"A* - A(7-9)"|"NP"|"20201009111133"|"AA00078"|""|"GCSE"
50|"2020"|"A* - B"|"NP"|"20201009111155"|"AA00078"|""|"GCSE"
64|"2020"|"A*"|"20"|"20201009112235"|"AA00078"|""|"A Level"
573|"2020"|""|"NP"|"20201009112510"|"AA00078"|""|"IB"
573|"2020"|""|"NP"|"20201009112743"|"AA00078"|"55% of the IB cohort scored 40 points or above"|"IB"
573|"2020"|""|"40 (55% of cohort)"|"20201009112853"|"AA00078"|"55% of the IB cohort scored 40 points or above"|"IB"
570|"2020"|"A* - B"|"NP"|"20201009113140"|"AA00078"|""|"A Level"
304|"2020"|""|"NP"|"20201009113354"|"AA00078"|"Our average points score maintained its consistently excellent level of being higher than 36 points."|"IB"
15|"2020"|"A*(8-9)"|"NP"|"20201009113909"|"AA00078"|""|"GCSE"
15|"2020"|"A* - A(7-9)"|"NP"|"20201009113921"|"AA00078"|""|"GCSE"
15|"2020"|"A* - B"|"NP"|"20201009113938"|"AA00078"|""|"GCSE"
15|"2020"|"A* - C(4-9)"|"NP"|"20201009113946"|"AA00078"|""|"GCSE"
15|"2020"|"A*"|"NP"|"20201009114008"|"AA00078"|""|"A Level"
15|"2020"|"A* - A"|"NP"|"20201009114015"|"AA00078"|""|"A Level"
15|"2020"|"A* - B"|"NP"|"20201009114021"|"AA00078"|""|"A Level"
15|"2020"|"A* - C"|"NP"|"20201009114035"|"AA00078"|""|"A Level"
508|"2020"|""|"40.2"|"20201020150702"|"AA00078"|""|"GCSE"
304|"2020"|""|"NP"|"20201009114311"|"AA00078"|"Average points score maintained its consistently excellent level of being higher than 36 points. A third of the International Baccalaureate (IB) cohort achieving 40 points and over"|"IB"
304|"2020"|""|"40**"|"20201009114415"|"AA00078"|"Average points score maintained its consistently excellent level of being higher than 36 points. A third of the International Baccalaureate (IB) cohort achieving 40 points and over"|"IB"
304|"2020"|""|"40**"|"20201009114643"|"AA00078"|"IB average points score maintained its consistently excellent level of being higher than 36 points. A third of the IB cohort achieved 40 points and over."|"IB"
570|"2020"|"A* - B"|"NP"|"20201009122220"|"AA00078"|"two thirds of grades were awarded at A*-B"|"A Level"
264|"2020"|"A*"|"NP"|"20201014112627"|"AA00078"|""|"A Level"
264|"2020"|"A* - A"|"NP"|"20201014112644"|"AA00078"|"18 A-Level pupils achieved straight A*/A grades"|"A Level"
264|"2020"|"A* - B"|"NP"|"20201014112652"|"AA00078"|""|"A Level"
264|"2020"|"A* - C"|"NP"|"20201014112706"|"AA00078"|""|"A Level"
264|"2020"|"A*(8-9)"|"NP"|"20201014113029"|"AA00078"|""|"GCSE"
264|"2020"|"A* - A(7-9)"|"NP"|"20201014113049"|"AA00078"|""|"GCSE"
264|"2020"|"A* - B"|"NP"|"20201014113117"|"AA00078"|""|"GCSE"
264|"2020"|"A* - C(4-9)"|"NP"|"20201014113137"|"AA00078"|""|"GCSE"
149|"2020"|"A*(8-9)"|"71"|"20201014115320"|"AA00078"|""|"GCSE"
149|"2020"|"A* - A(7-9)"|"NP"|"20201014115332"|"AA00078"|""|"GCSE"
149|"2020"|"A* - B"|"NP"|"20201014115345"|"AA00078"|"6-9 = 98%"|"GCSE"
149|"2020"|"A* - C(4-9)"|"NP"|"20201014115354"|"AA00078"|""|"GCSE"
149|"2020"|"A*"|"NP"|"20201014115536"|"AA00078"|""|"A Level"
149|"2020"|"A* - A"|"NP"|"20201014115543"|"AA00078"|""|"A Level"
149|"2020"|"A* - B"|"NP"|"20201014115551"|"AA00078"|""|"A Level"
149|"2020"|"A* - C"|"NP"|"20201014115605"|"AA00078"|""|"A Level"
595|"2020"|"A* - C"|"NP"|"20201014120349"|"AA00078"|"99.4% pass rate overall"|"A Level"
595|"2020"|"A* - A"|"NP"|"20201014120408"|"AA00078"|""|"A Level"
212|"2020"|"A*"|"NP"|"20201014121041"|"AA00078"|""|"A Level"
212|"2020"|"A* - A"|"NP"|"20201014121047"|"AA00078"|""|"A Level"
212|"2020"|"A* - B"|"NP"|"20201014121056"|"AA00078"|""|"A Level"
212|"2020"|"A* - C"|"NP"|"20201014121106"|"AA00078"|""|"A Level"
212|"2020"|"A*(8-9)"|"NP"|"20201014122041"|"AA00078"|"Just over half of all grades across the year group were 8s or 9s"|"GCSE"
212|"2020"|"A* - A(7-9)"|"NP"|"20201014122057"|"AA00078"|"More than three-quarters at level 7(A) or higher"|"GCSE"
212|"2020"|"A* - B"|"NP"|"20201014122105"|"AA00078"|""|"GCSE"
212|"2020"|"A* - C(4-9)"|"NP"|"20201014122116"|"AA00078"|""|"GCSE"
251|"2020"|"A* - A"|"NP"|"20201015103343"|"AA00078"|""|"A Level"
251|"2020"|"A* - B"|"NP"|"20201015103429"|"AA00078"|""|"A Level"
591|"2020"|"A* - A"|"NP"|"20201015104719"|"AA00078"|""|"A Level"
591|"2020"|"A* - B"|"NP"|"20201015104725"|"AA00078"|""|"A Level"
591|"2020"|"A* - C"|"NP"|"20201015104733"|"AA00078"|""|"A Level"
250|"2020"|"A* - A(7-9)"|"NP"|"20201015112835"|"AA00078"|""|"GCSE"
250|"2020"|"A* - A"|"NP"|"20201015112931"|"AA00078"|""|"A Level"
250|"2020"|"A* - B"|"NP"|"20201015112942"|"AA00078"|""|"A Level"
250|"2020"|""|"35"|"20201015113026"|"AA00078"|""|"IB"
250|"2020"|"A* - A(7-9)"|"NP"|"20201015113055"|"AA00078"|"Nearly half of students achieved A*-A"|"GCSE"
250|"2020"|"A* - A(7-9)"|"48"|"20201015113233"|"AA00078"|""|"GCSE"
250|"2020"|""|"NP"|"20201015113250"|"AA00078"|"Nearly half of students achieved A*-A"|"GCSE"
250|"2020"|"A* - B"|"NP"|"20201015115755"|"AA00078"|"76% of A level students have achieved A* - B grades"|"A Level"
655|"2020"|"A* - B"|"NP"|"20201015120137"|"AA00078"|"Almost 80% of grades achieved being A*-B"|"A Level"
655|"2020"|"A* - A(7-9)"|"NP"|"20201015120333"|"AA00078"|"Two thirds of all grades being awarded as Level 7 or above"|"GCSE"
655|"2020"|"A*"|"NP"|"20201015120343"|"AA00078"|"Almost 19% of all Pre-U and A Level grades achieved were equivalent to an A*"|"A Level"
655|"2020"|"A* - A"|"NP"|"20201015120351"|"AA00078"|"Over half the grades awarded being an A or A* grade"|"A Level"
655|"2020"|"A* - B"|"NP"|"20201015120358"|"AA00078"|"Almost 80% of grades achieved were A*-B"|"A Level"
250|"2020"|"A* - A(7-9)"|"NP"|"20201015120541"|"AA00078"|"Nearly half of students achieved A*-A"|"GCSE"
250|"2020"|"A* - A"|"NP"|"20201015120548"|"AA00078"|"Over half of students achieved all A* - A grades"|"A Level"
250|"2020"|"A* - B"|"NP"|"20201015120555"|"AA00078"|"76% of A level students achieved A* - B grades"|"A Level"
40|"2020"|"A*"|"NP"|"20201015131705"|"AA00078"|""|"A Level"
40|"2020"|"A* - A"|"NP"|"20201015131710"|"AA00078"|""|"A Level"
40|"2020"|"A* - B"|"NP"|"20201015131719"|"AA00078"|""|"A Level"
40|"2020"|"A* - C"|"NP"|"20201015131726"|"AA00078"|""|"A Level"
40|"2020"|"A*(8-9)"|"NP"|"20201015131928"|"AA00078"|""|"GCSE"
40|"2020"|"A* - A(7-9)"|"NP"|"20201015131938"|"AA00078"|""|"GCSE"
40|"2020"|"A* - B"|"NP"|"20201015132000"|"AA00078"|""|"GCSE"
40|"2020"|"A* - C(4-9)"|"NP"|"20201015132013"|"AA00078"|""|"GCSE"
40|"2020"|"A*(8-9)"|"11.8"|"20201015132110"|"AA00078"|"9 = 11.8%"|"GCSE"
377|"2020"|"A*"|"NP"|"20201017100114"|"AA00078"|""|"A Level"
377|"2020"|"A* - A"|"NP"|"20201017100119"|"AA00078"|""|"A Level"
377|"2020"|"A* - C"|"NP"|"20201017100127"|"AA00078"|""|"A Level"
377|"2020"|"A*(8-9)"|"NP"|"20201017100211"|"AA00078"|""|"GCSE"
377|"2020"|"A* - A(7-9)"|"NP"|"20201017100235"|"AA00078"|""|"GCSE"
377|"2020"|"A* - B"|"NP"|"20201017100258"|"AA00078"|""|"GCSE"
377|"2020"|"A* - C(4-9)"|"NP"|"20201017100314"|"AA00078"|""|"GCSE"
377|"2020"|"A* - B"|"NP"|"20201017100335"|"AA00078"|"6-9 = 79.76%"|"GCSE"
373|"2020"|"A*"|"NP"|"20201020165203"|"AA00078"|""|"A Level"
377|"2020"|"A* - C(4-9)"|"93.59"|"20201017100350"|"AA00078"|""|"GCSE"
110|"2020"|"A*(8-9)"|"44"|"20201017100749"|"AA00078"|""|"GCSE"
110|"2020"|"A* - B"|"NP"|"20201017100814"|"AA00078"|""|"GCSE"
110|"2020"|"A* - C(4-9)"|"NP"|"20201017100827"|"AA00078"|""|"GCSE"
110|"2020"|"A*"|"NP"|"20201017100913"|"AA00078"|"Nearly a quarter of all pupils' results were graded A*"|"A Level"
110|"2020"|"A* - A"|"NP"|"20201017100928"|"AA00078"|"59% of pupils’ results have been graded A*-A"|"A Level"
110|"2020"|"A*"|"23"|"20201017100934"|"AA00078"|"Nearly a quarter of all pupils' results were graded A*"|"A Level"
110|"2020"|"A* - C"|"NP"|"20201017100945"|"AA00078"|""|"A Level"
325|"2020"|"A*(8-9)"|"NP"|"20201017101411"|"AA00078"|""|"GCSE"
325|"2020"|"A* - A(7-9)"|"NP"|"20201017101430"|"AA00078"|"Nearly two thirds of grades at 9 – 7 standard"|"GCSE"
325|"2020"|"A*"|"NP"|"20201017101702"|"AA00078"|"Over 20% of grades at A*"|"A Level"
325|"2020"|"A* - A"|"NP"|"20201017101714"|"AA00078"|"Over half of grades awarded at A*-A"|"A Level"
325|"2020"|"A* - B"|"NP"|"20201017101721"|"AA00078"|""|"A Level"
325|"2020"|"A* - C"|"NP"|"20201017101731"|"AA00078"|""|"A Level"
251|"2020"|"A*(8-9)"|"NP"|"20201017103300"|"AA00078"|""|"GCSE"
251|"2020"|"A* - A(7-9)"|"NP"|"20201017103317"|"AA00078"|""|"GCSE"
251|"2020"|"A* - B"|"NP"|"20201017103330"|"AA00078"|""|"GCSE"
251|"2020"|"A* - A"|"NP"|"20201017103405"|"AA00078"|"Over 40% of grades awarded were A*-A"|"A Level"
251|"2020"|"A* - B"|"NP"|"20201017103415"|"AA00078"|"Three quarters of grades awarded were A*- B"|"A Level"
251|"2020"|"A* - C"|"NP"|"20201017103423"|"AA00078"|""|"A Level"
655|"2020"|""|"37.3"|"20201017103708"|"AA00078"|""|"IB"
655|"2020"|"A*"|"NP*"|"20201017103736"|"AA00078"|"Almost 19% of all Pre-U and A Level grades achieved were equivalent to an A*"|"A Level"
655|"2020"|"A* - A"|"NP*"|"20201017103744"|"AA00078"|"Over half the grades awarded being an A or A* grade"|"A Level"
655|"2020"|"A* - B"|"NP*"|"20201017103752"|"AA00078"|"Almost 80% of grades achieved were A*-B"|"A Level"
655|"2020"|"A* - C"|"NP"|"20201017103803"|"AA00078"|""|"A Level"
655|"2020"|"A* - A(7-9)"|"NP*"|"20201017103842"|"AA00078"|"Two thirds of all grades being awarded as Level 7 or above"|"GCSE"
655|"2020"|"A* - A(7-9)"|"87"|"20201017103857"|"AA00078"|""|"GCSE"
655|"2020"|"A* - B"|"NP"|"20201017103908"|"AA00078"|""|"GCSE"
655|"2020"|"A* - C(4-9)"|"NP"|"20201017103924"|"AA00078"|""|"GCSE"
133|"2020"|"A* - C(4-9)"|"NP"|"20201017105157"|"AA00078"|""|"GCSE"
197|"2020"|"A*(8-9)"|"NP"|"20201017105527"|"AA00078"|""|"GCSE"
197|"2020"|"A* - A(7-9)"|"NP"|"20201017105541"|"AA00078"|""|"GCSE"
197|"2020"|"A* - B"|"NP"|"20201017105548"|"AA00078"|""|"GCSE"
197|"2020"|"A*"|"25"|"20201017105600"|"AA00078"|""|"A Level"
197|"2020"|"A* - A"|"50"|"20201017105615"|"AA00078"|""|"A Level"
197|"2020"|"A* - B"|"NP"|"20201017105625"|"AA00078"|""|"A Level"
533|"2020"|"A*(8-9)"|"NP"|"20201017110014"|"AA00078"|""|"GCSE"
533|"2020"|"A* - A(7-9)"|"NP"|"20201017110028"|"AA00078"|""|"GCSE"
533|"2020"|"A* - B"|"NP"|"20201017110121"|"AA00078"|""|"GCSE"
533|"2020"|"A* - C(4-9)"|"NP"|"20201017110135"|"AA00078"|""|"GCSE"
533|"2020"|"A*"|"22.7"|"20201017110308"|"AA00078"|""|"A Level"
533|"2020"|"A* - A"|"57.8"|"20201017110316"|"AA00078"|""|"A Level"
533|"2020"|"A* - B"|"81.4"|"20201017110332"|"AA00078"|""|"A Level"
404|"2020"|"A* - B"|"NP"|"20201017114812"|"AA00078"|""|"A Level"
404|"2020"|"A* - A(7-9)"|"NP"|"20201017114837"|"AA00078"|""|"GCSE"
241|"2020"|"A* - C(4-9)"|"NP"|"20201017120313"|"AA00078"|""|"GCSE"
130|"2020"|"A*(8-9)"|"NP"|"20201017121558"|"AA00078"|"9 = 52%"|"GCSE"
130|"2020"|"A* - A(7-9)"|"NP"|"20201017121617"|"AA00078"|"Over 88% of grades awarded 7 – 9"|"GCSE"
130|"2020"|"A* - B"|"NP"|"20201017121627"|"AA00078"|""|"GCSE"
130|"2020"|"A* - C(4-9)"|"NP"|"20201017121644"|"AA00078"|""|"GCSE"
130|"2020"|"A*"|"NP"|"20201017121822"|"AA00078"|""|"A Level"
130|"2020"|"A* - A"|"82.2"|"20201017121830"|"AA00078"|""|"A Level"
130|"2020"|"A* - B"|"95.8"|"20201017121842"|"AA00078"|""|"A Level"
130|"2020"|"A* - C"|"NP"|"20201017121851"|"AA00078"|""|"A Level"
501|"2020"|"A*"|"NP"|"20201017143529"|"AA00078"|""|"A Level"
501|"2020"|"A* - A"|"NP"|"20201017143536"|"AA00078"|""|"A Level"
501|"2020"|"A* - B"|"NP"|"20201017143542"|"AA00078"|""|"A Level"
501|"2020"|"A* - C"|"NP"|"20201017143552"|"AA00078"|""|"A Level"
501|"2020"|"A*(8-9)"|"NP"|"20201017143740"|"AA00078"|""|"GCSE"
501|"2020"|"A* - A(7-9)"|"NP"|"20201017143748"|"AA00078"|""|"GCSE"
501|"2020"|"A* - B"|"NP"|"20201017143811"|"AA00078"|""|"GCSE"
501|"2020"|"A* - C(4-9)"|"NP"|"20201017143824"|"AA00078"|""|"GCSE"
30022|"2020"|"A* - A(7-9)"|"43.1"|"20201017144250"|"AA00078"|""|"GCSE"
30022|"2020"|"A* - B"|"NP"|"20201017144302"|"AA00078"|"6-9 = 63.5%"|"GCSE"
30022|"2020"|"A* - C(4-9)"|"90.5"|"20201017144315"|"AA00078"|""|"GCSE"
431|"2020"|""|"39.2"|"20201017144826"|"AA00078"|""|"IB"
455|"2020"|"A*(8-9)"|"50"|"20201017145414"|"AA00078"|"Just under 50% of the grades are 9-8"|"GCSE"
351|"2020"|"A* - B"|"NP"|"20201017150545"|"AA00078"|""|"A Level"
351|"2020"|"A* - C"|"NP"|"20201017150557"|"AA00078"|""|"A Level"
351|"2020"|"A* - C(4-9)"|"NP"|"20201017150631"|"AA00078"|""|"GCSE"
351|"2020"|"A* - C(4-9)"|"65"|"20201017150653"|"AA00078"|""|"GCSE"
351|"2020"|"A* - B"|"NP"|"20201017150857"|"AA00078"|""|"GCSE"
344|"2020"|"A* - A(7-9)"|"NP"|"20201017151126"|"AA00078"|"More than half of all grades were 7-9"|"GCSE"
373|"2020"|"A* - A"|"46"|"20201020165211"|"AA00078"|""|"A Level"
344|"2020"|"A* - C(4-9)"|"NP"|"20201017151138"|"AA00078"|""|"GCSE"
344|"2020"|""|"50.1"|"20201017151153"|"AA00078"|""|"GCSE"
344|"2020"|"A*"|"NP"|"20201017151215"|"AA00078"|""|"A Level"
344|"2020"|"A* - A"|"NP"|"20201017151226"|"AA00078"|""|"A Level"
344|"2020"|"A* - B"|"40"|"20201017151233"|"AA00078"|""|"A Level"
344|"2020"|"A* - C"|"NP"|"20201017151244"|"AA00078"|""|"A Level"
549|"2020"|"A*"|"31"|"20201017171626"|"AA00078"|""|"A Level"
549|"2020"|"A* - A"|"61"|"20201017171632"|"AA00078"|""|"A Level"
549|"2020"|"A* - B"|"86"|"20201017171641"|"AA00078"|""|"A Level"
549|"2020"|"A* - C"|"97"|"20201017171652"|"AA00078"|""|"A Level"
200|"2020"|"A* - A"|"NP"|"20201017180704"|"AA00078"|""|"A Level"
200|"2020"|"A* - A(7-9)"|"NP"|"20201017180731"|"AA00078"|""|"GCSE"
518|"2020"|"A* - B"|"NP"|"20201020100659"|"AA00078"|"6-9 = 76%"|"GCSE"
518|"2020"|"A* - C(4-9)"|"NP"|"20201020100710"|"AA00078"|""|"GCSE"
518|"2020"|"A*"|"NP"|"20201020100808"|"AA00078"|""|"A Level"
687|"2020"|"A*"|"NP"|"20201020105315"|"AA00078"|"Nearly a third of all grades were A*"|"A Level"
687|"2020"|"A* - A"|"NP"|"20201020105324"|"AA00078"|""|"A Level"
687|"2020"|"A* - B"|"98"|"20201020105341"|"AA00078"|""|"A Level"
687|"2020"|"A* - C"|"NP"|"20201020105356"|"AA00078"|""|"A Level"
687|"2020"|""|"39"|"20201020105424"|"AA00078"|""|"IB"
687|"2020"|"A*(8-9)"|"NP"|"20201020105457"|"AA00078"|"9 = 37%"|"GCSE"
687|"2020"|"A* - A(7-9)"|"88"|"20201020105508"|"AA00078"|""|"GCSE"
687|"2020"|"A* - B"|"NP"|"20201020105523"|"AA00078"|""|"GCSE"
687|"2020"|"A* - B"|"NP"|"20201020105532"|"AA00078"|"6-9 = 96.7%"|"GCSE"
494|"2020"|"A*(8-9)"|"48"|"20201020112730"|"AA00078"|"9 = 25%"|"GCSE"
494|"2020"|"A* - A(7-9)"|"71"|"20201020112742"|"AA00078"|""|"GCSE"
511|"2020"|"A*"|"NP"|"20201020113213"|"AA00078"|""|"A Level"
511|"2020"|"A* - A"|"NP"|"20201020113231"|"AA00078"|""|"A Level"
511|"2020"|"A* - B"|"78"|"20201020113247"|"AA00078"|""|"A Level"
511|"2020"|"A* - C"|"NP"|"20201020113257"|"AA00078"|""|"A Level"
182|"2020"|""|"37"|"20201020115507"|"AA00078"|""|"IB"
182|"2020"|"A*"|"NP"|"20201020115537"|"AA00078"|""|"A Level"
182|"2020"|"A* - A"|"NP"|"20201020115547"|"AA00078"|""|"A Level"
182|"2020"|"A* - B"|"82"|"20201020115602"|"AA00078"|"A Level & IB combined"|"A Level"
182|"2020"|"A*(8-9)"|"NP"|"20201020115650"|"AA00078"|""|"GCSE"
182|"2020"|"A* - A(7-9)"|"NP"|"20201020115704"|"AA00078"|""|"GCSE"
182|"2020"|"A* - B"|"NP"|"20201020115719"|"AA00078"|""|"GCSE"
557|"2020"|"A* - A(7-9)"|"NP"|"20201020121053"|"AA00078"|"Around two-thirds of all passes at the very highest grades 9-7"|"GCSE"
557|"2020"|"A* - B"|"NP"|"20201020121102"|"AA00078"|""|"GCSE"
557|"2020"|"A* - C(4-9)"|"NP"|"20201020121109"|"AA00078"|""|"GCSE"
557|"2020"|"A*"|"NP"|"20201020121117"|"AA00078"|""|"A Level"
557|"2020"|"A* - C"|"NP"|"20201020121127"|"AA00078"|""|"A Level"
192|"2020"|"A*(8-9)"|"NP"|"20201020121330"|"AA00078"|""|"GCSE"
192|"2020"|"A* - A(7-9)"|"NP"|"20201020121345"|"AA00078"|""|"GCSE"
192|"2020"|"A* - C(4-9)"|"NP"|"20201020121356"|"AA00078"|""|"GCSE"
192|"2020"|"A*"|"NP"|"20201020121408"|"AA00078"|""|"A Level"
192|"2020"|"A* - A"|"NP"|"20201020121414"|"AA00078"|""|"A Level"
192|"2020"|"A* - B"|"NP"|"20201020121419"|"AA00078"|""|"A Level"
192|"2020"|"A* - C"|"NP"|"20201020121427"|"AA00078"|""|"A Level"
257|"2020"|"A*"|"NP"|"20201020121949"|"AA00078"|""|"A Level"
257|"2020"|"A* - A"|"NP"|"20201020121955"|"AA00078"|""|"A Level"
257|"2020"|"A* - B"|"NP"|"20201020122001"|"AA00078"|""|"A Level"
257|"2020"|"A* - C"|"NP"|"20201020122009"|"AA00078"|""|"A Level"
257|"2020"|"A*(8-9)"|"NP"|"20201020122259"|"AA00078"|""|"GCSE"
257|"2020"|"A* - A(7-9)"|"NP"|"20201020122308"|"AA00078"|""|"GCSE"
257|"2020"|"A* - B"|"NP"|"20201020122356"|"AA00078"|""|"GCSE"
257|"2020"|"A* - C(4-9)"|"NP"|"20201020122410"|"AA00078"|""|"GCSE"
570|"2020"|"A* - A(7-9)"|"NP"|"20201020144452"|"AA00078"|""|"GCSE"
570|"2020"|"A* - B"|"NP"|"20201020144506"|"AA00078"|""|"GCSE"
570|"2020"|"A* - A"|"NP"|"20201020144517"|"AA00078"|""|"A Level"
570|"2020"|"A* - B"|"NP**"|"20201020144535"|"AA00078"|"Two thirds of grades were awarded at A*-B"|"A Level"
154|"2020"|"A*"|"NP"|"20201020145814"|"AA00078"|""|"A Level"
154|"2020"|"A* - A"|"NP"|"20201020145822"|"AA00078"|""|"A Level"
154|"2020"|"A* - B"|"NP"|"20201020145830"|"AA00078"|""|"A Level"
154|"2020"|"A*(8-9)"|"73"|"20201020145844"|"AA00078"|""|"GCSE"
154|"2020"|""|"73"|"20201020145852"|"AA00078"|"9 = 45%"|"GCSE"
154|"2020"|"A* - A(7-9)"|"NP"|"20201020145906"|"AA00078"|""|"GCSE"
154|"2020"|"A* - B"|"NP"|"20201020145912"|"AA00078"|""|"GCSE"
345|"2020"|"A* - B"|"NP"|"20201020150154"|"AA00078"|""|"GCSE"
345|"2020"|"A* - C(4-9)"|"NP"|"20201020150203"|"AA00078"|""|"GCSE"
345|"2020"|"A* - A"|"61"|"20201020150234"|"AA00078"|""|"A Level"
345|"2020"|"A* - B"|"87"|"20201020150240"|"AA00078"|""|"A Level"
345|"2020"|"A* - C"|"NP"|"20201020150248"|"AA00078"|""|"A Level"
508|"2020"|"A*"|"NP"|"20201020150540"|"AA00078"|""|"A Level"
508|"2020"|"A* - A"|"48.2"|"20201020150549"|"AA00078"|""|"A Level"
508|"2020"|"A* - B"|"72.5"|"20201020150600"|"AA00078"|""|"A Level"
508|"2020"|"A* - C"|"NP"|"20201020150610"|"AA00078"|""|"A Level"
508|"2020"|"A*(8-9)"|"40.2"|"20201020150644"|"AA00078"|"9 = 19% of pupils"|"GCSE"
508|"2020"|"A*(8-9)"|"40.2"|"20201020150653"|"AA00078"|"9 = 19% of pupils"|"GCSE"
373|"2020"|"A* - B"|"69"|"20201020165225"|"AA00078"|""|"A Level"
373|"2020"|"A* - C"|"NP"|"20201020165239"|"AA00078"|""|"A Level"
113|"2020"|"A* - A"|"NP"|"20201021161640"|"AA00078"|""|"A Level"
113|"2020"|"A* - C"|"NP"|"20201021161653"|"AA00078"|""|"A Level"
113|"2020"|"A* - A(7-9)"|"NP"|"20201021161731"|"AA00078"|""|"GCSE"
113|"2020"|"A* - C(4-9)"|"NP"|"20201021161740"|"AA00078"|""|"GCSE"
101|"2020"|"A*(8-9)"|"NP"|"20201021172446"|"AA00078"|""|"GCSE"
101|"2020"|"A* - A(7-9)"|"NP"|"20201021172456"|"AA00078"|""|"GCSE"
101|"2020"|"A* - B"|"NP"|"20201021172503"|"AA00078"|""|"GCSE"
101|"2020"|"A* - C(4-9)"|"NP"|"20201021172511"|"AA00078"|""|"GCSE"
101|"2020"|"A*"|"NP"|"20201021172539"|"AA00078"|""|"A Level"
101|"2020"|"A* - A"|"NP"|"20201021172547"|"AA00078"|""|"A Level"
101|"2020"|"A* - B"|"NP"|"20201021172552"|"AA00078"|""|"A Level"
101|"2020"|"A* - C"|"NP"|"20201021172600"|"AA00078"|""|"A Level"
318|"2020"|"A*(8-9)"|"NP"|"20201022135318"|"AA00078"|""|"GCSE"
318|"2020"|"A* - A(7-9)"|"NP"|"20201022135327"|"AA00078"|""|"GCSE"
318|"2020"|"A* - B"|"NP"|"20201022135336"|"AA00078"|""|"GCSE"
318|"2020"|"A* - C(4-9)"|"NP"|"20201022135411"|"AA00078"|""|"GCSE"
318|"2020"|"A* - A"|"42"|"20201022135427"|"AA00078"|""|"A Level"
318|"2020"|"A* - B"|"73"|"20201022135435"|"AA00078"|""|"A Level"
318|"2020"|"A* - C"|"NP"|"20201022135444"|"AA00078"|""|"A Level"
418|"2020"|"A*(8-9)"|"NP"|"20201022140846"|"AA00078"|""|"GCSE"
418|"2020"|"A* - A(7-9)"|"NP"|"20201022140900"|"AA00078"|""|"GCSE"
418|"2020"|"A* - B"|"NP"|"20201022140934"|"AA00078"|""|"GCSE"
418|"2020"|"A* - C(4-9)"|"NP"|"20201022140942"|"AA00078"|""|"GCSE"
418|"2020"|"A*"|"NP"|"20201022140952"|"AA00078"|""|"A Level"
418|"2020"|"A* - A"|"NP"|"20201022140958"|"AA00078"|""|"A Level"
418|"2020"|"A* - B"|"NP"|"20201022141005"|"AA00078"|""|"A Level"
418|"2020"|"A* - C"|"NP"|"20201022141015"|"AA00078"|""|"A Level"
85|"2020"|"A* - A"|"NP"|"20201022141122"|"AA00078"|"43% of pupils achieved A*-A"|"A Level"
85|"2020"|"A* - B"|"69"|"20201022141128"|"AA00078"|"69% of pupils achieved A*-B"|"A Level"
85|"2020"|"A* - C"|"NP"|"20201022141142"|"AA00078"|"89% of pupils achieved A*-C"|"A Level"
85|"2020"|"A* - A(7-9)"|"53"|"20201022141209"|"AA00078"|""|"GCSE"
85|"2020"|"A* - C(4-9)"|"NP"|"20201022141225"|"AA00078"|""|"GCSE"
554|"2020"|"A* - C(4-9)"|"NP"|"20201022141522"|"AA00078"|""|"GCSE"
554|"2020"|"A* - B"|"NP"|"20201022141541"|"AA00078"|""|"GCSE"
554|"2020"|"A* - B"|"88"|"20201022141555"|"AA00078"|""|"GCSE"
554|"2020"|"A* - A(7-9)"|"NP"|"20201022141606"|"AA00078"|""|"GCSE"
554|"2020"|"A*(8-9)"|"NP"|"20201022141622"|"AA00078"|""|"GCSE"
554|"2020"|"A*"|"NP"|"20201022141637"|"AA00078"|""|"A Level"
554|"2020"|"A* - A"|"NP"|"20201022141648"|"AA00078"|""|"A Level"
554|"2020"|"A* - B"|"64.3"|"20201022141656"|"AA00078"|""|"A Level"
554|"2020"|"A* - C"|"NP"|"20201022141704"|"AA00078"|""|"A Level"
323|"2020"|"A* - A(7-9)"|"80.63"|"20201022143712"|"AA00078"|""|"GCSE"
323|"2020"|"A* - B"|"NP"|"20201022143723"|"AA00078"|""|"GCSE"
323|"2020"|"A* - C(4-9)"|"99.7"|"20201022143739"|"AA00078"|""|"GCSE"
323|"2020"|"A* - A"|"50"|"20201022143750"|"AA00078"|""|"A Level"
323|"2020"|"A* - B"|"75"|"20201022143759"|"AA00078"|""|"A Level"
323|"2020"|"A* - C"|"NP"|"20201022143813"|"AA00078"|""|"A Level"
323|"2020"|"A*"|"NP"|"20201022144213"|"AA00078"|""|"A Level"
323|"2020"|"A*(8-9)"|"NP"|"20201022144254"|"AA00078"|""|"GCSE"
30000|"2020"|"A* - A(7-9)"|"NP"|"20201022144636"|"AA00078"|""|"GCSE"
30000|"2020"|"A* - B"|"NP"|"20201022144643"|"AA00078"|""|"GCSE"
30000|"2020"|"A* - C(4-9)"|"NP"|"20201022144651"|"AA00078"|""|"GCSE"
30000|"2020"|"A* - A"|"NP"|"20201022144658"|"AA00078"|""|"A Level"
30000|"2020"|"A* - C"|"NP"|"20201022144715"|"AA00078"|""|"A Level"
41|"2020"|"A*(8-9)"|"NP"|"20201022150847"|"AA00078"|""|"GCSE"
41|"2020"|"A* - A(7-9)"|"NP"|"20201022150858"|"AA00078"|""|"GCSE"
41|"2020"|"A* - C(4-9)"|"NP"|"20201022150909"|"AA00078"|""|"GCSE"
41|"2020"|"A* - A"|"39"|"20201022150919"|"AA00078"|""|"A Level"
41|"2020"|"A* - B"|"64"|"20201022150928"|"AA00078"|""|"A Level"
41|"2020"|"A* - C"|"NP"|"20201022150945"|"AA00078"|""|"A Level"
302|"2020"|"A*"|"NP"|"20201022153618"|"AA00078"|""|"A Level"
302|"2020"|"A* - A"|"NP"|"20201022153624"|"AA00078"|""|"A Level"
302|"2020"|"A* - B"|"NP"|"20201022153712"|"AA00078"|""|"A Level"
302|"2020"|"A*"|"22"|"20201022153728"|"AA00078"|""|"A Level"
302|"2020"|"A* - A"|"53"|"20201022153731"|"AA00078"|""|"A Level"
124|"2020"|"A* - A(7-9)"|"NP"|"20201022184428"|"AA00078"|""|"GCSE"
124|"2020"|"A* - A"|"NP"|"20201022184437"|"AA00078"|""|"A Level"
124|"2020"|"A* - B"|"NP"|"20201022184744"|"AA00078"|""|"A Level"
134|"2020"|"A* - A(7-9)"|"NP"|"20201022185216"|"AA00078"|""|"GCSE"
134|"2020"|"A* - B"|"NP"|"20201022185222"|"AA00078"|""|"GCSE"
134|"2020"|"A* - C(4-9)"|"NP"|"20201022185228"|"AA00078"|""|"GCSE"
134|"2020"|"A* - A"|"NP"|"20201022185236"|"AA00078"|""|"A Level"
134|"2020"|"A* - B"|"NP"|"20201022185242"|"AA00078"|""|"A Level"
134|"2020"|"A* - C"|"NP"|"20201022185249"|"AA00078"|""|"A Level"
441|"2020"|"A*"|"NP"|"20201022185459"|"AA00078"|""|"A Level"
441|"2020"|"A* - B"|"NP"|"20201022185506"|"AA00078"|""|"A Level"
235|"2020"|"A*"|"NP"|"20201022185656"|"AA00078"|""|"A Level"
235|"2020"|"A* - A"|"NP"|"20201022185703"|"AA00078"|""|"A Level"
235|"2020"|"A* - B"|"NP"|"20201022185710"|"AA00078"|""|"A Level"
235|"2020"|"A* - C"|"NP"|"20201022185722"|"AA00078"|""|"A Level"
304|"2020"|"A* - A"|"NP"|"20201022190141"|"AA00078"|""|"A Level"
304|"2020"|"A* - B"|"NP"|"20201022190146"|"AA00078"|""|"A Level"
304|"2020"|"A*(8-9)"|"NP"|"20201022190249"|"AA00078"|""|"GCSE"
304|"2020"|"A* - A(7-9)"|"NP"|"20201022190300"|"AA00078"|""|"GCSE"
558|"2020"|"A* - A"|"43"|"20201022190651"|"AA00078"|""|"A Level"
558|"2020"|"A* - B"|"70"|"20201022190700"|"AA00078"|""|"A Level"
173|"2020"|"A*"|"NP"|"20201022191055"|"AA00078"|""|"A Level"
173|"2020"|"A* - A"|"NP"|"20201022191103"|"AA00078"|""|"A Level"
173|"2020"|"A* - B"|"NP"|"20201022191110"|"AA00078"|""|"A Level"
173|"2020"|"A* - C"|"NP"|"20201022191119"|"AA00078"|""|"A Level"
173|"2020"|"A*(8-9)"|"NP"|"20201022191147"|"AA00078"|""|"GCSE"
173|"2020"|"A* - A(7-9)"|"NP"|"20201022191200"|"AA00078"|""|"GCSE"
173|"2020"|"A* - B"|"NP"|"20201022191210"|"AA00078"|""|"GCSE"
173|"2020"|"A* - C(4-9)"|"NP"|"20201022191219"|"AA00078"|""|"GCSE"
566|"2020"|"A*(8-9)"|"NP"|"20201022191354"|"AA00078"|""|"GCSE"
566|"2020"|"A* - A(7-9)"|"NP"|"20201022191404"|"AA00078"|""|"GCSE"
566|"2020"|"A* - B"|"NP"|"20201022191410"|"AA00078"|""|"GCSE"
566|"2020"|"A* - C(4-9)"|"NP"|"20201022191419"|"AA00078"|""|"GCSE"
566|"2020"|"A*"|"NP"|"20201022191426"|"AA00078"|""|"A Level"
566|"2020"|"A* - A"|"NP"|"20201022191431"|"AA00078"|""|"A Level"
566|"2020"|"A* - B"|"NP"|"20201022191438"|"AA00078"|""|"A Level"
566|"2020"|"A* - C"|"NP"|"20201022191447"|"AA00078"|""|"A Level"
544|"2020"|"A*"|"NP"|"20201022191615"|"AA00078"|""|"A Level"
544|"2020"|"A* - A"|"61.7"|"20201022191623"|"AA00078"|""|"A Level"
544|"2020"|"A* - B"|"85.1"|"20201022191629"|"AA00078"|""|"A Level"
544|"2020"|"A* - C"|"95.7"|"20201022191638"|"AA00078"|""|"A Level"
544|"2020"|"A*(8-9)"|"NP"|"20201022191658"|"AA00078"|""|"GCSE"
544|"2020"|"A* - A(7-9)"|"NP"|"20201022191705"|"AA00078"|""|"GCSE"
544|"2020"|"A* - B"|"NP"|"20201022191715"|"AA00078"|""|"GCSE"
50|"2020"|"5-7"|"93"|"20201023093716"|"AA00078"|""|"IB"
50|"2020"|"6-7"|"66"|"20201023093737"|"AA00078"|""|"IB"
50|"2020"|"7"|"24"|"20201023093800"|"AA00078"|""|"IB"
84|"2020"|"A*(8-9)"|"NP"|"20201023103312"|"AA00078"|""|"GCSE"
84|"2020"|"A* - A(7-9)"|"NP"|"20201023103321"|"AA00078"|""|"GCSE"
84|"2020"|"A* - B"|"NP"|"20201023103327"|"AA00078"|""|"GCSE"
84|"2020"|"A* - C(4-9)"|"NP"|"20201023103335"|"AA00078"|""|"GCSE"
84|"2020"|"A*"|"NP"|"20201023103342"|"AA00078"|""|"A Level"
84|"2020"|"A* - A"|"NP"|"20201023103348"|"AA00078"|""|"A Level"
84|"2020"|"A* - B"|"NP"|"20201023103357"|"AA00078"|""|"A Level"
84|"2020"|"A* - C"|"NP"|"20201023103408"|"AA00078"|""|"A Level"
248|"2020"|"A*(8-9)"|"NP"|"20201023103509"|"AA00078"|""|"GCSE"
248|"2020"|"A* - B"|"NP"|"20201023103519"|"AA00078"|""|"GCSE"
248|"2020"|"A* - C(4-9)"|"NP"|"20201023103527"|"AA00078"|"Over 99% of all candidates were awarded 9-4"|"GCSE"
248|"2020"|"A* - C(4-9)"|"99"|"20201023103538"|"AA00078"|"Over 99% of all candidates were awarded 9-4"|"GCSE"
248|"2020"|"A*"|"NP"|"20201023103544"|"AA00078"|""|"A Level"
248|"2020"|"A* - B"|"NP"|"20201023103550"|"AA00078"|""|"A Level"
261|"2020"|"A* - A(7-9)"|"79"|"20201023104215"|"AA00078"|""|"GCSE"
208|"2020"|""|"NP"|"20201023104617"|"AA00078"|""|"IB"
208|"2020"|"A* - A"|"NP"|"20201023104706"|"AA00078"|""|"A Level"
208|"2020"|"A* - B"|"NP"|"20201023104713"|"AA00078"|""|"A Level"
208|"2020"|"A*(8-9)"|"NP"|"20201023104732"|"AA00078"|""|"GCSE"
208|"2020"|""|"28.8"|"20201023104745"|"AA00078"|""|"GCSE"
208|"2020"|"A* - A(7-9)"|"NP"|"20201023104801"|"AA00078"|""|"GCSE"
208|"2020"|"A* - B"|"NP"|"20201023104944"|"AA00078"|""|"GCSE"
208|"2020"|"A* - B"|"NP"|"20201023105029"|"AA00078"|"6-9 = 69.5%"|"GCSE"
208|"2020"|"A* - C(4-9)"|"NP"|"20201023105039"|"AA00078"|""|"GCSE"
313|"2020"|"A*"|"NP"|"20201023105337"|"AA00078"|""|"A Level"
313|"2020"|"A* - A"|"47"|"20201023105401"|"AA00078"|""|"A Level"
313|"2020"|"A* - A"|"30"|"20201023105422"|"AA00078"|""|"A Level"
313|"2020"|"A* - B"|"75"|"20201023105437"|"AA00078"|""|"A Level"
313|"2020"|"A* - C"|"92"|"20201023105445"|"AA00078"|""|"A Level"
313|"2020"|"A*(8-9)"|"NP"|"20201023105557"|"AA00078"|""|"GCSE"
313|"2020"|"A* - A(7-9)"|"NP"|"20201023105611"|"AA00078"|""|"GCSE"
313|"2020"|"A* - B"|"NP"|"20201023105625"|"AA00078"|""|"GCSE"
313|"2020"|"A* - C(4-9)"|"NP"|"20201023105637"|"AA00078"|""|"GCSE"
89|"2020"|"A*(8-9)"|"NP"|"20201023105826"|"AA00078"|""|"GCSE"
89|"2020"|"A* - A(7-9)"|"NP"|"20201023105838"|"AA00078"|""|"GCSE"
89|"2020"|"A* - B"|"NP"|"20201023105850"|"AA00078"|""|"GCSE"
89|"2020"|"A* - C(4-9)"|"NP"|"20201023105859"|"AA00078"|""|"GCSE"
89|"2020"|"A*"|"NP"|"20201023105905"|"AA00078"|""|"A Level"
89|"2020"|"A* - A"|"NP"|"20201023105910"|"AA00078"|""|"A Level"
89|"2020"|"A* - B"|"NP"|"20201023105917"|"AA00078"|""|"A Level"
89|"2020"|"A* - C"|"NP"|"20201023105930"|"AA00078"|""|"A Level"
611|"2020"|"A*(8-9)"|"NP"|"20201023110938"|"AA00078"|""|"GCSE"
611|"2020"|"A* - B"|"NP"|"20201023110947"|"AA00078"|""|"GCSE"
611|"2020"|"A* - A"|"NP"|"20201023111001"|"AA00078"|""|"A Level"
611|"2020"|"A* - B"|"NP"|"20201023111009"|"AA00078"|""|"A Level"
611|"2020"|"A* - C"|"NP"|"20201023111015"|"AA00078"|""|"A Level"
455|"2020"|"A* - C(4-9)"|"NP"|"20201023112557"|"AA00078"|""|"GCSE"
455|"2020"|"A* - C(4-9)"|"99.9"|"20201023112619"|"AA00078"|""|"GCSE"
455|"2020"|""|"99.9"|"20201023112631"|"AA00078"|"5 years average"|"GCSE"
455|"2020"|"A* - A"|"52"|"20201023112721"|"AA00078"|""|"A Level"
455|"2020"|"A* - B"|"80"|"20201023112728"|"AA00078"|""|"A Level"
370|"2020"|"A*"|"NP"|"20201023113140"|"AA00078"|""|"A Level"
370|"2020"|"A* - A"|"NP"|"20201023113204"|"AA00078"|""|"A Level"
370|"2020"|"A* - B"|"NP"|"20201023113212"|"AA00078"|""|"A Level"
370|"2020"|"A* - C"|"NP"|"20201023113224"|"AA00078"|""|"A Level"
370|"2020"|"A*(8-9)"|"NP"|"20201023115451"|"AA00078"|""|"GCSE"
370|"2020"|"A* - A(7-9)"|"NP"|"20201023115503"|"AA00078"|""|"GCSE"
370|"2020"|"A* - B"|"NP"|"20201023115513"|"AA00078"|""|"GCSE"
370|"2020"|"A* - C(4-9)"|"NP"|"20201023115524"|"AA00078"|""|"GCSE"
208|"2020"|"A* - C"|"NP"|"20201023123053"|"AA00078"|""|"A Level"
155|"2020"|"A*(8-9)"|"NP"|"20201023123401"|"AA00078"|"Percentage of pupils achieving: 9 = 14.8%; 8-9 = 30.6%"|"GCSE"
155|"2020"|"A* - A(7-9)"|"NP"|"20201023123420"|"AA00078"|"Percentage of pupils achieving: 7-9 = 48.6%"|"GCSE"
155|"2020"|"A* - C(4-9)"|"NP"|"20201023123437"|"AA00078"|"Percentage of pupils achieving: 4-9 = 97%"|"GCSE"
155|"2020"|"A*"|"NP"|"20201023123447"|"AA00078"|""|"A Level"
155|"2020"|"A* - A"|"40"|"20201023123454"|"AA00078"|""|"A Level"
155|"2020"|"A* - B"|"70"|"20201023123505"|"AA00078"|""|"A Level"
40|"2020"|"A*(8-9)"|"25.5"|"20201023170059"|"AA00078"|"9 = 11.8%"|"GCSE"
40|"2020"|"A* - A(7-9)"|"53.1"|"20201023170115"|"AA00078"|""|"GCSE"
40|"2020"|"A* - B"|"91.8"|"20201023170121"|"AA00078"|""|"GCSE"
40|"2020"|"A* - C(4-9)"|"98.6"|"20201023170130"|"AA00078"|""|"GCSE"
472|"2020"|"A*(8-9)"|"24"|"20201023171101"|"AA00078"|""|"GCSE"
472|"2020"|"A* - A(7-9)"|"NP"|"20201023171110"|"AA00078"|""|"GCSE"
472|"2020"|"A* - B"|"83"|"20201023171118"|"AA00078"|""|"GCSE"
472|"2020"|"A* - C(4-9)"|"NP"|"20201023171128"|"AA00078"|""|"GCSE"
472|"2020"|"A*"|"NP"|"20201023171137"|"AA00078"|""|"A Level"
472|"2020"|"A* - A"|"40"|"20201023171143"|"AA00078"|""|"A Level"
472|"2020"|"A* - B"|"75"|"20201023171150"|"AA00078"|""|"A Level"
472|"2020"|"A* - C"|"NP"|"20201023171200"|"AA00078"|""|"A Level"
50|"2020"|"A* - C"|"NP"|"20201023171534"|"AA00078"|""|"A Level"
50|"2020"|""|"*"|"20201023171800"|"AA00078"|""|"IB"
58|"2020"|"A*(8-9)"|"48.3"|"20201023172101"|"AA00078"|"9 = 26.2%"|"GCSE"
58|"2020"|"A* - A(7-9)"|"72.1"|"20201023172114"|"AA00078"|""|"GCSE"
58|"2020"|"A* - B"|"97.5"|"20201023172122"|"AA00078"|""|"GCSE"
58|"2020"|"A*"|"22.5"|"20201023172131"|"AA00078"|""|"A Level"
58|"2020"|"A* - A"|"53.5"|"20201023172137"|"AA00078"|""|"A Level"
58|"2020"|"A* - B"|"84.2"|"20201023172143"|"AA00078"|""|"A Level"
58|"2020"|"A* - C"|"96.1"|"20201023172153"|"AA00078"|""|"A Level"
101|"2020"|"A* - B"|"96.9"|"20201023174201"|"AA00078"|""|"GCSE"
101|"2020"|"A*"|"74"|"20201023174210"|"AA00078"|""|"A Level"
200|"2020"|"A*(8-9)"|"NP"|"20201023182355"|"AA00078"|""|"GCSE"
200|"2020"|"A* - A(7-9)"|"NP"|"20201023182419"|"AA00078"|"Nearly half of GCSE results were 7-9"|"GCSE"
200|"2020"|"A* - B"|"NP"|"20201023182445"|"AA00078"|""|"GCSE"
200|"2020"|"A*"|"NP"|"20201023182454"|"AA00078"|""|"A Level"
200|"2020"|"A* - A"|"NP"|"20201023182503"|"AA00078"|"More than one third of results were A*-A"|"A Level"
200|"2020"|"A* - B"|"NP"|"20201023182511"|"AA00078"|""|"A Level"
200|"2020"|"A* - C"|"NP"|"20201023182523"|"AA00078"|""|"A Level"
322|"2020"|"A*(8-9)"|"46.5"|"20201023182647"|"AA00078"|""|"GCSE"
322|"2020"|"A* - A(7-9)"|"71.9"|"20201023182657"|"AA00078"|""|"GCSE"
322|"2020"|"A* - B"|"NP"|"20201023182705"|"AA00078"|"6-9 = 89.6%"|"GCSE"
322|"2020"|"A* - A"|"47.2"|"20201023182716"|"AA00078"|""|"A Level"
322|"2020"|"A* - B"|"78.3"|"20201023182722"|"AA00078"|""|"A Level"
211|"2020"|"A* - B"|"NP"|"20201023183120"|"AA00078"|""|"GCSE"
211|"2020"|"A* - A"|"50"|"20201023183135"|"AA00078"|""|"A Level"
211|"2020"|"A* - B"|"75"|"20201023183143"|"AA00078"|""|"A Level"
211|"2020"|"A* - C"|"NP"|"20201023183155"|"AA00078"|""|"A Level"
413|"2020"|"A*(8-9)"|"37.5"|"20201023183702"|"AA00078"|"9 = 21%"|"GCSE"
413|"2020"|"A* - A(7-9)"|"57.8"|"20201023183717"|"AA00078"|""|"GCSE"
413|"2020"|"A* - B"|"78.3"|"20201023183733"|"AA00078"|""|"GCSE"
413|"2020"|"A* - C(4-9)"|"93.5"|"20201023183745"|"AA00078"|""|"GCSE"
413|"2020"|"A*"|"14.7"|"20201023183758"|"AA00078"|"AL & BTEC results combined"|"A Level"
413|"2020"|"A* - A"|"41.9"|"20201023183807"|"AA00078"|"AL & BTEC results combined"|"A Level"
413|"2020"|"A* - B"|"68.1"|"20201023183818"|"AA00078"|"AL & BTEC results combined"|"A Level"
413|"2020"|"A* - C"|"88.2"|"20201023183828"|"AA00078"|"AL & BTEC results combined"|"A Level"
483|"2020"|"A*(8-9)"|"47.8"|"20201023184003"|"AA00078"|""|"GCSE"
483|"2020"|"A* - B"|"96.8"|"20201023184028"|"AA00078"|""|"GCSE"
483|"2020"|"A* - B"|"85.7"|"20201023184045"|"AA00078"|""|"A Level"
524|"2020"|""|"35"|"20201023185157"|"AA00078"|""|"IB"
524|"2020"|"A* - A(7-9)"|"49"|"20201023185216"|"AA00078"|""|"GCSE"
524|"2020"|"A* - C(4-9)"|"NP"|"20201023185229"|"AA00078"|""|"GCSE"
524|"2020"|"A* - A"|"NP"|"20201023185245"|"AA00078"|"36% of Year 13 students had A* or A"|"A Level"
30010|"2020"|"A*(8-9)"|"NP"|"20201117153216"|"AA00078"|""|"GCSE"
524|"2020"|"A* - B"|"NP"|"20201023185258"|"AA00078"|"62% of students had A*-B"|"A Level"
140|"2020"|"A* - A(7-9)"|"NP"|"20201024110122"|"AA00078"|""|"GCSE"
140|"2020"|"A* - A"|"NP"|"20201024110139"|"AA00078"|""|"A Level"
140|"2020"|"A* - C(4-9)"|"NP"|"20201024110157"|"AA00078"|""|"GCSE"
140|"2020"|"A* - B"|"NP"|"20201024110220"|"AA00078"|""|"A Level"
316|"2020"|"A*(8-9)"|"NP"|"20201024120152"|"AA00078"|""|"GCSE"
316|"2020"|"A* - A(7-9)"|"57"|"20201024120204"|"AA00078"|""|"GCSE"
316|"2020"|"A* - B"|"NP"|"20201024120215"|"AA00078"|"6-9 = 78%"|"GCSE"
316|"2020"|"A* - C(4-9)"|"NP"|"20201024120227"|"AA00078"|""|"GCSE"
316|"2020"|"A*"|"NP"|"20201024120340"|"AA00078"|""|"A Level"
316|"2020"|"A* - A"|"35"|"20201024120349"|"AA00078"|""|"A Level"
316|"2020"|"A* - B"|"NP"|"20201024120359"|"AA00078"|""|"A Level"
316|"2020"|"A* - C"|"NP"|"20201024120411"|"AA00078"|""|"A Level"
328|"2020"|"A* - A"|"NP"|"20201024122900"|"AA00078"|"40 per cent of students getting A* or A grades"|"A Level"
328|"2020"|"A* - B"|"NP"|"20201024122910"|"AA00078"|""|"A Level"
328|"2020"|"A* - C"|"NP"|"20201024122930"|"AA00078"|""|"A Level"
328|"2020"|"A* - A(7-9)"|"NP"|"20201024123036"|"AA00078"|"In excess of 40 per cent of GCSE students have recorded grades 9 to 7"|"GCSE"
328|"2020"|"A* - B"|"NP"|"20201024123151"|"AA00078"|""|"GCSE"
328|"2020"|"A* - C(4-9)"|"NP"|"20201024123201"|"AA00078"|""|"GCSE"
641|"2020"|""|"NP"|"20201024145249"|"AA00078"|""|"IB"
195|"2020"|"A*"|"NP"|"20201027095416"|"AA00078"|""|"A Level"
195|"2020"|"A* - A"|"NP"|"20201027095423"|"AA00078"|"36% of pupils achieved A*-A"|"A Level"
195|"2020"|"A* - B"|"67"|"20201027095429"|"AA00078"|""|"A Level"
195|"2020"|"A* - C"|"85"|"20201027095436"|"AA00078"|""|"A Level"
195|"2020"|"A*(8-9)"|"37"|"20201027095601"|"AA00078"|""|"GCSE"
195|"2020"|"A* - A(7-9)"|"NP"|"20201027095617"|"AA00078"|"56% of pupils achieved 7-9"|"GCSE"
195|"2020"|"A* - B"|"NP"|"20201027095644"|"AA00078"|""|"GCSE"
195|"2020"|"A* - B"|"NP"|"20201027095834"|"AA00078"|"6-9 = 67.5%"|"GCSE"
195|"2020"|"A* - C(4-9)"|"NP"|"20201027095846"|"AA00078"|""|"GCSE"
235|"2020"|"A*(8-9)"|"NP"|"20201027100845"|"AA00078"|""|"GCSE"
235|"2020"|""|"NP"|"20201027100855"|"AA00078"|"It is difficult to give any meaningful results for GCSE as School only have about 12 students who take GCSE courses."|"GCSE"
235|"2020"|"A* - A(7-9)"|"NP"|"20201027100904"|"AA00078"|""|"GCSE"
235|"2020"|"A* - B"|"NP"|"20201027100908"|"AA00078"|""|"GCSE"
235|"2020"|"A* - C(4-9)"|"NP"|"20201027100914"|"AA00078"|""|"GCSE"
434|"2020"|"A* - C"|"NP"|"20201027175920"|"AA00078"|""|"A Level"
480|"2020"|"A* - B"|"NP"|"20201028100800"|"AA00078"|""|"GCSE"
480|"2020"|"A* - A"|"34"|"20201028100837"|"AA00078"|"5% increase from last year's A*-A results"|"A Level"
480|"2020"|"A* - B"|"54"|"20201028100846"|"AA00078"|"5% increase from last year's A*-B results"|"A Level"
592|"2020"|"A* - A(7-9)"|"NP"|"20201028114523"|"AA00078"|""|"GCSE"
552|"2020"|"A* - A(7-9)"|"NP"|"20201029140446"|"AA00078"|""|"GCSE"
552|"2020"|"A* - A(7-9)"|"62.1"|"20201029140622"|"AA00078"|""|"GCSE"
552|"2020"|"A* - C(4-9)"|"NP"|"20201029140756"|"AA00078"|""|"GCSE"
391|"2019"|"A*"|"NP"|"20201029164153"|"AA00078"|""|"A Level"
391|"2019"|"A* - A"|"NP"|"20201029164202"|"AA00078"|""|"A Level"
391|"2019"|"A* - B"|"NP"|"20201029164701"|"AA00078"|""|"A Level"
391|"2019"|"A* - C"|"NP"|"20201029164711"|"AA00078"|""|"A Level"
128|"2020"|"A* - C(4-9)"|"NP"|"20201031152707"|"AA00078"|""|"GCSE"
192|"2020"|"A* - B"|"NP"|"20201103102821"|"AA00078"|""|"GCSE"
575|"2020"|"A* - B"|"NP"|"20201103103449"|"AA00078"|""|"A Level"
575|"2020"|"A* - A"|"NP"|"20201103103502"|"AA00078"|""|"A Level"
575|"2020"|"A*"|"NP"|"20201103103510"|"AA00078"|""|"A Level"
528|"2020"|""|"38.7"|"20201103103637"|"AA00078"|""|"IB"
528|"2020"|"A*(8-9)"|"NP"|"20201103103759"|"AA00078"|""|"GCSE"
528|"2020"|"A* - A(7-9)"|"NP"|"20201103103810"|"AA00078"|""|"GCSE"
528|"2020"|"A* - B"|"NP"|"20201103103816"|"AA00078"|""|"GCSE"
528|"2020"|"A* - C(4-9)"|"NP"|"20201103103823"|"AA00078"|""|"GCSE"
528|"2020"|"A*"|"NP"|"20201103103839"|"AA00078"|""|"A Level"
528|"2020"|"A* - A"|"NP"|"20201103103849"|"AA00078"|""|"A Level"
528|"2020"|"A* - B"|"NP"|"20201103103902"|"AA00078"|""|"A Level"
528|"2020"|"A* - C"|"NP"|"20201103103912"|"AA00078"|""|"A Level"
575|"2020"|"A*(8-9)"|"NP"|"20201103104046"|"AA00078"|""|"GCSE"
575|"2020"|"A*(8-9)"|"73"|"20201103104121"|"AA00078"|""|"GCSE"
482|"2020"|"A* - B"|"NP"|"20201103113817"|"AA00078"|""|"A Level"
482|"2020"|"A* - C"|"NP"|"20201103113825"|"AA00078"|""|"A Level"
59|"2020"|"A*(8-9)"|"NP"|"20201103114752"|"AA00078"|""|"GCSE"
59|"2020"|"A* - A(7-9)"|"NP"|"20201103114802"|"AA00078"|""|"GCSE"
59|"2020"|"A* - B"|"NP"|"20201103114808"|"AA00078"|""|"GCSE"
59|"2020"|"A* - C(4-9)"|"NP"|"20201103114814"|"AA00078"|""|"GCSE"
59|"2020"|"A*"|"NP"|"20201103114841"|"AA00078"|""|"A Level"
59|"2020"|"A* - A"|"NP"|"20201103114846"|"AA00078"|""|"A Level"
59|"2020"|"A* - B"|"NP"|"20201103114851"|"AA00078"|""|"A Level"
59|"2020"|"A* - C"|"NP"|"20201103114858"|"AA00078"|""|"A Level"
107|"2020"|"A* - B"|"NP"|"20201103121235"|"AA00078"|""|"A Level"
107|"2020"|"A*"|"NP"|"20201103121322"|"AA00078"|""|"A Level"
107|"2020"|"A*"|"30"|"20201103121425"|"AA00078"|""|"A Level"
536|"2020"|"A*(8-9)"|"NP"|"20201103145430"|"AA00078"|""|"GCSE"
536|"2020"|"A* - A(7-9)"|"NP"|"20201103145453"|"AA00078"|""|"GCSE"
536|"2020"|"A* - B"|"NP"|"20201103145512"|"AA00078"|""|"GCSE"
536|"2020"|"A* - C(4-9)"|"NP"|"20201103145522"|"AA00078"|""|"GCSE"
536|"2020"|"A*"|"NP"|"20201103145528"|"AA00078"|""|"A Level"
536|"2020"|"A* - A"|"NP"|"20201103145531"|"AA00078"|""|"A Level"
536|"2020"|"A* - B"|"NP"|"20201103145536"|"AA00078"|""|"A Level"
536|"2020"|"A* - C"|"NP"|"20201103145540"|"AA00078"|""|"A Level"
30003|"2019"|""|"86"|"20201103163318"|"AA00006"|""|"A Level"
291|"2020"|"A* - C(4-9)"|"NP"|"20201106113454"|"AA00078"|""|"GCSE"
291|"2020"|"A* - C"|"NP"|"20201106113508"|"AA00078"|""|"A Level"
36|"2020"|""|"39"|"20201106164126"|"AA00078"|""|"IB"
423|"2020"|"A* - A(7-9)"|"43.2"|"20201107101459"|"AA00078"|"3 years average"|"GCSE"
423|"2020"|"A* - B"|"NP"|"20201107101519"|"AA00078"|"6-9 = 63.8% (3 years average)"|"GCSE"
423|"2020"|"A* - C(4-9)"|"90.5"|"20201107101536"|"AA00078"|"3 years average"|"GCSE"
423|"2020"|"A*"|"12.9"|"20201107101548"|"AA00078"|"3 years average"|"A Level"
423|"2020"|"A* - A"|"34.6"|"20201107101559"|"AA00078"|"3 years average"|"A Level"
423|"2020"|"A* - B"|"59.9"|"20201107101608"|"AA00078"|""|"A Level"
423|"2020"|"A* - C"|"83.4"|"20201107101618"|"AA00078"|""|"A Level"
599|"2020"|"A* - A"|"NP"|"20201111173448"|"AA00078"|""|"A Level"
599|"2020"|"A* - B"|"NP"|"20201111173454"|"AA00078"|""|"A Level"
599|"2020"|"A* - C"|"NP"|"20201111173502"|"AA00078"|""|"A Level"
575|"2020"|"A*(8-9)"|"NP"|"20201112104603"|"AA00078"|""|"GCSE"
575|"2020"|"A* - A(7-9)"|"NP"|"20201112104616"|"AA00078"|""|"GCSE"
575|"2020"|"A* - B"|"NP"|"20201112104630"|"AA00078"|""|"GCSE"
575|"2020"|"A* - C(4-9)"|"NP"|"20201112104650"|"AA00078"|""|"GCSE"
575|"2020"|"A*"|"21"|"20201112104702"|"AA00078"|""|"A Level"
575|"2020"|"A* - A"|"NP"|"20201112104720"|"AA00078"|"Almost half achieved grades A* to A"|"A Level"
575|"2020"|"A* - B"|"NP"|"20201112104730"|"AA00078"|"Well over three quarters achieved grades A* to B"|"A Level"
575|"2020"|"A* - C"|"NP"|"20201112104739"|"AA00078"|""|"A Level"
412|"2020"|"A*(8-9)"|"NP"|"20201112114857"|"AA00078"|""|"GCSE"
412|"2020"|"A* - A(7-9)"|"45.4"|"20201112114910"|"AA00078"|""|"GCSE"
412|"2020"|"A* - B"|"NP"|"20201112114921"|"AA00078"|""|"GCSE"
412|"2020"|"A*"|"NP"|"20201113114603"|"AA00078"|""|"A Level"
412|"2020"|"A* - A"|"31.4"|"20201113114609"|"AA00078"|""|"A Level"
412|"2020"|"A* - B"|"NP"|"20201113114617"|"AA00078"|""|"A Level"
412|"2020"|"A* - C"|"87"|"20201113114625"|"AA00078"|""|"A Level"
278|"2020"|"A*"|"NP"|"20201113135921"|"AA00078"|""|"A Level"
278|"2020"|"A* - A"|"NP"|"20201113135928"|"AA00078"|""|"A Level"
278|"2020"|"A* - B"|"NP"|"20201113135935"|"AA00078"|""|"A Level"
278|"2020"|"A* - C"|"NP"|"20201113135942"|"AA00078"|""|"A Level"
278|"2020"|"A*(8-9)"|"NP"|"20201113140107"|"AA00078"|""|"GCSE"
278|"2020"|"A* - A(7-9)"|"NP"|"20201113140117"|"AA00078"|""|"GCSE"
278|"2020"|"A* - B"|"NP"|"20201113140124"|"AA00078"|""|"GCSE"
278|"2020"|"A* - C(4-9)"|"NP"|"20201113140133"|"AA00078"|""|"GCSE"
218|"2020"|"A* - B"|"70"|"20201117121556"|"AA00078"|""|"A Level"
534|"2020"|"A*(8-9)"|"NP"|"20201117122953"|"AA00078"|""|"GCSE"
534|"2020"|"A* - A(7-9)"|"NP"|"20201117123008"|"AA00078"|""|"GCSE"
291|"2020"|"A* - A(7-9)"|"NP"|"20201117144745"|"AA00078"|""|"GCSE"
291|"2020"|"A* - B"|"NP"|"20201117144806"|"AA00078"|""|"A Level"
291|"2020"|"A* - A"|"NP"|"20201117144814"|"AA00078"|""|"A Level"
414|"2020"|"A*(8-9)"|"NP"|"20201117144937"|"AA00078"|""|"GCSE"
414|"2020"|"A* - A(7-9)"|"NP"|"20201117144948"|"AA00078"|""|"GCSE"
414|"2020"|"A* - B"|"NP"|"20201117144955"|"AA00078"|""|"GCSE"
414|"2020"|"A* - C(4-9)"|"NP"|"20201117145013"|"AA00078"|""|"GCSE"
414|"2020"|"A*"|"NP"|"20201117145019"|"AA00078"|""|"A Level"
414|"2020"|"A* - A"|"NP"|"20201117145026"|"AA00078"|""|"A Level"
414|"2020"|"A* - B"|"NP"|"20201117145032"|"AA00078"|""|"A Level"
414|"2020"|"A* - C"|"NP"|"20201117145043"|"AA00078"|""|"A Level"
415|"2020"|"A*"|"NP"|"20201117150121"|"AA00078"|""|"A Level"
415|"2020"|"A* - A"|"NP"|"20201117150129"|"AA00078"|""|"A Level"
415|"2020"|"A* - B"|"NP"|"20201117150137"|"AA00078"|""|"A Level"
415|"2020"|"A* - C"|"NP"|"20201117150148"|"AA00078"|""|"A Level"
415|"2020"|"A*(8-9)"|"NP"|"20201117150205"|"AA00078"|""|"GCSE"
415|"2020"|"A* - A(7-9)"|"NP"|"20201117150218"|"AA00078"|""|"GCSE"
415|"2020"|"A* - B"|"NP"|"20201117150226"|"AA00078"|""|"GCSE"
415|"2020"|"A* - C(4-9)"|"NP"|"20201117150236"|"AA00078"|""|"GCSE"
288|"2020"|"A*(8-9)"|"NP"|"20201117151531"|"AA00078"|""|"GCSE"
288|"2020"|"A* - A(7-9)"|"NP"|"20201117151540"|"AA00078"|""|"GCSE"
288|"2020"|"A* - B"|"NP"|"20201117151555"|"AA00078"|""|"GCSE"
288|"2020"|"A* - C(4-9)"|"NP"|"20201117151614"|"AA00078"|""|"GCSE"
288|"2020"|"A* - B"|"67.6"|"20201117151629"|"AA00078"|""|"GCSE"
288|"2020"|"A*"|"NP"|"20201117151655"|"AA00078"|""|"A Level"
288|"2020"|"A* - A"|"NP"|"20201117151705"|"AA00078"|""|"A Level"
288|"2020"|"A* - B"|"NP"|"20201117151718"|"AA00078"|""|"A Level"
288|"2020"|"A* - C"|"NP"|"20201117151728"|"AA00078"|""|"A Level"
30010|"2020"|"A*"|"NP"|"20201117153132"|"AA00078"|""|"A Level"
30010|"2020"|"A* - A"|"NP"|"20201117153141"|"AA00078"|""|"A Level"
30010|"2020"|"A* - B"|"NP"|"20201117153147"|"AA00078"|""|"A Level"
30010|"2020"|"A* - C"|"NP"|"20201117153158"|"AA00078"|""|"A Level"
30010|"2020"|"A* - A(7-9)"|"NP"|"20201117153232"|"AA00078"|""|"GCSE"
30010|"2020"|"A* - B"|"NP"|"20201117153239"|"AA00078"|""|"GCSE"
125|"2020"|"A*(8-9)"|"NP"|"20201117172856"|"AA00078"|""|"GCSE"
125|"2020"|"A* - A(7-9)"|"NP"|"20201117172909"|"AA00078"|""|"GCSE"
125|"2020"|"A* - B"|"NP"|"20201117172921"|"AA00078"|""|"GCSE"
125|"2020"|"A* - C(4-9)"|"NP"|"20201117172932"|"AA00078"|""|"GCSE"
125|"2020"|"A*"|"NP"|"20201117173217"|"AA00078"|""|"A Level"
125|"2020"|"A* - A"|"NP"|"20201117173223"|"AA00078"|""|"A Level"
125|"2020"|"A* - B"|"NP"|"20201117173229"|"AA00078"|""|"A Level"
125|"2020"|"A* - C"|"NP"|"20201117173237"|"AA00078"|""|"A Level"
180|"2020"|"A* - A"|"NP"|"20201118120707"|"AA00078"|""|"A Level"
180|"2020"|"A* - B"|"NP"|"20201118120715"|"AA00078"|""|"A Level"
180|"2020"|"A* - C"|"NP"|"20201118120725"|"AA00078"|""|"A Level"
180|"2020"|"A* - A"|"33"|"20201118120907"|"AA00078"|""|"A Level"
180|"2020"|"A* - B"|"64"|"20201118120910"|"AA00078"|""|"A Level"
180|"2020"|"A* - C"|"87"|"20201118120917"|"AA00078"|""|"A Level"
180|"2020"|"A* - A(7-9)"|"NP"|"20201118120954"|"AA00078"|""|"GCSE"
180|"2020"|"A* - B"|"NP"|"20201118121010"|"AA00078"|""|"GCSE"
180|"2020"|"A* - B"|"NP"|"20201118121021"|"AA00078"|"6-9 = 96% (3 year average)"|"GCSE"
180|"2020"|"A* - C(4-9)"|"NP"|"20201118121037"|"AA00078"|""|"GCSE"
76|"2020"|"A*"|"NP"|"20201118174201"|"AA00078"|""|"A Level"
76|"2020"|"A* - A"|"45.5"|"20201118174207"|"AA00078"|""|"A Level"
76|"2020"|"A* - B"|"74.2"|"20201118174217"|"AA00078"|""|"A Level"
76|"2020"|"A* - C"|"NP"|"20201118174225"|"AA00078"|""|"A Level"
76|"2020"|"A*(8-9)"|"NP"|"20201118174251"|"AA00078"|""|"GCSE"
76|"2020"|"A* - A(7-9)"|"NP"|"20201118174339"|"AA00078"|""|"GCSE"
76|"2020"|"A* - C(4-9)"|"NP"|"20201118174401"|"AA00078"|""|"GCSE"
433|"2020"|"A* - A"|"NP"|"20201119120359"|"AA00078"|""|"A Level"
433|"2020"|"A* - B"|"NP"|"20201119120407"|"AA00078"|""|"A Level"
433|"2020"|"A* - C"|"NP"|"20201119120417"|"AA00078"|""|"A Level"
36|"2020"|"A* - B"|"NP"|"20201215154707"|"AA00078"|""|"GCSE"
36|"2020"|"A*"|"NP"|"20201215155127"|"AA00078"|""|"A Level"
36|"2020"|"A* - A"|"NP"|"20201215155142"|"AA00078"|""|"A Level"
36|"2020"|"A* - B"|"NP"|"20201215155152"|"AA00078"|""|"A Level"
36|"2020"|"A* - C"|"NP"|"20201215155203"|"AA00078"|""|"A Level"
76|"2020"|"A*(8-9)"|"44.6"|"20201215170944"|"AA00078"|"9 = 22%"|"GCSE"
76|"2020"|"A* - A(7-9)"|"85.9"|"20201215171007"|"AA00078"|""|"GCSE"
76|"2020"|"A* - B"|"NP"|"20201215171028"|"AA00078"|"6-9 = 85.8%"|"GCSE"
68|"2020"|"A*"|"NP"|"20201217222955"|"AA00078"|""|"A Level"
68|"2020"|"A* - A"|"NP"|"20201217223002"|"AA00078"|""|"A Level"
68|"2020"|"A* - B"|"NP"|"20201217223009"|"AA00078"|""|"A Level"
68|"2020"|"A* - C"|"95"|"20201217223017"|"AA00078"|""|"A Level"
68|"2020"|"A*(8-9)"|"NP"|"20201217223108"|"AA00078"|""|"GCSE"
68|"2020"|"A* - A(7-9)"|"NP"|"20201217223131"|"AA00078"|""|"GCSE"
68|"2020"|"A* - B"|"NP"|"20201217223139"|"AA00078"|""|"GCSE"
68|"2020"|"A* - C(4-9)"|"NP"|"20201217223155"|"AA00078"|""|"GCSE"
128|"2020"|"A*(8-9)"|"NP"|"20201219104811"|"AA00078"|""|"GCSE"
128|"2020"|"A* - A(7-9)"|"NP"|"20201219104825"|"AA00078"|""|"GCSE"
128|"2020"|"A* - B"|"NP"|"20201219104833"|"AA00078"|""|"GCSE"
128|"2020"|"A* - C(4-9)"|"96"|"20201219104846"|"AA00078"|""|"GCSE"
128|"2020"|"A*"|"NP"|"20201219104857"|"AA00078"|""|"A Level"
128|"2020"|"A* - A"|"NP"|"20201219104903"|"AA00078"|""|"A Level"
128|"2020"|"A* - B"|"NP"|"20201219104910"|"AA00078"|""|"A Level"
128|"2020"|"A* - C"|"77"|"20201219104922"|"AA00078"|""|"A Level"
53|"2020"|"A* - B"|"NP"|"20201219105019"|"AA00078"|"6-9 = 89%"|"GCSE"
53|"2020"|"A*"|"NP"|"20201219105027"|"AA00078"|""|"A Level"
53|"2020"|"A* - A"|"44"|"20201219105034"|"AA00078"|""|"A Level"
53|"2020"|"A* - B"|"67"|"20201219105043"|"AA00078"|""|"A Level"
159|"2020"|"A*(8-9)"|"NP"|"20201219124725"|"AA00078"|"9 = 22%; 8-9 = over 40%"|"GCSE"
159|"2020"|""|"Over 40%"|"20201219124741"|"AA00078"|"9 = 22%; 8-9 = over 40%"|"GCSE"
302|"2020"|"A* - C"|"NP"|"20201222144820"|"AA00078"|""|"A Level"
302|"2020"|"A* - C"|"94"|"20201222144833"|"AA00078"|""|"A Level"
285|"2020"|"A* - B"|"75"|"20201222164707"|"AA00078"|""|"A Level"
285|"2020"|"A* - C"|"NP"|"20201222164715"|"AA00078"|""|"A Level"
258|"2020"|"A* - C(4-9)"|"NP"|"20201223165958"|"AA00078"|""|"GCSE"
4|"2020"|"4-7"|"100"|"20201230122411"|"AA00078"|""|"IB"
4|"2020"|"5-7"|"91"|"20201230122458"|"AA00078"|""|"IB"
4|"2020"|"6-7"|"60"|"20201230122505"|"AA00078"|""|"IB"
214|"2020"|"A*(8-9)"|"41"|"20210107104457"|"AA00078"|""|"GCSE"
214|"2020"|"A* - A(7-9)"|"60"|"20210107104510"|"AA00078"|""|"GCSE"
214|"2020"|"A* - B"|"NP"|"20210107104520"|"AA00078"|""|"GCSE"
214|"2020"|"A* - C(4-9)"|"NP"|"20210107104531"|"AA00078"|""|"GCSE"
380|"2020"|"A*(8-9)"|"NP"|"20210107123709"|"AA00078"|"33.8% of students achieved a level 8 or 9"|"GCSE"
380|"2020"|"A* - A(7-9)"|"NP"|"20210107123727"|"AA00078"|"More than half of students achieved level 7"|"GCSE"
380|"2020"|"A* - B"|"NP"|"20210107123735"|"AA00078"|""|"GCSE"
380|"2020"|"A* - C(4-9)"|"NP"|"20210107123749"|"AA00078"|"98.5% of students achieved level 4 or above"|"GCSE"
380|"2020"|"A* - A"|"NP"|"20210107123803"|"AA00078"|""|"A Level"
380|"2020"|"A* - C"|"NP"|"20210107123815"|"AA00078"|""|"A Level"
30056|"2020"|"A*"|"NP"|"20210107124058"|"AA00078"|""|"A Level"
599|"2020"|"A* - A"|"38"|"20210108095125"|"AA00078"|""|"A Level"
599|"2020"|"A* - B"|"64"|"20210108095133"|"AA00078"|""|"A Level"
599|"2020"|"A* - C"|"84"|"20210108095149"|"AA00078"|""|"A Level"
599|"2020"|"A*(8-9)"|"NP"|"20210108095205"|"AA00078"|""|"GCSE"
599|"2020"|"A* - A(7-9)"|"NP"|"20210108095232"|"AA00078"|""|"GCSE"
599|"2020"|"A* - B"|"NP"|"20210108095244"|"AA00078"|""|"GCSE"
599|"2020"|"A* - C(4-9)"|"NP"|"20210108095302"|"AA00078"|""|"GCSE"
507|"2020"|"A*"|"NP"|"20210109180946"|"AA00078"|""|"A Level"
507|"2020"|"A* - C"|"NP"|"20210109180955"|"AA00078"|""|"A Level"
607|"2020"|"A*(8-9)"|"30"|"20210114100436"|"AA00078"|""|"GCSE"
607|"2020"|"A* - A(7-9)"|"49"|"20210114100449"|"AA00078"|""|"GCSE"
607|"2020"|"A* - B"|"91"|"20210114100455"|"AA00078"|""|"GCSE"
607|"2020"|"A* - C(4-9)"|"NP"|"20210114100506"|"AA00078"|""|"GCSE"
607|"2020"|"A* - A"|"49"|"20210114100516"|"AA00078"|""|"A Level"
607|"2020"|"A* - B"|"79"|"20210114100528"|"AA00078"|""|"A Level"
607|"2020"|"A* - C"|"97"|"20210114100602"|"AA00078"|""|"A Level"
577|"2019"|"A* - A(7-9)"|"53"|"20210119161718"|"AA00078"|""|"GCSE"
577|"2019"|"A* - B"|"87.6"|"20210119161729"|"AA00078"|""|"GCSE"
577|"2019"|"A* - C(4-9)"|"96.2"|"20210119161745"|"AA00078"|""|"GCSE"
577|"2019"|"A* - A"|"44"|"20210119161804"|"AA00078"|""|"A Level"
591|"2019"|"A* - A"|"37.1"|"20210202112513"|"AA00078"|""|"A Level"
591|"2019"|"A* - B"|"58.3"|"20210202112524"|"AA00078"|""|"A Level"
591|"2019"|"A* - C"|"76.3"|"20210202112543"|"AA00078"|""|"A Level"
591|"2019"|"A* - A(7-9)"|"NP"|"20210202112605"|"AA00078"|""|"GCSE"
591|"2019"|"A* - B"|"NP"|"20210202112627"|"AA00078"|""|"GCSE"
591|"2019"|"A* - B"|"NP"|"20210202112651"|"AA00078"|"6-9=54%"|"GCSE"
30096|"2020"|"A* - B"|"99.9"|"20210428132835"|"AA00078"|""|"GCSE"
30082|"2019"|"A* - A(7-9)"|"64"|"20210608121421"|"AA00078"|""|"GCSE"
278|"2020"|"A*"|"22.4"|"20210618163912"|"AA00078"|""|"A Level"
278|"2020"|"A* - A"|"52.9"|"20210618163923"|"AA00078"|""|"A Level"
278|"2020"|"A* - B"|"75.6"|"20210618163930"|"AA00078"|""|"A Level"
133|"2020"|"A*"|"18.2"|"20210626114206"|"AA00078"|""|"A Level"
133|"2020"|"A* - A"|"46.9"|"20210626114214"|"AA00078"|""|"A Level"
133|"2020"|"A* - B"|"73.2"|"20210626114221"|"AA00078"|""|"A Level"
133|"2020"|"A* - C"|"91.9"|"20210626114232"|"AA00078"|""|"A Level"
258|"2020"|"A* - A(7-9)"|"56.9"|"20210626115502"|"AA00078"|""|"GCSE"
258|"2020"|"A* - B"|"79.1"|"20210626115512"|"AA00078"|""|"GCSE"
545|"2020"|"A* - A(7-9)"|"67"|"20210626120243"|"AA00078"|""|"GCSE"
545|"2020"|"A* - B"|"98"|"20210626120312"|"AA00078"|"6-9 = 85%"|"GCSE"
545|"2020"|"A* - C(4-9)"|"99.8"|"20210626120328"|"AA00078"|""|"GCSE"
492|"2020"|"A*(8-9)"|"NP"|"20210626121043"|"AA00078"|""|"GCSE"
492|"2020"|"A* - A(7-9)"|"NP"|"20210626121052"|"AA00078"|""|"GCSE"
492|"2020"|"A* - B"|"NP"|"20210626121058"|"AA00078"|""|"GCSE"
492|"2020"|"A* - C(4-9)"|"NP"|"20210626121107"|"AA00078"|""|"GCSE"
492|"2020"|"A*"|"NP"|"20210626121115"|"AA00078"|""|"A Level"
492|"2020"|"A* - A"|"NP"|"20210626121125"|"AA00078"|""|"A Level"
492|"2020"|"A* - B"|"NP"|"20210626121131"|"AA00078"|""|"A Level"
492|"2020"|"A* - C"|"NP"|"20210626121139"|"AA00078"|""|"A Level"
524|"2020"|""|"33"|"20210626121327"|"AA00078"|""|"IB"
524|"2020"|"A* - A(7-9)"|"43"|"20210626121348"|"AA00078"|""|"GCSE"
524|"2020"|"A* - C(4-9)"|"93"|"20210626121406"|"AA00078"|""|"GCSE"
524|"2020"|"A* - B"|"62"|"20210626121420"|"AA00078"|""|"A Level"
524|"2020"|"A* - C"|"NP"|"20210626121447"|"AA00078"|"84% of students achieved A*-C"|"A Level"
30111|"2019"|"A*(8-9)"|"NP"|"20210731141007"|"AA00078"|""|"GCSE"
30111|"2019"|"A* - A(7-9)"|"88"|"20210731141025"|"AA00078"|""|"GCSE"
30111|"2019"|"A* - B"|"94"|"20210731141034"|"AA00078"|""|"GCSE"
30111|"2019"|"A* - C(4-9)"|"NP"|"20210731141045"|"AA00078"|""|"GCSE"
30113|"2020"|"A* - B"|"NP"|"20210731150338"|"AA00078"|"6-9=87%"|"GCSE"
30113|"2020"|"A*(8-9)"|"NP"|"20210731150350"|"AA00078"|"9=27%"|"GCSE"
30113|"2020"|""|"NP**"|"20210731150648"|"AA00078"|"9=27%"|"GCSE"
214|"2021"|"A*(8-9)"|"41"|"20210813140218"|"AA00078"|""|"GCSE"
1|"2021"|"A* - B"|"98.2"|"20210814182704"|"AA00078"|"6-9=98.2%"|"GCSE"
103|"2021"|"A*(8-9)"|"*"|"20210817113928"|"AA00078"|""|"GCSE"
35|"2020"|"A* - A"|"NP"|"20210817115558"|"AA00078"|""|"A Level"
35|"2020"|"A* - B"|"NP"|"20210817115606"|"AA00078"|""|"A Level"
35|"2020"|"A* - C"|"NP"|"20210817115614"|"AA00078"|""|"A Level"
35|"2020"|"A* - A(7-9)"|"NP"|"20210817115630"|"AA00078"|""|"GCSE"
35|"2020"|"A*(8-9)"|"NP"|"20210817115644"|"AA00078"|""|"GCSE"
35|"2020"|"A* - A(7-9)"|"46"|"20210817115655"|"AA00078"|""|"GCSE"
35|"2020"|"A* - B"|"NP"|"20210817115712"|"AA00078"|""|"GCSE"
35|"2020"|"A* - C(4-9)"|"NP"|"20210817115724"|"AA00078"|""|"GCSE"
67|"2021"|"A* - B"|"*85"|"20210817175956"|"AA00078"|"6-9=85%"|"GCSE"
84|"2021"|"A*(8-9)"|"*"|"20210817182453"|"AA00078"|"67% of girls achieved Grade 7-9"|"GCSE"
110|"2021"|"A*(8-9)"|"71"|"20210818101620"|"AA00078"|""|"GCSE"
20|"2021"|"A*(8-9)"|"72"|"20210818105902"|"AA00078"|""|"GCSE"
20|"2021"|"A*(8-9)"|"72"|"20210818105924"|"AA00078"|"9=45%"|"GCSE"
20|"2021"|""|"*72"|"20210818105933"|"AA00078"|"9=45%"|"GCSE"
182|"2021"|"A*(8-9)"|"62"|"20210818145325"|"AA00078"|"9=33%"|"GCSE"
261|"2020"|"A* - C(4-9)"|"NP"|"20210818181721"|"AA00078"|""|"GCSE"
261|"2020"|"A*"|"NP"|"20210818181743"|"AA00078"|""|"A Level"
261|"2020"|"A* - A"|"NP"|"20210818181749"|"AA00078"|""|"A Level"
261|"2020"|"A* - B"|"71.4"|"20210818181758"|"AA00078"|""|"A Level"
261|"2020"|"A* - C"|"NP"|"20210818181804"|"AA00078"|""|"A Level"
261|"2020"|"A* - B"|"61"|"20210818181820"|"AA00078"|""|"A Level"
261|"2020"|""|"80"|"20210818181829"|"AA00078"|""|"A Level"
299|"2021"|"A*"|"23"|"20210819140910"|"AA00078"|""|"A Level"
299|"2021"|"A* - B"|"79"|"20210819140940"|"AA00078"|""|"A Level"
299|"2021"|"A* - C"|"94"|"20210819140949"|"AA00078"|"AL & Pre-U results combined"|"A Level"
299|"2021"|"A* - B"|"79"|"20210819140957"|"AA00078"|"AL & Pre-U results combined"|"A Level"
299|"2021"|"A* - A"|"56"|"20210819141002"|"AA00078"|"AL & Pre-U results combined"|"A Level"
314|"2020"|"A*(8-9)"|"NP"|"20210819163725"|"AA00078"|""|"GCSE"
314|"2020"|"A* - A(7-9)"|"NP"|"20210819163736"|"AA00078"|""|"GCSE"
314|"2020"|"A* - B"|"NP"|"20210819163744"|"AA00078"|""|"GCSE"
314|"2020"|"A* - C(4-9)"|"NP"|"20210819163757"|"AA00078"|""|"GCSE"
314|"2020"|"A*"|"NP"|"20210819163807"|"AA00078"|""|"A Level"
314|"2020"|"A* - A"|"NP"|"20210819163815"|"AA00078"|""|"A Level"
314|"2020"|"A* - B"|"NP"|"20210819163822"|"AA00078"|""|"A Level"
314|"2020"|"A* - C"|"NP"|"20210819163833"|"AA00078"|""|"A Level"
404|"2021"|"A*"|"*"|"20210820163815"|"AA00078"|""|"A Level"
573|"2020"|"A*"|"NP"|"20210821165138"|"AA00078"|""|"A Level"
573|"2020"|"A* - A"|"NP"|"20210821165145"|"AA00078"|""|"A Level"
573|"2020"|"A* - B"|"NP"|"20210821165151"|"AA00078"|""|"A Level"
573|"2020"|"A* - A(7-9)"|"NP"|"20210821165213"|"AA00078"|""|"GCSE"
573|"2020"|"A*(8-9)"|"NP"|"20210821165227"|"AA00078"|""|"GCSE"
573|"2020"|"A* - A(7-9)"|"61"|"20210821165239"|"AA00078"|""|"GCSE"
573|"2020"|"A*(8-9)"|"61"|"20210821165349"|"AA00078"|""|"GCSE"
573|"2020"|"A* - B"|"85"|"20210821165415"|"AA00078"|""|"A Level"
573|"2020"|"A* - A"|"57"|"20210821165421"|"AA00078"|""|"A Level"
573|"2020"|"A*"|"23.6"|"20210821165427"|"AA00078"|""|"A Level"
573|"2020"|"A*(8-9)"|"61"|"20210821165443"|"AA00078"|"9=32%"|"GCSE"
573|"2020"|"A* - A(7-9)"|"83"|"20210821165450"|"AA00078"|""|"GCSE"
595|"2020"|"A* - C"|"NP"|"20210824121430"|"AA00078"|"Over 88% of results were graded A*-C"|"A Level"
595|"2020"|"A* - A"|"NP"|"20210824121440"|"AA00078"|"Over a third of all grades were at A*-A"|"A Level"
497|"2021"|"A* - B"|"98"|"20210826115336"|"AA00078"|"6-9=98%"|"GCSE"
47|"2020"|"A*"|"NP"|"20210915111540"|"AA00078"|"2020 data will be added when entries are finalised at the start of the 2020/21 academic year."|"A Level"
47|"2020"|"A* - A"|"NP"|"20210915111548"|"AA00078"|"2020 data will be added when entries are finalised at the start of the 2020/21 academic year."|"A Level"
47|"2020"|"A* - B"|"NP"|"20210915111554"|"AA00078"|"2020 data will be added when entries are finalised at the start of the 2020/21 academic year."|"A Level"
47|"2020"|"A* - C"|"NP"|"20210915111610"|"AA00078"|"2020 data will be added when entries are finalised at the start of the 2020/21 academic year."|"A Level"
47|"2020"|"A*"|"27"|"20210915112127"|"AA00078"|"2020 data will be added when entries are finalised at the start of the 2020/21 academic year."|"A Level"
47|"2020"|"A* - A"|"60"|"20210915112133"|"AA00078"|"2020 data will be added when entries are finalised at the start of the 2020/21 academic year."|"A Level"
47|"2020"|"A* - B"|"86"|"20210915112138"|"AA00078"|"2020 data will be added when entries are finalised at the start of the 2020/21 academic year."|"A Level"
47|"2020"|"A* - C"|"100"|"20210915112144"|"AA00078"|"2020 data will be added when entries are finalised at the start of the 2020/21 academic year."|"A Level"
21|"2021"|"A* - B"|"100"|"20210915122616"|"AA00078"|"6-9 = 100%"|"GCSE"
76|"2021"|"A*"|"NP"|"20210916110306"|"AA00078"|""|"A Level"
76|"2021"|"A* - A"|"NP"|"20210916110309"|"AA00078"|""|"A Level"
76|"2021"|"A* - A"|"NP"|"20210916110409"|"AA00078"|"No %
School reply: see press release"|"A Level"
76|"2021"|"A*(8-9)"|"NP"|"20210916110543"|"AA00078"|""|"GCSE"
76|"2021"|"A* - A(7-9)"|"NP"|"20210916110550"|"AA00078"|""|"GCSE"
76|"2021"|"A* - B"|"NP"|"20210916110554"|"AA00078"|""|"GCSE"
76|"2021"|"A* - C(4-9)"|"NP"|"20210916110601"|"AA00078"|""|"GCSE"
89|"2021"|"A* - B"|"NP"|"20210916111751"|"AA00078"|""|"GCSE"
89|"2021"|"A* - B"|"NP"|"20210916111800"|"AA00078"|""|"A Level"
50|"2020"|"A*(8-9)"|"49"|"20210916162858"|"AA00078"|""|"GCSE"
50|"2020"|"A* - A(7-9)"|"71"|"20210916162906"|"AA00078"|""|"GCSE"
50|"2020"|"A* - B"|"NP"|"20210916162918"|"AA00078"|"6-9 = 87%"|"GCSE"
50|"2021"|"A* - C(4-9)"|"NP"|"20210916163229"|"AA00078"|""|"GCSE"
50|"2021"|"A*(8-9)"|"NP"|"20210916163249"|"AA00078"|"2020 results only"|"GCSE"
50|"2021"|""|"NP"|"20210916163256"|"AA00078"|"2020 results only
https://www.bedfordschool.org.uk/upper-school/academic-excellence/examination-results/"|"GCSE"
47|"2020"|"A*(8-9)"|"NP"|"20210917112014"|"AA00078"|"2020 data will be added when entries are finalised at the start of the 2020/21 academic year."|"GCSE"
47|"2020"|"A* - A(7-9)"|"NP"|"20210917112022"|"AA00078"|"2020 data will be added when entries are finalised at the start of the 2020/21 academic year."|"GCSE"
47|"2020"|"A* - B"|"NP"|"20210917112026"|"AA00078"|"2020 data will be added when entries are finalised at the start of the 2020/21 academic year."|"GCSE"
47|"2020"|"A* - C(4-9)"|"NP"|"20210917112034"|"AA00078"|"2020 data will be added when entries are finalised at the start of the 2020/21 academic year."|"GCSE"
47|"2020"|"A* - C"|"NP"|"20210917112044"|"AA00078"|"2020 data will be added when entries are finalised at the start of the 2020/21 academic year."|"A Level"
309|"2021"|"A* - B"|"94"|"20211007122434"|"AA00078"|"AL & Pre-U combined results"|"A Level"
47|"2020"|"A*"|"NP"|"20210917112048"|"AA00078"|"2020 data will be added when entries are finalised at the start of the 2020/21 academic year."|"A Level"
47|"2020"|"A* - A"|"NP"|"20210917112052"|"AA00078"|"2020 data will be added when entries are finalised at the start of the 2020/21 academic year."|"A Level"
47|"2020"|"A* - B"|"NP"|"20210917112056"|"AA00078"|"2020 data will be added when entries are finalised at the start of the 2020/21 academic year."|"A Level"
180|"2021"|"A* - B"|"57"|"20210918175633"|"AA00078"|""|"A Level"
30077|"2020"|"A* - A"|"74.8"|"20210921165531"|"AA00069"|"AL+Pre-U combined results"|"A Level"
30119|"2021"|"A* - B"|"80"|"20210922105825"|"AA00078"|""|"A Level"
136|"2021"|"A* - C"|"NP"|"20210923122732"|"AA00078"|""|"A Level"
656|"2020"|"A*"|"NP"|"20210927143839"|"AA00078"|""|"A Level"
656|"2020"|"A* - A"|"NP"|"20210927143849"|"AA00078"|""|"A Level"
656|"2020"|"A* - B"|"NP"|"20210927143857"|"AA00078"|""|"A Level"
656|"2020"|"A* - C"|"NP"|"20210927143909"|"AA00078"|""|"A Level"
656|"2020"|"A*(8-9)"|"NP"|"20210927144421"|"AA00078"|""|"GCSE"
656|"2020"|"A* - A(7-9)"|"NP"|"20210927144433"|"AA00078"|""|"GCSE"
656|"2020"|"A* - B"|"NP"|"20210927144442"|"AA00078"|""|"GCSE"
656|"2020"|"A* - C(4-9)"|"NP"|"20210927144452"|"AA00078"|""|"GCSE"
250|"2021"|"A* - A"|"55"|"20210927162551"|"AA00078"|""|"A Level"
250|"2021"|"A* - B"|"77"|"20210927162611"|"AA00078"|""|"A Level"
212|"2021"|"A* - B"|"88.66"|"20210929165032"|"AA00078"|""|"GCSE"
212|"2021"|"A* - A(7-9)"|"78.17"|"20210929165059"|"AA00078"|""|"GCSE"
212|"2021"|"A*(8-9)"|"56.48"|"20210929165136"|"AA00078"|""|"GCSE"
258|"2021"|"A* - A(7-9)"|"62"|"20211002180355"|"AA00078"|""|"GCSE"
274|"2020"|"A* - C"|"NP"|"20211005101536"|"AA00078"|""|"A Level"
274|"2020"|"A* - B"|"NP"|"20211005101558"|"AA00078"|""|"GCSE"
274|"2020"|"A* - C(4-9)"|"NP"|"20211005101609"|"AA00078"|""|"GCSE"
274|"2019"|"A*"|"NP"|"20211005101629"|"AA00078"|""|"A Level"
274|"2019"|"A* - A"|"NP"|"20211005101638"|"AA00078"|""|"A Level"
274|"2019"|"A* - B"|"66"|"20211005101649"|"AA00078"|"approximately two thirds of all grades at A*-B"|"A Level"
274|"2019"|"A* - A(7-9)"|"62"|"20211005101710"|"AA00078"|""|"GCSE"
274|"2019"|"A* - B"|"NP"|"20211005101719"|"AA00078"|""|"GCSE"
274|"2019"|"A* - C(4-9)"|"NP"|"20211005101732"|"AA00078"|""|"GCSE"
125|"2019"|"A* - A(7-9)"|"NP"|"20211005102143"|"AA00078"|""|"GCSE"
125|"2019"|"A* - C(4-9)"|"NP"|"20211005102151"|"AA00078"|""|"GCSE"
1|"2021"|"A*(8-9)"|"*76.6"|"20211005114316"|"AA00078"|"9=49.4%"|"GCSE"
1|"2021"|"A* - B"|"*98.2"|"20211005114334"|"AA00078"|"6-9=98.2%"|"GCSE"
1|"2021"|"A* - C(4-9)"|"99.9"|"20211005114345"|"AA00078"|""|"GCSE"
1|"2021"|"A*"|"46.9"|"20211005114406"|"AA00078"|""|"A Level"
1|"2021"|"A* - A"|"80.2"|"20211005114414"|"AA00078"|""|"A Level"
1|"2021"|"A* - C"|"97.8"|"20211005114425"|"AA00078"|""|"A Level"
21|"2021"|"A*(8-9)"|"87"|"20211005121358"|"AA00078"|""|"GCSE"
21|"2021"|"A*(8-9)"|"88"|"20211005121500"|"AA00078"|"9=62%"|"GCSE"
103|"2021"|"A*(8-9)"|"*"|"20211005122354"|"AA00078"|"9=50%"|"GCSE"
103|"2021"|"A*"|"*"|"20211005122457"|"AA00078"|"Over half of all grades were at A*"|"A Level"
103|"2021"|""|"*73"|"20211005122547"|"AA00078"|"9=49%"|"GCSE"
4|"2021"|""|"NP"|"20211005134127"|"AA00078"|""|"GCSE"
7|"2021"|"A*(8-9)"|"*"|"20211005135826"|"AA00078"|"9=39.7%"|"GCSE"
7|"2021"|"A* - C(4-9)"|"98.6"|"20211005140028"|"AA00078"|""|"GCSE"
7|"2021"|"A*"|"42"|"20211005140053"|"AA00078"|""|"A Level"
7|"2021"|"A* - A"|"76"|"20211005140101"|"AA00078"|""|"A Level"
384|"2021"|"A*(8-9)"|"79"|"20211005144910"|"AA00078"|""|"GCSE"
384|"2021"|"A*(8-9)"|"79"|"20211005145010"|"AA00078"|"9=56%"|"GCSE"
11|"2021"|"A*(8-9)"|"53"|"20211005151657"|"AA00078"|""|"GCSE"
11|"2021"|"A*"|"38"|"20211005151724"|"AA00078"|""|"A Level"
11|"2021"|"A* - A"|"68"|"20211005151734"|"AA00078"|""|"A Level"
11|"2021"|"A* - B"|"88"|"20211005151748"|"AA00078"|""|"A Level"
11|"2021"|"A* - C"|"98"|"20211005151805"|"AA00078"|""|"A Level"
22|"2021"|"A*(8-9)"|"*"|"20211005153209"|"AA00078"|"Two thirds of grades were Grade 8-9"|"GCSE"
22|"2021"|"A* - A(7-9)"|"85"|"20211005153250"|"AA00078"|""|"GCSE"
13|"2021"|"A* - A"|"80"|"20211005153715"|"AA00078"|""|"A Level"
13|"2021"|"A* - B"|"95"|"20211005153726"|"AA00078"|""|"A Level"
11|"2021"|"A* - B"|"98"|"20211005154147"|"AA00078"|""|"GCSE"
687|"2021"|"A* - A"|"82"|"20211005175014"|"AA00078"|""|"A Level"
534|"2020"|"A*(8-9)"|"NP"|"20211007110049"|"AA00078"|"Over a quarter of exams were graded 9, over half were graded 9-8"|"GCSE"
534|"2020"|"A* - B"|"NP"|"20211007110126"|"AA00078"|""|"GCSE"
534|"2020"|"A* - C(4-9)"|"NP"|"20211007110134"|"AA00078"|""|"GCSE"
534|"2020"|"A*"|"NP"|"20211007110142"|"AA00078"|""|"A Level"
534|"2020"|"A* - A"|"NP"|"20211007110149"|"AA00078"|""|"A Level"
534|"2020"|"A* - B"|"NP"|"20211007110158"|"AA00078"|""|"A Level"
534|"2020"|"A* - C"|"NP"|"20211007110207"|"AA00078"|""|"A Level"
288|"2021"|"A* - B"|"60.4"|"20211007111551"|"AA00078"|"6-9=60.4%"|"GCSE"
309|"2021"|"A*"|"32"|"20211007122422"|"AA00078"|"AL & Pre-U combined results"|"A Level"
309|"2021"|"A* - A"|"75"|"20211007122428"|"AA00078"|"AL & Pre-U combined results"|"A Level"
316|"2021"|"A* - A"|"36"|"20211007154724"|"AA00078"|""|"A Level"
389|"2021"|"A* - C(4-9)"|"97"|"20211011151712"|"AA00088"|""|"GCSE"
394|"2020"|"A* - A"|"NP"|"20211011170443"|"AA00078"|""|"A Level"
394|"2020"|"A* - B"|"NP"|"20211011170452"|"AA00078"|""|"A Level"
394|"2020"|"A*(8-9)"|"NP"|"20211011170509"|"AA00078"|""|"GCSE"
398|"2021"|"A*(8-9)"|"46"|"20211011171505"|"AA00078"|""|"GCSE"
30021|"2012"|"A* - B"|"NP"|"20211011181755"|"AA00078"|""|"GCSE"
370|"2021"|"A*"|"NP"|"20211011182418"|"AA00078"|""|"A Level"
370|"2021"|"A* - B"|"NP"|"20211011182424"|"AA00078"|""|"A Level"
380|"2021"|"A* - A(8-9)"|"NP"|"20211016180349"|"AA00078"|""|"GCSE"
380|"2021"|"A* - C(4-9)"|"NP"|"20211016180403"|"AA00078"|""|"GCSE"
380|"2021"|"A* - A"|"NP"|"20211016180412"|"AA00078"|""|"A Level"
380|"2021"|"A* - B"|"NP"|"20211016180421"|"AA00078"|""|"A Level"
380|"2021"|"A* - C"|"NP"|"20211016180436"|"AA00078"|""|"A Level"
438|"2021"|"A* - A"|"*"|"20211020115046"|"AA00078"|"Three quarters of grades were A*-A"|"A Level"
479|"2021"|"A*(8-9)"|"NP"|"20211020130034"|"AA00078"|""|"GCSE"
479|"2021"|"A* - A(7-9)"|"NP"|"20211020130041"|"AA00078"|""|"GCSE"
479|"2021"|"A* - B"|"NP"|"20211020130047"|"AA00078"|""|"GCSE"
611|"2021"|""|"35.9"|"20211020154319"|"AA00078"|""|"IB"
483|"2021"|"A* - C(4-9)"|"97"|"20211020160342"|"AA00078"|""|"GCSE"
585|"2021"|"A* - A"|"92.2"|"20211020182804"|"AA00078"|"The figures are the combined results of AL and Pre-U exams"|"A Level"
585|"2021"|"A* - C"|"98.9"|"20211020182915"|"AA00078"|"The figures are the combined results of AL and Pre-U exams"|"A Level"
499|"2020"|"A*(8-9)"|"NP"|"20211021101920"|"AA00078"|""|"GCSE"
499|"2020"|"A* - A(7-9)"|"NP"|"20211021101931"|"AA00078"|""|"GCSE"
499|"2020"|"A* - B"|"NP"|"20211021101944"|"AA00078"|""|"GCSE"
499|"2020"|"A*"|"NP"|"20211021101953"|"AA00078"|""|"A Level"
499|"2020"|"A* - A"|"NP"|"20211021102002"|"AA00078"|""|"A Level"
499|"2020"|"A* - B"|"NP"|"20211021102008"|"AA00078"|""|"A Level"
558|"2021"|"A* - B"|"NP"|"20211021104927"|"AA00078"|""|"GCSE"
558|"2021"|"A* - C(4-9)"|"NP"|"20211021104934"|"AA00078"|""|"GCSE"
558|"2021"|"A* - A"|"74"|"20211021104949"|"AA00078"|""|"A Level"
518|"2021"|"A*(8-9)"|"*"|"20211021112124"|"AA00078"|"33% of pupils achieved Grade 8-9"|"GCSE"
566|"2021"|"A*(8-9)"|"NP"|"20211021160617"|"AA00078"|""|"GCSE"
566|"2021"|"A* - A(7-9)"|"NP"|"20211021160629"|"AA00078"|""|"GCSE"
566|"2021"|"A* - B"|"NP"|"20211021160637"|"AA00078"|""|"GCSE"
566|"2021"|"A* - C(4-9)"|"NP"|"20211021160656"|"AA00078"|""|"GCSE"
566|"2021"|"A* - A(7-9)"|"59.5"|"20211021160712"|"AA00078"|""|"GCSE"
566|"2021"|"A* - B"|"85.2"|"20211021160721"|"AA00078"|""|"GCSE"
566|"2021"|"A*"|"NP"|"20211021160921"|"AA00078"|""|"A Level"
566|"2021"|"A* - A"|"NP"|"20211021160930"|"AA00078"|""|"A Level"
566|"2021"|"A* - B"|"NP"|"20211021160938"|"AA00078"|""|"A Level"
566|"2021"|"A* - C"|"NP"|"20211021160952"|"AA00078"|""|"A Level"
607|"2021"|"A* - A"|"46"|"20211021164651"|"AA00078"|""|"A Level"
607|"2021"|"A*(8-9)"|"*"|"20211021164736"|"AA00078"|""|"GCSE"
15|"2021"|"A*(8-9)"|"*63"|"20211021172807"|"AA00078"|"9=42%"|"GCSE"
15|"2021"|"A* - A(7-9)"|"81"|"20211021172819"|"AA00078"|""|"GCSE"
15|"2021"|"A* - B"|"*90"|"20211021172833"|"AA00078"|"6-9=90%"|"GCSE"
570|"2021"|"A* - A(7-9)"|"NP"|"20211022114700"|"AA00078"|""|"GCSE"
570|"2021"|"A* - B"|"NP"|"20211022114719"|"AA00078"|""|"GCSE"
570|"2021"|"A* - A"|"40"|"20211022114748"|"AA00078"|""|"A Level"
570|"2021"|"A* - B"|"NP"|"20211022114756"|"AA00078"|""|"A Level"
501|"2021"|"A*"|"NP"|"20211022120041"|"AA00078"|""|"A Level"
501|"2021"|"A* - A"|"NP"|"20211022120048"|"AA00078"|""|"A Level"
501|"2021"|"A* - B"|"NP"|"20211022120055"|"AA00078"|""|"A Level"
501|"2021"|"A* - C"|"NP"|"20211022120106"|"AA00078"|""|"A Level"
501|"2021"|"A*(8-9)"|"NP"|"20211022120121"|"AA00078"|""|"GCSE"
501|"2021"|"A* - A(7-9)"|"NP"|"20211022120129"|"AA00078"|""|"GCSE"
501|"2021"|"A* - B"|"NP"|"20211022120136"|"AA00078"|""|"GCSE"
501|"2021"|"A* - C(4-9)"|"NP"|"20211022120145"|"AA00078"|""|"GCSE"
39|"2021"|"A* - C(4-9)"|"NP"|"20211022141952"|"AA00078"|""|"GCSE"
133|"2021"|"A* - C(4-9)"|"NP"|"20211022150528"|"AA00078"|""|"GCSE"
29|"2021"|"A*(8-9)"|"NP"|"20211022153121"|"AA00078"|""|"GCSE"
29|"2021"|"A* - A(7-9)"|"NP"|"20211022153132"|"AA00078"|""|"GCSE"
596|"2021"|"A*(8-9)"|"NP"|"20211022163218"|"AA00078"|""|"GCSE"
596|"2021"|"A* - A(7-9)"|"NP"|"20211022163225"|"AA00078"|""|"GCSE"
596|"2021"|"A* - B"|"NP"|"20211022163232"|"AA00078"|""|"GCSE"
596|"2021"|"A* - C(4-9)"|"NP"|"20211022163241"|"AA00078"|""|"GCSE"
596|"2021"|"A*"|"NP"|"20211022163256"|"AA00078"|""|"A Level"
596|"2021"|"A* - A"|"NP"|"20211022163304"|"AA00078"|""|"A Level"
596|"2021"|"A* - B"|"NP"|"20211022163312"|"AA00078"|""|"A Level"
596|"2021"|"A* - C"|"NP"|"20211022163321"|"AA00078"|""|"A Level"
17|"2021"|"A*(8-9)"|"NP"|"20211022174104"|"AA00078"|""|"GCSE"
17|"2021"|"A* - A(7-9)"|"NP"|"20211022174114"|"AA00078"|""|"GCSE"
17|"2021"|"A* - B"|"NP"|"20211022174131"|"AA00078"|""|"GCSE"
17|"2021"|"A*"|"NP"|"20211022174138"|"AA00078"|""|"A Level"
17|"2021"|"A* - A"|"NP"|"20211022174143"|"AA00078"|""|"A Level"
17|"2021"|"A* - B"|"NP"|"20211022174152"|"AA00078"|""|"A Level"
17|"2021"|"A* - C"|"NP"|"20211022174201"|"AA00078"|""|"A Level"
595|"2021"|"A* - C(4-9)"|"NP"|"20211023160651"|"AA00078"|""|"GCSE"
595|"2021"|"A* - A"|"NP"|"20211023160700"|"AA00078"|""|"A Level"
595|"2021"|"A* - B"|"NP"|"20211023160706"|"AA00078"|""|"A Level"
595|"2021"|"A* - C"|"NP"|"20211023160715"|"AA00078"|""|"A Level"
597|"2021"|"A* - A(7-9)"|"*"|"20211023160901"|"AA00078"|"Nearly half of grades were Grade 7-9"|"GCSE"
597|"2021"|"A* - A"|"NP"|"20211023160923"|"AA00078"|""|"A Level"
597|"2021"|"A* - B"|"NP"|"20211023160930"|"AA00078"|""|"A Level"
36|"2021"|"A* - C(4-9)"|"NP"|"20211023172416"|"AA00078"|""|"GCSE"
36|"2021"|"A* - B"|"NP"|"20211023172427"|"AA00078"|""|"A Level"
36|"2021"|""|"41.3"|"20211023172444"|"AA00078"|""|"IB"
50|"2021"|"A*(8-9)"|"NP"|"20211023181359"|"AA00078"|"2020 results only
https://www.bedfordschool.org.uk/upper-school/academic-excellence/examination-results/"|"GCSE"
50|"2021"|"A* - A(7-9)"|"NP"|"20211023181415"|"AA00078"|"2020 results only"|"GCSE"
50|"2021"|"A* - B"|"NP"|"20211023181456"|"AA00078"|"2020 results only"|"GCSE"
50|"2021"|"A*(8-9)"|"57"|"20211023181540"|"AA00078"|"2020 results only
https://www.bedfordschool.org.uk/upper-school/academic-excellence/examination-results/"|"GCSE"
50|"2021"|"A* - A(7-9)"|"77"|"20211023181546"|"AA00078"|"2020 results only"|"GCSE"
50|"2021"|"A* - C(4-9)"|"NP"|"20211023181602"|"AA00078"|"2020 results only"|"GCSE"
50|"2021"|"A* - C"|"NP"|"20211023181642"|"AA00078"|""|"A Level"
110|"2021"|"A* - B"|"NP"|"20211023182240"|"AA00078"|""|"GCSE"
110|"2021"|"A*"|"NP"|"20211023182302"|"AA00078"|""|"A Level"
110|"2021"|"A* - A"|"*"|"20211023182312"|"AA00078"|"Three quarters of pupils achieved A*-A"|"A Level"
110|"2021"|"A* - B"|"NP"|"20211023182319"|"AA00078"|""|"A Level"
110|"2021"|"A* - C"|"NP"|"20211023182330"|"AA00078"|""|"A Level"
655|"2021"|"A*"|"*"|"20211023182452"|"AA00078"|"Almost 30% of all Pre-U and AL grades achieved were A*"|"A Level"
655|"2021"|"A* - A"|"62"|"20211023182500"|"AA00078"|""|"A Level"
655|"2021"|"A* - B"|"NP"|"20211023182511"|"AA00078"|""|"A Level"
655|"2021"|"A* - C"|"NP"|"20211023182524"|"AA00078"|""|"A Level"
274|"2021"|"A*(8-9)"|"57"|"20211023183043"|"AA00078"|""|"GCSE"
274|"2021"|"A* - C(4-9)"|"96"|"20211023183056"|"AA00078"|""|"GCSE"
413|"2021"|"A*(8-9)"|"46.7"|"20211023184535"|"AA00078"|""|"GCSE"
413|"2021"|"A* - A(7-9)"|"64.9"|"20211023184546"|"AA00078"|""|"GCSE"
413|"2021"|"A* - A"|"65.8"|"20211023184604"|"AA00078"|""|"A Level"
413|"2021"|"A* - B"|"87.9"|"20211023184610"|"AA00078"|""|"A Level"
413|"2021"|"A* - C"|"97.3"|"20211023184622"|"AA00078"|""|"A Level"
544|"2021"|"A*(8-9)"|"57.6"|"20211023184801"|"AA00078"|""|"GCSE"
544|"2021"|"A* - A(7-9)"|"NP"|"20211023184810"|"AA00078"|""|"GCSE"
544|"2021"|"A*"|"NP"|"20211023184817"|"AA00078"|""|"A Level"
544|"2021"|"A* - A"|"72.5"|"20211023184824"|"AA00078"|""|"A Level"
544|"2021"|"A* - B"|"87.2"|"20211023184829"|"AA00078"|""|"A Level"
544|"2021"|"A* - C"|"98.3"|"20211023184838"|"AA00078"|""|"A Level"
641|"2021"|"A*(8-9)"|"NP"|"20211026100428"|"AA00078"|""|"GCSE"
687|"2021"|"A*(8-9)"|"*"|"20211026120849"|"AA00078"|"Over 50% of grades were Grade 9"|"GCSE"
687|"2021"|"A* - A(7-9)"|"93"|"20211026120912"|"AA00078"|""|"GCSE"
687|"2021"|"A* - B"|"NP"|"20211026120938"|"AA00078"|""|"GCSE"
43|"2021"|"A* - B"|"NP"|"20211027170445"|"AA00078"|""|"GCSE"
525|"2021"|"A* - A(7-9)"|"NP"|"20211030120613"|"AA00078"|""|"GCSE"
524|"2021"|""|"NP"|"20211102103757"|"AA00078"|""|"IB"
524|"2021"|"A* - B"|"NP"|"20211102103836"|"AA00078"|""|"A Level"
524|"2021"|"A* - A(7-9)"|"NP"|"20211102103857"|"AA00078"|""|"GCSE"
293|"2021"|"A*"|"12"|"20211103110645"|"AA00078"|""|"A Level"
293|"2021"|"A* - A"|"37"|"20211103110648"|"AA00078"|""|"A Level"
293|"2021"|"A* - B"|"58"|"20211103110652"|"AA00078"|""|"A Level"
293|"2021"|"A* - C"|"NP"|"20211103110656"|"AA00078"|""|"A Level"
30114|"2021"|"A* - C"|"NP"|"20211103112001"|"AA00078"|""|"GCSE"
686|"2021"|"A*"|"NP"|"20211104102118"|"AA00078"|""|"A Level"
686|"2021"|"A* - A"|"NP"|"20211104102125"|"AA00078"|""|"A Level"
686|"2021"|"A* - B"|"NP"|"20211104102132"|"AA00078"|""|"A Level"
599|"2021"|"A*"|"NP"|"20211104102252"|"AA00078"|""|"A Level"
599|"2021"|"A* - A"|"NP"|"20211104102259"|"AA00078"|""|"A Level"
599|"2021"|"A* - B"|"NP"|"20211104102305"|"AA00078"|""|"A Level"
599|"2021"|"A* - C"|"NP"|"20211104102313"|"AA00078"|""|"A Level"
599|"2021"|"A*(8-9)"|"NP"|"20211104102340"|"AA00078"|""|"GCSE"
599|"2021"|"A* - A(7-9)"|"NP"|"20211104102347"|"AA00078"|""|"GCSE"
599|"2021"|"A* - B"|"NP"|"20211104102352"|"AA00078"|""|"GCSE"
599|"2021"|"A* - C(4-9)"|"NP"|"20211104102400"|"AA00078"|""|"GCSE"
541|"2021"|"A* - B"|"NP"|"20211106162444"|"AA00078"|""|"A Level"
541|"2021"|"A* - B"|"96"|"20211106162506"|"AA00078"|""|"A Level"
376|"2021"|"A* - B"|"NP"|"20211106162539"|"AA00078"|""|"A Level"
391|"2021"|"A*(8-9)"|"83.5"|"20211106170424"|"AA00078"|""|"GCSE"
391|"2021"|"A* - A(7-9)"|"96"|"20211106170434"|"AA00078"|""|"GCSE"
391|"2021"|"A* - C(4-9)"|"100"|"20211106170441"|"AA00078"|""|"GCSE"
391|"2021"|"A*"|"45.6"|"20211106170451"|"AA00078"|""|"A Level"
391|"2021"|"A* - A"|"84.3"|"20211106170457"|"AA00078"|""|"A Level"
391|"2021"|"A* - B"|"96.9"|"20211106170503"|"AA00078"|""|"A Level"
391|"2021"|"A* - C"|"99.4"|"20211106170511"|"AA00078"|""|"A Level"
543|"2019"|"A*(8-9)"|"NP"|"20211109101350"|"AA00078"|""|"GCSE"
543|"2019"|"A* - B"|"NP"|"20211109101359"|"AA00078"|""|"GCSE"
543|"2019"|"A* - C(4-9)"|"NP"|"20211109101406"|"AA00078"|""|"GCSE"
543|"2019"|"A*"|"NP"|"20211109101416"|"AA00078"|""|"A Level"
543|"2019"|"A* - A"|"NP"|"20211109101423"|"AA00078"|""|"A Level"
543|"2019"|"A* - C"|"NP"|"20211109101440"|"AA00078"|""|"A Level"
543|"2021"|"A* - C"|"NP"|"20211109101551"|"AA00078"|""|"A Level"
680|"2020"|"A*"|"NP"|"20211112174327"|"AA00078"|""|"A Level"
200|"2021"|"A* - A"|"NP"|"20211120172711"|"AA00078"|""|"A Level"
200|"2021"|"A* - B"|"NP"|"20211120172716"|"AA00078"|""|"A Level"
200|"2021"|"A* - A(7-9)"|"NP"|"20211120172729"|"AA00078"|""|"GCSE"
30132|"020"|"A* - A(7-9)"|"93.8"|"20211123102403"|"AA00078"|""|"GCSE"
30132|"2020"|""|"93.8"|"20211123102456"|"AA00078"|""|"GCSE"
30087|"2020"|"A* - A"|"NP"|"20211204165421"|"AA00078"|""|"GCSE"
30087|"2020"|"A*"|"NP"|"20211204165430"|"AA00078"|""|"GCSE"
30103|"2021"|"A*"|"NP"|"20211204165454"|"AA00078"|""|"GCSE"
30103|"2021"|"A* - A"|"NP"|"20211204165501"|"AA00078"|""|"GCSE"
30103|"2021"|"A* - C"|"NP"|"20211204165508"|"AA00078"|""|"GCSE"
30103|"2020"|"A*"|"NP"|"20211204165519"|"AA00078"|""|"GCSE"
30103|"2020"|"A* - A"|"NP"|"20211204165526"|"AA00078"|""|"GCSE"
30103|"2020"|"A* - C"|"NP"|"20211204165534"|"AA00078"|""|"GCSE"
125|"2021"|"A*"|"NP"|"20211207113225"|"AA00078"|""|"A Level"
125|"2021"|"A* - A"|"69"|"20211207113233"|"AA00078"|""|"A Level"
125|"2021"|"A* - B"|"NP"|"20211207113241"|"AA00078"|""|"A Level"
125|"2021"|"A* - C"|"NP"|"20211207113249"|"AA00078"|""|"A Level"
125|"2021"|"A*(8-9)"|"55"|"20211207113359"|"AA00078"|""|"GCSE"
125|"2021"|"A* - A(7-9)"|"76"|"20211207113407"|"AA00078"|""|"GCSE"
125|"2021"|"A* - C(4-9)"|"NP"|"20211207113416"|"AA00078"|""|"GCSE"
494|"2021"|"A*(8-9)"|"NP"|"20211207114445"|"AA00078"|""|"GCSE"
494|"2021"|"A* - A(7-9)"|"NP"|"20211207114456"|"AA00078"|""|"GCSE"
494|"2021"|"A* - B"|"NP"|"20211207114504"|"AA00078"|""|"GCSE"
494|"2021"|"A* - C(4-9)"|"NP"|"20211207114515"|"AA00078"|""|"GCSE"
6|"2021"|"A*(8-9)"|"*"|"20211217152236"|"AA00078"|"Over 40% of entries were awarded Grade 9. Over three quarters of entries were awarded Grade 8-9."|"GCSE"
6|"2021"|""|"*"|"20211217152250"|"AA00078"|"9=58.1%"|"GCSE"
6|"2021"|"A* - A(7-9)"|"NP"|"20211217152307"|"AA00078"|""|"GCSE"
6|"2021"|"A* - B"|"NP"|"20211217152323"|"AA00078"|""|"GCSE"
6|"2021"|"A* - C(4-9)"|"NP"|"20211217152334"|"AA00078"|""|"GCSE"
6|"2021"|"A*"|"NP"|"20211217152348"|"AA00078"|""|"A Level"
6|"2021"|"A* - A"|"*"|"20211217152401"|"AA00078"|"Over two-thirds of boys achieved A*-A"|"A Level"
6|"2021"|"A* - B"|"NP"|"20211217152411"|"AA00078"|""|"A Level"
6|"2021"|"A* - C"|"NP"|"20211217152420"|"AA00078"|""|"A Level"
218|"2021"|"A*"|"30"|"20211222173333"|"AA00078"|""|"A Level"
218|"2021"|"A* - A"|"65"|"20211222173338"|"AA00078"|""|"A Level"
218|"2021"|"A* - B"|"86"|"20211222173343"|"AA00078"|""|"A Level"
218|"2021"|"A*(8-9)"|"NP"|"20211222173409"|"AA00078"|""|"GCSE"
218|"2021"|"A* - A(7-9)"|"NP"|"20211222173429"|"AA00078"|""|"GCSE"
218|"2021"|"A* - B"|"NP"|"20211222173435"|"AA00078"|""|"GCSE"
218|"2021"|"A* - C(4-9)"|"NP"|"20211222173444"|"AA00078"|""|"GCSE"
16|"2021"|"A*"|"NP"|"20211223113245"|"AA00078"|""|"A Level"
1|"2021"|"A* - B"|"*100"|"20211231112417"|"AA00078"|"6-9=100%"|"GCSE"
50|"2021"|"A* - B"|"*90"|"20211231112612"|"AA00078"|"6-9=90%"|"GCSE"
67|"2021"|"A* - B"|"*"|"20211231112651"|"AA00078"|"6-9=85%"|"GCSE"
21|"2021"|"A* - B"|"*100"|"20211231112739"|"AA00078"|"6-9 = 100%"|"GCSE"
1|"2021"|"A*(9)"|"49.4"|"20211231113121"|"AA00078"|""|"GCSE"
103|"2021"|"A* - B"|"*98"|"20211231113253"|"AA00078"|"6-9=98%"|"GCSE"
4|"2021"|"A* - B"|"*94"|"20211231113342"|"AA00078"|"6-9=94%"|"GCSE"
134|"2021"|"A* - B"|"*75"|"20211231113415"|"AA00078"|"6-9=75%"|"GCSE"
155|"2021"|"A* - B"|"*75.5"|"20211231113515"|"AA00078"|"75.5% of grades were Grade 6-9"|"GCSE"
6|"2021"|"A* - B"|"*99.4"|"20211231113617"|"AA00078"|""|"GCSE"
6|"2021"|"A*(8-9)"|"*"|"20211231113637"|"AA00078"|"9=58.1%"|"GCSE"
7|"2021"|"A* - B"|"*96.6"|"20211231113844"|"AA00078"|"6-9=96.6%"|"GCSE"
257|"2021"|"A* - B"|"*87.6"|"20211231114009"|"AA00078"|"6-9=87.6%"|"GCSE"
258|"2021"|"A* - B"|"*81"|"20211231114038"|"AA00078"|"6-9=81%"|"GCSE"
533|"2021"|"A* - B"|"*90"|"20211231114209"|"AA00078"|"6-9=90%"|"GCSE"
9|"2021"|"A* - B"|"*"|"20211231114245"|"AA00078"|"6-9=90%"|"GCSE"
322|"2021"|"A* - B"|"*88"|"20211231114728"|"AA00078"|"6-9=88%"|"GCSE"
337|"2021"|"A*(8-9)"|"*"|"20211231114813"|"AA00078"|"9=28%"|"GCSE"
362|"2021"|"A* - B"|"*72"|"20211231114859"|"AA00078"|"6-9= 72%"|"GCSE"
384|"2021"|"A* - B"|"*98"|"20211231114957"|"AA00078"|"6-9=98%"|"GCSE"
389|"2021"|"A* - B"|"*69"|"20211231115037"|"AA00078"|"6-9=69%"|"GCSE"
11|"2021"|"A* - B"|"*98"|"20211231115305"|"AA00078"|"6-9=90.7%"|"GCSE"
497|"2021"|"A* - B"|"*"|"20211231115510"|"AA00078"|"6-9=98%"|"GCSE"
518|"2021"|"A* - B"|"*75"|"20211231115604"|"AA00078"|"6-9=75%"|"GCSE"
520|"2021"|"A* - B"|"*86.1"|"20211231115637"|"AA00078"|"6-9=86.1%"|"GCSE"
30022|"2021"|"A* - B"|"*63.5"|"20211231115723"|"AA00078"|"6-9=63.5%"|"GCSE"
12|"2021"|"A* - B"|"*100"|"20211231115758"|"AA00078"|"6-9=100%"|"GCSE"
22|"2021"|"A* - B"|"*95.6"|"20211231115848"|"AA00078"|"6-9=95.6%"|"GCSE"
570|"2021"|"A* - B"|"*66"|"20211231115922"|"AA00078"|"6-9=66%"|"GCSE"
13|"2021"|"A* - B"|"*99.7"|"20211231120101"|"AA00078"|"6-9 = 95.5%"|"GCSE"
13|"2021"|"A* - B(6-9)"|"*95.5"|"20211231120144"|"AA00078"|""|"GCSE"
577|"2021"|"A* - B"|"*"|"20211231120910"|"AA00078"|"6-9=78.9%"|"GCSE"
687|"2021"|"A* - B"|"*97.9"|"20211231120944"|"AA00078"|"6-9=97.9%"|"GCSE"
15|"2021"|"A* - B"|"*97"|"20211231121225"|"AA00078"|"6-9=90%"|"GCSE"
590|"2021"|"A* - B"|"*"|"20211231121332"|"AA00078"|"6-9=85%"|"GCSE"
603|"2021"|"A* - B"|"*78"|"20220104160113"|"AA00078"|"6-9=78%"|"GCSE"
52|"2021"|"A* - B"|"*45"|"20220104160201"|"AA00078"|"6-9=45%"|"GCSE"
71|"2021"|"A* - B"|"*45.5"|"20220104162503"|"AA00078"|"6-9=45.5%"|"GCSE"
17|"2021"|"A* - B"|"*97"|"20220104162719"|"AA00078"|"6-9=97%"|"GCSE"
178|"2021"|"A* - B"|"*68.6"|"20220104162859"|"AA00078"|"6-9=68.6%"|"GCSE"
260|"2021"|"A* - B"|"*80"|"20220104163005"|"AA00078"|"6-9=80%"|"GCSE"
345|"2021"|"A* - B"|"*96"|"20220104163339"|"AA00078"|"*6-9=96%"|"GCSE"
378|"2021"|"A* - B"|"*78"|"20220104163425"|"AA00078"|"6-9 = 78%"|"GCSE"
398|"2021"|"A* - B"|"*65"|"20220104163519"|"AA00078"|"6-9=65%"|"GCSE"
418|"2021"|"A* - B"|"*97.7"|"20220104163712"|"AA00078"|"6-9=97.7"|"GCSE"
18|"2021"|"A* - B"|"*94.4"|"20220104163756"|"AA00078"|"6-9=94.4%"|"GCSE"
439|"2021"|"A* - B"|"*69"|"20220104163906"|"AA00078"|"6-9=69%"|"GCSE"
492|"2021"|"A* - B"|"*68"|"20220104163959"|"AA00078"|"6-9=68%"|"GCSE"
525|"2021"|"A* - B"|"*56"|"20220104164121"|"AA00078"|"6-9=56%"|"GCSE"
30138|"2021"|"A* - A(7-9)"|"NP"|"20220111115941"|"AA00078"|""|"GCSE"
413|"2021"|"A* - B"|"92.4"|"20220112102309"|"AA00078"|""|"GCSE"
413|"2021"|"A*"|"35.2"|"20220112102321"|"AA00078"|""|"A Level"
9|"2021"|"A*(8-9)"|"*"|"20220112110800"|"AA00078"|"Almost 20% of grades were at Grade 9"|"GCSE"
192|"2021"|"A* - A(7-9)"|"NP"|"20220113114010"|"AA00078"|""|"GCSE"
192|"2021"|"A* - A"|"NP"|"20220113114026"|"AA00078"|""|"A Level"
53|"2021"|"A*(8-9)"|"NP"|"20220115163518"|"AA00078"|""|"GCSE"
53|"2021"|"A* - A(7-9)"|"NP"|"20220115163533"|"AA00078"|""|"GCSE"
53|"2021"|"A* - B"|"NP"|"20220115163550"|"AA00078"|""|"GCSE"
101|"2021"|"A*(8-9)"|"NP"|"20220211111416"|"AA00078"|""|"GCSE"
101|"2021"|"A* - A(7-9)"|"84"|"20220211111426"|"AA00078"|""|"GCSE"
101|"2021"|"A* - B"|"94"|"20220211111433"|"AA00078"|""|"GCSE"
101|"2021"|"A*"|"NP"|"20220211111439"|"AA00078"|""|"A Level"
101|"2021"|"A* - A"|"97.8"|"20220211111447"|"AA00078"|""|"A Level"
101|"2021"|"A* - B"|"99.7"|"20220211111456"|"AA00078"|""|"A Level"
441|"2021"|"A*"|"NP"|"20220212155516"|"AA00078"|""|"A Level"
441|"2021"|"A* - B"|"NP"|"20220212155527"|"AA00078"|""|"A Level"
327|"2021"|"A* - A(7-9)"|"NP"|"20220308171940"|"AA00078"|""|"GCSE"
327|"2021"|"A* - A"|"NP"|"20220308172000"|"AA00078"|""|"A Level"
327|"2021"|"A* - B"|"NP"|"20220308172010"|"AA00078"|""|"A Level"
504|"2021"|"A*(8-9)"|"NP"|"20220309145806"|"AA00078"|""|"GCSE"
504|"2021"|"A* - A(7-9)"|"NP"|"20220309145820"|"AA00078"|""|"GCSE"
504|"2021"|"A* - B"|"NP"|"20220309145835"|"AA00078"|""|"GCSE"
504|"2021"|"A* - C(4-9)"|"98.9"|"20220309145844"|"AA00078"|""|"GCSE"
504|"2021"|"A*"|"NP"|"20220309145854"|"AA00078"|""|"A Level"
504|"2021"|"A* - A"|"NP"|"20220309145905"|"AA00078"|""|"A Level"
504|"2021"|"A* - B"|"NP"|"20220309145913"|"AA00078"|""|"A Level"
504|"2021"|"A* - C(4-9)"|"96.7"|"20220309145928"|"AA00078"|""|"A Level"
503|"2021"|"A* - C"|"96.7"|"20220309150401"|"AA00078"|""|"A Level"
503|"2021"|"A* - B"|"NP"|"20220309150426"|"AA00078"|""|"A Level"
503|"2021"|"A* - A"|"NP"|"20220309150455"|"AA00078"|""|"A Level"
503|"2021"|"A*"|"NP"|"20220309150505"|"AA00078"|""|"A Level"
503|"2021"|"A*(8-9)"|"NP"|"20220309150534"|"AA00078"|""|"GCSE"
503|"2021"|"A* - A(7-9)"|"NP"|"20220309150545"|"AA00078"|""|"GCSE"
503|"2021"|"A* - B"|"NP"|"20220309150610"|"AA00078"|""|"GCSE"
100|"2021"|"A*"|"NP"|"20220322101250"|"AA00078"|"School reply with no figures"|"A Level"
100|"2021"|"A* - A"|"NP"|"20220322101301"|"AA00078"|""|"A Level"
100|"2021"|"A* - B"|"NP"|"20220322101312"|"AA00078"|""|"A Level"
100|"2021"|"A* - A(7-9)"|"NP"|"20220322102055"|"AA00078"|""|"GCSE"
100|"2021"|"A* - B"|"NP"|"20220322102123"|"AA00078"|""|"GCSE"
100|"2021"|"A* - C(4-9)"|"NP"|"20220322102135"|"AA00078"|""|"GCSE"
100|"2020"|"A* - A(7-9)"|"NP"|"20220322102311"|"AA00078"|""|"GCSE"
100|"2020"|"A* - B"|"NP"|"20220322102327"|"AA00078"|""|"GCSE"
100|"2020"|"A* - C(4-9)"|"NP"|"20220322102341"|"AA00078"|""|"GCSE"
100|"2020"|"A* - B(5-9)"|"##"|"20220322102408"|"AA00078"|""|"GCSE"
100|"2020"|"A* - C(4-9)"|"##"|"20220322102419"|"AA00078"|""|"GCSE"
100|"2020"|"A* - B"|"NP"|"20220322102745"|"AA00078"|""|"A Level"
100|"2020"|"A* - A"|"NP"|"20220322102809"|"AA00078"|""|"A Level"
100|"2020"|"A*"|"NP"|"20220322102820"|"AA00078"|""|"A Level"
100|"2020"|"Distinction - Pass"|"NP"|"20220322102842"|"AA00078"|""|"Pre - U"
100|"2020"|"Distinction - Merit"|"NP"|"20220322102849"|"AA00078"|""|"Pre - U"
100|"2020"|"Distinction"|"NP"|"20220322102856"|"AA00078"|""|"Pre - U"
2|"2021"|"A* - B"|"90"|"20220521095002"|"AA00078"|""|"GCSE"
288|"2021"|"A* - B"|"*60.4"|"20220611164155"|"AA00078"|"6-9=60.4%"|"GCSE"
30089|"2021"|"A* - B"|"NP"|"20220719144634"|"AA00078"|""|"GCSE"
30089|"2021"|"A* - C"|"NP"|"20220719144644"|"AA00078"|""|"GCSE"
30089|"2021"|"A*(8-9)"|"93"|"20220719144715"|"AA00078"|""|"GCSE"
30089|"2021"|""|"93*"|"20220719145823"|"AA00078"|""|"GCSE"
76|"2021"|"A*(8-9)"|"NP"|"20220819181311"|"AA00078"|"No reply from school"|"GCSE"
76|"2021"|"A* - A(7-9)"|"NP"|"20220819181337"|"AA00078"|"No reply from school"|"GCSE"
76|"2021"|"A* - B"|"NP"|"20220819181355"|"AA00078"|"No reply from school"|"GCSE"
76|"2021"|"A* - B"|"NP"|"20220819181413"|"AA00078"|"No %
School reply: see press release"|"A Level"
76|"2021"|"A* - C"|"NP"|"20220819181430"|"AA00078"|"No %
School reply: see press release"|"A Level"
373|"2022"|"A*"|"NP"|"20220820102242"|"AA00078"|""|"A Level"
655|"2022"|"A* - C"|"100"|"20220823115936"|"AA00078"|""|"A Level"
655|"2022"|""|"NP"|"20220823115946"|"AA00078"|""|"A Level"
180|"2022"|"A* - A"|"73"|"20220823162813"|"AA00078"|""|"A Level"
549|"2022"|"A*"|"NP"|"20220823164936"|"AA00078"|""|"A Level"
549|"2022"|"A* - A"|"NP"|"20220823164950"|"AA00078"|""|"A Level"
549|"2022"|"A* - B"|"NP"|"20220823165000"|"AA00078"|""|"A Level"
549|"2022"|"A* - C"|"NP"|"20220823165016"|"AA00078"|""|"A Level"
197|"2022"|"A*"|"NP"|"20220824111213"|"AA00078"|""|"A Level"
7|"2022"|"A*"|"70.9"|"20220824122045"|"AA00078"|""|"A Level"
7|"2022"|"A* - A"|"88.7"|"20220824122050"|"AA00078"|""|"A Level"
7|"2022"|"A* - B"|"97.8"|"20220824122056"|"AA00078"|""|"A Level"
258|"2022"|""|"39.6"|"20220824142645"|"AA00078"|""|"IB"
285|"2022"|""|"NP"|"20220824161903"|"AA00078"|""|"IB"
363|"2022"|"A* - B"|"79"|"20220825172117"|"AA00078"|""|"A Level"
389|"2022"|"A* - A"|"25"|"20220826101723"|"AA00078"|""|"A Level"
398|"2022"|"A*"|"NP"|"20220826102538"|"AA00078"|"73% of pupils achieving A*-B and 49% gaining A*-A"|"A Level"
544|"2022"|"A* - A(7-9)"|"NP"|"20220826111942"|"AA00078"|""|"GCSE"
58|"2022"|"A*(8-9)"|"52.8"|"20220827155638"|"AA00078"|""|"GCSE"
58|"2022"|""|"*52.8"|"20220827155741"|"AA00078"|"Grade 9 = 28.4%"|"GCSE"
36|"2022"|"A*"|"NP"|"20220827173209"|"AA00078"|""|"A Level"
36|"2022"|"A* - A"|"NP"|"20220827173225"|"AA00078"|""|"A Level"
36|"2022"|""|"NP"|"20220827173254"|"AA00078"|""|"IB"
480|"2022"|"A*(8-9)"|"NP"|"20220830103736"|"AA00078"|""|"GCSE"
611|"2022"|"A*"|"NP"|"20220830104317"|"AA00078"|""|"A Level"
103|"2022"|"A* - B"|"*"|"20220831154651"|"AA00078"|"over 90 per cent were A* to B grades"|"A Level"
103|"2022"|"A* - C"|"NP"|"20220831154704"|"AA00078"|""|"A Level"
462|"2022"|"A*(9)"|"35"|"20220901111650"|"AA00078"|""|"GCSE"
462|"2020"|""|"35"|"20220901111729"|"AA00078"|""|"GCSE"
462|"2020"|"A*(9)"|"35"|"20220901111834"|"AA00078"|""|"GCSE"
631|"2022"|"A*"|"NP"|"20220901142728"|"AA00078"|""|"A Level"
631|"2022"|"A* - A"|"80"|"20220901142738"|"AA00078"|""|"A Level"
631|"2022"|"A* - B"|"96"|"20220901142748"|"AA00078"|""|"A Level"
631|"2022"|"A* - C"|"NP"|"20220901142756"|"AA00078"|""|"A Level"
510|"2022"|"A*"|"NP"|"20220901174344"|"AA00078"|""|"GCSE"
593|"2022"|""|"36.2"|"20220901181203"|"AA00078"|""|"IB"
499|"2022"|"A*(9)"|"75"|"20220902102611"|"AA00078"|""|"GCSE"
21|"2022"|"A*"|"59.3"|"20220902113921"|"AA00078"|""|"A Level"
21|"2022"|"A* - A"|"89"|"20220902113928"|"AA00078"|""|"A Level"
21|"2022"|"A* - B"|"98.4"|"20220902113936"|"AA00078"|""|"A Level"
12|"2022"|"A* - C"|"NP"|"20220902160410"|"AA00078"|""|"A Level"
13|"2022"|"A*"|"NP"|"20220903112717"|"AA00078"|""|"A Level"
13|"2022"|"A* - A"|"NP"|"20220903112737"|"AA00078"|""|"A Level"
13|"2022"|"A* - B"|"NP"|"20220903112747"|"AA00078"|""|"A Level"
13|"2022"|"A* - C"|"NP"|"20220903112800"|"AA00078"|""|"A Level"
13|"2022"|"A*(8-9)"|"*54"|"20220903113345"|"AA00078"|""|"GCSE"
13|"2022"|"A* - A(7-9)"|"*75.9"|"20220903113351"|"AA00078"|""|"GCSE"
13|"2022"|"A* - B(6-9)"|"*90.6"|"20220903113357"|"AA00078"|""|"GCSE"
13|"2022"|"A* - C(4-9)"|"*99.6"|"20220903113403"|"AA00078"|""|"GCSE"
4|"2022"|""|"*"|"20220906111244"|"AA00078"|"Mean score: over 36 points"|"IB"
4|"2022"|"A* - A"|"NP"|"20220906111259"|"AA00078"|""|"A Level"
4|"2022"|"A* - B"|"NP"|"20220906111307"|"AA00078"|""|"A Level"
4|"2022"|"A* - C"|"NP"|"20220906111317"|"AA00078"|""|"A Level"
6|"2022"|"A*"|"NP"|"20220906122136"|"AA00078"|""|"A Level"
6|"2022"|"A* - A"|"NP"|"20220906122143"|"AA00078"|""|"A Level"
6|"2022"|"A* - B"|"NP"|"20220906122155"|"AA00078"|""|"A Level"
6|"2022"|"A* - C"|"NP"|"20220906122208"|"AA00078"|""|"A Level"
274|"2022"|"A*"|"NP"|"20220906181816"|"AA00078"|""|"A Level"
274|"2022"|"A*"|"67"|"20220906181831"|"AA00078"|""|"A Level"
274|"2022"|"A* - A"|"NP"|"20220906181838"|"AA00078"|""|"A Level"
274|"2022"|"A* - B"|"NP"|"20220906181845"|"AA00078"|""|"A Level"
22|"2022"|"A*"|"30.1"|"20220907111306"|"AA00078"|""|"A Level"
22|"2022"|"A* - A"|"62.5"|"20220907111315"|"AA00078"|""|"A Level"
22|"2022"|"A* - B"|"91.2"|"20220907111321"|"AA00078"|""|"A Level"
22|"2022"|"A* - C"|"97"|"20220907111331"|"AA00078"|""|"A Level"
12|"2022"|"A*"|"49"|"20220907112137"|"AA00078"|""|"A Level"
12|"2022"|"A* - A"|"84"|"20220907112145"|"AA00078"|""|"A Level"
3|"2022"|"A*"|"NP"|"20220907120518"|"AA00078"|""|"A Level"
3|"2022"|"A* - A"|"NP"|"20220907120526"|"AA00078"|""|"A Level"
3|"2022"|"A* - B"|"NP"|"20220907120539"|"AA00078"|""|"A Level"
1|"2022"|"A*(8-9)"|"*71"|"20220907123135"|"AA00078"|"Grade 9 = 46%"|"GCSE"
1|"2022"|"A*"|"40.2"|"20220907123211"|"AA00078"|""|"A Level"
1|"2022"|"A* - A"|"78"|"20220907123217"|"AA00078"|""|"A Level"
2|"2022"|"A* - A"|"NP"|"20220908103321"|"AA00078"|""|"A Level"
2|"2022"|"A* - B"|"NP"|"20220908103329"|"AA00078"|""|"A Level"
2|"2022"|"A* - B"|"91"|"20220908105925"|"AA00078"|""|"GCSE"
7|"2022"|"A*"|"36"|"20220909152302"|"AA00078"|""|"A Level"
7|"2022"|"A* - A"|"70.9"|"20220909152311"|"AA00078"|""|"A Level"
7|"2022"|"A* - B"|"88.7"|"20220909152319"|"AA00078"|""|"A Level"
500|"2022"|"A*"|"34.9"|"20220916102120"|"AA00078"|""|"A Level"
500|"2022"|"A* - A"|"74.9"|"20220916102130"|"AA00078"|""|"A Level"
384|"2022"|"A*"|"NP"|"20220916172200"|"AA00078"|""|"A Level"
384|"2022"|"A* - A"|"NP"|"20220916172209"|"AA00078"|""|"A Level"
384|"2022"|"A* - B"|"NP"|"20220916172214"|"AA00078"|""|"A Level"
197|"2022"|"A* - B"|"NP"|"20220922122245"|"AA00078"|""|"A Level"
6|"2022"|"A*(9)"|"48"|"20220922150211"|"AA00078"|""|"GCSE"
6|"2022"|"A* - A(7-9)"|"89.6"|"20220922150232"|"AA00078"|""|"GCSE"
6|"2022"|"A* - A"|"75.4"|"20220922150345"|"AA00078"|""|"A Level"
53|"2022"|"A*(8-9)"|"NP"|"20220923113620"|"AA00078"|""|"GCSE"
465|"2022"|"A*(9)"|"49"|"20220923121423"|"AA00078"|""|"GCSE"
465|"2022"|"A* - A(7-9)"|"66"|"20220923121436"|"AA00078"|""|"GCSE"
76|"2022"|"A* - B"|"NP"|"20220924111450"|"AA00078"|""|"A Level"
89|"2022"|"A* - A"|"65"|"20220924121842"|"AA00078"|""|"A Level"
89|"2022"|"A* - B"|"85.4"|"20220924121854"|"AA00078"|""|"A Level"
100|"2022"|"A*"|"40.4"|"20220928114709"|"AA00078"|""|"A Level"
100|"2022"|"A* - A"|"73.7"|"20220928114718"|"AA00078"|""|"A Level"
100|"2022"|"A* - B"|"92.4"|"20220928114726"|"AA00078"|""|"A Level"
20|"2022"|"A*"|"44"|"20220929095840"|"AA00078"|""|"A Level"
20|"2022"|"A* - A"|"74"|"20220929095845"|"AA00078"|""|"A Level"
20|"2022"|"A* - B"|"89"|"20220929095850"|"AA00078"|""|"A Level"
124|"2022"|"A* - A"|"*"|"20220929104820"|"AA00078"|"Nearly one third of our students received an A*- A grade with about 60% achieving A*- B grades."|"A Level"
124|"2022"|"A* - B"|"*"|"20220929104825"|"AA00078"|"Nearly one third of our students received an A*- A grade with about 60% achieving A*- B grades."|"A Level"
125|"2022"|"A*"|"NP"|"20220929105825"|"AA00078"|""|"A Level"
125|"2022"|"A* - A"|"NP"|"20220929105835"|"AA00078"|""|"A Level"
125|"2022"|"A* - B"|"NP"|"20220929105847"|"AA00078"|""|"A Level"
125|"2022"|"A* - C"|"NP"|"20220929105858"|"AA00078"|""|"A Level"
148|"2022"|"A*(9)"|"25"|"20220929173852"|"AA00078"|""|"GCSE"
148|"2022"|"A*(8-9)"|"44"|"20220929173916"|"AA00078"|""|"GCSE"
149|"2022"|"A*"|"NP"|"20220929180043"|"AA00078"|""|"A Level"
149|"2022"|"A* - B"|"91"|"20220929180055"|"AA00078"|""|"A Level"
149|"2022"|"A* - C"|"NP"|"20220929180109"|"AA00078"|""|"A Level"
150|"2022"|"A* - A"|"NP"|"20220929180559"|"AA00078"|""|"A Level"
150|"2022"|"A* - B"|"NP"|"20220929180608"|"AA00078"|""|"A Level"
150|"2022"|"A* - C"|"NP"|"20220929180616"|"AA00078"|""|"A Level"
155|"2022"|"A* - A"|"NP"|"20220930104629"|"AA00078"|""|"A Level"
155|"2022"|"A* - B"|"NP"|"20220930104640"|"AA00078"|""|"A Level"
155|"2022"|"A* - C"|"NP"|"20220930104653"|"AA00078"|""|"A Level"
182|"2022"|""|"37"|"20220930121644"|"AA00078"|""|"IB"
182|"2022"|"A*"|"25"|"20220930121802"|"AA00078"|""|"A Level"
182|"2022"|"A* - A"|"58"|"20220930121806"|"AA00078"|""|"A Level"
182|"2022"|"A* - B"|"82"|"20220930121815"|"AA00078"|""|"A Level"
192|"2022"|"A* - A"|"NP"|"20220930145102"|"AA00078"|""|"A Level"
192|"2022"|"A* - B"|"NP"|"20220930145109"|"AA00078"|""|"A Level"
192|"2022"|"A* - C"|"NP"|"20220930145122"|"AA00078"|""|"A Level"
208|"2022"|"A* - A"|"NP"|"20220930162429"|"AA00078"|""|"A Level"
208|"2022"|"A* - B"|"NP"|"20220930162437"|"AA00078"|""|"A Level"
212|"2022"|"A*"|"*"|"20221005112953"|"AA00078"|"Over a third of all grades awarded at A* and nearly two-thirds awarded at A* or A"|"A Level"
212|"2022"|"A* - A"|"*"|"20221005113002"|"AA00078"|"Over a third of all grades awarded at A* and nearly two-thirds awarded at A* or A"|"A Level"
212|"2022"|"A* - B"|"NP"|"20221005113030"|"AA00078"|""|"A Level"
212|"2022"|"A* - C"|"NP"|"20221005113039"|"AA00078"|""|"A Level"
218|"2022"|"A*"|"15"|"20221005113932"|"AA00078"|""|"A Level"
218|"2022"|"A* - C"|"88"|"20221005113945"|"AA00078"|""|"A Level"
218|"2022"|"A*(8-9)"|"18"|"20221005114016"|"AA00078"|""|"GCSE"
218|"2022"|"A* - A(7-9)"|"50"|"20221005114034"|"AA00078"|""|"GCSE"
218|"2022"|"A* - B"|"71"|"20221005114052"|"AA00078"|""|"GCSE"
218|"2022"|"A* - C(4-9)"|"89"|"20221005114100"|"AA00078"|""|"GCSE"
234|"2022"|"A*"|"NP"|"20221005114744"|"AA00078"|""|"A Level"
234|"2022"|"A* - A"|"NP"|"20221005114756"|"AA00078"|""|"A Level"
234|"2022"|"A* - B"|"NP"|"20221005114802"|"AA00078"|""|"A Level"
235|"2022"|"A* - A"|"NP"|"20221005160413"|"AA00078"|""|"A Level"
235|"2022"|"A* - B"|"NP"|"20221005160426"|"AA00078"|""|"A Level"
235|"2022"|"A* - C"|"NP"|"20221005160440"|"AA00078"|""|"A Level"
250|"2022"|"A* - A"|"NP"|"20221005162000"|"AA00078"|""|"A Level"
250|"2022"|"A* - B"|"NP"|"20221005162023"|"AA00078"|""|"A Level"
261|"2022"|"A* - A"|"46"|"20221005165840"|"AA00078"|""|"A Level"
271|"2022"|"A*"|"NP"|"20221005171318"|"AA00078"|""|"A Level"
271|"2022"|"A* - A"|"NP"|"20221005171323"|"AA00078"|""|"A Level"
271|"2022"|"A* - B"|"NP"|"20221005171327"|"AA00078"|""|"A Level"
271|"2022"|"A* - C"|"NP"|"20221005171334"|"AA00078"|""|"A Level"
300|"2022"|"A* - B"|"NP"|"20221006113202"|"AA00078"|""|"A Level"
288|"2022"|"A*"|"*"|"20221006120411"|"AA00078"|"Awaiting remarks and appeals."|"A Level"
288|"2022"|"A* - A"|"*"|"20221006120420"|"AA00078"|"Awaiting remarks and appeals."|"A Level"
288|"2022"|"A*"|"6.16"|"20221006120426"|"AA00078"|"Awaiting remarks and appeals."|"A Level"
288|"2022"|"A* - B"|"*"|"20221006120440"|"AA00078"|"Awaiting remarks and appeals."|"A Level"
288|"2022"|"A* - C"|"*"|"20221006120451"|"AA00078"|"Awaiting remarks and appeals."|"A Level"
304|"2022"|""|"36.9"|"20221006145424"|"AA00078"|""|"IB"
493|"2022"|"A*"|"NP"|"20221006155330"|"AA00078"|""|"A Level"
493|"2022"|"A* - A"|"NP"|"20221006155336"|"AA00078"|""|"A Level"
493|"2022"|"A* - B"|"NP"|"20221006155343"|"AA00078"|""|"A Level"
493|"2022"|"A*(8-9)"|"63"|"20221006155626"|"AA00078"|""|"GCSE"
493|"2022"|""|"*"|"20221006155636"|"AA00078"|""|"GCSE"
493|"2022"|"A* - A(7-9)"|"75"|"20221006155708"|"AA00078"|""|"GCSE"
493|"2022"|""|"*"|"20221006155740"|"AA00078"|""|"GCSE"
493|"2022"|"A*(8-9)"|"*"|"20221006155931"|"AA00078"|""|"GCSE"
493|"2022"|"A* - A(7-9)"|"*"|"20221006155938"|"AA00078"|""|"GCSE"
493|"2022"|"A* - C(4-9)"|"100"|"20221006155946"|"AA00078"|""|"GCSE"
381|"2022"|"A*"|"NP"|"20221006171915"|"AA00078"|""|"A Level"
381|"2022"|"A* - A"|"NP"|"20221006171929"|"AA00078"|""|"A Level"
381|"2022"|"A* - B"|"70"|"20221006172307"|"AA00078"|""|"A Level"
381|"2022"|"A* - C"|"NP"|"20221006172316"|"AA00078"|""|"A Level"
330|"2022"|"A*"|"*"|"20221007102212"|"AA00078"|"A quarter of all grades were at A*"|"A Level"
330|"2022"|"A* - C"|"NP"|"20221007102220"|"AA00078"|""|"A Level"
337|"2022"|"A* - A"|"*"|"20221007104713"|"AA00078"|"Over 50% of grades were at  A*- A grades"|"A Level"
337|"2022"|"A* - B"|"*"|"20221007104719"|"AA00078"|"More than 75% of A-level and BTEC grades combined were awarded A*- B"|"A Level"
545|"2022"|"A*"|"NP"|"20221007111240"|"AA00078"|""|"A Level"
545|"2022"|"A* - A"|"NP"|"20221007111245"|"AA00078"|""|"A Level"
545|"2022"|"A* - B"|"NP"|"20221007111251"|"AA00078"|""|"A Level"
545|"2022"|"A* - C"|"NP"|"20221007111255"|"AA00078"|""|"A Level"
545|"2022"|""|"92"|"20221007111315"|"AA00078"|""|"A Level"
367|"2022"|"A*"|"NP"|"20221007112324"|"AA00078"|""|"A Level"
367|"2022"|"A* - A"|"NP"|"20221007112347"|"AA00078"|""|"A Level"
367|"2022"|"A* - B"|"NP"|"20221007112422"|"AA00078"|""|"A Level"
367|"2022"|"A* - C"|"NP"|"20221007112440"|"AA00078"|""|"A Level"
373|"2022"|"A*(8-9)"|"NP"|"20221007113100"|"AA00078"|""|"GCSE"
328|"2022"|"A* - A"|"NP"|"20221007144639"|"AA00078"|""|"A Level"
328|"2022"|"A* - B"|"NP"|"20221007144644"|"AA00078"|""|"A Level"
328|"2022"|"A* - C"|"NP"|"20221007144837"|"AA00078"|""|"A Level"
377|"2022"|"A* - B"|"NP"|"20221007160640"|"AA00078"|""|"A Level"
377|"2022"|"A* - A"|"NP"|"20221007160647"|"AA00078"|""|"A Level"
377|"2022"|"A*"|"NP"|"20221007160651"|"AA00078"|""|"A Level"
454|"2022"|"A*(8-9)"|"36"|"20221007181910"|"AA00078"|""|"GCSE"
454|"2022"|"A*(8-9)"|"41"|"20221007181933"|"AA00078"|""|"GCSE"
454|"2022"|"A* - A(7-9)"|"57"|"20221007181941"|"AA00078"|""|"GCSE"
454|"2022"|"A* - B(6-9)"|"76"|"20221007181952"|"AA00078"|""|"GCSE"
454|"2022"|"A* - C"|"NP"|"20221007182000"|"AA00078"|""|"GCSE"
454|"2022"|"A* - C"|"100"|"20221007182012"|"AA00078"|""|"GCSE"
454|"2022"|"A*"|"NP"|"20221007182027"|"AA00078"|""|"A Level"
454|"2022"|"A* - A"|"NP"|"20221007182032"|"AA00078"|""|"A Level"
454|"2022"|"A* - B"|"NP"|"20221007182039"|"AA00078"|""|"A Level"
454|"2022"|"A* - C"|"NP"|"20221007182047"|"AA00078"|""|"A Level"
641|"2022"|"A*(8-9)"|"36"|"20221008104309"|"AA00078"|""|"GCSE"
641|"2022"|"A* - A"|"NP"|"20221008104357"|"AA00078"|""|"GCSE"
641|"2022"|"A* - C"|"NP"|"20221008104412"|"AA00078"|""|"GCSE"
30091|"2022"|"A*"|"NP"|"20221008121404"|"AA00078"|""|"A Level"
30091|"2022"|"A* - A"|"NP"|"20221008121410"|"AA00078"|""|"A Level"
30091|"2022"|"A* - B"|"NP"|"20221008121415"|"AA00078"|""|"A Level"
30091|"2022"|"A* - C"|"NP"|"20221008121422"|"AA00078"|""|"A Level"
413|"2022"|"A*"|"NP"|"20221008143231"|"AA00078"|""|"A Level"
413|"2022"|"A* - A"|"NP"|"20221008143238"|"AA00078"|""|"A Level"
413|"2022"|"A* - B"|"NP"|"20221008143246"|"AA00078"|""|"A Level"
413|"2022"|"A* - C"|"NP"|"20221008143254"|"AA00078"|""|"A Level"
520|"2022"|"A*"|"NP"|"20221008152057"|"AA00078"|""|"A Level"
520|"2022"|"A* - A"|"NP"|"20221008152110"|"AA00078"|""|"A Level"
520|"2022"|"A* - A"|"31.1"|"20221008152135"|"AA00078"|""|"A Level"
520|"2022"|"A* - B"|"NP"|"20221008152210"|"AA00078"|""|"A Level"
520|"2022"|"A* - C"|"NP"|"20221008152235"|"AA00078"|""|"A Level"
15|"2022"|"A*"|"NP"|"20221008162258"|"AA00078"|""|"A Level"
15|"2022"|"A* - A"|"NP"|"20221008162318"|"AA00078"|""|"A Level"
15|"2022"|"A* - B"|"NP"|"20221008162516"|"AA00078"|""|"A Level"
15|"2022"|"A* - C"|"NP"|"20221008162522"|"AA00078"|""|"A Level"
687|"2022"|"A* - A(7-9)"|"91.3"|"20221008164536"|"AA00078"|""|"GCSE"
687|"2022"|"A*"|"31.5"|"20221008164702"|"AA00078"|""|"A Level"
687|"2022"|"A* - A"|"70.1"|"20221008164711"|"AA00078"|""|"A Level"
687|"2022"|"A* - B"|"93"|"20221008164722"|"AA00078"|""|"A Level"
687|"2022"|"A* - C"|"NP"|"20221008164734"|"AA00078"|""|"A Level"
687|"2022"|"A*(9)"|"*"|"20221008164759"|"AA00078"|"Nearly 50% of grades awarded were a 9"|"GCSE"
501|"2022"|"A* - A"|"NP"|"20221008171101"|"AA00078"|""|"A Level"
558|"2022"|"A* - A"|"60"|"20221011122003"|"AA00078"|""|"GCSE"
577|"2022"|"A* - A"|"*"|"20221011165917"|"AA00078"|"5-year average A*-A = 53%"|"GCSE"
607|"2022"|"A*"|"35"|"20221011171120"|"AA00078"|""|"A Level"
607|"2022"|"A* - B"|"78"|"20221011171129"|"AA00078"|""|"A Level"
607|"2022"|"A* - C"|"97"|"20221011171145"|"AA00078"|""|"A Level"
607|"2022"|"A* - B(6-9)"|"63"|"20221011171334"|"AA00078"|""|"GCSE"
597|"2022"|"A*"|"NP"|"20221012112918"|"AA00078"|""|"A Level"
597|"2022"|"A* - A"|"NP"|"20221012112934"|"AA00078"|""|"A Level"
597|"2022"|"A* - B"|"*"|"20221012112953"|"AA00078"|"well over 60% have come in at B or higher"|"A Level"
597|"2022"|"A* - C"|"NP"|"20221012113019"|"AA00078"|""|"A Level"
36|"2022"|"A* - A"|"NP"|"20221012120154"|"AA00078"|""|"GCSE"
47|"2022"|"A*"|"NP"|"20221012122219"|"AA00078"|""|"A Level"
47|"2022"|"A* - A"|"NP"|"20221012122224"|"AA00078"|""|"A Level"
47|"2022"|"A* - B"|"NP"|"20221012122228"|"AA00078"|""|"A Level"
47|"2022"|"A* - C"|"NP"|"20221012122237"|"AA00078"|""|"A Level"
47|"2022"|"A*"|"*"|"20221012122326"|"AA00078"|""|"A Level"
50|"2022"|"A*"|"NP"|"20221012151326"|"AA00078"|""|"A Level"
50|"2022"|"A* - A"|"NP"|"20221012151331"|"AA00078"|""|"A Level"
50|"2022"|"A* - B"|"NP"|"20221012151337"|"AA00078"|""|"A Level"
50|"2022"|""|"NP"|"20221012151355"|"AA00078"|""|"IB"
50|"2022"|"A*"|"NP"|"20221012151414"|"AA00078"|""|"GCSE"
50|"2022"|"A* - A"|"NP"|"20221012151423"|"AA00078"|""|"GCSE"
50|"2022"|"A* - B"|"NP"|"20221012151431"|"AA00078"|""|"GCSE"
57|"2022"|"A* - B"|"NP"|"20221012162103"|"AA00078"|""|"A Level"
472|"2022"|"A* - A"|"NP"|"20221012180253"|"AA00078"|""|"A Level"
472|"2022"|"A* - B"|"NP"|"20221012180300"|"AA00078"|""|"A Level"
195|"2022"|"A* - A"|"NP"|"20221013135024"|"AA00078"|""|"GCSE"
195|"2022"|"A*"|"NP"|"20221013135035"|"AA00078"|""|"GCSE"
195|"2022"|"A* - C"|"NP"|"20221013135045"|"AA00078"|""|"GCSE"
195|"2022"|"A* - A"|"NP"|"20221013135052"|"AA00078"|""|"A Level"
195|"2022"|"A* - B"|"NP"|"20221013135057"|"AA00078"|""|"A Level"
195|"2022"|"A* - C"|"NP"|"20221013135102"|"AA00078"|""|"A Level"
275|"2022"|"A*"|"NP"|"20221013154250"|"AA00078"|""|"A Level"
275|"2022"|"A* - A"|"NP"|"20221013154256"|"AA00078"|""|"A Level"
275|"2022"|"A* - B"|"NP"|"20221013154302"|"AA00078"|""|"A Level"
275|"2022"|"A* - C"|"NP"|"20221013154314"|"AA00078"|""|"A Level"
275|"2022"|"A* - A"|"NP"|"20221013154454"|"AA00078"|""|"GCSE"
275|"2022"|"A* - B"|"NP"|"20221013154516"|"AA00078"|""|"GCSE"
275|"2022"|"A* - C"|"NP"|"20221013154530"|"AA00078"|""|"GCSE"
259|"2022"|""|"NP"|"20221013173128"|"AA00078"|""|"IB"
259|"2022"|"A* - C"|"NP"|"20221013173155"|"AA00078"|""|"GCSE"
85|"2022"|"A* - B"|"NP"|"20221013173227"|"AA00078"|""|"A Level"
85|"2022"|"A* - C"|"NP"|"20221013173234"|"AA00078"|""|"A Level"
534|"2022"|"A* - C"|"NP"|"20221014104940"|"AA00078"|""|"GCSE"
534|"2022"|"A* - A(7-9)"|"79"|"20221014105025"|"AA00078"|""|"GCSE"
534|"2022"|"A* - A(7-9)"|"91.7"|"20221014105041"|"AA00078"|""|"GCSE"
534|"2022"|"A* - B"|"NP"|"20221014105054"|"AA00078"|""|"GCSE"
534|"2022"|"A*"|"NP"|"20221014105115"|"AA00078"|""|"A Level"
534|"2022"|"A* - A"|"NP"|"20221014105121"|"AA00078"|""|"A Level"
534|"2022"|"A* - B"|"NP"|"20221014105127"|"AA00078"|""|"A Level"
534|"2022"|"A* - C"|"NP"|"20221014105139"|"AA00078"|""|"A Level"
258|"2022"|"A* - A"|"NP"|"20221014113209"|"AA00078"|""|"GCSE"
258|"2022"|"A* - B"|"NP"|"20221014113222"|"AA00078"|""|"GCSE"
258|"2022"|"A* - A"|"NP"|"20221014113239"|"AA00078"|""|"A Level"
258|"2022"|"A* - B"|"NP"|"20221014113248"|"AA00078"|""|"A Level"
370|"2022"|"A* - B"|"NP"|"20221014163346"|"AA00078"|""|"A Level"
370|"2022"|"A*"|"NP"|"20221014163730"|"AA00078"|""|"GCSE"
370|"2022"|"A*"|"NP"|"20221014163735"|"AA00078"|""|"A Level"
30021|"2022"|"A* - A"|"NP"|"20221014181651"|"AA00078"|""|"A Level"
30021|"2022"|"A* - C"|"NP"|"20221014181701"|"AA00078"|""|"A Level"
30021|"2021"|"A* - C"|"NP"|"20221014181718"|"AA00078"|""|"A Level"
30021|"2021"|"A* - A"|"NP"|"20221014181726"|"AA00078"|""|"A Level"
30021|"2022"|"A* - C"|"NP"|"20221014181759"|"AA00078"|""|"GCSE"
30021|"2022"|"A* - A"|"NP"|"20221014181810"|"AA00078"|""|"GCSE"
30021|"2021"|"A* - A(7-9)"|"NP"|"20221014181835"|"AA00078"|""|"GCSE"
30021|"2021"|"A* - C(4-9)"|"NP"|"20221014181846"|"AA00078"|""|"GCSE"
18|"2022"|"A*"|"26"|"20221014182323"|"AA00078"|""|"A Level"
18|"2022"|"A* - A"|"NP"|"20221014182329"|"AA00078"|""|"A Level"
18|"2022"|"A* - B"|"NP"|"20221014182335"|"AA00078"|""|"A Level"
18|"2022"|"A* - C"|"NP"|"20221014182345"|"AA00078"|""|"A Level"
18|"2022"|"A*"|"NP"|"20221014182417"|"AA00078"|""|"GCSE"
18|"2022"|"A* - A(7-9)"|"73"|"20221014182427"|"AA00078"|""|"GCSE"
18|"2022"|"A* - B"|"NP"|"20221014182438"|"AA00078"|""|"GCSE"
18|"2022"|"A* - C"|"NP"|"20221014182449"|"AA00078"|""|"GCSE"
497|"2022"|"A*"|"NP"|"20221015102549"|"AA00078"|""|"A Level"
497|"2022"|"A* - A"|"NP"|"20221015102553"|"AA00078"|""|"A Level"
497|"2022"|"A* - B"|"NP"|"20221015102600"|"AA00078"|""|"A Level"
497|"2022"|"A* - C"|"NP"|"20221015102607"|"AA00078"|"Full details of this year's public examination results will be available here in due course."|"A Level"
497|"2022"|"A*"|"NP"|"20221015102706"|"AA00078"|""|"GCSE"
497|"2022"|"A* - A"|"NP"|"20221015102731"|"AA00078"|""|"GCSE"
497|"2022"|"A* - B"|"NP"|"20221015102742"|"AA00078"|""|"GCSE"
497|"2022"|"A* - C"|"NP"|"20221015102752"|"AA00078"|"Full details of this year's public examination results will be available here in due course."|"GCSE"
30102|"2022"|"A*"|"NP"|"20221015112246"|"AA00078"|""|"GCSE"
30102|"2022"|"A* - A"|"NP"|"20221015112303"|"AA00078"|""|"GCSE"
30102|"2022"|"A* - B"|"NP"|"20221015112334"|"AA00078"|""|"GCSE"
30102|"2022"|"A* - C"|"NP"|"20221015112350"|"AA00078"|""|"GCSE"
30102|"2022"|"A*"|"NP"|"20221015112434"|"AA00078"|""|"A Level"
30102|"2022"|"A* - A"|"NP"|"20221015113040"|"AA00078"|""|"A Level"
30102|"2022"|"A* - B"|"NP"|"20221015113049"|"AA00078"|""|"A Level"
30102|"2022"|"A* - C"|"NP"|"20221015113058"|"AA00078"|""|"A Level"
557|"2022"|"A*"|"NP"|"20221015121251"|"AA00078"|""|"GCSE"
557|"2022"|"A* - A"|"NP"|"20221015121302"|"AA00078"|""|"GCSE"
577|"2022"|"A* - B"|"NP"|"20221015122053"|"AA00078"|""|"A Level"
582|"2022"|"A*"|"NP"|"20221018113125"|"AA00078"|""|"GCSE"
582|"2022"|"A* - A"|"NP"|"20221018113208"|"AA00078"|""|"GCSE"
582|"2022"|"A* - B"|"NP"|"20221018113226"|"AA00078"|""|"GCSE"
582|"2022"|"A* - C"|"NP"|"20221018113231"|"AA00078"|""|"GCSE"
582|"2022"|"A* - B"|"NP"|"20221018113246"|"AA00078"|""|"A Level"
582|"2022"|"A* - A"|"NP"|"20221018113253"|"AA00078"|""|"A Level"
582|"2022"|"A*"|"NP"|"20221018113259"|"AA00078"|""|"A Level"
570|"2022"|"A* - B"|"NP"|"20221018115753"|"AA00078"|""|"A Level"
570|"2022"|"A* - A"|"NP"|"20221018115817"|"AA00078"|""|"GCSE"
570|"2022"|"A* - B"|"NP"|"20221018115834"|"AA00078"|""|"GCSE"
155|"2022"|"A* - A"|"48.03"|"20221018120358"|"AA00078"|""|"A Level"
155|"2022"|"A* - B"|"73.86"|"20221018120411"|"AA00078"|""|"A Level"
155|"2022"|"A* - A"|"NP"|"20221018120426"|"AA00078"|""|"GCSE"
155|"2022"|"A* - B"|"NP"|"20221018120441"|"AA00078"|""|"GCSE"
155|"2022"|"A* - C"|"NP"|"20221018120457"|"AA00078"|""|"GCSE"
483|"2022"|"A*"|"NP"|"20221018120750"|"AA00078"|""|"GCSE"
483|"2022"|"A* - A"|"NP"|"20221018120809"|"AA00078"|""|"GCSE"
483|"2022"|"A* - B"|"NP"|"20221018120833"|"AA00078"|""|"GCSE"
483|"2022"|"A* - C"|"NP"|"20221018120847"|"AA00078"|""|"GCSE"
483|"2022"|"A*"|"NP"|"20221018120906"|"AA00078"|""|"A Level"
483|"2022"|"A* - A"|"NP"|"20221018120922"|"AA00078"|""|"A Level"
483|"2022"|"A* - B"|"NP"|"20221018120936"|"AA00078"|""|"A Level"
483|"2022"|"A* - C"|"NP"|"20221018121019"|"AA00078"|""|"A Level"
398|"2022"|"A* - B"|"*"|"20221018122518"|"AA00078"|"73% of pupils achieving A*-B and 49% gaining A*-A"|"A Level"
398|"2022"|"A* - A"|"*"|"20221018122523"|"AA00078"|"73% of pupils achieving A*-B and 49% gaining A*-A"|"A Level"
398|"2022"|"A* - C"|"NP"|"20221018122534"|"AA00078"|""|"A Level"
591|"2022"|"A* - A"|"NP"|"20221018150856"|"AA00078"|""|"A Level"
591|"2022"|"A* - B"|"NP"|"20221018150901"|"AA00078"|""|"A Level"
404|"2022"|"A* - B"|"NP"|"20221018151244"|"AA00078"|""|"GCSE"
404|"2022"|"A* - C"|"NP"|"20221018151258"|"AA00078"|""|"GCSE"
404|"2022"|"A* - A"|"NP"|"20221018151326"|"AA00078"|""|"A Level"
404|"2022"|"A* - B"|"NP"|"20221018151335"|"AA00078"|""|"A Level"
404|"2022"|"A* - C"|"NP"|"20221018151347"|"AA00078"|""|"A Level"
611|"2022"|"A* - A"|"NP"|"20221018151639"|"AA00078"|""|"A Level"
611|"2022"|"A* - B"|"NP"|"20221018151645"|"AA00078"|""|"A Level"
611|"2022"|"A* - C"|"NP"|"20221018151655"|"AA00078"|""|"A Level"
611|"2022"|"A* - A"|"57"|"20221018151727"|"AA00078"|""|"A Level"
611|"2022"|"A* - B"|"87"|"20221018151732"|"AA00078"|""|"A Level"
611|"2022"|"A* - C"|"97"|"20221018151741"|"AA00078"|""|"A Level"
611|"2022"|"A* - A"|"NP"|"20221018152419"|"AA00078"|""|"GCSE"
507|"2022"|"A*"|"NP"|"20221018152753"|"AA00078"|""|"GCSE"
507|"2022"|"A* - A(7-9)"|"*"|"20221018152814"|"AA00078"|"Half of the results were at 9 - 7"|"GCSE"
507|"2022"|"A* - B"|"NP"|"20221018152838"|"AA00078"|""|"GCSE"
507|"2022"|"A* - C"|"NP"|"20221018152845"|"AA00078"|""|"GCSE"
507|"2022"|"A* - A"|"NP"|"20221018152904"|"AA00078"|""|"A Level"
507|"2022"|"A* - B"|"NP"|"20221018152912"|"AA00078"|""|"A Level"
558|"2022"|"A*"|"NP"|"20221019102913"|"AA00078"|""|"A Level"
558|"2022"|"A* - B"|"NP"|"20221019102921"|"AA00078"|""|"A Level"
508|"2022"|"A*"|"NP"|"20221019104256"|"AA00078"|""|"GCSE"
316|"2022"|"A*"|"NP"|"20221019144603"|"AA00078"|""|"GCSE"
316|"2022"|"A* - A(7-9)"|"*"|"20221019144619"|"AA00078"|"Over 60% of grades awarded to our Fifth Form pupils were at 9-7"|"GCSE"
316|"2022"|"A* - B"|"NP"|"20221019144633"|"AA00078"|""|"GCSE"
316|"2022"|"A* - C"|"NP"|"20221019144646"|"AA00078"|""|"GCSE"
316|"2022"|"A*"|"NP"|"20221019144653"|"AA00078"|""|"A Level"
316|"2022"|"A* - A"|"*"|"20221019144659"|"AA00078"|"Nearly half of all grades were at A* or A and three quarters at A*-B"|"A Level"
316|"2022"|"A* - B"|"*"|"20221019144709"|"AA00078"|"Nearly half of all grades were at A* or A and three quarters at A*-B"|"A Level"
316|"2022"|"A* - C"|"NP"|"20221019144727"|"AA00078"|""|"A Level"
518|"2022"|"A* - A"|"NP"|"20221026154152"|"AA00078"|""|"GCSE"
518|"2022"|"A* - B"|"NP"|"20221026154203"|"AA00078"|""|"GCSE"
518|"2022"|"A* - C"|"NP"|"20221026154213"|"AA00078"|""|"GCSE"
518|"2022"|"A* - A"|"NP"|"20221026154222"|"AA00078"|""|"A Level"
518|"2022"|"A* - B"|"*"|"20221026154230"|"AA00078"|"Over three quarters of grades were between A* to B"|"A Level"
518|"2022"|"A* - C"|"NP"|"20221026154238"|"AA00078"|""|"A Level"
441|"2022"|"A*"|"NP"|"20221028121853"|"AA00078"|""|"GCSE"
441|"2022"|"A* - A(7-9)"|"39.4"|"20221028121905"|"AA00078"|""|"GCSE"
441|"2022"|"A* - C(4-9)"|"92"|"20221028121914"|"AA00078"|""|"GCSE"
441|"2022"|"A*"|"NP"|"20221028121923"|"AA00078"|""|"A Level"
441|"2022"|"A* - A"|"38"|"20221028121929"|"AA00078"|""|"A Level"
441|"2022"|"A* - B"|"NP"|"20221028121936"|"AA00078"|""|"A Level"
441|"2022"|"A* - C"|"76"|"20221028121946"|"AA00078"|""|"A Level"
21|"2022"|"A*(8-9)"|"80"|"20221028170319"|"AA00078"|""|"GCSE"
21|"2022"|"9-8"|"53"|"20221028171934"|"AA00078"|""|"GCSE"
21|"2022"|"8-9"|"53"|"20221028172045"|"AA00078"|""|"GCSE"
21|"2022"|""|"80"|"20221028172111"|"AA00078"|""|"GCSE"
21|"2022"|"9"|"53"|"20221028172631"|"AA00078"|""|"GCSE"
21|"2022"|"8-9"|"80"|"20221028172659"|"AA00078"|""|"GCSE"
1|"2022"|"A*(8-9)"|"71"|"20221029102016"|"AA00078"|""|"GCSE"
41|"2022"|"A*(8-9)"|"32"|"20221029102304"|"AA00078"|""|"GCSE"
61|"2022"|"A*(8-9)"|"54"|"20221029103212"|"AA00078"|""|"GCSE"
21|"2021"|"A*(8-9)"|"*88"|"20221029104209"|"AA00078"|"9=62%"|"GCSE"
100|"2022"|"A*(8-9)"|"58.5"|"20221029104911"|"AA00078"|""|"GCSE"
100|"2021"|"A*(8-9)"|"NP"|"20221029104924"|"AA00078"|""|"GCSE"
103|"2022"|"A*(8-9)"|"*73"|"20221029112618"|"AA00078"|"Grade 9 = 47%"|"GCSE"
103|"2021"|"A*(8-9)"|"*73"|"20221029112706"|"AA00078"|"9=49%"|"GCSE"
103|"2021"|"A*(9)"|"47"|"20221029112722"|"AA00078"|""|"GCSE"
103|"2021"|""|"49"|"20221029112732"|"AA00078"|""|"GCSE"
655|"2021"|"A*(8-9)"|"46"|"20221029113830"|"AA00078"|""|"GCSE"
20|"2022"|"A*(8-9)"|"69"|"20221029114026"|"AA00078"|""|"GCSE"
20|"2021"|"A*(8-9)"|"*72"|"20221029114039"|"AA00078"|"9=45%"|"GCSE"
20|"2021"|"A*(9-8)"|"*72"|"20221029114143"|"AA00078"|"9=45%"|"GCSE"
20|"2021"|""|"72"|"20221029114154"|"AA00078"|"9=45%"|"GCSE"
454|"2022"|"A*(8-9)"|"71"|"20221029121113"|"AA00078"|""|"GCSE"
454|"2021"|"A*(8-9)"|"75"|"20221029121127"|"AA00078"|""|"GCSE"
10|"2021"|"A*(8-9)"|"NP"|"20221029121419"|"AA00078"|""|"GCSE"
500|"2022"|"A*(8-9)"|"66"|"20221029121523"|"AA00078"|""|"GCSE"
500|"2021"|"A*(8-9)"|"*71.6"|"20221029121534"|"AA00078"|"9=48.1%"|"GCSE"
500|"2021"|"A*(9-8)"|"*71.6"|"20221029121552"|"AA00078"|"9=48.1%"|"GCSE"
500|"2021"|""|"71.6"|"20221029121620"|"AA00078"|"9=48.1%"|"GCSE"
345|"2022"|"A*(8-9)"|"68"|"20221029121715"|"AA00078"|""|"GCSE"
345|"2021"|"A*(8-9)"|"70"|"20221029121725"|"AA00078"|""|"GCSE"
345|"2021"|"A* - C(4-9)"|"49"|"20221029121905"|"AA00078"|""|"GCSE"
7|"2022"|"A*(8-9)"|"62.6"|"20221029122016"|"AA00078"|""|"GCSE"
7|"2021"|"A*(8-9)"|"*65.2"|"20221029122036"|"AA00078"|"9=39.7%"|"GCSE"
125|"2022"|"A*(8-9)"|"51"|"20221029145739"|"AA00078"|""|"GCSE"
125|"2021"|"A*(8-9)"|"57"|"20221029145759"|"AA00078"|""|"GCSE"
125|"2020"|"A*(9-8)"|"57"|"20221029145839"|"AA00078"|""|"GCSE"
125|"2021"|""|"57"|"20221029145903"|"AA00078"|""|"GCSE"
130|"2022"|"A*(8-9)"|"74"|"20221029150105"|"AA00078"|""|"GCSE"
130|"2021"|"A*(8-9)"|"83.09"|"20221029150314"|"AA00078"|""|"GCSE"
136|"2022"|"A*(8-9)"|"51"|"20221029150446"|"AA00078"|""|"GCSE"
136|"2021"|"A*(8-9)"|"57"|"20221029150458"|"AA00078"|""|"GCSE"
148|"2022"|"A*(8-9)"|"38"|"20221029150623"|"AA00078"|""|"GCSE"
148|"2021"|"A*(8-9)"|"43"|"20221029150632"|"AA00078"|""|"GCSE"
149|"2022"|"A*(8-9)"|"71"|"20221029150654"|"AA00078"|""|"GCSE"
149|"2021"|"A*(8-9)"|"71"|"20221029150726"|"AA00078"|""|"GCSE"
154|"2021"|"A*(8-9)"|"80.9"|"20221029150845"|"AA00078"|""|"GCSE"
182|"2022"|"A*(8-9)"|"53"|"20221029151106"|"AA00078"|""|"GCSE"
182|"2021"|"A*(8-9)"|"*62"|"20221029151120"|"AA00078"|"9=33%"|"GCSE"
185|"2022"|"A*(8-9)"|"24"|"20221029151144"|"AA00078"|""|"GCSE"
185|"2021"|"A*(8-9)"|"24.4"|"20221029151151"|"AA00078"|""|"GCSE"
323|"2021"|"A*(8-9)"|"55.4"|"20221029151425"|"AA00078"|""|"GCSE"
212|"2022"|"A*(8-9)"|"60"|"20221029151512"|"AA00078"|""|"GCSE"
212|"2021"|"A*(8-9)"|"56.48"|"20221029151523"|"AA00078"|"Grade A*=46.22%"|"GCSE"
241|"2022"|"A*(8-9)"|"43.6"|"20221029152003"|"AA00078"|""|"GCSE"
241|"2021"|"A*(8-9)"|"49.4"|"20221029152013"|"AA00078"|""|"GCSE"
271|"2022"|"A*(8-9)"|"29"|"20221029152246"|"AA00078"|""|"GCSE"
271|"2021"|"A*(8-9)"|"22"|"20221029152253"|"AA00078"|""|"GCSE"
9|"2022"|"A*(8-9)"|"36"|"20221029152718"|"AA00078"|""|"GCSE"
534|"2022"|"A*(8-9)"|"59.5"|"20221029152831"|"AA00078"|""|"GCSE"
534|"2021"|"A*(8-9)"|"61.1"|"20221029152839"|"AA00078"|""|"GCSE"
299|"2021"|"A*(8-9)"|"40"|"20221029153129"|"AA00078"|""|"GCSE"
30036|"2022"|"A*(8-9)"|"80.1"|"20221029153444"|"AA00078"|""|"GCSE"
30036|"2021"|"A*(8-9)"|"NP"|"20221029153456"|"AA00078"|""|"GCSE"
309|"2022"|"A*(8-9)"|"53"|"20221029153805"|"AA00078"|""|"GCSE"
309|"2021"|"A*(8-9)"|"57"|"20221029153819"|"AA00078"|""|"GCSE"
30010|"2022"|"A*(8-9)"|"59.82"|"20221029154317"|"AA00078"|""|"GCSE"
30010|"2021"|"A*(8-9)"|"NP"|"20221029154329"|"AA00078"|""|"GCSE"
342|"2022"|"A*(8-9)"|"30"|"20221029155711"|"AA00078"|""|"GCSE"
342|"2021"|"A*(8-9)"|"44"|"20221029155720"|"AA00078"|""|"GCSE"
377|"2021"|"A*(8-9)"|"*"|"20221029160805"|"AA00078"|"9=33%"|"GCSE"
377|"2022"|"A*(8-9)"|"43"|"20221029160815"|"AA00078"|""|"GCSE"
384|"2022"|"A*(8-9)"|"69"|"20221029161147"|"AA00078"|""|"GCSE"
384|"2021"|"A*(8-9)"|"*79"|"20221029161202"|"AA00078"|"9=56%"|"GCSE"
545|"2022"|"A*(8-9)"|"49"|"20221029161611"|"AA00078"|""|"GCSE"
545|"2021"|"A*(8-9)"|"54"|"20221029161618"|"AA00078"|""|"GCSE"
413|"2022"|"A*(8-9)"|"36.9"|"20221029161712"|"AA00078"|""|"GCSE"
413|"2021"|"A*(8-9)"|"26.6"|"20221029161722"|"AA00078"|""|"GCSE"
549|"2022"|"A*(8-9)"|"59"|"20221029162240"|"AA00078"|""|"GCSE"
497|"2022"|"A*(8-9)"|"86"|"20221029162441"|"AA00078"|""|"GCSE"
497|"2021"|"A*(8-9)"|"84"|"20221029162451"|"AA00078"|"9=62%"|"GCSE"
465|"2021"|"A*(8-9)"|"47"|"20221029163241"|"AA00078"|""|"GCSE"
507|"2022"|"A*(8-9)"|"38"|"20221029163318"|"AA00078"|""|"GCSE"
507|"2021"|"A*(8-9)"|"NP"|"20221029163329"|"AA00078"|""|"GCSE"
499|"2022"|"A* - A(8-9)"|"98.9"|"20221029163455"|"AA00078"|""|"GCSE"
499|"2021"|"A*(8-9)"|"NP"|"20221029163506"|"AA00078"|""|"GCSE"
468|"2022"|"A*(8-9)"|"53.5"|"20221029163537"|"AA00078"|""|"GCSE"
468|"2021"|"A*(8-9)"|"56.8"|"20221029163548"|"AA00078"|""|"GCSE"
520|"2022"|"A*(8-9)"|"39.3"|"20221029170930"|"AA00078"|""|"GCSE"
520|"2021"|"A*(8-9)"|"42.6"|"20221029170939"|"AA00078"|""|"GCSE"
12|"2022"|"A*(8-9)"|"84"|"20221029171232"|"AA00078"|""|"GCSE"
12|"2021"|"A*(8-9)"|"*89"|"20221029171302"|"AA00078"|"9=65%"|"GCSE"
557|"2021"|"A*(8-9)"|"NP"|"20221029171434"|"AA00078"|""|"GCSE"
22|"2022"|"A*(8-9)"|"52.8"|"20221029171549"|"AA00078"|""|"GCSE"
22|"2021"|"A*(8-9)"|"*66.1"|"20221029171613"|"AA00078"|"9=37%"|"GCSE"
573|"2022"|"A*(8-9)"|"74.3"|"20221029171840"|"AA00078"|""|"GCSE"
573|"2021"|"A*(8-9)"|"77.93"|"20221029171853"|"AA00078"|""|"GCSE"
574|"2022"|"A*(8-9)"|"34"|"20221029172036"|"AA00078"|""|"GCSE"
574|"2021"|"A*(8-9)"|"40"|"20221029172047"|"AA00078"|""|"GCSE"
582|"2022"|"A*(8-9)"|"92"|"20221029172504"|"AA00078"|""|"GCSE"
582|"2021"|"A*(8-9)"|"NP"|"20221029172517"|"AA00078"|""|"GCSE"
687|"2022"|"A*(8-9)"|"76.1"|"20221029172655"|"AA00078"|""|"GCSE"
687|"2021"|"A*(8-9)"|"*76.5"|"20221029172704"|"AA00078"|"Over 50% of grades were Grade 9"|"GCSE"
585|"2022"|"A*(8-9)"|"80.3"|"20221029172806"|"AA00078"|""|"GCSE"
585|"2021"|"A*(8-9)"|"84.7"|"20221029172820"|"AA00078"|""|"GCSE"
15|"2022"|"A*(8-9)"|"57"|"20221029172857"|"AA00078"|""|"GCSE"
15|"2021"|"A*(8-9)"|"*62"|"20221029172919"|"AA00078"|"9=42%"|"GCSE"
15|"2021"|"A* - B(5-9)"|"97"|"20221029173033"|"AA00078"|"6-9=90%"|"GCSE"
590|"2021"|"A*(8-9)"|"50"|"20221029173129"|"AA00078"|""|"GCSE"
1|"2021"|"A*(8-9)"|"*77"|"20221029173938"|"AA00078"|"9=49.4%"|"GCSE"
35|"2022"|"A*"|"NP"|"20221029174146"|"AA00078"|""|"GCSE"
35|"2022"|"A* - C"|"NP"|"20221029174159"|"AA00078"|""|"GCSE"
36|"2022"|"A*"|"NP"|"20221029174333"|"AA00078"|""|"GCSE"
36|"2022"|"A* - B"|"NP"|"20221029174413"|"AA00078"|""|"GCSE"
544|"2022"|"A*(8-9)"|"*60"|"20221101103517"|"AA00078"|"Grade 9 = 37%"|"GCSE"
544|"2022"|"A* - A"|"NP"|"20221101103528"|"AA00078"|""|"GCSE"
544|"2022"|"A* - B"|"NP"|"20221101103546"|"AA00078"|""|"GCSE"
544|"2022"|"A* - C"|"NP"|"20221101103604"|"AA00078"|""|"GCSE"
544|"2022"|"A* - A"|"NP"|"20221101103621"|"AA00078"|""|"A Level"
544|"2022"|"A* - B"|"NP"|"20221101103627"|"AA00078"|""|"A Level"
544|"2022"|"A* - C"|"NP"|"20221101103639"|"AA00078"|""|"A Level"
380|"2022"|"A* - A"|"NP"|"20221103102556"|"AA00078"|""|"GCSE"
380|"2022"|"A* - C"|"NP"|"20221103102627"|"AA00078"|""|"GCSE"
380|"2022"|"A*"|"NP"|"20221103102709"|"AA00078"|""|"GCSE"
380|"2022"|"A* - A"|"NP"|"20221103102728"|"AA00078"|""|"A Level"
380|"2022"|"A* - B"|"NP"|"20221103102733"|"AA00078"|""|"A Level"
380|"2022"|"A* - C"|"NP"|"20221103102740"|"AA00078"|""|"A Level"
586|"2021"|"A*(8-9)"|"NP"|"20221104122844"|"AA00078"|""|"GCSE"
586|"2021"|"A* - A(7-9)"|"NP"|"20221104122856"|"AA00078"|""|"GCSE"
586|"2021"|"A* - B"|"NP"|"20221104122906"|"AA00078"|""|"GCSE"
586|"2021"|"A* - C(4-9)"|"NP"|"20221104122914"|"AA00078"|""|"GCSE"
486|"2020"|"A*"|"12"|"20221105142923"|"AA00078"|""|"A Level"
486|"2020"|"A* - A"|"32"|"20221105142929"|"AA00078"|""|"A Level"
486|"2020"|"A* - B"|"NP"|"20221105142933"|"AA00078"|""|"A Level"
486|"2020"|"A* - C"|"NP"|"20221105142940"|"AA00078"|""|"A Level"
486|"2019"|"A*"|"18"|"20221105143013"|"AA00078"|""|"A Level"
486|"2019"|"A* - A"|"35"|"20221105143019"|"AA00078"|""|"A Level"
486|"2019"|"A* - B"|"41"|"20221105143024"|"AA00078"|""|"A Level"
486|"2019"|"A* - C"|"65"|"20221105143031"|"AA00078"|""|"A Level"
432|"2022"|"A*8-9)"|"NP"|"20221109105408"|"AA00078"|""|"GCSE"
427|"2021"|"A*"|"NP"|"20221109112121"|"AA00078"|""|"GCSE"
427|"2021"|"A* - A"|"NP"|"20221109112134"|"AA00078"|""|"GCSE"
427|"2021"|"A* - C"|"NP"|"20221109112146"|"AA00078"|""|"GCSE"
427|"2020"|""|"NP"|"20221109112205"|"AA00078"|""|"IB"
427|"2019"|""|"29"|"20221109112224"|"AA00078"|""|"IB"
547|"2022"|"A*"|"31.8"|"20221109163839"|"AA00078"|""|"A Level"
290|"2021"|"A* - A(7-9)"|"NP"|"20221112103853"|"AA00078"|""|"GCSE"
290|"2021"|"A* - B"|"NP"|"20221112103916"|"AA00078"|""|"GCSE"
290|"2021"|"A* - C(4-9)"|"NP"|"20221112103924"|"AA00078"|""|"GCSE"
290|"2021"|"A* - A"|"NP"|"20221112104000"|"AA00078"|""|"A Level"
290|"2021"|"A* - B"|"NP"|"20221112104014"|"AA00078"|""|"A Level"
290|"2021"|"A* - C"|"NP"|"20221112104028"|"AA00078"|""|"A Level"
17|"2022"|"A*"|"53"|"20221112105257"|"AA00078"|""|"A Level"
265|"2021"|"A*"|"NP"|"20221115160112"|"AA00078"|""|"A Level"
265|"2021"|"A*(8-9)"|"NP"|"20221115160135"|"AA00078"|"School email reply: University destination flyer with AL results only"|"GCSE"
265|"2021"|"A* - A(7-9)"|"NP"|"20221115160147"|"AA00078"|""|"GCSE"
265|"2021"|"A* - B"|"NP"|"20221115160157"|"AA00078"|""|"GCSE"
259|"2022"|"A*"|"NP"|"20221116120031"|"AA00078"|""|"GCSE"
291|"2022"|"A*"|"NP"|"20221116154434"|"AA00078"|""|"GCSE"
291|"2022"|"A* - A(7-9)"|"*"|"20221116154443"|"AA00078"|"More than 1 in 3 grades awarded were at the top 9-7 level"|"GCSE"
291|"2022"|"A* - C"|"NP"|"20221116154457"|"AA00078"|""|"GCSE"
291|"2022"|"A*"|"NP"|"20221116154505"|"AA00078"|""|"A Level"
291|"2022"|"A* - A"|"NP"|"20221116154511"|"AA00078"|""|"A Level"
291|"2022"|"A* - B"|"NP"|"20221116154517"|"AA00078"|""|"A Level"
107|"2021"|"A* - B"|"*69"|"20221118103735"|"AA00078"|"6-9=69%"|"GCSE"
32|"2020"|"A*(8-9)"|"NP"|"20221119174113"|"AA00078"|""|"GCSE"
32|"2020"|"A* - A(7-9)"|"NP"|"20221119174123"|"AA00078"|""|"GCSE"
32|"2020"|"A* - B"|"NP"|"20221119174137"|"AA00078"|""|"GCSE"
32|"2020"|"A* - C(4-9)"|"NP"|"20221119174143"|"AA00078"|""|"GCSE"
32|"2021"|"A*(8-9)"|"NP"|"20221119174151"|"AA00078"|""|"GCSE"
32|"2021"|"A* - A(7-9)"|"37"|"20221119174208"|"AA00078"|""|"GCSE"
32|"2021"|"A* - B"|"NP"|"20221119174217"|"AA00078"|""|"GCSE"
32|"2021"|"A* - C(4-9)"|"NP"|"20221119174224"|"AA00078"|""|"GCSE"
32|"2020"|"A*"|"NP"|"20221119174236"|"AA00078"|""|"A Level"
32|"2020"|"A* - A"|"NP"|"20221119174240"|"AA00078"|""|"A Level"
32|"2020"|"A* - B"|"NP"|"20221119174250"|"AA00078"|""|"A Level"
32|"2020"|"A* - C"|"NP"|"20221119174256"|"AA00078"|""|"A Level"
32|"2021"|"A*"|"NP"|"20221119174303"|"AA00078"|""|"A Level"
32|"2021"|"A* - A"|"NP"|"20221119174309"|"AA00078"|""|"A Level"
32|"2021"|"A* - B"|"NP"|"20221119174314"|"AA00078"|""|"A Level"
32|"2021"|"A* - C"|"NP"|"20221119174322"|"AA00078"|""|"A Level"
30|"2022"|"A* - A(7-9)"|"NP"|"20221122111853"|"AA00078"|""|"GCSE"
438|"2022"|"A*"|"*"|"20221126105458"|"AA00078"|"28% of Upper Sixth boys were graded A*, 60% A*-A and 83% A*-B"|"A Level"
438|"2022"|"A* - A"|"*"|"20221126105509"|"AA00078"|"28% of Upper Sixth boys were graded A*, 60% A*-A and 83% A*-B"|"A Level"
438|"2022"|"A* - B"|"*"|"20221126105517"|"AA00078"|"28% of Upper Sixth boys were graded A*, 60% A*-A and 83% A*-B"|"A Level"
438|"2022"|"A*(8-9)"|"*48"|"20221126105750"|"AA00078"|"Grade 9 = 22%"|"GCSE"
438|"2022"|""|"*47.8"|"20221126105801"|"AA00078"|"Grade 9 = 22%"|"GCSE"
438|"2022"|"A* - A(7-9)"|"67"|"20221126105818"|"AA00078"|""|"GCSE"
438|"2022"|"A* - B"|"NP"|"20221126105834"|"AA00078"|""|"GCSE"
438|"2022"|"A* - C"|"NP"|"20221126105846"|"AA00078"|""|"GCSE"
414|"2021"|"A*(8-9)"|"NP"|"20221126115934"|"AA00078"|""|"GCSE"
414|"2021"|"A* - A(7-9)"|"NP"|"20221126115945"|"AA00078"|""|"GCSE"
414|"2021"|"A* - B"|"NP"|"20221126115954"|"AA00078"|""|"GCSE"
414|"2021"|"A* - C(4-9)"|"NP"|"20221126120017"|"AA00078"|""|"GCSE"
414|"2021"|"A* - C(4-9)"|"87.2"|"20221126120201"|"AA00078"|""|"GCSE"
414|"2021"|"A* - A(7-9)"|"51.4"|"20221126120218"|"AA00078"|""|"GCSE"
414|"2021"|"A* - B"|"76.7"|"20221126120226"|"AA00078"|""|"GCSE"
414|"2021"|"A* - A(7-9)"|"NP"|"20221126120244"|"AA00078"|""|"GCSE"
414|"2021"|"A* - A"|"NP"|"20221126120348"|"AA00078"|""|"A Level"
414|"2021"|"A* - B"|"NP"|"20221126120359"|"AA00078"|""|"A Level"
414|"2021"|"A* - C"|"NP"|"20221126120415"|"AA00078"|""|"A Level"
414|"2021"|"A*(8-9)"|"16.4"|"20221126120738"|"AA00078"|""|"GCSE"
423|"2022"|"A*"|"16.9"|"20221126140544"|"AA00078"|""|"A Level"
423|"2022"|"A* - A"|"45.1"|"20221126140555"|"AA00078"|""|"A Level"
141|"2022"|"A*"|"NP"|"20221215110648"|"AA00078"|""|"GCSE"
141|"2022"|"A* - A"|"NP"|"20221215110658"|"AA00078"|""|"GCSE"
141|"2022"|"A* - B"|"NP"|"20221215110713"|"AA00078"|""|"GCSE"
141|"2022"|"A* - C"|"NP"|"20221215110723"|"AA00078"|""|"GCSE"
141|"2022"|"A* - C(4-9)"|"89"|"20221215110802"|"AA00078"|""|"GCSE"
141|"2022"|"A*"|"NP"|"20221215110811"|"AA00078"|""|"A Level"
141|"2022"|"A* - A"|"*"|"20221215110823"|"AA00078"|"Almost half of all grades have been awarded A* or A"|"A Level"
141|"2022"|"A* - B"|"NP"|"20221215110830"|"AA00078"|""|"A Level"
141|"2022"|"A* - C"|"NP"|"20221215110842"|"AA00078"|""|"A Level"
258|"2022"|"A* - C"|"NP"|"20221220153509"|"AA00078"|""|"GCSE"
258|"2022"|"A*"|"NP"|"20221220153520"|"AA00078"|""|"GCSE"
494|"2022"|"A*"|"NP"|"20221220162612"|"AA00078"|""|"GCSE"
494|"2022"|"A* - A"|"NP"|"20221220162622"|"AA00078"|""|"GCSE"
494|"2022"|"A* - B"|"NP"|"20221220162633"|"AA00078"|""|"GCSE"
494|"2022"|"A* - C"|"NP"|"20221220162643"|"AA00078"|""|"GCSE"
494|"2022"|"A*"|"NP"|"20221220162650"|"AA00078"|""|"A Level"
494|"2022"|"A* - A"|"47"|"20221220162657"|"AA00078"|""|"A Level"
494|"2022"|"A* - C"|"87"|"20221220162705"|"AA00078"|""|"A Level"
380|"2022"|"A*(8-9)"|"NP"|"20221222120950"|"AA00078"|""|"GCSE"
380|"2022"|"A* - A(7-9)"|"53"|"20221222120957"|"AA00078"|""|"GCSE"
380|"2022"|"A* - B"|"NP"|"20221222121008"|"AA00078"|""|"GCSE"
380|"2022"|"A* - C(4-9)"|"94"|"20221222121016"|"AA00078"|""|"GCSE"
380|"2022"|"A*"|"NP"|"20221222121021"|"AA00078"|""|"A Level"
380|"2022"|"A* - A"|"34"|"20221222121026"|"AA00078"|""|"A Level"
380|"2022"|"A* - B"|"59"|"20221222121032"|"AA00078"|""|"A Level"
380|"2022"|"A* - C"|"78"|"20221222121039"|"AA00078"|""|"A Level"
508|"2022"|"A*"|"NP"|"20230104112004"|"AA00078"|"Still awaiting for remarking (19/10)"|"GCSE"
508|"2022"|"A* - A"|"NP"|"20230104112016"|"AA00078"|""|"GCSE"
508|"2022"|"A* - C"|"NP"|"20230104112036"|"AA00078"|""|"GCSE"
508|"2022"|"A*"|"NP"|"20230104112044"|"AA00078"|""|"A Level"
508|"2022"|"A* - A"|"40"|"20230104112050"|"AA00078"|""|"A Level"
508|"2022"|"A* - B"|"NP"|"20230104112057"|"AA00078"|""|"A Level"
508|"2022"|"A* - C"|"NP"|"20230104112106"|"AA00078"|""|"A Level"
214|"2022"|"A* - C"|"NP"|"20230104120811"|"AA00078"|""|"A Level"
214|"2022"|"A* - C"|"82"|"20230104120824"|"AA00078"|""|"A Level"
214|"2022"|"A* - C(4-9)"|"NP"|"20230104120840"|"AA00078"|""|"GCSE"
278|"2022"|"A* - A"|"57.4"|"20230106161600"|"AA00078"|""|"A Level"
278|"2022"|"A* - B"|"74"|"20230106161605"|"AA00078"|""|"A Level"
278|"2022"|"A* - C"|"86.1"|"20230106161614"|"AA00078"|""|"A Level"
15|"2022"|"A*"|"23"|"20230107105032"|"AA00078"|""|"A Level"
15|"2022"|"A*(9-8)"|"57"|"20230107105041"|"AA00078"|""|"GCSE"
36|"2022"|""|"40.1"|"20230119112210"|"AA00078"|""|"IB"
36|"2022"|"A* - B"|"NP"|"20230119112230"|"AA00078"|""|"GCSE"
36|"2022"|"A* - C"|"NP"|"20230119112240"|"AA00078"|""|"GCSE"
36|"2022"|"A*"|"37"|"20230119112335"|"AA00078"|""|"A Level"
36|"2022"|"A* - A"|"71"|"20230119112341"|"AA00078"|""|"A Level"
36|"2022"|"A* - B"|"NP"|"20230119112348"|"AA00078"|""|"A Level"
36|"2022"|"A* - C"|"NP"|"20230119112355"|"AA00078"|""|"A Level"
524|"2022"|"A* - A"|"48"|"20230119151150"|"AA00078"|""|"A Level"
524|"2022"|"A* - B"|"72"|"20230119151156"|"AA00078"|""|"A Level"
16|"2022"|"A* - B"|"NP"|"20230209143914"|"AA00078"|""|"GCSE"
16|"2022"|"A* - C"|"NP"|"20230209143926"|"AA00078"|""|"GCSE"
16|"2022"|"A*"|"NP"|"20230209144330"|"AA00078"|""|"A Level"
16|"2022"|"A* - C"|"NP"|"20230209144431"|"AA00078"|""|"A Level"
533|"2022"|"A* - A"|"NP"|"20230210135427"|"AA00078"|""|"A Level"
533|"2022"|"A* - A"|"NP"|"20230210135637"|"AA00078"|""|"GCSE"
533|"2022"|"A* - C"|"NP"|"20230210135648"|"AA00078"|""|"GCSE"
533|"2022"|"A* - B"|"NP"|"20230210135712"|"AA00078"|""|"GCSE"
533|"2022"|"A* - C"|"NP"|"20230210140517"|"AA00078"|""|"A Level"
40|"2022"|"A*"|"NP"|"20230212164853"|"AA00078"|""|"GCSE"
40|"2022"|"A* - B"|"NP"|"20230212164908"|"AA00078"|""|"GCSE"
50|"2022"|"A* - C"|"NP"|"20230212170205"|"AA00078"|""|"GCSE"
50|"2022"|"A* - B"|"80"|"20230212170223"|"AA00078"|""|"A Level"
50|"2022"|"A* - C"|"NP"|"20230212170232"|"AA00078"|""|"A Level"
50|"2022"|""|"35.1"|"20230212170323"|"AA00078"|""|"IB"
101|"2022"|"A* - C"|"NP"|"20230213092106"|"AA00078"|""|"GCSE"
101|"2022"|"A* - C"|"NP"|"20230213092122"|"AA00078"|""|"A Level"
274|"2022"|"A*"|"NP"|"20230213093404"|"AA00078"|""|"A Level"
274|"2022"|"A* - C"|"NP"|"20230213093414"|"AA00078"|""|"A Level"
313|"2022"|"A*"|"NP"|"20230213093917"|"AA00078"|""|"GCSE"
313|"2021"|"A*(8-9)"|"NP"|"20230213093931"|"AA00078"|""|"GCSE"
313|"2022"|"A* - C"|"NP"|"20230213094007"|"AA00078"|""|"GCSE"
313|"2022"|"A*"|"NP"|"20230213094014"|"AA00078"|""|"A Level"
313|"2022"|"A* - A"|"46"|"20230213094022"|"AA00078"|""|"A Level"
313|"2022"|"A* - B"|"74"|"20230213094029"|"AA00078"|""|"A Level"
389|"2022"|"A* - B"|"NP"|"20230213102222"|"AA00078"|""|"GCSE"
389|"2022"|"A* - A"|"53"|"20230213102232"|"AA00078"|""|"A Level"
412|"2022"|"A*(8-9)"|"18"|"20230213102510"|"AA00078"|""|"GCSE"
412|"2022"|"A* - B"|"72.4"|"20230213102533"|"AA00078"|""|"A Level"
409|"2022"|"A*"|"36"|"20230213102740"|"AA00078"|""|"A Level"
409|"2022"|"A* - A"|"71"|"20230213102810"|"AA00078"|""|"A Level"
409|"2022"|"A*"|"33"|"20230213102816"|"AA00078"|""|"A Level"
409|"2022"|"A* - B"|"100"|"20230213102828"|"AA00078"|""|"A Level"
419|"2021"|"A*(8-9)"|"NP"|"20230213113321"|"AA00078"|""|"GCSE"
419|"2022"|"A*"|"NP"|"20230213113416"|"AA00078"|""|"GCSE"
419|"2022"|"A* - A"|"NP"|"20230213113509"|"AA00078"|""|"GCSE"
419|"2022"|"A* - C"|"NP"|"20230213113524"|"AA00078"|""|"GCSE"
419|"2022"|"A*"|"NP"|"20230213113736"|"AA00078"|""|"A Level"
419|"2022"|"A* - A"|"64"|"20230213113746"|"AA00078"|""|"A Level"
419|"2022"|"A* - B"|"NP"|"20230213113753"|"AA00078"|""|"A Level"
419|"2022"|"A* - C"|"NP"|"20230213113806"|"AA00078"|""|"A Level"
430|"2022"|"A*"|"NP"|"20230213114745"|"AA00078"|""|"GCSE"
430|"2022"|"A*"|"NP"|"20230213114817"|"AA00078"|""|"A Level"
13|"2022"|"A* - A(7-9)"|"*75.9"|"20230213143545"|"AA00078"|"% of pupils achieving the grade"|"GCSE"
13|"2022"|"A* - C(4-9)"|"*99.6"|"20230213143601"|"AA00078"|"% of pupils achieving the grade"|"GCSE"
13|"2022"|"A*(8-9)"|"*54"|"20230213143617"|"AA00078"|"% of pupils achieving the grade"|"GCSE"
13|"2022"|"A*"|"30.9"|"20230213143626"|"AA00078"|""|"A Level"
13|"2022"|"A* - A"|"64.9"|"20230213143633"|"AA00078"|""|"A Level"
13|"2022"|"A* - B"|"86.9"|"20230213143641"|"AA00078"|""|"A Level"
13|"2022"|"A* - C"|"95.2"|"20230213143652"|"AA00078"|""|"A Level"
577|"2022"|"A*"|"NP"|"20230213143910"|"AA00078"|""|"GCSE"
577|"2022"|"A* - A(7-9)"|"*"|"20230213143930"|"AA00078"|"5-year average A*-A = 53%"|"GCSE"
577|"2022"|"A* - C"|"NP"|"20230213144238"|"AA00078"|""|"GCSE"
577|"2022"|"A*"|"NP"|"20230213144249"|"AA00078"|""|"A Level"
577|"2022"|"A* - A"|"NP"|"20230213144257"|"AA00078"|""|"A Level"
577|"2022"|"A* - B"|"74.1"|"20230213144316"|"AA00078"|""|"A Level"
577|"2022"|"A* - C"|"NP"|"20230213144336"|"AA00078"|""|"A Level"
593|"2022"|"A* - A(7-9)"|"*"|"20230213145242"|"AA00078"|"Over half the grades awarded were 7-9"|"GCSE"
593|"2022"|"A* - A"|"NP"|"20230213145254"|"AA00078"|""|"A Level"
593|"2022"|"A* - B"|"NP"|"20230213145301"|"AA00078"|""|"A Level"
61|"2021"|"A*(8-9)"|"61"|"20230315131047"|"AA00078"|""|"GCSE"
173|"2022"|"A*"|"NP"|"20230614151650"|"AA00078"|""|"A Level"
173|"2022"|"A* - A"|"NP"|"20230614151713"|"AA00078"|""|"A Level"
173|"2022"|"A* - B"|"NP"|"20230614151728"|"AA00078"|""|"A Level"
173|"2022"|"A* - C"|"NP"|"20230614151744"|"AA00078"|""|"A Level"
173|"2021"|"A*(8-9)"|"NP"|"20230614154153"|"AA00078"|""|"GCSE"
173|"2021"|"A* - A(7-9)"|"NP"|"20230614154210"|"AA00078"|""|"GCSE"
173|"2021"|"A* - C(4-9)"|"NP"|"20230614154235"|"AA00078"|""|"GCSE"
173|"2022"|"A*"|"NP"|"20230614154250"|"AA00078"|""|"GCSE"
173|"2022"|"A*(9)"|"58"|"20230614154305"|"AA00078"|""|"GCSE"
173|"2022"|"A* - A"|"NP"|"20230614154358"|"AA00078"|""|"GCSE"
173|"2022"|"A* - C"|"NP"|"20230614154413"|"AA00078"|""|"GCSE"
173|"2022"|"A* - B"|"NP"|"20230614154433"|"AA00078"|""|"GCSE"
173|"2021"|"A* - B"|"NP"|"20230614155447"|"AA00078"|""|"GCSE"
585|"2022"|"A*(9)"|"58.7"|"20230705152245"|"AA00078"|""|"GCSE"
585|"2022"|"A*(9-8)"|"80.3"|"20230705152300"|"AA00078"|""|"GCSE"
585|"2022"|"A* - A(7-9)"|"91.2"|"20230705152312"|"AA00078"|""|"GCSE"
585|"2022"|"A* - C(4-9)"|"99.5"|"20230705152337"|"AA00078"|""|"GCSE"
585|"2022"|"A* - A"|"NP"|"20230705152403"|"AA00078"|""|"A Level"
585|"2022"|"A* - A"|"71"|"20230705152413"|"AA00078"|""|"A Level"
585|"2022"|"A*"|"NP"|"20230705152425"|"AA00078"|""|"A Level"
585|"2022"|"A* - B"|"NP"|"20230705152514"|"AA00078"|""|"A Level"
585|"2022"|"A* - C"|"NP"|"20230705152522"|"AA00078"|""|"A Level"
418|"2022"|"A*"|"NP"|"20230818123745"|"AA00078"|""|"A Level"
418|"2022"|"A* - A"|"NP"|"20230818123752"|"AA00078"|""|"A Level"
418|"2022"|"A* - B"|"NP"|"20230818123801"|"AA00078"|""|"A Level"
418|"2022"|"A* - C"|"NP"|"20230818123812"|"AA00078"|""|"A Level"
418|"2022"|"A*"|"NP"|"20230818124449"|"AA00078"|""|"GCSE"
418|"2022"|"A* - A"|"NP"|"20230818124500"|"AA00078"|""|"GCSE"
418|"2022"|"A* - B"|"NP"|"20230818124510"|"AA00078"|""|"GCSE"
418|"2022"|"A* - B(9-6)"|"NP"|"20230818124520"|"AA00078"|""|"GCSE"
418|"2022"|"A* - C"|"NP"|"20230818124539"|"AA00078"|""|"GCSE"
418|"2022"|"A*(9-8)"|"65.6"|"20230818124649"|"AA00078"|""|"GCSE"
418|"2022"|"A* - A(9-7)"|"83"|"20230818124658"|"AA00078"|""|"GCSE"
418|"2022"|"A* - B(9-6)"|"92.9"|"20230818124708"|"AA00078"|""|"GCSE"
418|"2022"|"A* - C(9-4)"|"99.6"|"20230818124719"|"AA00078"|""|"GCSE"
214|"2022"|"A*(8-9)"|"42"|"20230825110029"|"AA00078"|"Grade 9 = 24%"|"GCSE"
214|"2022"|"A* - A(7-9)"|"64"|"20230825110035"|"AA00078"|""|"GCSE"
214|"2021"|"A*(8-9)"|"*41"|"20230825110159"|"AA00078"|""|"GCSE"
214|"2021"|"A* - A(7-9)"|"62"|"20230825110210"|"AA00078"|""|"GCSE"
322|"2022"|"A*(8-9)"|"*40"|"20230825120017"|"AA00078"|"9=21%"|"GCSE"
322|"2023"|"A* - A(9-7)"|"*"|"20230825120237"|"AA00078"|"Nearly a third of grades were in the 9-8 category (the old A*), over half were at 7-9"|"GCSE"
322|"2021"|"A*(8-9)"|"45"|"20230825120302"|"AA00078"|""|"GCSE"
140|"2022"|"A*"|"NP"|"20230830151651"|"AA00078"|""|"GCSE"
140|"2022"|"A* - C"|"NP"|"20230830151712"|"AA00078"|""|"GCSE"
21|"2023"|"A*"|"43"|"20230907160015"|"AA00078"|""|"A Level"
21|"2023"|"A* - A"|"79"|"20230907160053"|"AA00078"|""|"A Level"
21|"2023"|"A* - B"|"96"|"20230907160118"|"AA00078"|""|"A Level"
4|"2022"|"A*"|"NP"|"20230907182834"|"AA00078"|""|"A Level"
4|"2022"|"A*"|"NP"|"20230907182906"|"AA00078"|""|"GCSE"
4|"2021"|"A*(8-9)"|"NP"|"20230907182948"|"AA00078"|""|"GCSE"
533|"2022"|"A*(8-9)"|"50.5"|"20230913163351"|"AA00078"|""|"GCSE"
533|"2021"|"A*(8-9)"|"*59"|"20230913163403"|"AA00078"|"9=35.4%"|"GCSE"
1|"2023"|"A* - A"|"68.8"|"20230921122831"|"AA00078"|""|"A Level"
21|"2023"|"A*(9-8)"|"77"|"20230921130701"|"AA00078"|""|"GCSE"
21|"2023"|"A* - A(7-9)"|"93"|"20230921130720"|"AA00078"|""|"GCSE"
4|"2023"|""|"34"|"20230922122314"|"AA00078"|""|"IB"
4|"2022"|"A*(8-9)"|"45"|"20230922122353"|"AA00078"|""|"GCSE"
4|"2023"|"A* - B"|"80"|"20230922122522"|"AA00078"|""|"A Level"
4|"2023"|"A* - C"|"100"|"20230922122639"|"AA00078"|""|"A Level"
533|"2023"|"A*(9)"|"28"|"20230925125609"|"AA00078"|""|"GCSE"
533|"2023"|"A*(9-8)"|"*"|"20230925125641"|"AA00078"|"9-8 = Over 50%"|"GCSE"
533|"2023"|"A* - A(7-9)"|"74"|"20230925125702"|"AA00078"|""|"GCSE"
9|"2023"|"A* - A"|"54"|"20230925133114"|"AA00078"|""|"A Level"
9|"2023"|"A* - B"|"*"|"20230925133125"|"AA00078"|"A*-B = Over 80%"|"A Level"
500|"2023"|"A*"|"23.1"|"20230925160529"|"AA00078"|""|"A Level"
500|"2023"|"A* - A"|"59"|"20230925160541"|"AA00078"|""|"A Level"
500|"2023"|"A* - B"|"85.8"|"20230925160551"|"AA00078"|""|"A Level"
40|"2022"|"A*(8-9)"|"22"|"20231006141951"|"30012"|""|"GCSE"
149|"2023"|"A*(8-9)"|"58"|"20231007165600"|"AA00078"|""|"GCSE"
41|"2023"|"9"|"11"|"20231010132010"|"AA00032"|""|"GCSE"
41|"2023"|"A* - A (8-9)"|"25"|"20231010132613"|"AA00032"|""|"GCSE"
41|"2023"|"A* (9)"|"11"|"20231010132742"|"AA00032"|""|"GCSE"
41|"2023"|""|"11"|"20231010132805"|"AA00032"|""|"GCSE"
41|"2023"|"A* (8-9)"|"25"|"20231010132815"|"AA00032"|""|"GCSE"
41|"2023"|""|"25"|"20231010132833"|"AA00032"|""|"GCSE"
41|"2023"|"A* (9)"|"11"|"20231010132951"|"AA00032"|""|"GCSE"
41|"2023"|"A* (8-9)"|"25"|"20231010133007"|"AA00032"|""|"GCSE"
41|"2023"|"A* (9)"|"11"|"20231010133052"|"AA00032"|""|"GCSE"
41|"2023"|""|"15"|"20231010133103"|"AA00032"|""|"GCSE"
472|"2022"|"A* - C"|"NP"|"20231010152110"|"AA00078"|""|"A Level"
472|"2022"|"A*"|"NP"|"20231010152127"|"AA00078"|""|"A Level"
472|"2022"|""|"89"|"20231010152158"|"AA00032"|""|"A Level"
472|"2022"|"A* - A"|"47"|"20231010152218"|"AA00078"|""|"A Level"
472|"2022"|"A* - B"|"70"|"20231010152224"|"AA00078"|""|"A Level"
472|"2022"|"A* - C"|"NP"|"20231010152440"|"AA00078"|""|"GCSE"
472|"2022"|"A* - B"|"NP"|"20231010152453"|"AA00078"|""|"GCSE"
472|"2022"|""|"93"|"20231010152519"|"AA00032"|""|"GCSE"
472|"2022"|"A*"|"NP"|"20231010152547"|"AA00078"|""|"GCSE"
101|"2023"|"A* - B"|"90.5"|"20231010153429"|"AA00032"|""|"GCSE"
101|"2023"|"A*"|"65.1"|"20231010153527"|"AA00032"|""|"A Level"
655|"2023"|"A* (8-9)"|"46"|"20231010154326"|"AA00032"|""|"GCSE"
655|"2023"|""|"35"|"20231010154402"|"AA00032"|""|"GCSE"
30201|"2023"|"A* - A (7-9)"|"80"|"20231010155247"|"AA00032"|""|"GCSE"
30201|"2023"|""|"40"|"20231010155303"|"AA00032"|""|"GCSE"
367|"2023"|"A* - C (4-9)"|"93.8"|"20231010161955"|"AA00032"|""|"A Level"
367|"2023"|""|"93.8"|"20231010162006"|"AA00032"|""|"GCSE"
413|"2023"|"A* (8)"|"28.7"|"20231010164449"|"AA00032"|""|"GCSE"
504|"2022"|"A* - B"|"NP"|"20231010165828"|"AA00078"|""|"A Level"
504|"2022"|"A*"|"NP"|"20231010165908"|"AA00078"|""|"GCSE"
504|"2022"|"A* - A(7-9)"|"57"|"20231010165917"|"AA00078"|""|"GCSE"
504|"2022"|"A* - B(5-9)"|"*"|"20231010165929"|"AA00078"|"Nearly nine out of ten of all grades being classified as 9 to 5"|"GCSE"
504|"2022"|""|"52.6"|"20231010165953"|"AA00032"|""|"GCSE"
504|"2022"|"A* - C"|"NP"|"20231010170001"|"AA00078"|""|"GCSE"
36|"2023"|"A* - A"|"33"|"20231011102028"|"AA00032"|""|"A Level"
483|"2023"|"A* - B"|"43"|"20231011131731"|"AA00032"|""|"A Level"
483|"2023"|"A* - C (4-9)"|"93"|"20231011131738"|"AA00032"|""|"GCSE"
483|"2023"|""|"NP"|"20231011132403"|"AA00032"|""|"GCSE"
483|"2023"|"A* - B"|"NP"|"20231011132704"|"AA00032"|""|"A Level"
30085|"2021"|"A* (8-9)"|"56"|"20231012113729"|"AA00032"|""|"GCSE"
30085|"2021"|""|"58"|"20231012113747"|"AA00032"|""|"GCSE"
43|"2023"|"A* - A (7-9)"|"37"|"20231012114655"|"AA00032"|""|"GCSE"
43|"2023"|""|"29"|"20231012114705"|"AA00032"|""|"GCSE"
59|"2023"|"A* - A"|"15"|"20231012122040"|"AA00032"|""|"A Level"
59|"2023"|"A* - B"|"28"|"20231012122053"|"AA00032"|""|"A Level"
30111|"2023"|"A* - A"|"84"|"20231012125832"|"AA00032"|""|"GCSE"
38|"2023"|"A* - A"|"69"|"20231012153550"|"AA00032"|""|"GCSE"
67|"2023"|"A* - A (7-9)"|"52"|"20231012162603"|"AA00032"|""|"GCSE"
72|"2023"|"A*"|"15"|"20231012165131"|"AA00032"|""|"GCSE"
100|"2023"|"A* - A"|"65"|"20231013102745"|"AA00032"|""|"A Level"
136|"2023"|"A* - A"|"27"|"20231013130652"|"AA00032"|""|"A Level"
150|"2023"|"A* - A"|"NP"|"20231013132634"|"AA00032"|""|"GCSE"
154|"2023"|"A* - A (7-9)"|"92"|"20231013133011"|"AA00032"|""|"A Level"
177|"2023"|"A* - C (4-9)"|"95"|"20231013143822"|"AA00032"|""|"A Level"
185|"2023"|"A* - A (7-9)"|"28"|"20231013155057"|"AA00032"|""|"GCSE"
185|"2023"|""|"35"|"20231013155107"|"AA00032"|""|"GCSE"
187|"2023"|"A* - A (7-9)"|"33"|"20231013160743"|"AA00032"|""|"A Level"
195|"2023"|"A* - A"|"NP"|"20231013163448"|"AA00032"|""|"GCSE"
30136|"2023"|"A*"|"47"|"20231018113301"|"AA00032"|""|"A Level"
30136|"2023"|"A* - A"|"83"|"20231018113311"|"AA00032"|""|"A Level"
30051|"2023"|"A* - B"|"87"|"20231018114904"|"AA00032"|""|"A Level"
234|"2023"|"A* - A (7-9)"|"82"|"20231018121233"|"AA00032"|""|"A Level"
257|"2023"|"A* - A (7-9)"|"22.9"|"20231018135951"|"AA00032"|""|"GCSE"
257|"2023"|"A* (8-9)"|"19.6"|"20231018140000"|"AA00032"|""|"GCSE"
257|"2023"|"A* - A"|"25.9"|"20231018140036"|"AA00032"|""|"A Level"
257|"2023"|"A* - B"|"30.2"|"20231018140045"|"AA00032"|""|"A Level"
257|"2023"|"A*"|"14.4"|"20231018140055"|"AA00032"|""|"A Level"
30133|"2023"|"A* - C"|"100"|"20231018164639"|"AA00032"|""|"GCSE"
258|"2023"|"A*"|"29.1"|"20231018165934"|"AA00032"|""|"A Level"
264|"2023"|"A*"|"11.8"|"20231019150456"|"AA00032"|""|"A Level"
30125|"2023"|"A* - A (7-9)"|"93"|"20231019162230"|"AA00032"|""|"GCSE"
30125|"2023"|"A*"|"55"|"20231019162245"|"AA00032"|""|"GCSE"
288|"2023"|"A* - C (4-9)"|"90.8"|"20231019175036"|"AA00032"|""|"GCSE"
537|"2023"|"A-B"|"98.6"|"20231019175823"|"AA00032"|""|"National 5"
30153|"2023"|"A* (8-9)"|"67.3"|"20231019180933"|"AA00032"|""|"IGCSE"
30153|"2023"|""|"67.3"|"20231019180945"|"AA00032"|""|"GCSE"
316|"2023"|"A* - A (7-9)"|"51.7"|"20231019182629"|"AA00032"|""|"GCSE"
316|"2023"|""|"57.8"|"20231019182638"|"AA00032"|""|"GCSE"
316|"2023"|"A* - B (6-9)"|"73.6"|"20231019182709"|"AA00032"|""|"GCSE"
316|"2023"|"A* - C (4-9)"|"94.8"|"20231019182723"|"AA00032"|""|"GCSE"
322|"2023"|"A*(9-8)"|"*"|"20231019183145"|"AA00078"|"Nearly a third of grades were in the 9-8 category (the old A*), over half were at 7-9"|"GCSE"
65|"2023"|"A* - A(7-9)"|"30"|"20231116105939"|"AA00078"|""|"GCSE"
322|"2023"|"A* - A(7-9)"|"*"|"20231019183158"|"AA00078"|"Nearly a third of grades were in the 9-8 category (the old A*), over half were at 7-9"|"GCSE"
85|"2023"|"A* - A"|"57"|"20231114103100"|"AA00032"|""|"A Level"
30201|"2023"|"A* - A (7-9)"|"40"|"20231117171851"|"AA00032"|""|"GCSE"
30201|"2023"|"A* (8-9)"|"51"|"20231117171906"|"AA00032"|""|"GCSE"
30201|"2023"|"A*"|"17"|"20231117172004"|"AA00032"|""|"A Level"
30201|"2023"|"A* - A"|"46"|"20231117172014"|"AA00032"|""|"A Level"
30201|"2023"|"A* - B"|"80"|"20231117172023"|"AA00032"|""|"A Level"
30201|"2023"|"A* - C(4-9)"|"96.5"|"20231117172100"|"AA00078"|""|"A Level"
337|"2023"|"A* - B (6-9)"|"68"|"20231117181643"|"AA00032"|""|"GCSE"
337|"2023"|"A* - A"|"36"|"20231117181727"|"AA00032"|""|"A Level"
344|"2023"|"A* - A (7-9)"|"35"|"20231118102945"|"AA00032"|""|"GCSE"
344|"2023"|"A* - A"|"26.8"|"20231118103049"|"AA00032"|""|"A Level"
344|"2023"|"A* - C"|"82"|"20231118103121"|"AA00032"|""|"A Level"
367|"2023"|"A* (8-9)"|"21"|"20231118105335"|"AA00032"|""|"GCSE"
367|"2023"|"A* - A (7-9)"|"36"|"20231118105404"|"AA00032"|""|"GCSE"
367|"2023"|"A* - A"|"35"|"20231118105447"|"AA00032"|""|"A Level"
367|"2023"|"A* - C"|"86"|"20231118105514"|"AA00032"|""|"A Level"
373|"2023"|"A*"|"18"|"20231118110026"|"AA00032"|""|"A Level"
373|"2023"|"A* - A"|"49"|"20231118110033"|"AA00032"|""|"A Level"
373|"2023"|"A* - B"|"74"|"20231118110041"|"AA00032"|""|"A Level"
373|"2023"|"A* - C"|"88"|"20231118110052"|"AA00032"|""|"A Level"
389|"2023"|"A* - A (7-9)"|"45"|"20231118111252"|"AA00032"|""|"GCSE"
544|"2023"|"A* (8-9)"|"46.6"|"20231118111424"|"AA00032"|""|"GCSE"
544|"2023"|"A* - A (7-9)"|"65.4"|"20231118111442"|"AA00032"|""|"GCSE"
544|"2023"|"A* - C (5-9)"|"91"|"20231118111510"|"AA00032"|""|"GCSE"
544|"2023"|"A* - A"|"42.2"|"20231118111546"|"AA00032"|""|"A Level"
544|"2023"|"A* - B"|"65.2"|"20231118111556"|"AA00032"|""|"A Level"
544|"2023"|"A* - C"|"82.6"|"20231118111612"|"AA00032"|""|"A Level"
545|"2022"|"A*(9)"|"27"|"20231118111758"|"AA00078"|""|"GCSE"
545|"2022"|"A*(9-8)"|"49"|"20231118111813"|"AA00078"|""|"GCSE"
545|"2022"|"A* - A(7-9)"|"69"|"20231118111821"|"AA00078"|""|"GCSE"
545|"2022"|""|"56"|"20231118111836"|"AA00078"|""|"GCSE"
545|"2022"|"A* - B(5-9)"|"95"|"20231118111856"|"AA00078"|""|"GCSE"
545|"2022"|"A* - C(4-9)"|"99"|"20231118111911"|"AA00078"|""|"GCSE"
545|"2022"|"A*"|"23"|"20231118111926"|"AA00078"|""|"A Level"
545|"2022"|"A* - A"|"52"|"20231118111933"|"AA00078"|""|"A Level"
545|"2022"|"A* - B"|"76"|"20231118111939"|"AA00078"|""|"A Level"
545|"2022"|"A*(9)"|"15"|"20231118112138"|"AA00078"|""|"GCSE"
545|"2022"|"A*(9-8)"|"36"|"20231118112158"|"AA00078"|""|"GCSE"
545|"2023"|""|"15"|"20231118112207"|"AA00078"|""|"GCSE"
545|"2022"|"A* - A(7-9)"|"56"|"20231118112222"|"AA00078"|""|"GCSE"
545|"2022"|"A* - B(6-9)"|"76"|"20231118112236"|"AA00078"|""|"GCSE"
545|"2022"|"A* - B(6-9)"|"76"|"20231118112251"|"AA00078"|""|"GCSE"
545|"2022"|"A* - C(4-9)"|"97"|"20231118112308"|"AA00078"|""|"GCSE"
545|"2022"|"A*"|"21"|"20231118112329"|"AA00078"|""|"A Level"
545|"2022"|"A* - A"|"47"|"20231118112337"|"AA00078"|""|"A Level"
545|"2022"|"A* - B"|"74"|"20231118112345"|"AA00078"|""|"A Level"
545|"2022"|"A* - C"|"92"|"20231118112357"|"AA00078"|""|"A Level"
413|"2023"|"A*"|"13.1"|"20231118153414"|"AA00032"|""|"GCSE"
413|"2023"|"A* (8-9)"|"28.7"|"20231118153435"|"AA00032"|""|"GCSE"
423|"2023"|"A* (8-9)"|"23"|"20231118153715"|"AA00032"|""|"GCSE"
423|"2023"|"A*"|"16.3"|"20231118153754"|"AA00032"|""|"A Level"
430|"2023"|"A* - A"|"29.7"|"20231118154611"|"AA00032"|""|"A Level"
483|"2023"|"A* - A"|"41"|"20231118154805"|"AA00032"|""|"A Level"
483|"2023"|"A* (8-9)"|"38"|"20231118154901"|"AA00032"|""|"GCSE"
483|"2023"|"A* - A (7-9)"|"61"|"20231118154924"|"AA00032"|""|"GCSE"
483|"2023"|"A*(9-8)"|"42"|"20231118154959"|"AA00078"|""|"GCSE"
504|"2023"|"A* - C"|"99.3"|"20231118155800"|"AA00078"|""|"A Level"
504|"2023"|""|"79.3"|"20231118155814"|"AA00078"|""|"A Level"
508|"2023"|""|"33.6"|"20231122112622"|"AA00032"|""|"IB"
508|"2023"|"A* (8-9)"|"29"|"20231122112649"|"AA00032"|""|"GCSE"
524|"2023"|"A* - A"|"36"|"20231122113209"|"AA00032"|""|"A Level"
524|"2023"|"A* - B"|"62"|"20231122113215"|"AA00032"|""|"A Level"
524|"2023"|"A* - C"|"84"|"20231122113222"|"AA00032"|""|"A Level"
687|"2023"|""|"38.6"|"20231122113510"|"AA00032"|""|"IB"
687|"2023"|"A*"|"38"|"20231122113526"|"AA00032"|""|"GCSE"
687|"2023"|"A* - A (7-9)"|"89"|"20231122113555"|"AA00032"|""|"GCSE"
687|"2023"|"A*"|"23"|"20231122113632"|"AA00032"|""|"A Level"
687|"2023"|"A* - A"|"59"|"20231122113642"|"AA00032"|""|"A Level"
371|"2022"|"A* - A"|"NP"|"20231123153740"|"AA00078"|""|"A Level"
371|"2022"|"A* - B"|"NP"|"20231123153750"|"AA00078"|""|"A Level"
371|"2022"|"A* - A"|"NP"|"20231123153811"|"AA00078"|""|"GCSE"
371|"2022"|"A* - B"|"NP"|"20231123153821"|"AA00078"|""|"GCSE"
371|"2022"|"A* - C"|"NP"|"20231123153832"|"AA00078"|""|"GCSE"
378|"2023"|"A* (8-9)"|"26"|"20231123161734"|"AA00032"|""|"A Level"
378|"2023"|"A* - A (7-9)"|"47"|"20231123161744"|"AA00032"|""|"A Level"
378|"2023"|"A* - B (6-9)"|"66"|"20231123161757"|"AA00032"|""|"A Level"
378|"2023"|"A* - C (4-9)"|"90"|"20231123161821"|"AA00032"|""|"A Level"
394|"2022"|"A* - C"|"NP"|"20231123165301"|"AA00078"|""|"GCSE"
394|"2022"|"A* - B"|"NP"|"20231123165318"|"AA00078"|""|"GCSE"
394|"2022"|"A* - C"|"NP"|"20231123165344"|"AA00078"|""|"A Level"
394|"2022"|"A* - B"|"NP"|"20231123165354"|"AA00078"|""|"A Level"
30082|"2022"|"A* (8-9)"|"71"|"20231123170111"|"AA00032"|""|"GCSE"
398|"2023"|"A* - A (7-9)"|"45"|"20231123174440"|"AA00032"|""|"GCSE"
543|"2023"|"A* - B"|"77"|"20231124103535"|"AA00032"|""|"A Level"
18|"2023"|"A* - C"|"99"|"20231124131015"|"AA00032"|""|"GCSE"
470|"2022"|"A* - B"|"NP"|"20231124144621"|"AA00078"|""|"A Level"
30130|"2023"|"A* (8-9)"|"42.8"|"20231124145443"|"AA00032"|""|"GCSE"
476|"2022"|"A* - A"|"NP"|"20231124151425"|"AA00078"|""|"A Level"
476|"2022"|"A*(8-9)"|"NP"|"20231124151503"|"AA00078"|""|"GCSE"
476|"2023"|"A* - B"|"NP"|"20231124152009"|"AA00032"|""|"GCSE"
476|"2023"|"A* - A"|"NP"|"20231124152026"|"AA00032"|""|"GCSE"
455|"2022"|"A* - B"|"NP"|"20231124160120"|"AA00078"|""|"GCSE"
455|"2022"|"A* - C"|"NP"|"20231124160137"|"AA00078"|""|"GCSE"
455|"2022"|"A* - B"|"*"|"20231124160214"|"AA00078"|"Over 57 % of our students received A*-A grades and 86% A*-B grades"|"A Level"
455|"2022"|"A* - C"|"NP"|"20231124160223"|"AA00078"|""|"A Level"
455|"2023"|"A* - A"|"81"|"20231124160424"|"AA00032"|""|"GCSE"
455|"2023"|"A* - C"|"78"|"20231124160445"|"AA00032"|""|"A Level"
486|"2022"|"A* - A"|"NP"|"20231124163157"|"AA00088"|""|"A Level"
486|"2022"|"A* - B"|"NP"|"20231124163209"|"AA00088"|""|"A Level"
486|"2022"|"A* - C"|"NP"|"20231124163228"|"AA00088"|""|"A Level"
486|"2021"|"A* - A"|"NP"|"20231124163326"|"AA00078"|""|"A Level"
486|"2021"|"A* - B"|"NP"|"20231124163335"|"AA00078"|""|"A Level"
486|"2021"|"A* - C"|"NP"|"20231124163343"|"AA00078"|""|"A Level"
486|"2021"|"A*"|"NP"|"20231124163427"|"AA00078"|""|"GCSE"
486|"2021"|"A* - A"|"NP"|"20231124163441"|"AA00078"|""|"GCSE"
486|"2021"|"A* - B"|"NP"|"20231124163452"|"AA00078"|""|"GCSE"
486|"2020"|"A*(8-9)"|"NP"|"20231124163515"|"AA00078"|""|"GCSE"
486|"2020"|"A* - A(7-9)"|"NP"|"20231124163526"|"AA00078"|""|"GCSE"
486|"2020"|"A* - B"|"NP"|"20231124163536"|"AA00078"|""|"GCSE"
489|"2023"|"A* - A"|"33"|"20231124164325"|"AA00032"|""|"A Level"
497|"2023"|"A* - B"|"92"|"20231124165517"|"AA00032"|""|"GCSE"
631|"2023"|"A* - C"|"99.8"|"20231124170820"|"AA00032"|""|"A Level"
631|"2023"|"A* - B"|"97.1"|"20231124170829"|"AA00032"|""|"A Level"
509|"2022"|"A* - C"|"NP"|"20231124172409"|"AA00078"|""|"GCSE"
509|"2022"|"A* - A"|"NP"|"20231124172423"|"AA00078"|""|"GCSE"
499|"2023"|"A* (9)"|"62"|"20231124173355"|"AA00032"|""|"GCSE"
501|"2023"|"A* - A"|"NP"|"20231124174306"|"AA00032"|""|"GCSE"
525|"2022"|"A* - A(7-9)"|"NP"|"20231124181336"|"AA00078"|""|"GCSE"
525|"2022"|""|"33"|"20231124181347"|"AA00032"|""|"GCSE"
525|"2022"|"A* - C(4-9)"|"NP"|"20231124181413"|"AA00078"|""|"GCSE"
525|"2022"|"A* - A"|"NP"|"20231124181426"|"AA00078"|""|"A Level"
525|"2022"|"A* - B"|"NP"|"20231124181440"|"AA00078"|""|"A Level"
525|"2022"|"A* - C"|"NP"|"20231124181450"|"AA00078"|""|"A Level"
30069|"2023"|"A* - A (7-9)"|"61"|"20231124181739"|"AA00032"|""|"A Level"
558|"2023"|"A* - A"|"24"|"20231127155554"|"AA00032"|""|"A Level"
30193|"2023"|"A* (8-9)"|"21"|"20231127165248"|"AA00032"|""|"GCSE"
575|"2022"|"A* - A"|"NP"|"20231127171115"|"AA00078"|""|"A Level"
575|"2022"|"A* - B"|"NP"|"20231127171125"|"AA00078"|""|"A Level"
575|"2022"|"A* - C"|"NP"|"20231127171136"|"AA00078"|""|"A Level"
575|"2021"|"A* - A"|"NP"|"20231127171148"|"AA00078"|""|"A Level"
575|"2021"|"A* - B"|"NP"|"20231127171155"|"AA00078"|""|"A Level"
575|"2021"|"A* - C"|"NP"|"20231127171207"|"AA00078"|""|"A Level"
575|"2022"|"A* - A"|"NP"|"20231127171341"|"AA00078"|""|"GCSE"
575|"2022"|"A* - B"|"NP"|"20231127171402"|"AA00078"|""|"GCSE"
575|"2022"|"A* - C"|"NP"|"20231127171417"|"AA00078"|""|"GCSE"
575|"2021"|"A* - A(7-9)"|"NP"|"20231127171449"|"AA00078"|""|"GCSE"
575|"2021"|"A* - B"|"NP"|"20231127171508"|"AA00078"|""|"GCSE"
575|"2021"|"A* - C(4-9)"|"NP"|"20231127171517"|"AA00078"|""|"GCSE"
30027|"2023"|"A"|"72"|"20231128103540"|"AA00032"|""|"National 5"
62|"2023"|"A* - A (7-9)"|"44"|"20231128131059"|"AA00032"|""|"GCSE"
30141|"2023"|"A* - C"|"97.4"|"20231128131903"|"AA00032"|""|"GCSE"
30141|"2021"|"A* - C"|"NP"|"20231128132143"|"AA00078"|""|"GCSE"
30141|"2021"|"A* - A"|"NP"|"20231128132209"|"AA00078"|""|"GCSE"
30141|"2021"|"A* - A"|"NP"|"20231128132222"|"AA00078"|""|"A Level"
30141|"2021"|"A* - C"|"NP"|"20231128132235"|"AA00078"|""|"A Level"
68|"2023"|"A* - A"|"66"|"20231128152637"|"AA00032"|""|"A Level"
30080|"2023"|"A*"|"31"|"20231128154342"|"AA00032"|""|"GCSE"
141|"2023"|"A* - A"|"34"|"20231128164226"|"AA00032"|""|"A Level"
141|"2023"|"A* - B"|"62"|"20231128164235"|"AA00032"|""|"A Level"
141|"2023"|"A* - C"|"84"|"20231128164242"|"AA00032"|""|"A Level"
279|"2023"|"A* - A"|"NP"|"20231201114700"|"AA00032"|""|"A Level"
279|"2023"|"A* - A (7-9)"|"25"|"20231201114821"|"AA00032"|""|"GCSE"
279|"2023"|"A* - C (4-9)"|"72"|"20231201114835"|"AA00032"|""|"GCSE"
30110|"2026"|"A* - B (6-9)"|"99"|"20231201120320"|"AA00032"|""|"GCSE"
30110|"2023"|""|"99"|"20231201120330"|"AA00032"|""|"GCSE"
30087|"2023"|"A* - A"|"NP"|"20231201131203"|"AA00032"|""|"A Level"
248|"2023"|"A* - A"|"NP"|"20231201151014"|"AA00032"|""|"A Level"
330|"2023"|"A* - A (7-9)"|"45"|"20231201151457"|"AA00032"|""|"GCSE"
330|"2023"|"A* - B"|"NP"|"20231201151522"|"AA00032"|""|"A Level"
30021|"2023"|"A* - A"|"39.2"|"20231201170835"|"AA00032"|""|"A Level"
30021|"2023"|"A* - A (7-9)"|"39.2"|"20231201170850"|"AA00032"|""|"A Level"
30021|"2023"|"A* - A"|"27"|"20231201170904"|"AA00032"|""|"GCSE"
125|"2023"|"A* (8-9)"|"41"|"20231208145259"|"AA00032"|""|"GCSE"
1|"2023"|"A*(9)"|"33.7"|"20231211154944"|"AA00078"|""|"GCSE"
1|"2023"|""|"34.8"|"20231211154959"|"AA00032"|""|"GCSE"
1|"2023"|"A*(9-8)"|"60"|"20231211155011"|"AA00078"|""|"GCSE"
1|"2023"|"A* (9-8)"|"60"|"20231211155025"|"AA00032"|""|"GCSE"
1|"2023"|"A* - A(7-9)"|"80.7"|"20231211155037"|"AA00078"|""|"GCSE"
1|"2023"|"A* (9-8)"|"60.8"|"20231211155045"|"AA00032"|""|"GCSE"
1|"2023"|"A* - B(6-9)"|"92.4"|"20231211155103"|"AA00078"|""|"GCSE"
1|"2023"|"A* - C(4-9)"|"99.6"|"20231211155115"|"AA00078"|""|"GCSE"
1|"2023"|"A*"|"31.2"|"20231211155126"|"AA00078"|""|"A Level"
1|"2023"|"A* - A"|"66.8"|"20231211155135"|"AA00078"|""|"A Level"
1|"2023"|"A* - B"|"90.2"|"20231211155144"|"AA00078"|""|"A Level"
1|"2023"|"A* - C"|"97.4"|"20231211155153"|"AA00078"|""|"A Level"
21|"2023"|"A*(9-8)"|"79"|"20231211181244"|"AA00078"|""|"GCSE"
21|"2023"|"A* - A(7-9)"|"95"|"20231211181258"|"AA00078"|""|"GCSE"
21|"2023"|"A*"|"45"|"20231211181311"|"AA00078"|""|"A Level"
21|"2023"|"A* - A"|"81"|"20231211181319"|"AA00078"|""|"A Level"
103|"2023"|"A*(9-8)"|"68"|"20231212134533"|"AA00078"|""|"GCSE"
4|"2023"|"A* - B"|"81"|"20231212135029"|"AA00078"|""|"A Level"
4|"2023"|"A* - A"|"54"|"20231212135037"|"AA00078"|""|"A Level"
4|"2023"|"A*(9-8)"|"46"|"20231212135128"|"AA00078"|""|"GCSE"
9|"2023"|"A* - A(7-9)"|"55"|"20231212150634"|"AA00078"|""|"GCSE"
500|"2023"|"A* - A"|"60.4"|"20231212153248"|"AA00078"|""|"A Level"
500|"2023"|"A*"|"23.6"|"20231212153257"|"AA00078"|""|"A Level"
500|"2023"|"A* - A(7-9)"|"79"|"20231212153315"|"AA00078"|""|"GCSE"
500|"2023"|"A*(9-8)"|"62"|"20231212153355"|"AA00078"|""|"GCSE"
500|"2023"|"A*(9)"|"32"|"20231212153413"|"AA00078"|""|"GCSE"
12|"2023"|"A* - A"|"79"|"20231212153558"|"AA00078"|""|"A Level"
12|"2023"|"A* - A(7-9)"|"93"|"20231212153612"|"AA00078"|""|"GCSE"
12|"2023"|"A*(9-8)"|"75"|"20231212153628"|"AA00078"|""|"GCSE"
22|"2023"|"A* - B"|"81.8"|"20231212153845"|"AA00078"|""|"A Level"
22|"2023"|"A* - A"|"51.2"|"20231212153852"|"AA00078"|""|"A Level"
22|"2023"|"A*"|"21.4"|"20231212153859"|"AA00078"|""|"A Level"
22|"2023"|"A*(9)"|"20.7"|"20231212153913"|"AA00078"|""|"GCSE"
22|"2023"|"A*(9-8)"|"45.6"|"20231212153932"|"AA00078"|""|"GCSE"
22|"2023"|"A* - A(7-9)"|"67.7"|"20231212153947"|"AA00078"|""|"GCSE"
22|"2023"|"A* - B(6-9)"|"83.1"|"20231212154002"|"AA00078"|""|"GCSE"
13|"2023"|"A*(9-8)"|"53"|"20231212154248"|"AA00078"|""|"GCSE"
13|"2023"|"A* - A(7-9)"|"73.8"|"20231212154255"|"AA00078"|""|"GCSE"
13|"2023"|"A* - B(6-9)"|"89.5"|"20231212154405"|"AA00078"|""|"GCSE"
13|"2023"|"A* - C(4-9)"|"99.5"|"20231212154415"|"AA00078"|""|"GCSE"
13|"2023"|"A*"|"30.9"|"20231212154430"|"AA00078"|""|"A Level"
13|"2023"|"A* - A"|"66.3"|"20231212154436"|"AA00078"|""|"A Level"
13|"2023"|"A* - B"|"87.1"|"20231212154444"|"AA00078"|""|"A Level"
13|"2023"|"A* - C"|"95.2"|"20231212154455"|"AA00078"|""|"A Level"
1|"2023"|"A* (8-9)"|"60.8"|"20231220213028"|"AA00032"|""|"GCSE"
687|"2023"|"A* - A (7-9)"|"88.5"|"20231220213732"|"AA00078"|""|"GCSE"
1|"2023"|"A* (9)"|"34.8"|"20231221095404"|"AA00032"|""|"GCSE"
1|"2023"|"A* (9-8)"|"60.8"|"20231221095435"|"AA00007"|""|"GCSE"
1|"2023"|"A* - A (7-9)"|"81.4"|"20231221095446"|"AA00032"|""|"GCSE"
1|"2023"|"A* - B (6-9)"|"92.7"|"20231221095454"|"AA00032"|""|"GCSE"
1|"2023"|"A* - C (4-9)"|"99.6"|"20231221095505"|"AA00032"|""|"GCSE"
36|"2023"|"A* (8-9)"|"48"|"20231221095828"|"AA00032"|""|"GCSE"
16|"2023"|"A* (8-9)"|"63"|"20231221095856"|"AA00032"|""|"GCSE"
16|"2023"|"A* - A (7-9)"|"83.4"|"20231221095921"|"AA00032"|""|"GCSE"
103|"2023"|"A* (8-9)"|"69"|"20231221095949"|"AA00032"|""|"GCSE"
103|"2023"|"A*(8-9)"|"69"|"20231221100528"|"AA00078"|""|"GCSE"
345|"2023"|"A*(8-9)"|"54"|"20231221100613"|"AA00078"|""|"GCSE"
4|"2023"|"A* (8-9)"|"47"|"20231221100642"|"AA00032"|""|"GCSE"
22|"2023"|"A* (8-9)"|"46.4"|"20231221100714"|"AA00032"|""|"GCSE"
22|"2023"|"A* (9)"|"21.7"|"20231221100722"|"AA00032"|""|"GCSE"
22|"2023"|"A* - A (7-9)"|"68.6"|"20231221100736"|"AA00032"|""|"GCSE"
22|"2023"|"A* - B (6-9)"|"83.4"|"20231221100744"|"AA00032"|""|"GCSE"
30201|"2023"|"A* (9)"|"26"|"20231221100838"|"AA00032"|""|"GCSE"
30201|"2023"|"A* (9-8)"|"51"|"20231221100847"|"AA00078"|""|"GCSE"
30201|"2023"|"A* - A (7-9)"|"73.3"|"20231221100853"|"AA00078"|""|"GCSE"
534|"2023"|"A* (8-9)"|"54"|"20231221100943"|"AA00032"|""|"GCSE"
534|"2023"|"A* - A (7-9)"|"75"|"20231221100950"|"AA00032"|""|"GCSE"
603|"2023"|"A* (8-9)"|"25"|"20231221104725"|"AA00032"|""|"A Level"
603|"2023"|"A* - A (7-9)"|"55"|"20231221104732"|"AA00032"|""|"A Level"
603|"2023"|"A*(8-9)"|"25"|"20231221104751"|"AA00078"|""|"A Level"
603|"2023"|"A* - A(7-9)"|"55"|"20231221104800"|"AA00078"|""|"A Level"
30111|"2023"|"A*"|"42"|"20231221104947"|"AA00032"|""|"GCSE"
30111|"2023"|"A* - A (7-9)"|"84"|"20231221104955"|"AA00032"|""|"GCSE"
28|"2023"|"A* - A (7-9)"|"34.9"|"20231221105038"|"AA00032"|""|"GCSE"
28|"2023"|"A* - C (4-9)"|"89.5"|"20231221105047"|"AA00032"|""|"GCSE"
30|"2023"|"A* (8-9)"|"36"|"20231221105132"|"AA00032"|""|"GCSE"
30|"2023"|"A* - A (7-9)"|"53"|"20231221105143"|"AA00032"|""|"GCSE"
41|"2023"|"A* (9)"|"11"|"20231221112246"|"AA00032"|""|"GCSE"
41|"2023"|"A* (8-9)"|"25"|"20231221112300"|"AA00032"|""|"GCSE"
41|"2023"|"A* - A (7-9)"|"44"|"20231221112310"|"AA00032"|""|"GCSE"
41|"2023"|"A* - B (6-9)"|"65"|"20231221112316"|"AA00032"|""|"GCSE"
43|"2023"|"A* (8-9)"|"13"|"20231221150959"|"AA00032"|""|"GCSE"
43|"2023"|"A* - A (7-9)"|"29"|"20231221151007"|"AA00032"|""|"GCSE"
43|"2023"|"A* - B (5-9)"|"68"|"20231221151016"|"AA00032"|""|"GCSE"
45|"2023"|"A* (8-9)"|"25"|"20231221151712"|"AA00032"|""|"GCSE"
45|"2023"|"A* - A (7-9)"|"42"|"20231221151721"|"AA00032"|""|"GCSE"
45|"2023"|"A* - C (4-9)"|"93"|"20231221151729"|"AA00032"|""|"GCSE"
50|"2023"|"A* (8-9)"|"46"|"20231221154415"|"AA00032"|""|"GCSE"
50|"2023"|"A* - A (7-9)"|"69"|"20231221154420"|"AA00032"|""|"GCSE"
50|"2023"|"A* - B (6-9)"|"84"|"20231221154426"|"AA00032"|""|"GCSE"
52|"2023"|"A* - A (7-9)"|"24"|"20231221162717"|"AA00032"|""|"GCSE"
52|"2023"|"A* - C (4-9)"|"86"|"20231221162724"|"AA00032"|""|"GCSE"
53|"2023"|"A* (8-9)"|"28"|"20231221162748"|"AA00032"|""|"GCSE"
53|"2023"|"A* - A (7-9)"|"38"|"20231221162753"|"AA00032"|""|"GCSE"
53|"2023"|"A* - B (6-9)"|"63"|"20231221162800"|"AA00032"|""|"GCSE"
576|"2023"|"A* - A (7-9)"|"25"|"20231221163312"|"AA00032"|""|"GCSE"
576|"2023"|"A* - C (4-9)"|"90.3"|"20231221163319"|"AA00032"|""|"GCSE"
71|"2023"|"A* - A (7-9)"|"22"|"20231221163351"|"AA00032"|""|"GCSE"
71|"2023"|"A* - B (5-9)"|"62"|"20231221163357"|"AA00032"|""|"GCSE"
71|"2023"|"A* - C (4-9)"|"81"|"20231221163402"|"AA00032"|""|"GCSE"
72|"2023"|"A* (8-9)"|"34"|"20231221163441"|"AA00032"|""|"GCSE"
72|"2023"|"A* - A (7-9)"|"56"|"20231221163446"|"AA00032"|""|"GCSE"
72|"2023"|"A* - B (6-9)"|"78"|"20231221163452"|"AA00032"|""|"GCSE"
75|"2023"|"A* - C (4-9)"|"75"|"20231221163615"|"AA00032"|""|"GCSE"
76|"2023"|"A* - A (7-9)"|"57"|"20231221163720"|"AA00032"|""|"GCSE"
21|"2023"|"A* (8-9)"|"78"|"20231221163817"|"AA00032"|""|"GCSE"
21|"2023"|"A* - A (7-9)"|"94"|"20231221163828"|"AA00032"|""|"GCSE"
85|"2023"|"A* - A (7-9)"|"33"|"20231221164111"|"AA00032"|""|"GCSE"
30000|"2023"|"A* - A"|"37"|"20231227113650"|"AA00032"|""|"GCSE"
30000|"2023"|"A* - C"|"95"|"20231227113657"|"AA00032"|""|"GCSE"
30000|"2023"|"A* - B"|"67"|"20231227113706"|"AA00032"|""|"GCSE"
100|"2023"|"A* - A"|"72"|"20231227114025"|"AA00032"|""|"GCSE"
100|"2022"|"A* - B"|"NP"|"20231227114042"|"AA00078"|""|"GCSE"
100|"2023"|"A* - B"|"78"|"20231227114047"|"AA00032"|""|"GCSE"
101|"2023"|"A* (8-9)"|"74.1"|"20231227114129"|"AA00032"|""|"GCSE"
101|"2023"|"A* - A (7-9)"|"84.1"|"20231227114134"|"AA00032"|""|"GCSE"
101|"2023"|"A* - B (6-9)"|"90.5"|"20231227114139"|"AA00032"|""|"GCSE"
101|"2023"|"A* - C"|"97.4"|"20231227114146"|"AA00032"|""|"GCSE"
107|"2023"|"A* - A (7-9)"|"29"|"20231227115057"|"AA00032"|""|"GCSE"
110|"2023"|"A* - A (7-9)"|"58"|"20231227121435"|"AA00032"|""|"GCSE"
528|"2023"|"A* (8-9)"|"71.6"|"20231227152437"|"AA00032"|""|"GCSE"
528|"2023"|"A* - A (7-9)"|"87.1"|"20231227152444"|"AA00032"|""|"GCSE"
528|"2023"|"A* - B (5-9)"|"98.2"|"20231227152453"|"AA00032"|""|"GCSE"
528|"2023"|"A* - C (4-9)"|"99.5"|"20231227152500"|"AA00032"|""|"GCSE"
115|"2023"|"A* - A (7-9)"|"29"|"20231227154304"|"AA00032"|""|"GCSE"
115|"2023"|"A* - B (5-9)"|"78"|"20231227154309"|"AA00032"|""|"GCSE"
655|"2023"|"A* (8-9)"|"35"|"20231227155232"|"AA00032"|""|"GCSE"
655|"2023"|"A* (9)"|"14"|"20231227155239"|"AA00032"|""|"GCSE"
655|"2023"|"A* - A (7-9)"|"60"|"20231227155245"|"AA00032"|""|"GCSE"
655|"2023"|"A* - C"|"96"|"20231227155253"|"AA00032"|""|"GCSE"
20|"2023"|"A* (8-9)"|"67"|"20231227155737"|"AA00032"|""|"GCSE"
20|"2023"|"A* - A (7-9)"|"84"|"20231227155746"|"AA00032"|""|"GCSE"
30109|"2023"|"A* (8-9)"|"83.9"|"20231227155837"|"AA00032"|""|"GCSE"
30109|"2023"|"A* - A (7-9)"|"94.9"|"20231227155843"|"AA00032"|""|"GCSE"
30109|"2023"|"A* - B (6-9)"|"98.6"|"20231227155849"|"AA00032"|""|"GCSE"
124|"2023"|"A* - A (7-9)"|"29.7"|"20231227161014"|"AA00032"|""|"GCSE"
125|"2023"|"A* (9-8)"|"41"|"20231227161040"|"AA00078"|""|"GCSE"
125|"2023"|"A* - A (7-9)"|"62"|"20231227161045"|"AA00032"|""|"GCSE"
125|"2023"|"A* - C (4-9)"|"97"|"20231227161050"|"AA00032"|""|"GCSE"
128|"2023"|"A* (8-9)"|"29"|"20231227165350"|"AA00032"|""|"GCSE"
128|"2023"|"A* - A (7-9)"|"43"|"20231227165355"|"AA00032"|""|"GCSE"
30071|"2023"|"A* (8-9)"|"66"|"20231227165420"|"AA00032"|""|"GCSE"
30071|"2022"|"A* (8-9)"|"82.5"|"20231227165429"|"AA00032"|""|"GCSE"
30071|"2022"|"A* - A (7-9)"|"93.7"|"20231227165434"|"AA00032"|""|"GCSE"
30071|"2023"|"A* - A (7-9)"|"87"|"20231227165439"|"AA00032"|""|"GCSE"
686|"2023"|"A* - A"|"NP"|"20231227165534"|"AA00032"|""|"GCSE"
130|"2023"|"A* (8-9)"|"77"|"20231227172425"|"AA00032"|""|"GCSE"
130|"2023"|"A* - A (7-9)"|"90"|"20231227172431"|"AA00032"|""|"GCSE"
133|"2023"|"A* - A (7-9)"|"48"|"20231227175104"|"AA00032"|""|"GCSE"
134|"2023"|"A* - A (7-9)"|"53"|"20231227175141"|"AA00032"|""|"GCSE"
134|"2023"|"A* - B (6-9)"|"72"|"20231227175147"|"AA00032"|""|"GCSE"
134|"2023"|"A* - C (4-9)"|"97"|"20231227175154"|"AA00032"|""|"GCSE"
135|"2022"|"A* - A(7-9)"|"NP"|"20231228141719"|"AA00078"|""|"GCSE"
136|"2023"|"A* (8-9)"|"47.3"|"20231228143205"|"AA00032"|""|"GCSE"
136|"2023"|"A* - A (7-9)"|"66.3"|"20231228143211"|"AA00032"|""|"GCSE"
137|"2023"|"A* - A (7-9)"|"25"|"20231228143235"|"AA00032"|""|"GCSE"
140|"2023"|"A* - A"|"NP"|"20231228144130"|"AA00032"|""|"GCSE"
138|"2023"|"A* - A"|"NP"|"20231228144212"|"AA00032"|""|"GCSE"
141|"2023"|"A* (8-9)"|"29"|"20231228144238"|"AA00032"|""|"GCSE"
141|"2023"|"A* - A (7-9)"|"43.6"|"20231228144244"|"AA00032"|""|"GCSE"
141|"2023"|"A* - B (6-9)"|"63.7"|"20231228144249"|"AA00032"|""|"GCSE"
141|"2023"|"A* - C (4-9)"|"94.9"|"20231228144254"|"AA00032"|""|"GCSE"
150|"2023"|"A* - A (7-9)"|"42"|"20231228162446"|"AA00032"|""|"GCSE"
154|"2023"|"A* (8-9)"|"75"|"20231228162516"|"AA00032"|""|"GCSE"
154|"2023"|"A* - A (7-9)"|"92"|"20231228162522"|"AA00032"|""|"GCSE"
155|"2023"|"A* - A"|"NP"|"20231228162549"|"AA00032"|""|"GCSE"
680|"2023"|"A* - C"|"87"|"20231228163030"|"AA00032"|""|"GCSE"
167|"2023"|"A* - A (7-9)"|"25"|"20231228165648"|"AA00032"|""|"GCSE"
213|"2023"|"A* - A"|"NP"|"20231228165720"|"AA00032"|""|"GCSE"
173|"2023"|"A* - A"|"NP"|"20231228165817"|"AA00032"|""|"GCSE"
173|"2023"|"A* - B"|"NP"|"20231228165826"|"AA00032"|""|"GCSE"
177|"2023"|"A* - A (7-9)"|"54"|"20231228172649"|"AA00032"|""|"GCSE"
177|"2023"|"A* - C (4-9)"|"95"|"20231228172654"|"AA00032"|""|"GCSE"
178|"2023"|"A* - C (4-9)"|"92"|"20231228172718"|"AA00032"|""|"GCSE"
180|"2023"|"A* - A (7-9)"|"40"|"20231229155851"|"AA00032"|""|"GCSE"
180|"2023"|"A* - B (5-9)"|"80"|"20231229155900"|"AA00032"|""|"GCSE"
180|"2023"|"A* - C (4-9)"|"92"|"20231229155907"|"AA00032"|""|"GCSE"
182|"2023"|"A* - A (7-9)"|"66"|"20231229160028"|"AA00032"|""|"GCSE"
184|"2023"|"A* (8-9)"|"50"|"20231229160120"|"AA00032"|""|"GCSE"
185|"2023"|"A* (8-9)"|"21"|"20231229160257"|"AA00032"|""|"GCSE"
185|"2023"|"A* - A (7-9)"|"35"|"20231229160322"|"AA00032"|""|"GCSE"
185|"2023"|"A* - B (9-6)"|"61"|"20231229160338"|"AA00032"|""|"GCSE"
185|"2023"|"A* - C (4-9)"|"94"|"20231229160345"|"AA00032"|""|"GCSE"
30146|"2021"|"A* (8-9)"|"75"|"20231229160453"|"AA00032"|""|"GCSE"
30146|"2021"|"A* - A (7-9)"|"91"|"20231229160500"|"AA00032"|""|"GCSE"
30146|"2022"|"A* (8-9)"|"81"|"20231229160509"|"AA00032"|""|"GCSE"
30146|"2022"|"A* - A (7-9)"|"94"|"20231229160516"|"AA00032"|""|"GCSE"
30146|"2023"|"A* (8-9)"|"75"|"20231229160525"|"AA00032"|""|"GCSE"
30146|"2023"|"A* - A (7-9)"|"89"|"20231229160531"|"AA00032"|""|"GCSE"
187|"2023"|"A* - A (7-9)"|"33"|"20231229160731"|"AA00032"|""|"GCSE"
187|"2023"|"A* - B (6-9)"|"74"|"20231229160739"|"AA00032"|""|"GCSE"
189|"2023"|"A* - A"|"NP"|"20231229160942"|"AA00032"|""|"GCSE"
190|"2023"|"A* - A"|"NP"|"20231229161012"|"AA00032"|""|"GCSE"
192|"2023"|"A* - A (7-9)"|"31"|"20231229161201"|"AA00032"|""|"GCSE"
192|"2023"|"A* - B (6-9)"|"51"|"20231229161207"|"AA00032"|""|"GCSE"
192|"2023"|"A* - C (4-9)"|"85"|"20231229161212"|"AA00032"|""|"GCSE"
195|"2023"|"A* - A (7-9)"|"43"|"20231229161234"|"AA00032"|""|"GCSE"
195|"2023"|"A* - C (4-9)"|"83"|"20231229161239"|"AA00032"|""|"GCSE"
30145|"2023"|"A* (8-9)"|"87.9"|"20231229161308"|"AA00032"|""|"GCSE"
30145|"2023"|"A* - A (7-9)"|"96.9"|"20231229161315"|"AA00032"|""|"GCSE"
30145|"2023"|"A* - B (6-9)"|"99.2"|"20231229161322"|"AA00032"|""|"GCSE"
30145|"2022"|"A* (8-9)"|"89.5"|"20231229161335"|"AA00032"|""|"GCSE"
30145|"2022"|"A* - A (7-9)"|"98.3"|"20231229161342"|"AA00032"|""|"GCSE"
30145|"2022"|"A* - B (6-9)"|"99.7"|"20231229161349"|"AA00032"|""|"GCSE"
197|"2023"|"A* - A"|"NP"|"20231229163116"|"AA00032"|""|"GCSE"
199|"2023"|"A* - A (7-9)"|"53"|"20231229163208"|"AA00032"|""|"GCSE"
199|"2023"|"A* - B (5-9)"|"88"|"20231229163215"|"AA00032"|""|"GCSE"
199|"2023"|"A* - C (4-9)"|"96"|"20231229163220"|"AA00032"|""|"GCSE"
208|"2023"|"A* (8-9)"|"27.9"|"20231229163303"|"AA00032"|""|"GCSE"
208|"2023"|"A* - A (7-9)"|"47.1"|"20231229163309"|"AA00032"|""|"GCSE"
208|"2023"|"A* - B (6-9)"|"70.8"|"20231229163342"|"AA00032"|""|"A Level"
30110|"2023"|"A* (8-9)"|"90"|"20231229164255"|"AA00032"|""|"GCSE"
30110|"2023"|"A* - A (7-9)"|"97"|"20231229164303"|"AA00032"|""|"GCSE"
30110|"2023"|"A* - B (6-9)"|"99"|"20231229164310"|"AA00032"|""|"GCSE"
29|"2023"|"A* (8-9)"|"42"|"20231229164945"|"AA00032"|""|"GCSE"
29|"2023"|"A* - A (7-9)"|"64"|"20231229164955"|"AA00032"|""|"GCSE"
29|"2023"|"A* - B (5-9)"|"95"|"20231229165002"|"AA00032"|""|"GCSE"
29|"2023"|"A* - B (6-9)"|"85"|"20231229165032"|"AA00032"|""|"GCSE"
29|"2023"|"A* - B(6-9)"|"85"|"20231229165108"|"AA00078"|""|"GCSE"
29|"2023"|"A* - B(5-9)"|"95"|"20231229165147"|"AA00078"|""|"GCSE"
30134|"2022"|"A* - A (7-9)"|"95.15"|"20231229170908"|"AA00032"|""|"GCSE"
30134|"2022"|"A* - A (8-9)"|"85.19"|"20231229170919"|"AA00032"|""|"GCSE"
30134|"2022"|"A* - B (6-9)"|"99.09"|"20231229170935"|"AA00032"|""|"GCSE"
30134|"2023"|"A* - A"|"NP"|"20231229170951"|"AA00032"|""|"GCSE"
30134|"2023"|"A* - B"|"NP"|"20231229171004"|"AA00032"|""|"GCSE"
212|"2023"|"A* - A (7-9)"|"81"|"20231229171259"|"AA00032"|""|"GCSE"
218|"2023"|"A* - A"|"NP"|"20231230151457"|"AA00032"|""|"GCSE"
30051|"2023"|"A* - A"|"NP"|"20231230151537"|"AA00032"|""|"GCSE"
234|"2023"|"A* - A (7-9)"|"82"|"20231230152033"|"AA00032"|""|"GCSE"
30054|"2022"|"A*(8-9)"|"36.6"|"20231230160124"|"AA00078"|""|"GCSE"
30054|"2023"|"A*"|"6.7"|"20231230160132"|"AA00032"|""|"GCSE"
30054|"2023"|"A* (8-9)"|"16.7"|"20231230160142"|"AA00032"|""|"GCSE"
30054|"2023"|"A* - A (7-9)"|"33.2"|"20231230160151"|"AA00032"|""|"GCSE"
30054|"2023"|"A* - C (4-9)"|"91.4"|"20231230160158"|"AA00032"|""|"GCSE"
241|"2023"|"A*"|"18"|"20231230160229"|"AA00032"|""|"GCSE"
241|"2023"|"A* (8-9)"|"39"|"20231230160239"|"AA00032"|""|"GCSE"
241|"2023"|"A* - A (7-9)"|"63"|"20231230160246"|"AA00032"|""|"GCSE"
30136|"2023"|"A* (8-9)"|"78.9"|"20240103110943"|"AA00032"|""|"GCSE"
30136|"2023"|"A* - A (7-9)"|"92.9"|"20240103110947"|"AA00032"|""|"GCSE"
30136|"2023"|"A* - B (6-9)"|"97.6"|"20240103110954"|"AA00032"|""|"GCSE"
30089|"2023"|"A* (8-9)"|"75"|"20240103111132"|"AA00032"|""|"GCSE"
30089|"2023"|"A* - A (7-9)"|"89"|"20240103111137"|"AA00032"|""|"GCSE"
30062|"2023"|"A* (8-9)"|"29"|"20240103111308"|"AA00032"|""|"GCSE"
30062|"2023"|"A* - A (7-9)"|"48"|"20240103111313"|"AA00032"|""|"GCSE"
30062|"2023"|"A* - B (6-9)"|"65"|"20240103111318"|"AA00032"|""|"GCSE"
250|"2023"|"A* - A (7-9)"|"45"|"20240103111347"|"AA00032"|""|"GCSE"
251|"2023"|"A*"|"16"|"20240103111412"|"AA00032"|""|"GCSE"
251|"2023"|"A* (8-9)"|"35"|"20240103111416"|"AA00032"|""|"GCSE"
251|"2023"|"A* - A (7-9)"|"51"|"20240103111422"|"AA00032"|""|"GCSE"
251|"2023"|"A* - B (6-9)"|"71"|"20240103111427"|"AA00032"|""|"GCSE"
251|"2023"|"A*(8-9)"|"35"|"20240103111440"|"AA00078"|""|"GCSE"
30087|"2023"|"A* - A (7-9)"|"53"|"20240103111551"|"AA00032"|""|"GCSE"
30087|"2023"|"A* - C (4-9)"|"98"|"20240103111556"|"AA00032"|""|"GCSE"
257|"2023"|""|"NP"|"20240103120715"|"AA00032"|""|"GCSE"
257|"2023"|"A* - A (7-9)"|"57"|"20240103120725"|"AA00032"|""|"GCSE"
258|"2023"|"A* - A (7-9)"|"40.2"|"20240103120815"|"AA00032"|""|"GCSE"
258|"2023"|"A* - B (6-9)"|"60.5"|"20240103120820"|"AA00032"|""|"GCSE"
260|"2023"|"A* - A (7-9)"|"47"|"20240103120842"|"AA00032"|""|"GCSE"
260|"2023"|"A* - B (6-9)"|"63"|"20240103120846"|"AA00032"|""|"GCSE"
260|"2023"|"A* - C (4-9)"|"92"|"20240103120852"|"AA00032"|""|"GCSE"
271|"2023"|"A* (8-9)"|"24"|"20240103121631"|"AA00032"|""|"GCSE"
271|"2023"|"A* - A (7-9)"|"44"|"20240103121637"|"AA00032"|""|"GCSE"
268|"2023"|"A* - C"|"95"|"20240103121701"|"AA00032"|""|"GCSE"
264|"2023"|"A* - A (7-9)"|"32.5"|"20240103121722"|"AA00032"|""|"GCSE"
264|"2023"|"A* - C (4-9)"|"87.7"|"20240103121727"|"AA00032"|""|"GCSE"
30077|"2023"|"A*"|"41"|"20240103121839"|"AA00032"|""|"GCSE"
30077|"2023"|"A* - A (7-9)"|"90"|"20240103121844"|"AA00032"|""|"GCSE"
274|"2023"|"A* (8-9)"|"42"|"20240103121908"|"AA00032"|""|"GCSE"
274|"2023"|"A* - A (7-9)"|"62"|"20240103121915"|"AA00032"|""|"GCSE"
259|"2023"|"A* (8-9)"|"20"|"20240103121939"|"AA00032"|""|"GCSE"
259|"2023"|"A* - A (7-9)"|"37"|"20240103121943"|"AA00032"|""|"GCSE"
259|"2023"|"A* - C (4-9)"|"87"|"20240103121948"|"AA00032"|""|"GCSE"
275|"2023"|"A* (8-9)"|"19"|"20240103122010"|"AA00032"|""|"GCSE"
275|"2023"|"A* - A (7-9)"|"34"|"20240103122015"|"AA00032"|""|"GCSE"
275|"2023"|"A* - C (4-9)"|"90"|"20240103122019"|"AA00032"|""|"GCSE"
30150|"2023"|"A* - A (7-9)"|"58"|"20240103122036"|"AA00032"|""|"GCSE"
30150|"2023"|"A* - B (6-9)"|"81"|"20240103122040"|"AA00032"|""|"GCSE"
30150|"2023"|"A* - C (4-9)"|"99"|"20240103122045"|"AA00032"|""|"GCSE"
30148|"2023"|"A* (8-9)"|"82"|"20240103122100"|"AA00032"|""|"GCSE"
30148|"2023"|"A* - A (7-9)"|"94"|"20240103122104"|"AA00032"|""|"GCSE"
30148|"2023"|"A* - C (4-9)"|"100"|"20240103122110"|"AA00032"|""|"GCSE"
278|"2023"|"A* (8-9)"|"39"|"20240103122206"|"AA00032"|""|"GCSE"
278|"2023"|"A* - A (7-9)"|"61"|"20240103122222"|"AA00032"|""|"GCSE"
9|"2023"|"A* - A (7-9)"|"56"|"20240103122243"|"AA00032"|""|"GCSE"
279|"2023"|"A* - A (7-9)"|"22.56"|"20240103173956"|"AA00032"|""|"GCSE"
279|"2023"|"A* - C (4-9)"|"83.05"|"20240103174001"|"AA00032"|""|"GCSE"
279|"2023"|"A* (9)"|"4.17"|"20240103174007"|"AA00032"|""|"GCSE"
30125|"2023"|"A* - A (7-9)"|"69"|"20240103174026"|"AA00032"|""|"GCSE"
285|"2023"|"A* - A"|"NP"|"20240103174059"|"AA00032"|""|"GCSE"
290|"2023"|"A* - A"|"NP"|"20240103174152"|"AA00032"|""|"GCSE"
291|"2023"|"A* - A (7-9)"|"36"|"20240103174208"|"AA00032"|""|"GCSE"
291|"2023"|"A* - C (4-9)"|"90"|"20240103174213"|"AA00032"|""|"GCSE"
462|"2023"|"A* (8-9)"|"50"|"20240109115920"|"AA00032"|""|"GCSE"
631|"2023"|"A* - A"|"87"|"20240109120049"|"AA00032"|""|"GCSE"
631|"2023"|"A* - B"|"97.1"|"20240109120057"|"AA00032"|""|"GCSE"
631|"2023"|"A* - C"|"99.8"|"20240109120104"|"AA00032"|""|"GCSE"
631|"2022"|"A* - B"|"97"|"20240109120119"|"AA00078"|""|"GCSE"
30068|"2022"|"A* (9)"|"31"|"20240109121011"|"AA00032"|""|"GCSE"
30068|"2023"|"A* (9)"|"20"|"20240109121017"|"AA00032"|""|"GCSE"
30068|"2022"|"A* - A (7-9)"|"77"|"20240109121023"|"AA00032"|""|"GCSE"
30068|"2022"|"A* - C (4-9)"|"99.6"|"20240109121027"|"AA00032"|""|"GCSE"
30068|"2023"|"A* - A (7-9)"|"61"|"20240109121033"|"AA00032"|""|"GCSE"
30068|"2023"|"A* - C (4-9)"|"96"|"20240109121038"|"AA00032"|""|"GCSE"
507|"2023"|"A* - A (7-9)"|"31"|"20240109121230"|"AA00032"|""|"GCSE"
507|"2023"|"A* - C (4-9)"|"83"|"20240109121238"|"AA00032"|""|"GCSE"
508|"2023"|"A* (9-8)"|"29"|"20240109121303"|"AA00078"|""|"GCSE"
508|"2023"|"A* - A (7-9)"|"46"|"20240109121310"|"AA00032"|""|"GCSE"
508|"2023"|"A* - C (4-9)"|"91"|"20240109121315"|"AA00032"|""|"GCSE"
509|"2023"|"A* - A"|"NP"|"20240109121343"|"AA00032"|""|"GCSE"
510|"2023"|"A* - A"|"NP"|"20240109121406"|"AA00032"|""|"GCSE"
499|"2023"|"A* (8-9)"|"87"|"20240109121929"|"AA00032"|""|"GCSE"
499|"2023"|"A* - A (7-9)"|"96"|"20240109121956"|"AA00032"|""|"GCSE"
468|"2023"|"A* - A (7-9)"|"68"|"20240109143858"|"AA00032"|""|"GCSE"
468|"2023"|"A* - B (6-9)"|"83"|"20240109143904"|"AA00032"|""|"GCSE"
468|"2023"|"A* - C (4-9)"|"97"|"20240109143910"|"AA00032"|""|"GCSE"
501|"2023"|"A* - B (6-9)"|"75"|"20240109144049"|"AA00032"|""|"GCSE"
30120|"2022"|"A* (8-9)"|"72.1"|"20240109152351"|"AA00032"|""|"GCSE"
30120|"2022"|"A* - A (7-9)"|"90.1"|"20240109152358"|"AA00032"|""|"GCSE"
30142|"2023"|"A* (9)"|"40"|"20240109155041"|"AA00032"|""|"GCSE"
30120|"2022"|"A* - B (6-9)"|"97.1"|"20240109152404"|"AA00032"|""|"GCSE"
30120|"2022"|"A* - C (4-9)"|"99.9"|"20240109152409"|"AA00032"|""|"GCSE"
30120|"2023"|"A* (8-9)"|"67.9"|"20240109152415"|"AA00032"|""|"GCSE"
30120|"2023"|"A* - A (7-9)"|"87.7"|"20240109152422"|"AA00032"|""|"GCSE"
30120|"2023"|"A* - B (6-9)"|"96.6"|"20240109152427"|"AA00032"|""|"GCSE"
30120|"2023"|"A* - C (4-9)"|"99.9"|"20240109152432"|"AA00032"|""|"GCSE"
30099|"2022"|"A* - A (7-9)"|"83.1"|"20240109152459"|"AA00032"|""|"GCSE"
30099|"2022"|"A* - B (6-9)"|"94.3"|"20240109152505"|"AA00032"|""|"GCSE"
30099|"2022"|"A* - C (4-9)"|"99.4"|"20240109152510"|"AA00032"|""|"GCSE"
30099|"2023"|"A* (8-9)"|"54.8"|"20240109152515"|"AA00032"|""|"GCSE"
30099|"2023"|"A* - A (7-9)"|"76.4"|"20240109152521"|"AA00032"|""|"GCSE"
30099|"2023"|"A* - B (6-9)"|"92.3"|"20240109152527"|"AA00032"|""|"GCSE"
30099|"2023"|"A* - C (4-9)"|"99"|"20240109152532"|"AA00032"|""|"GCSE"
30006|"2023"|"A* (8-9)"|"50"|"20240109152555"|"AA00032"|""|"GCSE"
30006|"2023"|"A* - A (7-9)"|"75"|"20240109152601"|"AA00032"|""|"GCSE"
520|"2023"|"A* - A"|"NP"|"20240109152648"|"AA00032"|""|"GCSE"
524|"2023"|"A* - A (7-9)"|"52"|"20240109152711"|"AA00032"|""|"GCSE"
525|"2022"|"A* - C (4-9)"|"91"|"20240109153147"|"AA00032"|""|"GCSE"
525|"2023"|"A* - A (7-9)"|"29.5"|"20240109153153"|"AA00032"|""|"GCSE"
525|"2023"|"A* - C (4-9)"|"82.9"|"20240109153159"|"AA00032"|""|"GCSE"
30069|"2022"|"A* (8-9)"|"51"|"20240109153221"|"AA00032"|""|"GCSE"
30069|"2023"|"A* - A (7-9)"|"61"|"20240109153227"|"AA00032"|""|"GCSE"
30078|"2021"|"A* - B (6-9)"|"92.1"|"20240109154901"|"AA00032"|""|"GCSE"
30078|"2021"|"A* - A (7-9)"|"82.4"|"20240109154906"|"AA00032"|""|"GCSE"
30078|"2021"|"A* - C (4-9)"|"99.6"|"20240109154918"|"AA00032"|""|"GCSE"
30078|"2022"|"A* (8-9)"|"58.8"|"20240109154927"|"AA00032"|""|"GCSE"
30078|"2022"|"A* - A (7-9)"|"78.9"|"20240109154932"|"AA00032"|""|"GCSE"
30078|"2022"|"A* - B (6-9)"|"92.2"|"20240109154937"|"AA00032"|""|"GCSE"
30078|"2022"|"A* - C (4-9)"|"99.3"|"20240109154941"|"AA00032"|""|"GCSE"
30078|"2023"|"A* (8-9)"|"50.7"|"20240109154946"|"AA00032"|""|"GCSE"
30078|"2023"|"A* - B (6-9)"|"83.7"|"20240109154952"|"AA00032"|""|"GCSE"
30078|"2023"|"A* - A (7-9)"|"70.7"|"20240109154957"|"AA00032"|""|"GCSE"
30078|"2023"|"A* - C (4-9)"|"96.9"|"20240109155002"|"AA00032"|""|"GCSE"
30142|"2023"|"A* (8-9)"|"67"|"20240109155036"|"AA00032"|""|"GCSE"
30022|"2023"|"A* - A (7-9)"|"51.7"|"20240109155105"|"AA00032"|""|"GCSE"
30022|"2023"|"A* - B (6-9)"|"73.6"|"20240109155111"|"AA00032"|""|"GCSE"
30022|"2023"|"A* - C (4-9)"|"94.8"|"20240109155117"|"AA00032"|""|"GCSE"
551|"2023"|"A* - A"|"NP"|"20240109155442"|"AA00032"|""|"GCSE"
293|"2023"|"A* - A (7-9)"|"32"|"20240103174310"|"AA00032"|""|"GCSE"
293|"2023"|"A* - C (4-9)"|"80"|"20240103174317"|"AA00032"|""|"GCSE"
298|"2023"|"A* - A"|"NP"|"20240103174409"|"AA00032"|""|"GCSE"
299|"2023"|"A*"|"14"|"20240103174438"|"AA00032"|""|"GCSE"
299|"2023"|"A* - A (7-9)"|"47"|"20240103174446"|"AA00032"|""|"GCSE"
299|"2023"|"A* - B (5-9)"|"85"|"20240103174452"|"AA00032"|""|"GCSE"
300|"2023"|"A* - A"|"49.7"|"20240103181007"|"AA00032"|""|"GCSE"
300|"2023"|"A* - C"|"91.6"|"20240103181014"|"AA00032"|""|"GCSE"
302|"2023"|"A*"|"25"|"20240103181044"|"AA00032"|""|"GCSE"
302|"2023"|"A* (8-9)"|"43"|"20240103181052"|"AA00032"|""|"GCSE"
302|"2023"|"A* - A (7-9)"|"59"|"20240103181059"|"AA00032"|""|"GCSE"
30114|"2023"|"A* (8-9)"|"61"|"20240103181116"|"AA00032"|""|"GCSE"
30114|"2023"|"A* - A (7-9)"|"74"|"20240103181121"|"AA00032"|""|"GCSE"
30114|"2023"|"A* - B (5-9)"|"93"|"20240103181127"|"AA00032"|""|"GCSE"
303|"2023"|"A* (8-9)"|"24"|"20240103181156"|"AA00032"|""|"GCSE"
303|"2023"|"A* - A (7-9)"|"44"|"20240103181204"|"AA00032"|""|"GCSE"
303|"2023"|"A* - B (6-9)"|"62"|"20240103181211"|"AA00032"|""|"GCSE"
303|"2023"|"A* - C (4-9)"|"93"|"20240103181216"|"AA00032"|""|"GCSE"
634|"2023"|"A* - A"|"NP"|"20240103181243"|"AA00032"|""|"GCSE"
288|"2023"|"A* (8-9)"|"20.4"|"20240103181303"|"AA00032"|""|"GCSE"
288|"2023"|"A* - A (7-9)"|"38.3"|"20240103181310"|"AA00032"|""|"GCSE"
288|"2023"|"A* - B (6-9)"|"57.1"|"20240103181315"|"AA00032"|""|"GCSE"
288|"2023"|"A* - C (4-9)"|"88.7"|"20240103181320"|"AA00032"|""|"GCSE"
30036|"2023"|"A* (8-9)"|"82"|"20240104102501"|"AA00032"|""|"GCSE"
30036|"2023"|"A* - A (7-9)"|"94"|"20240104102509"|"AA00032"|""|"GCSE"
30036|"2023"|"A* - B (6-9)"|"99"|"20240104102517"|"AA00032"|""|"GCSE"
304|"2023"|"A* - A (7-9)"|"62"|"20240104102538"|"AA00032"|""|"GCSE"
306|"2023"|"A* - A"|"NP"|"20240104102607"|"AA00032"|""|"GCSE"
309|"2023"|"A*"|"24"|"20240104110530"|"AA00032"|""|"GCSE"
309|"2023"|"A* - A (7-9)"|"72"|"20240104110537"|"AA00032"|""|"GCSE"
309|"2023"|"A* - B (6-9)"|"88"|"20240104110543"|"AA00032"|""|"GCSE"
493|"2023"|"A*"|"24"|"20240104110824"|"AA00032"|""|"GCSE"
493|"2023"|"A* - A (7-9)"|"62"|"20240104110831"|"AA00032"|""|"GCSE"
30153|"2023"|"A* (8-9)"|"67.3"|"20240104110952"|"AA00032"|""|"GCSE"
30153|"2023"|"A* - A (7-9)"|"85.4"|"20240104110959"|"AA00032"|""|"GCSE"
30153|"2023"|"A* - B (6-9)"|"96"|"20240104111012"|"AA00032"|""|"GCSE"
313|"2023"|"A* - C (4-9)"|"91"|"20240104111051"|"AA00032"|""|"GCSE"
314|"2023"|"A* - B"|"77"|"20240104111122"|"AA00032"|""|"GCSE"
318|"2023"|"A* - A (7-9)"|"41.8"|"20240104111149"|"AA00032"|""|"GCSE"
318|"2023"|"A* - B (5-9)"|"80.5"|"20240104111156"|"AA00032"|""|"GCSE"
318|"2023"|"A* - C (4-9)"|"92.2"|"20240104111203"|"AA00032"|""|"GCSE"
316|"2023"|"A* (8-9)"|"34.7"|"20240104111251"|"AA00032"|""|"GCSE"
316|"2023"|"A* - A (7-9)"|"57.8"|"20240104111257"|"AA00032"|""|"GCSE"
316|"2023"|"A* - B (5-9)"|"91.3"|"20240104111302"|"AA00032"|""|"GCSE"
316|"2023"|"A* - C (4-9)"|"97.8"|"20240104111308"|"AA00032"|""|"GCSE"
319|"2023"|"A* - A"|"NP"|"20240104123011"|"AA00032"|""|"GCSE"
322|"2023"|"A* (8-9)"|"32"|"20240104123040"|"AA00032"|"Nearly a third of grades were in the 9-8 category (the old A*), over half were at 7-9"|"GCSE"
322|"2023"|"A* - A (7-9)"|"51.4"|"20240104123052"|"AA00032"|"Nearly a third of grades were in the 9-8 category (the old A*), over half were at 7-9"|"GCSE"
1|"2023"|"A* - C"|"97.5"|"20240104154858"|"AA00032"|""|"A Level"
4|"2023"|"A* - B(6-9)"|"86"|"20240104155756"|"AA00078"|""|"GCSE"
7|"2023"|"A*(9)"|"33"|"20240104155909"|"AA00078"|""|"GCSE"
7|"2023"|"A*(9-8)"|"58"|"20240104155929"|"AA00078"|""|"GCSE"
7|"2023"|"A* - A(7-9)"|"75"|"20240104155946"|"AA00078"|""|"GCSE"
7|"2023"|"A* - B(6-9)"|"89"|"20240104160002"|"AA00078"|""|"GCSE"
7|"2023"|"A* - C(4-9)"|"100"|"20240104160018"|"AA00078"|""|"GCSE"
7|"2023"|"A*"|"23"|"20240104160035"|"AA00078"|""|"A Level"
7|"2023"|"A* - A"|"49"|"20240104160042"|"AA00078"|""|"A Level"
7|"2023"|"A* - B"|"75"|"20240104160049"|"AA00078"|""|"A Level"
7|"2023"|"A* - C"|"93"|"20240104160103"|"AA00078"|""|"A Level"
6|"2023"|"A*(9)"|"39.7"|"20240104160233"|"AA00078"|""|"GCSE"
7|"2023"|"A*(9)"|"40"|"20240104160731"|"AA00078"|""|"GCSE"
7|"2023"|"A*(9-8)"|"70"|"20240104160746"|"AA00078"|""|"GCSE"
7|"2023"|"A* - A(7-9)"|"86.3"|"20240104160803"|"AA00078"|""|"GCSE"
7|"2023"|"A* - B(6-9)"|"94.7"|"20240104160818"|"AA00078"|""|"GCSE"
7|"2023"|"A* - C(4-9)"|"99.1"|"20240104160833"|"AA00078"|""|"GCSE"
7|"2023"|"A*"|"30.2"|"20240104160845"|"AA00078"|""|"A Level"
7|"2023"|"A* - A"|"70.2"|"20240104160854"|"AA00078"|""|"A Level"
7|"2023"|"A* - B"|"92.5"|"20240104160902"|"AA00078"|""|"A Level"
7|"2023"|"A* - C"|"97.5"|"20240104160917"|"AA00078"|""|"A Level"
533|"2023"|"A*(9)"|"29.8"|"20240104163723"|"AA00078"|""|"GCSE"
533|"2023"|"A* - A(7-9)"|"72.1"|"20240104163753"|"AA00078"|""|"GCSE"
533|"2023"|"A* - B(6-9)"|"85.9"|"20240104163817"|"AA00078"|""|"GCSE"
9|"2023"|"A*(9)"|"17"|"20240104164008"|"AA00078"|""|"GCSE"
9|"2023"|"A*(9-8)"|"35"|"20240104164036"|"AA00078"|""|"GCSE"
9|"2023"|"A*"|"49"|"20240104164059"|"AA00078"|""|"A Level"
9|"2023"|"A* - A"|"77"|"20240104164236"|"AA00078"|""|"A Level"
9|"2023"|"A* - B"|"92"|"20240104164256"|"AA00078"|"A*-B = Over 80%"|"A Level"
9|"2023"|"A* - C"|"98"|"20240104164314"|"AA00078"|""|"A Level"
384|"2023"|"A*(9)"|"45"|"20240104164653"|"AA00078"|""|"GCSE"
384|"2023"|"A*(9-8)"|"70"|"20240104164708"|"AA00078"|""|"GCSE"
384|"2023"|"A* - A(7-9)"|"87"|"20240104164725"|"AA00078"|""|"GCSE"
384|"2023"|"A* - B(6-9)"|"95"|"20240104164743"|"AA00078"|""|"GCSE"
384|"2023"|"A* - C(4-9)"|"100"|"20240104164802"|"AA00078"|""|"GCSE"
384|"2023"|"A*"|"49"|"20240104164825"|"AA00078"|""|"A Level"
384|"2023"|"A* - A"|"77"|"20240104164833"|"AA00078"|""|"A Level"
384|"2023"|"A* - B"|"92"|"20240104164842"|"AA00078"|""|"A Level"
384|"2023"|"A* - C"|"98"|"20240104164853"|"AA00078"|""|"A Level"
418|"2023"|"A* (8-9)"|"54.4"|"20240104165250"|"AA00032"|""|"GCSE"
418|"2023"|"A* - A (7-9)"|"75.5"|"20240104165312"|"AA00032"|""|"GCSE"
418|"2023"|"A* - B (6-9)"|"88.9"|"20240104165330"|"AA00032"|""|"GCSE"
418|"2023"|"A* - C (4-9)"|"98.4"|"20240104165343"|"AA00032"|""|"GCSE"
418|"2022"|"A*(8-9)"|"65.6"|"20240104165400"|"AA00078"|""|"GCSE"
418|"2023"|"A*"|"24.3"|"20240104165432"|"AA00032"|""|"A Level"
418|"2023"|"A* - A"|"56.2"|"20240104165450"|"AA00032"|""|"A Level"
418|"2023"|"A* - B"|"83.5"|"20240104165505"|"AA00032"|""|"A Level"
418|"2023"|"A* - C"|"96.3"|"20240104165522"|"AA00032"|""|"A Level"
11|"2023"|"A*(9)"|"15.6"|"20240104171933"|"AA00078"|""|"GCSE"
11|"2022"|"A*(8-9)"|"*50.2"|"20240104171948"|"AA00078"|"Grade 9 = 25.7%"|"GCSE"
11|"2023"|"A* - A(7-9)"|"51.4"|"20240104172010"|"AA00078"|""|"GCSE"
11|"2023"|"A* - B(6-9)"|"70.5"|"20240104172025"|"AA00078"|""|"GCSE"
11|"2023"|"A* - A"|"42.8"|"20240104172040"|"AA00078"|""|"A Level"
11|"2023"|"A* - B"|"71.6"|"20240104172047"|"AA00078"|""|"A Level"
500|"2023"|"A* (8-9)"|"63.5"|"20240104172201"|"AA00032"|""|"GCSE"
500|"2023"|"A* (9)"|"33.3"|"20240104172226"|"AA00032"|""|"GCSE"
500|"2023"|"A* - A (7-9)"|"80.4"|"20240104172242"|"AA00032"|""|"GCSE"
12|"2023"|"A* (8-9)"|"77"|"20240104172952"|"AA00032"|""|"GCSE"
12|"2023"|"A* - A (7-9)"|"94"|"20240104173003"|"AA00032"|""|"GCSE"
13|"2022"|"A*(8-9)"|"*54.3"|"20240104173356"|"AA00078"|"% of pupils achieving the grade"|"GCSE"
13|"2023"|"A*(9)"|"30"|"20240104173414"|"AA00078"|""|"GCSE"
13|"2023"|"A* (8-9)"|"44"|"20240104173428"|"AA00032"|""|"GCSE"
13|"2023"|"A* - A (7-9)"|"66"|"20240104173452"|"AA00032"|""|"GCSE"
13|"2023"|"A* - B (6-9)"|"84"|"20240104173507"|"AA00032"|""|"GCSE"
13|"2023"|"A* - C (4-9)"|"98.6"|"20240104173518"|"AA00032"|""|"GCSE"
30056|"2023"|"A* - A"|"48"|"20240104174517"|"AA00032"|""|"A Level"
30056|"2023"|"A* - C"|"92"|"20240104174559"|"AA00032"|""|"A Level"
668|"2023"|"A* - A (7-9)"|"42"|"20240105104215"|"AA00032"|""|"GCSE"
668|"2023"|"A* - C (4-9)"|"82"|"20240105104220"|"AA00032"|""|"GCSE"
248|"2023"|"A* - A (7-9)"|"36"|"20240105104241"|"AA00032"|""|"GCSE"
248|"2023"|"A* - B (5-9)"|"79"|"20240105104246"|"AA00032"|""|"GCSE"
248|"2023"|"A* - C (4-9)"|"92"|"20240105104252"|"AA00032"|""|"GCSE"
327|"2023"|"A* (8-9)"|"32"|"20240105104311"|"AA00032"|""|"GCSE"
327|"2023"|"A* - A (7-9)"|"53"|"20240105104316"|"AA00032"|""|"GCSE"
328|"2023"|"A* - A (7-9)"|"28"|"20240105104335"|"AA00032"|""|"GCSE"
328|"2023"|"A* - C (5-9)"|"71"|"20240105104342"|"AA00032"|""|"GCSE"
330|"2023"|"A* - A (7-9)"|"44"|"20240105104847"|"AA00032"|""|"GCSE"
330|"2023"|"A* - B (5-9)"|"88"|"20240105104855"|"AA00032"|""|"GCSE"
30113|"2023"|"A* (8-9)"|"51"|"20240105104936"|"AA00032"|""|"GCSE"
30113|"2023"|"A* (9)"|"29"|"20240105104944"|"AA00032"|""|"GCSE"
30113|"2023"|"A* - B (6-9)"|"86"|"20240105104950"|"AA00032"|""|"GCSE"
30112|"2023"|"A* (8-9)"|"61.1"|"20240105105016"|"AA00032"|""|"GCSE"
30112|"2023"|"A* - A (7-9)"|"81.7"|"20240105105021"|"AA00032"|""|"GCSE"
30132|"2023"|"A* (8-9)"|"74"|"20240105105039"|"AA00032"|""|"GCSE"
30132|"2023"|"A* - A (7-9)"|"88"|"20240105105044"|"AA00032"|""|"GCSE"
337|"2023"|"A* - A (7-9)"|"49"|"20240105110011"|"AA00032"|""|"GCSE"
337|"2023"|"A* - B (6-9)"|"69"|"20240105110016"|"AA00078"|""|"GCSE"
337|"2023"|"A* - C (4-9)"|"95"|"20240105110022"|"AA00032"|""|"GCSE"
340|"2023"|"A* - A (7-9)"|"26.6"|"20240105110045"|"AA00032"|""|"GCSE"
340|"2023"|"A* - C (4-9)"|"89.6"|"20240105110053"|"AA00032"|""|"GCSE"
340|"2023"|"A* - C (5-9)"|"72.4"|"20240105110115"|"AA00032"|""|"GCSE"
342|"2023"|"A* (8-9)"|"19"|"20240105110137"|"AA00032"|""|"GCSE"
342|"2023"|"A* - A (7-9)"|"35"|"20240105110142"|"AA00032"|""|"GCSE"
342|"2023"|"A* - C (4-9)"|"87"|"20240105110148"|"AA00032"|""|"GCSE"
344|"2023"|"A* - A (7-9)"|"28"|"20240105110216"|"AA00078"|""|"GCSE"
30060|"2023"|"A*"|"49"|"20240105110254"|"AA00032"|""|"GCSE"
30060|"2023"|"A* (8-9)"|"76"|"20240105110301"|"AA00032"|""|"GCSE"
30060|"2023"|"A* - A (7-9)"|"89"|"20240105110307"|"AA00032"|""|"GCSE"
30060|"2023"|"A*(8-9)"|"76"|"20240105110317"|"AA00078"|""|"GCSE"
351|"2023"|"A* - B (6-9)"|"47"|"20240105113917"|"AA00032"|""|"GCSE"
362|"2023"|"A* - A (7-9)"|"39"|"20240105113951"|"AA00032"|""|"GCSE"
362|"2023"|"A* - B (6-9)"|"62"|"20240105113959"|"AA00032"|""|"GCSE"
362|"2023"|"A* - c (4-9)"|"95"|"20240105114029"|"AA00032"|""|"GCSE"
363|"2023"|"A* - A (7-9)"|"41.6"|"20240105114056"|"AA00032"|""|"GCSE"
363|"2023"|"A* - C (4-9)"|"91.6"|"20240105114104"|"AA00032"|""|"GCSE"
371|"2023"|"A* - A (7-9)"|"61"|"20240105114153"|"AA00032"|""|"GCSE"
371|"2023"|"A* - B (5-9)"|"85"|"20240105114157"|"AA00032"|""|"GCSE"
371|"2023"|"A* - C (4-9)"|"93"|"20240105114203"|"AA00032"|""|"GCSE"
371|"2022"|"A* - A (7-9)"|"56"|"20240105114212"|"AA00032"|""|"GCSE"
371|"2022"|"A* - B (5-9)"|"86"|"20240105114217"|"AA00032"|""|"GCSE"
371|"2022"|"A* - C (4-9)"|"95"|"20240105114222"|"AA00032"|""|"GCSE"
30151|"2020"|"A* (8-9)"|"73"|"20240105114301"|"AA00032"|""|"GCSE"
30151|"2021"|"A* (8-9)"|"91"|"20240105114307"|"AA00032"|""|"GCSE"
30151|"2021"|"A* - A (7-9)"|"99"|"20240105114312"|"AA00032"|""|"GCSE"
30151|"2021"|"A* - B (6-9)"|"100"|"20240105114318"|"AA00032"|""|"GCSE"
30151|"2022"|"A* - A (7-9)"|"92"|"20240105114324"|"AA00032"|""|"GCSE"
30151|"2023"|"A* - A (7-9)"|"91"|"20240105114328"|"AA00032"|""|"GCSE"
373|"2023"|"A* - A (7-9)"|"60"|"20240105152233"|"AA00032"|""|"GCSE"
373|"2023"|"A* - C (4-9)"|"96"|"20240105152239"|"AA00032"|""|"GCSE"
30149|"2023"|"A* (8-9)"|"44.8"|"20240105152323"|"AA00032"|""|"GCSE"
30149|"2023"|"A*"|"22.4"|"20240105152330"|"AA00032"|""|"GCSE"
30149|"2023"|"A* - A (7-9)"|"65.2"|"20240105152337"|"AA00032"|""|"GCSE"
30149|"2023"|"A* - B (5-9)"|"92.6"|"20240105152343"|"AA00032"|""|"GCSE"
30149|"2023"|"A* - C (4-9)"|"97.9"|"20240105152348"|"AA00032"|""|"GCSE"
376|"2023"|"A* (8-9)"|"58.1"|"20240105152412"|"AA00032"|""|"GCSE"
376|"2023"|"A* - A (7-9)"|"83.61"|"20240105152418"|"AA00032"|""|"GCSE"
376|"2023"|"A* - B (5-9)"|"99.07"|"20240105152424"|"AA00032"|""|"GCSE"
377|"2023"|"A* - A"|"NP"|"20240105152501"|"AA00032"|""|"GCSE"
377|"2023"|"A* - B"|"NP"|"20240105152513"|"AA00032"|""|"GCSE"
378|"2023"|"A* (8-9)"|"26"|"20240105152631"|"AA00032"|""|"GCSE"
378|"2023"|"A* - A (7-9)"|"47"|"20240105152637"|"AA00032"|""|"GCSE"
378|"2023"|"A* - B (6-9)"|"66"|"20240105152642"|"AA00032"|""|"GCSE"
378|"2023"|"A* - C (4-9)"|"90"|"20240105152649"|"AA00032"|""|"GCSE"
380|"2023"|"A* - A"|"NP"|"20240105152713"|"AA00032"|""|"GCSE"
380|"2023"|"A* - B"|"NP"|"20240105152722"|"AA00032"|""|"GCSE"
30091|"2023"|"A* (8-9)"|"45"|"20240105152744"|"AA00032"|""|"GCSE"
30091|"2023"|"A* - A (7-9)"|"66.7"|"20240105152749"|"AA00032"|""|"GCSE"
30091|"2023"|"A* - C (4-9)"|"95.5"|"20240105152755"|"AA00032"|""|"GCSE"
381|"2023"|"A* - A (7-9)"|"50.6"|"20240105152820"|"AA00032"|""|"GCSE"
381|"2023"|"A* - C (4-9)"|"93.3"|"20240105152826"|"AA00032"|""|"GCSE"
389|"2023"|"A* - A (7-9)"|"45.7"|"20240105153236"|"AA00078"|""|"GCSE"
46|"2023"|"A* (8-9)"|"33"|"20240105160108"|"AA00032"|""|"GCSE"
46|"2023"|"A* - A (7-9)"|"52"|"20240105160114"|"AA00032"|""|"GCSE"
46|"2023"|"A* - B (6-9)"|"75"|"20240105160120"|"AA00032"|""|"GCSE"
394|"2023"|"A* (8-9)"|"54"|"20240105160145"|"AA00032"|""|"GCSE"
394|"2023"|"A* - A (7-9)"|"80"|"20240105160151"|"AA00032"|""|"GCSE"
394|"2023"|"A* - C (6-9)"|"94"|"20240105160156"|"AA00032"|""|"GCSE"
394|"2022"|"A* - C (6-9)"|"93"|"20240105160205"|"AA00032"|""|"GCSE"
394|"2022"|"A* - A(7-9)"|"80"|"20240105160216"|"AA00078"|""|"GCSE"
394|"2022"|"A* - A (7-9)"|"81"|"20240105160223"|"AA00032"|""|"GCSE"
30082|"2022"|"A* (8-9)"|"79"|"20240105160330"|"AA00032"|""|"GCSE"
30082|"2022"|"A*(8-9)"|"79"|"20240105160339"|"AA00078"|""|"GCSE"
30082|"2022"|"A* (9)"|"54"|"20240105160344"|"AA00032"|""|"GCSE"
30082|"2022"|"A* - A (7-9)"|"93"|"20240105160351"|"AA00032"|""|"GCSE"
30082|"2023"|"A* (9)"|"39"|"20240105160412"|"AA00032"|""|"GCSE"
30082|"2023"|"A* (8-9)"|"68"|"20240105160420"|"AA00032"|""|"GCSE"
30082|"2023"|"A* (7-9)"|"86"|"20240105160427"|"AA00032"|""|"GCSE"
30082|"2023"|"A*(7-9)"|"86"|"20240105160453"|"AA00078"|""|"GCSE"
398|"2023"|"A* - A (7-9)"|"45"|"20240105160540"|"AA00032"|""|"GCSE"
398|"2023"|"A* - B (6-9)"|"65"|"20240105160546"|"AA00032"|""|"GCSE"
398|"2023"|"A* - C (4-9)"|"92"|"20240105160552"|"AA00032"|""|"GCSE"
400|"2023"|"A* - A (7-9)"|"61"|"20240105160618"|"AA00032"|""|"GCSE"
400|"2023"|"A* - C (4-9)"|"97"|"20240105160623"|"AA00032"|""|"GCSE"
403|"2023"|"A* - A (7-9)"|"57.7"|"20240105160652"|"AA00032"|""|"GCSE"
403|"2023"|"A* - C (4-9)"|"95.3"|"20240105160659"|"AA00032"|""|"GCSE"
404|"2023"|"A* - C (4-9)"|"85"|"20240105160720"|"AA00032"|""|"GCSE"
30021|"2023"|"A* - A (7-9)"|"27"|"20240105160826"|"AA00032"|""|"GCSE"
30021|"2023"|"A* - C (4-9)"|"86.97"|"20240105160832"|"AA00032"|""|"GCSE"
10|"2023"|"A* (9)"|"32.1"|"20240105160855"|"AA00032"|""|"GCSE"
10|"2023"|"A* (8-9)"|"57.8"|"20240105160902"|"AA00032"|""|"GCSE"
10|"2023"|"A* - A (7-9)"|"74.3"|"20240105160909"|"AA00032"|""|"GCSE"
10|"2023"|"A* - B (6-9)"|"88.1"|"20240105160913"|"AA00032"|""|"GCSE"
10|"2023"|"A* - C (4-9)"|"98.1"|"20240105160918"|"AA00032"|""|"GCSE"
407|"2023"|"A* - A (7-9)"|"30"|"20240105160943"|"AA00032"|""|"GCSE"
407|"2023"|"A* - C (4-9)"|"85"|"20240105160947"|"AA00032"|""|"GCSE"
409|"2023"|"A* - A (7-9)"|"37"|"20240105161016"|"AA00032"|""|"GCSE"
409|"2023"|"A* - B (6-9)"|"57"|"20240105161022"|"AA00032"|""|"GCSE"
409|"2023"|"A* - C (4-9)"|"93"|"20240105161026"|"AA00032"|""|"GCSE"
411|"2023"|"A* - C (4-9)"|"80"|"20240105161048"|"AA00032"|""|"GCSE"
30121|"2023"|"A* - A"|"NP"|"20240105161111"|"AA00032"|""|"GCSE"
543|"2023"|"A* - A (7-9)"|"74.4"|"20240105161130"|"AA00032"|""|"GCSE"
30092|"2023"|"A* - A (7-9)"|"60"|"20240105161426"|"AA00032"|""|"GCSE"
412|"2023"|"A* - A (7-9)"|"35"|"20240105161508"|"AA00032"|""|"GCSE"
412|"2023"|"A* - B (6-9)"|"55.4"|"20240105161513"|"AA00032"|""|"GCSE"
413|"2023"|"A* (9-8)"|"28.7"|"20240105161804"|"AA00078"|""|"GCSE"
413|"2023"|"A* - A (7-9)"|"48.5"|"20240105161809"|"AA00032"|""|"GCSE"
413|"2023"|"A* - B (6-9)"|"68.7"|"20240105161814"|"AA00032"|""|"GCSE"
415|"2023"|"A* - A"|"NP"|"20240105173921"|"AA00032"|""|"GCSE"
414|"2023"|"A* - A"|"53.8"|"20240105182620"|"AA00032"|""|"GCSE"
414|"2023"|"A* - B"|"75.7"|"20240105182629"|"AA00032"|""|"GCSE"
414|"2023"|"A* - C"|"96.5"|"20240105182637"|"AA00032"|""|"GCSE"
414|"2022"|"A* - A"|"NP"|"20240105182651"|"AA00078"|""|"GCSE"
414|"2022"|"A* - B"|"NP"|"20240105182659"|"AA00078"|""|"GCSE"
414|"2022"|"A* - C"|"NP"|"20240105182708"|"AA00078"|""|"GCSE"
547|"2023"|"A* (8-9)"|"18"|"20240105182808"|"AA00032"|""|"GCSE"
547|"2023"|"A* - A (7-9)"|"30"|"20240105182816"|"AA00032"|""|"GCSE"
547|"2023"|"A* - C (4-9)"|"94"|"20240105182833"|"AA00032"|""|"GCSE"
416|"2023"|"A* - A"|"NP"|"20240105182904"|"AA00032"|""|"GCSE"
419|"2023"|"A* - A"|"NP"|"20240105182945"|"AA00032"|""|"GCSE"
423|"2022"|"A*(8-9)"|"26.6"|"20240105183031"|"AA00078"|""|"GCSE"
423|"2022"|"A* - B"|"NP"|"20240105183048"|"AA00078"|""|"GCSE"
423|"2023"|"A* (9-8)"|"23"|"20240105183106"|"AA00078"|""|"GCSE"
423|"2023"|"A* - A (7-9)"|"41"|"20240105183113"|"AA00032"|""|"GCSE"
423|"2023"|"A* - C (4-9)"|"89"|"20240105183120"|"AA00032"|""|"GCSE"
482|"2023"|"A* - C (4-9)"|"90"|"20240106155317"|"AA00032"|""|"GCSE"
430|"2023"|"A* - A (7-9)"|"36.5"|"20240106155410"|"AA00032"|""|"GCSE"
430|"2023"|"A* - C (4-9)"|"91"|"20240106155417"|"AA00032"|""|"GCSE"
431|"2023"|"A* - A (7-9)"|"86"|"20240106155441"|"AA00032"|""|"GCSE"
432|"2023"|"A* - A"|"NP"|"20240106155506"|"AA00032"|""|"GCSE"
18|"2023"|"A* (8-9)"|"34"|"20240106155535"|"AA00032"|""|"GCSE"
18|"2023"|"A* - A (7-9)"|"58"|"20240106155545"|"AA00032"|""|"GCSE"
18|"2023"|"A* - B (6-9)"|"80"|"20240106155554"|"AA00032"|""|"GCSE"
18|"2023"|"A* - C (4-9)"|"99"|"20240106155600"|"AA00032"|""|"GCSE"
438|"2023"|"A* (8-9)"|"28.9"|"20240106155743"|"AA00032"|""|"GCSE"
438|"2023"|"A* - A (7-9)"|"45.8"|"20240106155749"|"AA00032"|""|"GCSE"
438|"2023"|"A* - B (6-9)"|"67.1"|"20240106155755"|"AA00032"|""|"GCSE"
438|"2023"|"A* - C (4-9)"|"94.5"|"20240106155800"|"AA00032"|""|"GCSE"
627|"2023"|"A* - A (7-9)"|"32"|"20240106160051"|"AA00032"|""|"GCSE"
627|"2023"|"A* - C (4-9)"|"89"|"20240106160055"|"AA00032"|""|"GCSE"
439|"2023"|"A* (8-9)"|"14"|"20240106160126"|"AA00032"|""|"GCSE"
439|"2023"|"A* - A (7-9)"|"33"|"20240106160131"|"AA00032"|""|"GCSE"
439|"2023"|"A* - B (6-9)"|"59"|"20240106160136"|"AA00032"|""|"GCSE"
439|"2023"|"A* - C (4-9)"|"95"|"20240106160141"|"AA00032"|""|"GCSE"
440|"2023"|"A* - A"|"NP"|"20240106160226"|"AA00032"|""|"GCSE"
440|"2023"|"A* - C (4-9)"|"86.3"|"20240106160233"|"AA00032"|""|"GCSE"
441|"2023"|"A* - A (7-9)"|"22"|"20240106160301"|"AA00032"|""|"GCSE"
441|"2023"|"A* - C (4-9)"|"88"|"20240106160307"|"AA00032"|""|"GCSE"
444|"2023"|"A* - A (7-9)"|"NP"|"20240106160333"|"AA00032"|""|"GCSE"
444|"2023"|"A* - C (4-9)"|"NP"|"20240106160340"|"AA00032"|""|"GCSE"
30088|"2023"|"A* - A (7-9)"|"87"|"20240106162401"|"AA00032"|""|"GCSE"
30088|"2023"|"A* - B (6-9)"|"95"|"20240106162406"|"AA00032"|""|"GCSE"
30088|"2023"|"A* - C (5-9)"|"98"|"20240106162415"|"AA00032"|""|"GCSE"
30124|"2023"|"A* (8-9)"|"63"|"20240106162437"|"AA00032"|""|"GCSE"
30124|"2023"|"A* - A (7-9)"|"81"|"20240106162443"|"AA00032"|""|"GCSE"
30124|"2023"|"A* - C (4-9)"|"99.5"|"20240106162500"|"AA00032"|""|"GCSE"
503|"2023"|"A* (8-9)"|"18.1"|"20240106162722"|"AA00032"|""|"GCSE"
503|"2023"|"A* - A (7-9)"|"35.6"|"20240106162728"|"AA00032"|""|"GCSE"
503|"2023"|"A* - B (6-9)"|"55.8"|"20240106162733"|"AA00032"|""|"GCSE"
503|"2023"|"A* - C (4-9)"|"88.4"|"20240106162738"|"AA00032"|""|"GCSE"
504|"2022"|"A*"|"34.5"|"20240106162805"|"AA00032"|""|"GCSE"
504|"2022"|"A* - B (6-9)"|"72.4"|"20240106162813"|"AA00032"|"Nearly nine out of ten of all grades being classified as 9 to 5"|"GCSE"
504|"2022"|"A* - A (7-9)"|"52.6"|"20240106162819"|"AA00032"|""|"GCSE"
504|"2022"|""|"94.2"|"20240106162832"|"AA00032"|""|"GCSE"
30097|"2023"|"A* - A (7-9)"|"41"|"20240106163735"|"AA00032"|""|"GCSE"
30097|"2023"|"A* - C (4-9)"|"99"|"20240106163741"|"AA00032"|""|"GCSE"
30130|"2023"|"A* (8-9)"|"42.4"|"20240106163802"|"AA00032"|""|"GCSE"
30130|"2023"|"A* - A (7-9)"|"69.3"|"20240106163807"|"AA00032"|""|"GCSE"
30130|"2023"|"A* - B (6-9)"|"86.1"|"20240106163812"|"AA00032"|""|"GCSE"
30130|"2023"|"A* - C (4-9)"|"98.4"|"20240106163817"|"AA00032"|""|"GCSE"
454|"2023"|"A* (8-9)"|"72"|"20240106163900"|"AA00032"|""|"GCSE"
454|"2023"|"A* - A (7-9)"|"88"|"20240106163915"|"AA00032"|""|"GCSE"
454|"2023"|"A* - B (6-9)"|"96"|"20240106163919"|"AA00032"|""|"GCSE"
454|"2023"|"A* - C (4-9)"|"99.8"|"20240106163924"|"AA00032"|""|"GCSE"
474|"2023"|"A* - A (7-9)"|"33"|"20240106164628"|"AA00032"|""|"GCSE"
474|"2023"|"A* - B (5-9)"|"92"|"20240106164635"|"AA00032"|""|"GCSE"
476|"2023"|"A* - A"|"33"|"20240106165230"|"AA00032"|""|"GCSE"
476|"2023"|"A* - C (4-9)"|"82"|"20240106165238"|"AA00032"|""|"GCSE"
30137|"2021"|"A* - A (7-9)"|"75"|"20240106171720"|"AA00032"|""|"GCSE"
30137|"2021"|"A* - B (6-9)"|"90"|"20240106171724"|"AA00032"|""|"GCSE"
30137|"2022"|"A* - A (7-9)"|"69"|"20240106171730"|"AA00032"|""|"GCSE"
30137|"2022"|"A* - B (6-9)"|"85"|"20240106171735"|"AA00032"|""|"GCSE"
30137|"2023"|"A* - A (7-9)"|"68"|"20240106171741"|"AA00032"|""|"GCSE"
30137|"2023"|"A* - B (6-9)"|"86"|"20240106171747"|"AA00032"|""|"GCSE"
479|"2023"|"A* - A (7-9)"|"47"|"20240106173446"|"AA00032"|""|"GCSE"
479|"2023"|"A* - B (5-9)"|"84"|"20240106173452"|"AA00032"|""|"GCSE"
480|"2023"|"A* (8-9)"|"19"|"20240106173514"|"AA00032"|""|"GCSE"
480|"2023"|"A* - A (7-9)"|"35"|"20240106173521"|"AA00032"|""|"GCSE"
480|"2023"|"A* - C (4-9)"|"88"|"20240106173526"|"AA00032"|""|"GCSE"
455|"2023"|"A* (8-9)"|"58"|"20240106173855"|"AA00032"|""|"GCSE"
455|"2023"|"A* - A (7-9)"|"81"|"20240106173901"|"AA00032"|""|"GCSE"
455|"2023"|"A* - B (5-9)"|"99"|"20240106173906"|"AA00032"|""|"GCSE"
455|"2023"|"A* - C (4-9)"|"99"|"20240106173914"|"AA00032"|""|"GCSE"
483|"2023"|"A* (9-8)"|"42"|"20240106173933"|"AA00078"|""|"GCSE"
483|"2023"|"A* - A (7-9)"|"60"|"20240106173938"|"AA00078"|""|"GCSE"
483|"2022"|"A*(8-9)"|"42"|"20240106173951"|"AA00078"|""|"GCSE"
456|"2023"|"A* (8-9)"|"30"|"20240106174551"|"AA00032"|""|"GCSE"
456|"2023"|"A* - A (7-9)"|"47"|"20240106174559"|"AA00032"|""|"GCSE"
456|"2023"|"A* - B (5-9)"|"87"|"20240106174604"|"AA00032"|""|"GCSE"
456|"2023"|"A* - C (4-9)"|"96"|"20240106174611"|"AA00032"|""|"GCSE"
484|"2023"|"A* - A"|"NP"|"20240106174648"|"AA00032"|""|"GCSE"
486|"2023"|"A* - A"|"NP"|"20240106174722"|"AA00032"|""|"GCSE"
489|"2023"|"A* - A (7-9)"|"75"|"20240106174827"|"AA00032"|""|"GCSE"
494|"2023"|"A* (8-9)"|"33"|"20240109115821"|"AA00032"|""|"GCSE"
494|"2023"|"A* - A (7-9)"|"53"|"20240109115828"|"AA00032"|""|"GCSE"
497|"2023"|"A* - A (7-9)"|"87"|"20240109115901"|"AA00032"|""|"GCSE"
462|"2023"|"A* - A (7-9)"|"75"|"20240109115927"|"AA00032"|""|"GCSE"
465|"2023"|"A* - A (7-9)"|"65"|"20240109115948"|"AA00032"|""|"GCSE"
465|"2023"|"A* - B (5-9)"|"90"|"20240109115954"|"AA00032"|""|"GCSE"
465|"2023"|"A* - C (4-9)"|"97"|"20240109120000"|"AA00032"|""|"GCSE"
507|"2023"|"A* (8-9)"|"17"|"20240109121224"|"AA00032"|""|"GCSE"
30102|"2023"|"A* (8-9)"|"94.8"|"20240109121532"|"AA00032"|""|"GCSE"
30102|"2023"|"A* - A"|"99"|"20240109121549"|"AA00032"|""|"GCSE"
30102|"2023"|"A* - C (4-9)"|"99.9"|"20240109121558"|"AA00032"|""|"GCSE"
468|"2023"|"A* (8-9)"|"50"|"20240109143853"|"AA00032"|""|"GCSE"
501|"2023"|"A* - A (7-9)"|"NP"|"20240109144044"|"AA00032"|"Almost 50%"|"GCSE"
30099|"2022"|"A* (8-9)"|"65.7"|"20240109152454"|"AA00032"|""|"GCSE"
525|"2022"|"A* - A (7-9)"|"33"|"20240109153142"|"AA00032"|""|"GCSE"
30078|"2021"|"A* (8-9)"|"65.2"|"20240109154857"|"AA00032"|""|"GCSE"
30096|"2023"|"A* - A (7-9)"|"85"|"20240109155205"|"AA00032"|""|"GCSE"
552|"2023"|"A* (8-9)"|"19"|"20240109155502"|"AA00032"|""|"GCSE"
552|"2023"|"A* - A (7-9)"|"33"|"20240109155507"|"AA00032"|""|"GCSE"
552|"2023"|"A* - B (5-9)"|"76"|"20240109155511"|"AA00032"|""|"GCSE"
552|"2023"|"A* - B (6-9)"|"55"|"20240109155522"|"AA00032"|""|"GCSE"
30083|"2023"|"A* (9)"|"45"|"20240109155703"|"AA00032"|""|"GCSE"
30083|"2023"|"A* (8-9)"|"71"|"20240109155712"|"AA00032"|""|"GCSE"
30083|"2023"|"A* - A (7-9)"|"89"|"20240109155719"|"AA00032"|""|"GCSE"
30083|"2022"|"A* (8-9)"|"79"|"20240109155733"|"AA00032"|""|"GCSE"
30083|"2022"|"A* - A (7-9)"|"93.1"|"20240109155740"|"AA00032"|""|"GCSE"
30083|"2022"|"A* - B (6-9)"|"97.7"|"20240109155745"|"AA00032"|""|"GCSE"
30083|"2022"|"A* - C (4-9)"|"99.9"|"20240109155749"|"AA00032"|""|"GCSE"
557|"2023"|"A* - A"|"NP"|"20240109155831"|"AA00032"|""|"GCSE"
558|"2023"|"A* - A"|"NP"|"20240109155853"|"AA00032"|""|"GCSE"
30098|"2023"|"A* (8-9)"|"48"|"20240109171907"|"AA00032"|""|"GCSE"
30098|"2023"|"A* - A (7-9)"|"71"|"20240109171913"|"AA00032"|""|"GCSE"
30098|"2023"|"A* - B (6-9)"|"87"|"20240109171920"|"AA00032"|""|"GCSE"
30098|"2023"|"A* - C (4-9)"|"99"|"20240109171926"|"AA00032"|""|"GCSE"
30193|"2023"|"A* (8-9)"|"55.2"|"20240109171949"|"AA00032"|""|"GCSE"
30193|"2023"|"A* - A (7-9)"|"72.5"|"20240109171955"|"AA00032"|""|"GCSE"
570|"2023"|"A* - A (7-9)"|"29"|"20240109172034"|"AA00032"|""|"GCSE"
570|"2023"|"A* - B (6-9)"|"52"|"20240109172039"|"AA00032"|""|"GCSE"
573|"2023"|"A* (8-9)"|"66"|"20240109172110"|"AA00032"|""|"GCSE"
573|"2023"|"A* - A (7-9)"|"NP"|"20240109172115"|"AA00032"|""|"GCSE"
574|"2023"|"A* - A"|"NP"|"20240109172139"|"AA00032"|""|"GCSE"
575|"2021"|"A* - A (7-9)"|"62"|"20240109172212"|"AA00032"|""|"GCSE"
575|"2021"|"A* - B (5-9)"|"88"|"20240109172219"|"AA00032"|""|"GCSE"
575|"2021"|"A* - C (4-9)"|"97"|"20240109172224"|"AA00032"|""|"GCSE"
575|"2022"|"A* - A (7-9)"|"55"|"20240109172233"|"AA00032"|""|"GCSE"
575|"2022"|"A* - B (5-9)"|"86"|"20240109172238"|"AA00032"|""|"GCSE"
575|"2022"|"A* - C (4-9)"|"94"|"20240109172243"|"AA00032"|""|"GCSE"
575|"2023"|"A* - A (7-9)"|"52"|"20240109172251"|"AA00032"|""|"GCSE"
575|"2023"|"A* - B (5-9)"|"84"|"20240109172257"|"AA00032"|""|"GCSE"
575|"2023"|"A* - C (4-9)"|"93"|"20240109172309"|"AA00032"|""|"GCSE"
577|"2023"|"A* - A (7-9)"|"47.1"|"20240109172422"|"AA00032"|""|"GCSE"
577|"2023"|"A* - B (6-9)"|"67.6"|"20240109172429"|"AA00032"|""|"GCSE"
581|"2023"|"A* - A (7-9)"|"43"|"20240109173209"|"AA00032"|""|"GCSE"
582|"2023"|"A* (9)"|"72"|"20240109173239"|"AA00032"|""|"GCSE"
582|"2023"|"A* (8-9)"|"90"|"20240109173248"|"AA00032"|""|"GCSE"
582|"2023"|"A* - A (7-9)"|"96"|"20240109173256"|"AA00032"|""|"GCSE"
30100|"2022"|"A* (9)"|"60.3"|"20240109174104"|"AA00032"|""|"GCSE"
30100|"2022"|"A* (8-9)"|"85.3"|"20240109174114"|"AA00032"|""|"GCSE"
30100|"2022"|"A* - A (7-9)"|"95.4"|"20240109174120"|"AA00032"|""|"GCSE"
30100|"2023"|"A* (9)"|"60.7"|"20240109174127"|"AA00032"|""|"GCSE"
30100|"2023"|"A* (8-9)"|"85.1"|"20240109174134"|"AA00032"|""|"GCSE"
30100|"2023"|"A* - A (7-9)"|"94.9"|"20240109174142"|"AA00032"|""|"GCSE"
586|"2023"|"A*"|"37.6"|"20240109174253"|"AA00032"|""|"GCSE"
586|"2023"|"A* - A"|"53.1"|"20240109174259"|"AA00032"|""|"GCSE"
586|"2023"|"A* - B"|"70.8"|"20240109174307"|"AA00032"|""|"GCSE"
586|"2023"|"A* - C"|"94.6"|"20240109174314"|"AA00032"|""|"GCSE"
15|"2023"|"A*(8-9)"|"46"|"20240109174506"|"AA00078"|""|"GCSE"
590|"2023"|"A* (9)"|"25.2"|"20240109174525"|"AA00032"|""|"GCSE"
590|"2023"|"A* (8-9)"|"45.3"|"20240109174533"|"AA00032"|""|"GCSE"
590|"2023"|"A* - A (7-9)"|"61.4"|"20240109174540"|"AA00032"|""|"GCSE"
590|"2023"|"A* - B (5-9)"|"91.8"|"20240109174545"|"AA00032"|""|"GCSE"
590|"2023"|"A* - B (6-9)"|"78.9"|"20240109174555"|"AA00032"|""|"GCSE"
590|"2022"|"A* - A"|"NP"|"20240109174610"|"AA00078"|""|"GCSE"
593|"2023"|"A* - A"|"NP"|"20240109174728"|"AA00032"|""|"GCSE"
595|"2023"|"A* - A"|"NP"|"20240109174805"|"AA00032"|""|"GCSE"
596|"2022"|"A* - B"|"NP"|"20240109174921"|"AA00078"|""|"GCSE"
596|"2023"|"A* (8-9)"|"17.63"|"20240109174934"|"AA00032"|""|"GCSE"
596|"2023"|"A* - A (7-9)"|"31.86"|"20240109174940"|"AA00032"|""|"GCSE"
596|"2023"|"A* - B (6-9)"|"55.25"|"20240109174946"|"AA00032"|""|"GCSE"
596|"2023"|"A* - C (4-9)"|"82.71"|"20240109174951"|"AA00032"|""|"GCSE"
597|"2023"|"A* - A"|"NP"|"20240109175028"|"AA00032"|""|"GCSE"
597|"2023"|"A* - B"|"NP"|"20240109175038"|"AA00032"|""|"GCSE"
598|"2023"|"A* (8-9)"|"90"|"20240109175057"|"AA00032"|""|"GCSE"
598|"2023"|"A* - A (7-9)"|"97.5"|"20240109175117"|"AA00032"|""|"GCSE"
599|"2023"|"A* - A"|"NP"|"20240109175201"|"AA00032"|""|"GCSE"
36|"2023"|"A*"|"29"|"20240124163624"|"AA00032"|""|"GCSE"
36|"2023"|"A*(8-9)"|"48"|"20240124163637"|"AA00078"|""|"GCSE"
36|"2023"|"A* - B"|"90"|"20240124163800"|"AA00032"|""|"A Level"
50|"2023"|"A*(8-9)"|"46"|"20240124164658"|"AA00078"|""|"GCSE"
50|"2023"|"A* - B(6-9)"|"84"|"20240124164743"|"AA00078"|""|"GCSE"
50|"2023"|"A* - C"|"98"|"20240124164816"|"AA00078"|""|"A Level"
101|"2023"|"A*(8-9)"|"74.1"|"20240124165116"|"AA00078"|""|"GCSE"
101|"2023"|"A* - C(4-9)"|"97.4"|"20240124165137"|"AA00078"|""|"GCSE"
101|"2023"|"A*"|"65.11"|"20240124165148"|"AA00032"|""|"A Level"
101|"2023"|"A* - A"|"94.7"|"20240124165157"|"AA00032"|""|"A Level"
655|"2023"|"A* - C(4-9)"|"96"|"20240124165552"|"AA00078"|""|"GCSE"
655|"2023"|"A*"|"13.6"|"20240124165602"|"AA00032"|""|"A Level"
655|"2023"|"A* - A"|"38.9"|"20240124165615"|"AA00032"|""|"A Level"
655|"2023"|"A* - B"|"66.9"|"20240124165626"|"AA00032"|""|"A Level"
655|"2023"|"A* - C"|"86.7"|"20240124165646"|"AA00032"|""|"A Level"
367|"2023"|"A* (9-8)"|"21"|"20240125123921"|"AA00078"|""|"GCSE"
367|"2023"|"A* - A (7-9)"|"36.1"|"20240125123933"|"AA00078"|""|"GCSE"
367|"2023"|"A* - C (4-9)"|"93.8"|"20240125123946"|"AA00032"|""|"GCSE"
544|"2023"|"A* (8-9)"|"60.7"|"20240125151848"|"AA00078"|""|"GCSE"
544|"2023"|"A* - A (7-9)"|"77.4"|"20240125151856"|"AA00078"|""|"GCSE"
544|"2023"|"A* - B (6-9)"|"81.9"|"20240125151918"|"AA00032"|""|"GCSE"
544|"2023"|"A* - C (4-9)"|"96"|"20240125151929"|"AA00078"|""|"GCSE"
593|"2023"|"A* - A"|"61"|"20240125163834"|"AA00032"|""|"A Level"
40|"2023"|"A*(9)"|"13.5"|"20240202130601"|"AA00078"|""|"GCSE"
40|"2023"|"A* - A(7-9)"|"52.1"|"20240202132013"|"AA00078"|""|"GCSE"
40|"2023"|"A* - B(5-9)"|"89.9"|"20240202132031"|"AA00078"|""|"GCSE"
40|"2023"|"A* - C(4-9)"|"96.2"|"20240202132037"|"AA00078"|""|"GCSE"
40|"2023"|"A*"|"9"|"20240202132209"|"AA00078"|""|"A Level"
40|"2023"|"A* - A"|"32"|"20240202132217"|"AA00078"|""|"A Level"
40|"2023"|"A* - B"|"63"|"20240202132224"|"AA00078"|""|"A Level"
40|"2023"|"A* - C"|"85"|"20240202132233"|"AA00078"|""|"A Level"
40|"2023"|"A*"|"15"|"20240202132252"|"AA00078"|"*3-yr average"|"A Level"
40|"2023"|"A* - A"|"41"|"20240202132258"|"AA00078"|""|"A Level"
40|"2023"|"A* - B"|"69"|"20240202132303"|"AA00078"|""|"A Level"
40|"2023"|"A* - C"|"89"|"20240202132310"|"AA00078"|""|"A Level"
62|"2023"|"A* - A (7-9)"|"44"|"20240202143059"|"AA00032"|""|"IGCSE"
85|"2023"|""|"32"|"20240202151256"|"AA00032"|""|"IB"
85|"2023"|"A* - A(7-9)"|"33"|"20240202151313"|"AA00078"|""|"GCSE"
124|"2023"|"A* - A(7-9)"|"29.7"|"20240202162732"|"AA00078"|""|"GCSE"
124|"2023"|"A* - A"|"26.9"|"20240202162831"|"AA00032"|""|"A Level"
258|"2023"|"A* - A(7-9)"|"40.2"|"20240206161131"|"AA00078"|""|"GCSE"
258|"2023"|"A* - B(6-9)"|"60.5"|"20240206161144"|"AA00078"|""|"GCSE"
258|"2023"|"A* - A"|"29.1"|"20240206161205"|"AA00032"|""|"A Level"
258|"2023"|"A* - B"|"59.5"|"20240206161212"|"AA00032"|""|"A Level"
259|"2023"|"A*(8-9)"|"20"|"20240206162336"|"AA00078"|""|"GCSE"
271|"2023"|"A*(9-8)"|"24"|"20240206163926"|"AA00078"|""|"GCSE"
271|"2023"|"A* - A(7-9)"|"44"|"20240206163940"|"AA00078"|""|"GCSE"
271|"2023"|"A*"|"19"|"20240206164014"|"AA00032"|""|"A Level"
271|"2023"|"A* - A"|"39"|"20240206164020"|"AA00032"|""|"A Level"
271|"2023"|"A* - B"|"61"|"20240206164026"|"AA00032"|""|"A Level"
351|"2023"|"A* - B"|"47"|"20240206165750"|"AA00032"|""|"A Level"
351|"2023"|"A* - C"|"73"|"20240206165805"|"AA00032"|""|"A Level"
362|"2023"|"A* - A(7-9)"|"39"|"20240206172122"|"AA00078"|""|"GCSE"
362|"2023"|"A* - B(6-9)"|"62"|"20240206172135"|"AA00078"|""|"GCSE"
362|"2023"|"A* - C(4-9)"|"95"|"20240206172148"|"AA00078"|""|"GCSE"
362|"2023"|"A* - A"|"43"|"20240206172220"|"AA00032"|""|"A Level"
362|"2023"|"A* - B"|"66"|"20240206172228"|"AA00032"|""|"A Level"
362|"2023"|"A* - C"|"81"|"20240206172240"|"AA00032"|""|"A Level"
380|"2023"|"A* - A(7-9)"|"NP"|"20240206174220"|"AA00078"|""|"GCSE"
380|"2023"|"A* - B(5-9)"|"NP"|"20240206174232"|"AA00078"|""|"GCSE"
380|"2023"|"A* - A"|"NP"|"20240206174322"|"AA00032"|""|"A Level"
380|"2023"|"A* - B"|"NP"|"20240206174329"|"AA00032"|""|"A Level"
455|"2023"|"A* - B(5-9)"|"99"|"20240206180427"|"AA00078"|""|"GCSE"
460|"2023"|"A* - A"|"NP"|"20240206181251"|"AA00032"|""|"GCSE"
460|"2023"|"A* - B"|"NP"|"20240206181304"|"AA00032"|""|"GCSE"
631|"2023"|"A* - B(5-9)"|"97.1"|"20240208101727"|"AA00078"|""|"GCSE"
631|"2023"|"A* - B"|"94"|"20240208101740"|"AA00032"|""|"A Level"
511|"2023"|"A* - A"|"NP"|"20240208111440"|"AA00032"|""|"GCSE"
511|"2023"|"A* - B"|"NP"|"20240208111453"|"AA00032"|""|"GCSE"
511|"2023"|"A* - A"|"NP"|"20240208111516"|"AA00032"|""|"A Level"
511|"2023"|"A* - B"|"NP"|"20240208111526"|"AA00032"|""|"A Level"
518|"2023"|"A* - A"|"NP"|"20240208112453"|"AA00032"|""|"GCSE"
518|"2023"|"A* - B"|"NP"|"20240208112511"|"AA00032"|""|"GCSE"
518|"2023"|"A* - A"|"NP"|"20240208112649"|"AA00032"|""|"A Level"
518|"2023"|"A* - B"|"NP"|"20240208112700"|"AA00032"|""|"A Level"
570|"2023"|"A* - A"|"NP"|"20240208115553"|"AA00032"|""|"A Level"
577|"2023"|"A* - B(6-9)"|"67.6"|"20240208115814"|"AA00078"|""|"GCSE"
607|"2023"|"A* - B(5-9)"|"69"|"20240208120406"|"AA00078"|""|"GCSE"
30206|"2023"|"A* - A(7-9)"|"62"|"20240305185245"|"AA00078"|""|"GCSE"
30206|"2023"|"A* - A"|"45"|"20240305185301"|"AA00078"|""|"A Level"
30206|"2023"|"A* - C"|"98"|"20240305185326"|"AA00078"|""|"A Level"
150|"2023"|"A* - A"|"66"|"20240309132733"|"AA00032"|""|"A Level"
412|"2023"|"A* - C"|"91"|"20240415165455"|"AA00032"|""|"GCSE"
593|"2022"|"A* - A(7-9)"|"70"|"20240517152113"|"AA00078"|"Over half the grades awarded were 7-9"|"GCSE"
30157|"2023"|"A* - A"|"61.9"|"20240625120129"|"AA00115"|""|"GCSE"
30157|"2023"|"A*"|"-"|"20240625120503"|"AA00115"|""|"GCSE"
30157|"2023"|"A*"|"17"|"20240625120647"|"AA00115"|""|"GCSE"
30157|"2023"|"A* - A"|"61.9"|"20240625121029"|"AA00115"|""|"GCSE"
214|"2024"|"A* - A(7-9)"|"42"|"20240823110116"|"AA00078"|""|"GCSE"
455|"2024"|"A*"|"*"|"20240823125738"|"AA00078"|"A* = Over 25%"|"A Level"
455|"2024"|"A* - A"|"53"|"20240823125747"|"AA00078"|""|"A Level"
504|"2024"|"A* - A"|"28"|"20240824101047"|"AA00078"|""|"A Level"
504|"2023"|"A* - C(4-9)"|"89"|"20240824101135"|"AA00078"|""|"GCSE"
35|"2024"|"A*"|"43"|"20240828120709"|"AA00078"|""|"A Level"
472|"2024"|"A*(9-8)"|"*"|"20240828162643"|"AA00078"|"9-8 = a quarter of all grades
7-9 = nearly half of all grades"|"GCSE"
472|"2024"|""|"*"|"20240828162653"|"AA00078"|"9-8 = a quarter of all grades"|"GCSE"
58|"2022"|"A*(8-9)"|"*52.8"|"20240828172645"|"AA00078"|"Grade 9 = 28.4%"|"GCSE"
85|"2022"|"A*(8-9)"|"36.7"|"20240828181439"|"AA00078"|""|"GCSE"
136|"2023"|"A*(8-9)"|"47.3"|"20240829163741"|"AA00078"|""|"GCSE"
159|"2022"|"A*(8-9)"|"44"|"20240829171101"|"AA00078"|""|"GCSE"
30203|"2024"|"A* - A(7-9)"|"*"|"20240829172413"|"AA00078"|""|"GCSE"
274|"2023"|"A*(8-9)"|"42"|"20240829184016"|"AA00078"|""|"GCSE"
409|"2024"|"A* - A"|"*"|"20240830154559"|"AA00078"|"Nearly 50% of all grades were A* or A"|"A Level"
545|"2024"|"A*(9-8)"|"20"|"20240830174026"|"AA00078"|""|"GCSE"
545|"2024"|"A* - A(7-9)"|"52"|"20240830174037"|"AA00078"|""|"GCSE"
545|"2024"|"A*"|"20"|"20240830174059"|"AA00078"|""|"GCSE"
545|"2024"|"A* - B"|"85"|"20240830174320"|"AA00078"|""|"GCSE"
545|"2024"|"A* - C(4-9)"|"96"|"20240830174336"|"AA00078"|""|"GCSE"
53|"2023"|"A*(8-9)"|"28"|"20240831172011"|"AA00078"|""|"GCSE"
53|"2024"|"A*(9)"|"26"|"20240831172144"|"AA00078"|""|"GCSE"
53|"2024"|"A*(9-8)"|"51"|"20240831172203"|"AA00078"|""|"GCSE"
53|"2024"|"A* - A(7-9)"|"74"|"20240831172222"|"AA00078"|""|"GCSE"
53|"2024"|"A* - B(5-9)"|"94"|"20240831172229"|"AA00078"|""|"GCSE"
53|"2024"|"A* - C(4-9)"|"98"|"20240831172236"|"AA00078"|""|"GCSE"
53|"2024"|"A* - C(4-9)"|"98"|"20240831172245"|"AA00078"|""|"GCSE"
61|"2024"|"A* - A"|"26"|"20240831173828"|"AA00078"|""|"A Level"
65|"2023"|"A*(8-9)"|"30"|"20240903152720"|"AA00078"|""|"GCSE"
598|"2023"|"A*(8-9)"|"90"|"20240903175348"|"AA00078"|""|"GCSE"
598|"2022"|"A*(8-9)"|"89.6"|"20240903175358"|"AA00078"|""|"GCSE"
67|"2023"|"A* - A"|"NP"|"20240905095017"|"AA00032"|""|"GCSE"
274|"2024"|"A* - A"|"*"|"20240906182429"|"AA00078"|"A*-A = Half of all grades"|"A Level"
597|"2024"|"A*"|"10"|"20240907122854"|"AA00078"|""|"A Level"
597|"2024"|"A* - A"|"28"|"20240907122903"|"AA00078"|""|"A Level"
597|"2024"|"A* - C"|"80"|"20240907122917"|"AA00078"|""|"A Level"
597|"2024"|""|"79"|"20240907122929"|"AA00078"|""|"A Level"
16|"2023"|"A*(8-9)"|"63"|"20240910112904"|"AA00078"|""|"GCSE"
16|"2022"|"A*(8-9)"|"54"|"20240910112915"|"AA00078"|""|"GCSE"
182|"2024"|"A* - A"|"55"|"20240910181440"|"AA00078"|""|"A Level"
182|"2024"|"A*"|"22"|"20240910181447"|"AA00078"|""|"A Level"
534|"2024"|"A*"|"23"|"20240912173542"|"AA00078"|"More than 23% of all grades achieved were A*"|"A Level"
534|"2024"|"A*-B"|"87"|"20240912173645"|"AA00078"|""|"A Level"
592|"2024"|"A* - A"|"39.9%"|"20240924165116"|"AA00127"|""|"GCSE"
592|"2024"|"A* - C"|"85.1%"|"20240924165409"|"AA00127"|""|"A Level"
592|"2024"|"A* - A"|"36%"|"20240924165412"|"AA00127"|""|"A Level"
592|"2024"|"A*"|"15.5%"|"20240924165415"|"AA00127"|""|"A Level"
592|"2024"|"A* - C(4-9)"|"91.8%"|"20240924165419"|"AA00127"|""|"GCSE"
103|"2024"|"A*"|"31"|"20240924183414"|"AA00078"|""|"A Level"
103|"2024"|"A* - A"|"70"|"20240924183423"|"AA00078"|""|"A Level"
4|"2024"|"A* - B(6-9)"|"86"|"20240924183937"|"AA00127"|""|"A Level"
4|"2024"|""|"86"|"20240924183957"|"AA00127"|""|"GCSE"
4|"2024"|"A* - C"|"86"|"20240924184013"|"AA00127"|""|"GCSE"
6|"2024"|"A*(9)"|"*"|"20240925172446"|"AA00078"|"9 = Over 40%"|"GCSE"
6|"2024"|""|"42"|"20240925172512"|"AA00127"|""|"GCSE"
6|"2024"|"A*(9-8)"|"*"|"20240925172521"|"AA00078"|"9-8 = Two thirds of grades"|"GCSE"
6|"2024"|""|"67"|"20240925172537"|"AA00127"|""|"GCSE"
6|"2024"|"A*"|"*"|"20240925173038"|"AA00078"|""|"A Level"
6|"2024"|"A* - A"|"*"|"20240925173044"|"AA00078"|""|"A Level"
6|"2024"|"A* - B"|"*"|"20240925173050"|"AA00078"|""|"A Level"
7|"2024"|"A*(9)"|"*"|"20240926124624"|"AA00078"|"9 = Nearly one third of grades"|"GCSE"
7|"2024"|""|"33"|"20240926124654"|"AA00127"|""|"GCSE"
533|"2024"|"A*(9)"|"31.6"|"20240926124938"|"AA00078"|""|"GCSE"
533|"2024"|""|"32"|"20240926125002"|"AA00127"|""|"GCSE"
533|"2024"|"A*(9-8)"|"53.5"|"20240926125005"|"AA00078"|""|"GCSE"
533|"2024"|""|"53"|"20240926125019"|"AA00127"|""|"GCSE"
533|"2024"|"A*"|"*"|"20240926125414"|"AA00078"|"A* = Almost 25%"|"A Level"
9|"2024"|"A*(9-8)"|"*"|"20240926132041"|"AA00078"|"9-8 = Nearly 40%"|"GCSE"
9|"2024"|""|"37"|"20240926132055"|"AA00127"|""|"GCSE"
9|"2024"|"A* - A"|"50"|"20240926132424"|"AA00078"|""|"A Level"
9|"2024"|"A* - B"|"78"|"20240926132432"|"AA00078"|""|"A Level"
9|"2024"|"A* - B"|"77"|"20240926132803"|"AA00127"|""|"A Level"
11|"2024"|"A* - C(6-9)"|"72.6"|"20240927123302"|"AA00127"|""|"GCSE"
12|"2024"|"A*(9-8)"|"72"|"20240927130955"|"AA00078"|""|"GCSE"
12|"2024"|"A* - A"|"72.5"|"20240927131211"|"AA00078"|""|"A Level"
12|"2024"|"A* - B"|"94"|"20240927131218"|"AA00078"|""|"A Level"
30056|"2024"|"A*(9)"|"*"|"20240927132058"|"AA00078"|""|"GCSE"
30056|"2024"|""|"31.6"|"20240927132115"|"AA00127"|""|"GCSE"
30056|"2024"|"A*(9-8)"|"*"|"20240927132123"|"AA00078"|""|"GCSE"
30056|"2024"|""|"57.4"|"20240927132135"|"AA00127"|""|"GCSE"
30056|"2024"|"A* - A(7-9)"|"*"|"20240927132301"|"AA00078"|""|"GCSE"
30056|"2024"|"A* - A(7-9)"|"78.47"|"20240927132309"|"AA00127"|""|"GCSE"
30056|"2024"|"A* - A"|"*"|"20240927132400"|"AA00078"|"around half of all grades awarded at A*-A"|"A Level"
465|"2024"|"A*"|"25"|"20240928154021"|"AA00127"|""|"A Level"
456|"2024"|"A* - A(7-9)"|"67"|"20240928172955"|"AA00127"|""|"A Level"
479|"2024"|"A* - A(6-9)"|"76"|"20240928182726"|"AA00127"|""|"GCSE"
454|"2024"|"A* - A(9-7)"|"84"|"20240930125932"|"AA00127"|""|"GCSE"
438|"2024"|"A*"|"19.3"|"20240930150306"|"AA00127"|""|"GCSE"
438|"2024"|""|"19.3"|"20240930150315"|"AA00127"|""|"A Level"
404|"2024"|"A* - C"|"*"|"20240930174409"|"AA00127"|"over 90% of grades were awarded at A* - C"|"A Level"
30091|"2024"|"A* - A"|"27"|"20241002112850"|"AA00127"|""|"A Level"
288|"2024"|"A* - A(6-9)"|"58"|"20241005160634"|"AA00127"|""|"GCSE"
288|"2024"|"A* - B"|"58"|"20241005160644"|"AA00127"|""|"GCSE"
265|"2024"|"A* - A"|"*"|"20241005180203"|"AA00127"|"almost half of all grades achieved being A*-A"|"A Level"
185|"2024"|"A* - C"|"*"|"20241007145324"|"AA00127"|"Over 75% of grades A* to C"|"A Level"
185|"2024"|""|"77"|"20241007150909"|"AA00127"|""|"A Level"
180|"2024"|"A* - A"|"33"|"20241007152650"|"AA00127"|""|"A Level"
2|"2024"|"A* - A(9-8)"|"40"|"20241009122807"|"AA00127"|""|"GCSE"
21|"2024"|"A*(9-8)"|"80"|"20241009122947"|"AA00078"|""|"GCSE"
21|"2024"|""|"81"|"20241009123019"|"AA00127"|""|"GCSE"
3|"2024"|"A*(8-9)"|"41"|"20241009123513"|"AA00127"|""|"GCSE"
103|"2024"|"A*(9)"|"*"|"20241009123651"|"AA00078"|"9 = Almost 50%"|"GCSE"
103|"2024"|""|"40"|"20241009123700"|"AA00127"|""|"GCSE"
103|"2024"|"A* - A(7-9)"|"*"|"20241009123754"|"AA00078"|"7-9 = Over 85%"|"GCSE"
103|"2024"|""|"87"|"20241009123811"|"AA00127"|""|"GCSE"
4|"2024"|"A* - C(6-9)"|"86"|"20241009124009"|"AA00127"|""|"GCSE"
4|"2024"|"A* - B(7-9)"|"74"|"20241009124027"|"AA00127"|""|"GCSE"
4|"2024"|""|"*"|"20241009124128"|"AA00078"|""|"IB"
6|"2024"|"A* - A(9-8)"|"67"|"20241009124218"|"AA00127"|""|"GCSE"
7|"2024"|"A*"|"33"|"20241009124732"|"AA00127"|""|"GCSE"
7|"2024"|"A* - A(9-8)"|"59"|"20241009124747"|"AA00127"|""|"GCSE"
7|"2024"|"A* - B(7-9)"|"79"|"20241009124802"|"AA00127"|""|"GCSE"
7|"2024"|"A* - C(6-9)"|"92"|"20241009124819"|"AA00127"|""|"GCSE"
533|"2024"|"A*"|"32"|"20241009125407"|"AA00127"|""|"GCSE"
533|"2024"|"A* - A(9-8)"|"53"|"20241009125421"|"AA00127"|""|"GCSE"
9|"2024"|"A*"|"18"|"20241009125937"|"AA00127"|""|"GCSE"
9|"2024"|"A* - A(9-8)"|"37"|"20241009130433"|"AA00127"|""|"GCSE"
384|"2024"|"A*(9)"|"30"|"20241009130816"|"AA00127"|""|"GCSE"
384|"2024"|""|"35"|"20241009130824"|"AA00127"|""|"GCSE"
384|"2024"|"A* - A(9-8)"|"55"|"20241009130858"|"AA00127"|""|"GCSE"
384|"2024"|"A* - A(7-9)"|"75"|"20241009130920"|"AA00127"|""|"GCSE"
384|"2024"|""|"85"|"20241009130932"|"AA00127"|""|"GCSE"
384|"2024"|"A* - B(6-9)"|"89"|"20241009130954"|"AA00127"|""|"GCSE"
384|"2024"|"A*"|"25"|"20241009131004"|"AA00127"|""|"A Level"
384|"2024"|"A* - A"|"59"|"20241009131013"|"AA00127"|""|"A Level"
384|"2024"|"A* - B"|"86"|"20241009131022"|"AA00127"|""|"A Level"
384|"2024"|"A* - C"|"96"|"20241009131029"|"AA00127"|""|"A Level"
384|"2024"|""|"98"|"20241009131055"|"AA00127"|""|"A Level"
611|"2024"|"A* - A(9-8)"|"34"|"20241009150404"|"AA00127"|""|"GCSE"
500|"2024"|"A*(9)"|"29"|"20241009151210"|"AA00078"|""|"GCSE"
500|"2024"|""|"30"|"20241009151219"|"AA00127"|""|"GCSE"
500|"2024"|"A*(9-8)"|"57"|"20241009151236"|"AA00078"|""|"GCSE"
500|"2024"|"A*"|"23.6"|"20241009151431"|"AA00078"|""|"A Level"
500|"2024"|"A*"|"23"|"20241009151441"|"AA00127"|""|"A Level"
500|"2024"|"A* - A"|"67.6"|"20241009151450"|"AA00078"|""|"A Level"
500|"2024"|"A* - B"|"91.6"|"20241009151459"|"AA00078"|""|"A Level"
500|"2024"|"A* - C"|"97.3"|"20241009151511"|"AA00078"|""|"A Level"
500|"2024"|""|"97"|"20241009151624"|"AA00127"|""|"A Level"
12|"2024"|""|"75"|"20241009151740"|"AA00127"|""|"GCSE"
12|"2024"|"A* - C"|"99"|"20241009152643"|"AA00127"|""|"GCSE"
22|"2024"|"A* - A(9-8)"|"47.9"|"20241009152730"|"AA00127"|""|"GCSE"
30056|"2024"|"A* - A(9-8)"|"57.4"|"20241009153642"|"AA00127"|""|"GCSE"
30056|"2024"|""|"78.4"|"20241009153658"|"AA00127"|""|"GCSE"
438|"2024"|"A*"|"13.5"|"20241009154026"|"AA00127"|""|"GCSE"
438|"2024"|"A* - A(9-8)"|"28.9"|"20241009154040"|"AA00127"|""|"GCSE"
544|"2024"|"A* - A"|"48"|"20241009160724"|"AA00078"|""|"A Level"
18|"2024"|"A*(9-8)"|"45"|"20241009161612"|"AA00127"|""|"A Level"
18|"2024"|""|"45"|"20241009161626"|"AA00127"|""|"GCSE"
101|"2024"|"A*"|"*"|"20241009165249"|"AA00078"|"Cardiff - A* = 58%  Cambridge - A* = 47%"|"A Level"
30203|"2024"|""|"*"|"20241009165806"|"AA00078"|"54.9% of the results for the Girls’ School were graded 9-7 (A*-A), with 47.2% of the boys’ entries achieving the same standard."|"GCSE"
58|"2024"|"A*"|"18.6"|"20241014152040"|"AA00078"|""|"A Level"
58|"2024"|"A* - A"|"52.7"|"20241014152049"|"AA00078"|""|"A Level"
58|"2024"|"A* - B"|"81.7"|"20241014152057"|"AA00078"|""|"A Level"
58|"2024"|"A* - C"|"94.4"|"20241014152127"|"AA00078"|""|"A Level"
58|"2024"|""|"94.71"|"20241014152324"|"AA00127"|""|"A Level"
58|"2024"|"A*(9-8)"|"46.3"|"20241014152707"|"AA00078"|""|"GCSE"
58|"2024"|""|"47.1"|"20241014152735"|"AA00127"|""|"GCSE"
58|"2024"|"A* - A(7-9)"|"70.6"|"20241014152800"|"AA00078"|""|"GCSE"
58|"2024"|""|"71"|"20241014152818"|"AA00127"|""|"GCSE"
58|"2024"|"A* - B(5-9)"|"95.4"|"20241014152850"|"AA00078"|""|"GCSE"
58|"2024"|"A* - C(4-9)"|"98.5"|"20241014153156"|"AA00078"|""|"GCSE"
592|"2024"|"A* - A(7-9)"|"39.9%"|"20241022173512"|"AA00127"|""|"GCSE"
592|"2024"|"A*(9-8)"|"21.3%"|"20241022173529"|"AA00127"|""|"GCSE"
592|"2024"|""|"91.8"|"20241022173630"|"AA00127"|""|"GCSE"
592|"2024"|""|"85.1"|"20241022173659"|"AA00127"|""|"A Level"
585|"2024"|"A* - A(9-7)"|"92"|"20241022181003"|"AA00127"|""|"GCSE"
575|"2024"|"A* - A(9-8)"|"*"|"20241022182700"|"AA00127"|"nearly 30% achieving grades 8 to 9"|"GCSE"
575|"2024"|""|"*"|"20241022182824"|"AA00127"|"Nearly 30% achieving grades 8 to 9"|"GCSE"
520|"2024"|"A*"|"*"|"20241023115647"|"AA00078"|"A* = Nearly 40% of all grades"|"A Level"
520|"2024"|"A* - A"|"37.8"|"20241023115740"|"AA00127"|""|"GCSE"
520|"2024"|""|"37.8"|"20241023115928"|"AA00127"|""|"A Level"
520|"2024"|"A* - C"|"90"|"20241023120037"|"AA00078"|""|"A Level"
520|"2024"|""|"82.3"|"20241023120046"|"AA00127"|""|"A Level"
520|"2024"|"A*(9)"|"13"|"20241023120112"|"AA00078"|""|"GCSE"
520|"2024"|""|"12.3"|"20241023120121"|"AA00127"|""|"GCSE"
520|"2024"|"A* - A(7-9)"|"44.7"|"20241023120526"|"AA00127"|""|"A Level"
520|"2024"|""|"44.7"|"20241023120537"|"AA00127"|""|"GCSE"
30102|"2028"|"A* - A(7-9)"|"98.5"|"20241023123237"|"AA00127"|""|"GCSE"
30102|"2024"|""|"98.5"|"20241023123256"|"AA00127"|""|"GCSE"
261|"2023"|"A* - C(4-9)"|"96.5"|"20241023182442"|"AA00127"|""|"GCSE"
261|"2024"|""|"96.5"|"20241023182455"|"AA00127"|""|"GCSE"
262|"2024"|"A* - B"|"54.2"|"20241023182606"|"AA00127"|""|"A Level"
262|"2024"|"A* - C(4-9)"|"96.5"|"20241023182610"|"AA00127"|""|"GCSE"
110|"2024"|"A* - A(7-9)"|"55"|"20241025111512"|"AA00078"|""|"GCSE"
110|"2024"|""|"56"|"20241025111748"|"AA00127"|""|"GCSE"
141|"2024"|"A*"|"10%"|"20241025115826"|"AA00127"|""|"A Level"
197|"2024"|"A* - A"|"NP"|"20241025122155"|"AA00127"|""|"A Level"
218|"2024"|"A* - A(7-9)"|"50"|"20241025123139"|"AA00127"|""|"A Level"
218|"2024"|"A*(9-8)"|"30"|"20241025123315"|"AA00127"|""|"GCSE"
250|"2024"|"A* - A"|"*"|"20241104120646"|"AA00078"|"38% of our students acheiving A* or A"|"A Level"
285|"2024"|"A* - A(9-8)"|"41"|"20241118102215"|"AA00127"|""|"GCSE"
337|"2024"|"A*(9-8)"|"*"|"20241118145314"|"AA00078"|"9-8 = Almost a third of grades"|"GCSE"
337|"2024"|""|"31.4"|"20241118145359"|"AA00127"|""|"GCSE"
337|"2024"|"A* - A(7-9)"|"*"|"20241118145412"|"AA00078"|"7-9 = Half of grades"|"GCSE"
337|"2024"|""|"50"|"20241118145424"|"AA00127"|""|"GCSE"
380|"2024"|"A* - B"|"*"|"20241118184327"|"AA00078"|"A*-B = Almost two-thirds of grades"|"A Level"
381|"2024"|"A* - A(7-9)"|"57"|"20241119103656"|"AA00127"|""|"GCSE"
381|"2024"|""|"56.7"|"20241119103746"|"AA00127"|""|"GCSE"
389|"2024"|"A* - A(7-9)"|"60"|"20241119113109"|"AA00078"|""|"GCSE"
389|"2024"|""|"36"|"20241119113250"|"AA00127"|""|"GCSE"
389|"2024"|""|"36"|"20241119113304"|"AA00127"|""|"GCSE"
400|"2024"|"A* - B(6-9)"|"73"|"20241119115043"|"AA00127"|""|"GCSE"
412|"2024"|"A* - A(7-9)"|"50.4"|"20241119135143"|"AA00078"|""|"GCSE"
412|"2024"|""|"50.5"|"20241119135255"|"AA00127"|""|"GCSE"
412|"2024"|"A*"|"11.3"|"20241119135447"|"AA00078"|""|"A Level"
412|"2024"|"A* - A"|"40"|"20241119135500"|"AA00078"|""|"A Level"
412|"2024"|"A* - C"|"81.5"|"20241119135543"|"AA00127"|""|"GCSE"
412|"2024"|""|"81.5"|"20241119135555"|"AA00127"|""|"A Level"
414|"2024"|"A* - E"|"99.7"|"20241119140811"|"AA00127"|""|"GCSE"
419|"2024"|"A* - C(4-9)"|"96"|"20241119141604"|"AA00127"|""|"A Level"
454|"2024"|"A* - A(9-8)"|"65"|"20241119165550"|"AA00127"|""|"GCSE"
483|"2024"|"A* - A"|"*"|"20241119183751"|"AA00078"|"A*-A = A third of all grades"|"A Level"
494|"2024"|"A*(9)"|"9"|"20241121111643"|"AA00127"|""|"GCSE"
494|"2024"|""|"8"|"20241121111906"|"AA00127"|""|"GCSE"
462|"2024"|"A*(9)"|"37"|"20241121113803"|"AA00127"|""|"GCSE"
462|"2024"|"A* - A(9-8)"|"63"|"20241121113833"|"AA00127"|""|"GCSE"
462|"2024"|""|"38"|"20241121113843"|"AA00127"|""|"GCSE"
462|"2024"|"A* - A(7-9)"|"82"|"20241121113854"|"AA00127"|""|"GCSE"
462|"2024"|""|"83"|"20241121113906"|"AA00127"|""|"GCSE"
462|"2024"|"A*"|"*"|"20241121113946"|"AA00127"|"Over 23% of the grades awarded were A*"|"A Level"
468|"2024"|"A* - B"|"*"|"20241121151405"|"AA00078"|"A*-B = Over 80% of grades"|"A Level"
468|"2024"|"A* - A(7-9)"|"*"|"20241121151522"|"AA00078"|"7-9 = Over two thirds"|"GCSE"
468|"2024"|""|"68"|"20241121151538"|"AA00127"|""|"GCSE"
524|"2024"|"A* - B"|"61"|"20241121162209"|"AA00078"|""|"A Level"
522|"2024"|"A* - E"|"98"|"20241121162259"|"AA00127"|""|"A Level"
522|"2024"|"A* - B"|"52"|"20241121162303"|"AA00127"|""|"A Level"
522|"2024"|"A* - C(4-9)"|"92"|"20241121162344"|"AA00127"|""|"GCSE"
554|"2024"|"A* - A"|"35.8"|"20241121164322"|"AA00127"|""|"A Level"
554|"2024"|"A* - B"|"68.9"|"20241121164328"|"AA00127"|""|"A Level"
554|"2024"|"A*(9-8)"|"24.6"|"20241121164521"|"AA00127"|""|"GCSE"
554|"2024"|""|"24.9"|"20241121164533"|"AA00127"|""|"GCSE"
554|"2024"|"A* - A(7-9)"|"41.3"|"20241121164545"|"AA00127"|""|"GCSE"
554|"2024"|""|"41.7"|"20241121164558"|"AA00127"|""|"GCSE"
558|"2024"|"A* - A(9-8)"|"*"|"20241121171430"|"AA00127"|"over one-third of all grades were 9 or 8"|"GCSE"
575|"2024"|"A*(9-8)"|"*"|"20241121184244"|"AA00127"|"Nearly 30% achieving grades 8 to 9"|"GCSE"
575|"2024"|""|"28"|"20241121184321"|"AA00127"|""|"GCSE"
575|"2024"|"A* - A(7-9)"|"*"|"20241121184600"|"AA00127"|"Under half of pupils secured the top grades 7-9."|"GCSE"
575|"2024"|""|"49"|"20241121184612"|"AA00127"|""|"GCSE"
591|"2024"|"A* - A"|"NP"|"20241122114740"|"AA00127"|""|"GCSE"
591|"2024"|"A* - A"|"28"|"20241122115042"|"AA00127"|""|"GCSE"
591|"2024"|"A* - B"|"58"|"20241122115129"|"AA00127"|""|"GCSE"
472|"2024"|"A*(9-8)"|"*"|"20241122182516"|"AA00078"|"9-8 = a quarter of all grades"|"GCSE"
472|"2024"|""|"25"|"20241122182529"|"AA00127"|""|"GCSE"
472|"2024"|"A* - A(7-9)"|"*"|"20241122182619"|"AA00078"|"7-9 = nearly half of all grades"|"GCSE"
472|"2024"|""|"44"|"20241122182636"|"AA00127"|""|"GCSE"
472|"2024"|"A*"|"*"|"20241122182819"|"AA00078"|"A* = A quarter of all grades"|"A Level"
472|"2024"|"A* - B"|"78"|"20241122182907"|"AA00078"|""|"A Level"
50|"2024"|"A*(9-8)"|"*"|"20241122183828"|"AA00078"|"9-8 = Almost half of all grades"|"GCSE"
50|"2024"|""|"45"|"20241122183856"|"AA00127"|""|"GCSE"
50|"2024"|"A* - A(7-9)"|"*"|"20241122183925"|"AA00078"|"7-9 = two thirds of all grades"|"GCSE"
50|"2024"|""|"65"|"20241122183949"|"AA00127"|""|"GCSE"
50|"2024"|"A* - A"|"48"|"20241122184130"|"AA00078"|""|"A Level"
50|"2024"|"A* - B"|"79"|"20241122184138"|"AA00078"|""|"A Level"
263|"2024"|"A*(9)"|"18"|"20241125120138"|"AA00127"|""|"GCSE"
501|"2024"|"A*"|"21"|"20241125153621"|"AA00078"|""|"A Level"
501|"2024"|"A* - B"|"74"|"20241125153656"|"AA00078"|""|"A Level"
501|"2024"|"A*(9-8)"|"*"|"20241125153754"|"AA00078"|"9-8 = Nearly a quarter of all grades"|"GCSE"
501|"2024"|""|"23"|"20241125153825"|"AA00127"|""|"GCSE"
501|"2024"|"A* - A(7-9)"|"44"|"20241125154007"|"AA00127"|""|"A Level"
501|"2024"|""|"44"|"20241125154017"|"AA00127"|""|"GCSE"
534|"2024"|"A*"|"*"|"20241125183632"|"AA00078"|"More than 23% of all grades achieved were A*"|"A Level"
534|"2024"|"A*(9)"|"27"|"20241125183816"|"AA00078"|""|"GCSE"
534|"2024"|"A* - A(7-9)"|"71"|"20241125183853"|"AA00078"|""|"GCSE"
534|"2024"|""|"26.6"|"20241125183910"|"AA00127"|""|"GCSE"
275|"2024"|"A* - C(4-9)"|"91"|"20241125190114"|"AA00127"|""|"A Level"
275|"2024"|""|"91"|"20241125190129"|"AA00127"|""|"GCSE"
125|"2024"|"A*(9)"|"14"|"20241125191950"|"AA00127"|""|"GCSE"
125|"2024"|"A* - C"|"90"|"20241125192112"|"AA00127"|""|"GCSE"
125|"2024"|""|"90"|"20241125192124"|"AA00127"|""|"A Level"
149|"2024"|"A* - A(7-9)"|"75"|"20241126152404"|"AA00078"|""|"GCSE"
149|"2024"|""|"74"|"20241126152419"|"AA00127"|""|"GCSE"
149|"2024"|"A*(9)"|"*"|"20241126152516"|"AA00078"|"9 = Nearly one-third of passes"|"GCSE"
149|"2024"|""|"30"|"20241126152630"|"AA00127"|""|"GCSE"
149|"2024"|"A* - B"|"83"|"20241126152904"|"AA00127"|""|"A Level"
214|"2024"|"A* - B"|"*"|"20241126162450"|"AA00078"|"A*-B = Over 50%"|"A Level"
214|"2024"|"A* - A(9-7)"|"42"|"20241126162516"|"AA00078"|""|"GCSE"
214|"2024"|""|"41"|"20241126162529"|"AA00127"|""|"GCSE"
259|"2024"|"A* - C(4-9)"|"89"|"20241126164744"|"AA00127"|""|"GCSE"
259|"2024"|""|"90"|"20241126164801"|"AA00127"|""|"GCSE"
150|"2024"|"A* - A(7-9)"|"*"|"20241129183823"|"AA00078"|"7-9 = Nearly half of all grades"|"GCSE"
150|"2024"|""|"51"|"20241129183842"|"AA00127"|"7-9 = Nearly half of all grades"|"GCSE"
150|"2024"|"A*(9-8)"|"*"|"20241129183952"|"AA00078"|"9-8 = Over a quarter of grades"|"GCSE"
36|"2023"|"A* - E"|"99.9"|"20241206115746"|"AA00127"|""|"A Level"
36|"2023"|""|"100"|"20241206115757"|"AA00127"|""|"A Level"
344|"2024"|"A* - E"|"95%"|"20241209172806"|"AA00011"|""|"A Level"
344|"2024"|""|"95"|"20241209172823"|"AA00011"|""|"A Level"
380|"2024"|"A* - E"|"99"|"20241209173158"|"AA00011"|""|"A Level"
2|"2024"|"A* - E"|"99.0%"|"20241212104338"|"AA00107"|""|"A Level"
2|"2024"|""|"99%"|"20241212104359"|"AA00107"|""|"A Level"
2|"2024"|"A* - E"|"99%"|"20241212104409"|"AA00107"|""|"A Level"
2|"2024"|""|"99"|"20241212104422"|"AA00107"|""|"A Level"
103|"2024"|"A* - B"|"92"|"20241217105333"|"AA00078"|""|"A Level"
103|"2024"|"A* - C"|"99"|"20241217105343"|"AA00127"|""|"A Level"
103|"2024"|""|"98"|"20241217105429"|"AA00132"|""|"A Level"
380|"2024"|"A* - B"|"63"|"20250113101149"|"AA00127"|""|"A Level"
380|"2024"|"A* - A(7-9)"|"38"|"20250113101302"|"AA00127"|""|"GCSE"
607|"2024"|"A* - B"|"71"|"20250114100237"|"AA00127"|""|"A Level"
113|"2024"|"A* - A"|"57"|"20250117112238"|"AA00078"|""|"A Level"
508|"2024"|"/"|"35"|"20250203171624"|"AA00136"|""|"IB"
508|"2024"|"A* - A(7-9)"|"22"|"20250203171910"|"AA00136"|""|"GCSE"
508|"2024"|""|"35"|"20250203172001"|"AA00136"|""|"GCSE"
130|"2024"|"A* - A"|"73"|"20250207143315"|"AA00078"|""|"A Level"
130|"2024"|"A*"|"38"|"20250207143325"|"AA00078"|""|"A Level"
130|"2024"|"A*(9-8)"|"79"|"20250207143512"|"AA00078"|""|"GCSE"
173|"2023"|"A* - A"|"NP"|"20250506163652"|"AA00032"|""|"A Level"
173|"2023"|"A* - B"|"NP"|"20250506163707"|"AA00032"|""|"A Level"
173|"2023"|"9 - 7"|"NP"|"20250506164010"|"AA00078"|""|"GCSE"
173|"2023"|""|"93.7"|"20250506164104"|"AA00136"|""|"GCSE"
173|"2023"|"9 - 5"|"NP"|"20250506164114"|"AA00078"|""|"GCSE"
173|"2023"|""|"99.7"|"20250506164125"|"AA00136"|""|"GCSE"
173|"2023"|"9 - 5"|"99.7"|"20250506164152"|"AA00136"|""|"GCSE"
173|"2023"|"9 - 8"|"80.6"|"20250506164212"|"AA00136"|""|"GCSE"
173|"2023"|"9 - 7"|"93.7"|"20250506164254"|"AA00136"|""|"GCSE"
173|"2024"|"A* - E"|"99.1"|"20250506164736"|"AA00107"|""|"A Level"
17|"2024"|"9-7"|"85%"|"20250718114511"|"AA00136"|""|"GCSE"
17|"2024"|""|"85"|"20250718115538"|"AA00136"|""|"GCSE"
