"aa_id"|"infotype"|"info"|"lastupdate"|"staffid"|"remarks"
"S012366"|"Received News from AA"|"Friend's recommendation"|"20130709111428"|"AA00025"|""
"S012369"|"Studying in UK"|"Yes,Grandparents at Coventry"|"20130710123014"|"AA00038"|""
"S012430"|"Special Talents"|"Cousins and some of my family members"|"20130716113023"|"AA00025"|""
"S012449"|"Reasons to Study in UK"|"1. want to study in school that can inspire students to broaden their view 
2. quality teaching staffs
3. balanced between academic sports and music"|"20130719110757"|"AA00025"|""
"S012449"|"Reasons to Study in UK"|"1. want to study in school that can inspire students to broaden their view. 2. quality teaching staffs. 3. balanced between academic sports and music"|"20130719110852"|"AA00025"|""
"S012452"|"Preferred School Type"|"Yes, London or southern England"|"20130719155058"|"AA00011"|""
"S012455"|"Received News from AA"|"Kevin is a brother of Natalie Wong Tzee Tsin, who had applied through Academic Asia for her F6 studies with Woldingham School"|"20130720101335"|"AA00025"|""
"S012366"|"Reasons to Study in UK"|"I would like to study in UK for several reasons, first of all, it would be an advantage when applying for HKU since it is a very good school that is competitive. I personally believe that studying in UK will be a good opportunity to meet new friends and study in a new environment. UK boarding schools seem to provide a loving and warm atmosphere where I would enjoy my time there while making me a more independent person in general."|"20130709111412"|"AA00025"|""
"S012366"|"Reasons to Study in UK"|"I would like to study in UK for several reasons, first of all, it would be an advantage when applying for HKU since it is a very good school that is competitive. 
I personally believe that studying in UK will be a good opportunity to meet new friends and study in a new environment. 
UK boarding schools seem to provide a loving and warm atmosphere where I would enjoy my time there while making me a more independent person in general."|"20130720173513"|"AA00011"|""
"S012366"|"School Preferred"|"Charterhouse School Bradfield College Caterham School St. Edwards Oxford"|"20130709111400"|"AA00025"|""
"S012366"|"Interests / Hobbies"|"Track and Field, Soccer(football), Tennis, Cross Country. Art, Design Technology, Reading, Travelling"|"20130709111338"|"AA00025"|""
"S012366"|"Interests / Hobbies"|"Track and Field, Soccer(football), Tennis, 
Cross Country. Art, Design Technology, 
Reading, Travelling"|"20130720173635"|"AA00011"|""
"S012366"|"Reasons to Study in UK"|"I would like to study in UK for several reasons, 
first of all, it would be an advantage when applying for 
HKU since it is a very good school that is competitive. 
I personally believe that studying in UK will be a 
good opportunity to meet new friends and study in 
a new environment. 
UK boarding schools seem to provide a 
loving and warm atmosphere where I would 
enjoy my time there while making me a more 
independent person in general."|"20130720173554"|"AA00011"|""
"S012366"|"School Preferred"|"Charterhouse School Bradfield College 
Caterham School St. Edwards Oxford"|"20130720173611"|"AA00011"|""
"S012366"|"Reasons to Study in UK"|"I would like to study in UK for several reasons, first of all, it would be an advantage when applying for HKU since it is a very good school that is competitive. I personally believe that studying in UK will be a good opportunity to meet new friends and study in a new environment. UK boarding schools seem to provide a 
loving and warm atmosphere where I would enjoy my time there while making me a more independent person in general."|"20130720173856"|"AA00011"|""
"S012366"|"Reasons to Study in UK"|"I would like to study in UK for several reasons, first of all, it would be an advantage when applying for HKU since it is a very good school that is competitive. I personally believe that studying in UK will be a good opportunity to meet new friends and study in a new environment. UK boarding schools seem to provide a 
loving and warm atmosphere where I would enjoy my time there while making me a more independent person in general."|"20130720174014"|"AA00025"|""
"S012366"|"Reasons to Study in UK"|"I would like to study in UK for several reasons, first of all, it would be an advantage when applying for HKU since it is a very good school that is competitive. I personally believe that studying in UK will be a good opportunity to meet new friends and study in a new environment. UK boarding schools seem to provide a 
loving and warm atmosphere where I would enjoy my time there while making me a more independent person in general."|"20130720174033"|"AA00025"|""
"S012411"|"School Preferred"|"BOYS"|"20130723112237"|"AA00038"|""
"S012411"|"Other Requirement"|"sports and events orientated, CCF, well-planned curriculum and extracurricular activities"|"20130723112322"|"AA00038"|""
"S008707"|"Character"|"Loving"|"20130724151903"|"AA00038"|""
"S008707"|"English Standard"|"ABOVE AVERAGE"|"20130724151816"|"AA00038"|""
"S008707"|"Interests / Hobbies"|"Sports,Scouting,Drama,Community Service"|"20130724151831"|"AA00038"|""
"S008707"|"Learning Difficulties"|"Yes"|"20130724151946"|"AA00038"|""
"S008707"|"Preferred School Type"|"NO PREFERENCE"|"20130724152027"|"AA00038"|""
"S008707"|"Reasons to Study in UK"|"Good boarding school"|"20130724152045"|"AA00038"|""
"S008707"|"Relatives / Friends"|"yes,will be this Sept2013(Sussex)"|"20130724152008"|"AA00038"|""
"S012497"|"Received News from AA"|"friends"|"20130725101623"|"AA00025"|""
"S012498"|"Received News from AA"|"Referral"|"20130725134846"|"AA00025"|""
"S012508"|"Relatives / Friends"|"Yes"|"20130726162303"|"AA00038"|""
"S012508"|"Relatives / Friends"|"Yes,Flat 406 Compass Buiding Station Approah,Hayes,Middlessex,London"|"20130726162422"|"AA00038"|""
"S012508"|"Interests / Hobbies"|"Act,Lego"|"20130726162004"|"AA00038"|""
"S012508"|"Relatives / Friends"|"Yes"|"20130726162303"|"AA00038"|""
"S012511"|"Relatives / Friends"|"Yes, Flat 406,Compass Bldg Station Approah,Hayes,Middles,London"|"20130726162953"|"AA00038"|""
"S012511"|"Relatives / Friends act as"|"Yes, Flat 406,Compass Bldg Station Approah,Hayes,Middles,London"|"20130726164051"|"AA00025"|""
"S012508"|"Relatives / Friends act as"|"Yes, Flat 406,Compass Bldg Station Approah,Hayes,Middles,London"|"20130726164205"|"AA00025"|""
"S012508"|"Relatives / Friends act as"|"Yes, Flat 406,Compass Bldg Station Approah,Hayes Middlessex,London"|"20130726164234"|"AA00025"|""
"S012511"|"Relatives / Friends act as"|"Yes, Flat 406,Compass Bldg Station Approah,Hayes,Middles,London"|"20130726164158"|"AA00025"|""
"S012513"|"Guardian Type"|"YES"|"20130727100421"|"AA00025"|""
"S012521"|"Interests / Hobbies"|"Chinese Cheese"|"20130727150026"|"AA00038"|""
"S012521"|"Learning Difficulties"|"Nope"|"20130727150530"|"AA00038"|""
"S012521"|"Max Budget per Term"|"Nope"|"20130727150603"|"AA00038"|""
"S012521"|"Preferred School Type"|"Nope"|"20130727150544"|"AA00038"|""
"S012521"|"Religion Requirement"|"Nope"|"20130727151008"|"AA00038"|""
"S012516"|"Learning Difficulties"|"yes"|"20130727114322"|"AA00011"|""
"S012535"|"Received News from AA"|"From my sister"|"20130730104425"|"AA00025"|""
"S012567"|"Interests / Hobbies"|"eading, drama, hiking, sailing, basketball, making friends, TV games, swimming, debating"|"20130731113217"|"AA00011"|""
"S011493"|"English Standard"|"AVERAGE"|"20130731165623"|"AA00038"|""
"S009765"|"Received News from AA"|"Referred by friends"|"20130802120806"|"AA00011"|""
"S012613"|"School Applied Before"|"Badminton,Caterham"|"20130805111209"|"AA00038"|""
"S007293"|"English Standard"|"average"|"20130803163311"|"AA00011"|""
"S012618"|"Interests / Hobbies"|"ABOVE AVERAGE"|"20130806102942"|"AA00025"|""
"S012618"|"Special Talents"|"Swimming, Playing the Piano"|"20130806102956"|"AA00025"|""
"S004920"|"Character"|"Happy/like to make friends with other"|"20130810102912"|"AA00011"|""
"S008070"|"Preferred School Type"|"GIRLS"|"20130810154317"|"AA00038"|""
"S008070"|"Reasons to Study in UK"|"want to study together with her elder sister"|"20130810154447"|"AA00038"|""
"S008070"|"School Preferred"|"Headington School"|"20130810154431"|"AA00038"|""
"S030177"|"Studying in UK"|"Y"|"20130813164637"|"AA00025"|""
"S030177"|"Studying in UK School"|"David Cheng"|"20130813164637"|"AA00025"|""
"S030163"|"English Standard"|"excelent"|"20130814162551"|"AA00011"|""
"S030163"|"English Standard"|"excellent"|"20130814162604"|"AA00011"|""
"S030168"|"Interests / Hobbies"|"jogging, soccer"|"20130815104147"|"AA00011"|""
"S030168"|"Special Talents"|"jogging"|"20130815104315"|"AA00011"|""
"S030168"|"School Preferred"|"Sherborne School or Bryston School"|"20130815104412"|"AA00011"|""
"S030186"|"Relatives / Friends act as Guardian in UK"|"Yes, working"|"20130816144239"|"AA00011"|""
"S012197"|"Interests / Hobbies"|"Golf"|"20130824112822"|"AA00038"|""
"S030255"|"Interests / Hobbies"|"music, piano, guitar, drum, sport, basketball, badminton dancing, football, drama, bowling, swimming"|"20130826135830"|"AA00011"|""
"S030256"|"English Standard"|"ABOVE AVERAGE"|"20130826142337"|"AA00011"|""
"S030256"|"Preferred School Type"|"NO PREFERENCE"|"20130826142337"|"AA00011"|""
"S030269"|"English Standard"|"AVERAGE"|"20130827172608"|"AA00025"|""
"S030269"|"Character"|"Responsible, easy-going"|"20130827172608"|"AA00025"|""
"S030269"|"English Standard"|"Average"|"20130828095718"|"AA00011"|""
"S030269"|"Interests / Hobbies"|"Basketball, football, table tennis"|"20130827172608"|"AA00025"|""
"S030269"|"Preferred School Type"|"NO PREFERENCE"|"20130827172608"|"AA00025"|""
"S030269"|"Studying in UK School"|"Sister"|"20130827172608"|"AA00025"|""
"S012501"|"English Standard"|"ABOVE AVERAGE"|"20130726102448"|"AA00025"|""
"S030273"|"English Standard"|"AVERAGE"|"20130829095713"|"AA00025"|""
"S030273"|"Other Requirement"|"good rangingf\\"|"20130829095713"|"AA00025"|""
"S030273"|"Preferred School Type"|"GIRLS"|"20130829095713"|"AA00025"|""
"S030275"|"English Standard"|"ABOVE AVERAGE"|"20130828111015"|"AA00025"|""
"S030275"|"Interests / Hobbies"|"Drawing"|"20130828111015"|"AA00025"|""
"S030275"|"Preferred School Type"|"CO-ED"|"20130828111015"|"AA00025"|""
"S030274"|"English Standard"|"AVERAGE"|"20130829095713"|"AA00025"|""
"S030274"|"Preferred School Type"|"CO-ED"|"20130829095713"|"AA00025"|""
"S012666"|"English Standard"|"AVERAGE"|"20130813162340"|"AA00025"|""
"S030210"|"English Standard"|"AVERAGE"|"20130820122234"|"AA00025"|""
"S030210"|"Preferred School Type"|"BOYS"|"20130820122234"|"AA00025"|""
"S030278"|"English Standard"|"EXCELLENT"|"20130829095713"|"AA00025"|""
"S030278"|"Preferred School Type"|"NO PREFERENCE"|"20130829095713"|"AA00025"|""
"S030278"|"Preferred School Type"|"No preference"|"20130829173649"|"AA00011"|""
"S012616"|"English Standard"|"ABOVE AVERAGE"|"20130806103418"|"AA00025"|""
"S012616"|"Received News from AA"|"YES"|"20130806103422"|"AA00025"|""
"S030279"|"Relatives / Friends Studying in UK"|"Yes,"|"20130830101216"|"AA00011"|""
"S030279"|"Relatives / Friends Studying in UK"|"Yes, Caterham"|"20130830101506"|"AA00011"|""
"S012514"|"English Standard"|"ABOVE AVERAGE"|"20130727100645"|"AA00025"|""
"S012514"|"English Standard"|"above average"|"20130831111947"|"AA00011"|""
"S012595"|"English Standard"|"AVERAGE"|"20130803100620"|"AA00025"|""
"S012471"|"English Standard"|"AVERAGE"|"20130725163653"|"AA00025"|""
"S012471"|"Preferred School Type"|"GIRLS"|"20130725163713"|"AA00025"|""
"S012471"|"Received News from AA"|"YES"|"20130725163724"|"AA00025"|""
"S012471"|"English Standard"|"average"|"20130831121734"|"AA00011"|""
"S030220"|"English Standard"|"AVERAGE"|"20130821174109"|"AA00038"|""
"S030295"|"English Standard"|"AVERAGE"|"20130830143422"|"AA00025"|""
"S030297"|"Reasons to Study in UK"|"Currently,in process of assessment at Eton College"|"20130831133709"|"AA00038"|""
"S030302"|"English Standard"|"ABOVE AVERAGE"|"20130831094925"|"AA00025"|""
"S030305"|"English Standard"|"ABOVE AVERAGE"|"20130831094925"|"AA00025"|""
"S030305"|"Preferred School Type"|"NO PREFERENCE"|"20130831094925"|"AA00025"|""
"S030304"|"English Standard"|"ABOVE AVERAGE"|"20130815094225"|"AA00025"|""
"S030304"|"Preferred School Type"|"BOYS"|"20130815094225"|"AA00025"|""
"S030306"|"English Standard"|"AVERAGE"|"20130829095713"|"AA00025"|""
"S005071"|"Special Talents"|"Cello"|"20130902145016"|"AA00011"|""
"S030306"|"Interests / Hobbies"|"Basketball swimming drawing"|"20130829095713"|"AA00025"|""
"S030307"|"English Standard"|"EXCELLENT"|"20130831171300"|"AA00025"|""
"S030307"|"Preferred School Type"|"BOYS"|"20130831171300"|"AA00025"|""
"S030307"|"English Standard"|"excellent"|"20130902160134"|"AA00011"|""
"S030314"|"English Standard"|"AVERAGE"|"20130904102344"|"AA00011"|""
"S030314"|"Preferred School Type"|"CO-ED"|"20130904102344"|"AA00011"|""
"S030314"|"School Preferred"|"warwick"|"20130904102344"|"AA00011"|""
"S030314"|"Studying in UK School"|"my brother"|"20130904102344"|"AA00011"|""
"S030679"|"English Standard"|"ABOVE AVERAGE"|"20130904110639"|"AA00011"|""
"S030679"|"Interests / Hobbies"|"Reading / play Violin / play badminton"|"20130904110639"|"AA00011"|""
"S030679"|"Interests / Hobbies"|"reading / play Violin / play badminton"|"20130904110827"|"AA00011"|""
"S030396"|"English Standard"|"ABOVE AVERAGE"|"20130904111801"|"AA00011"|""
"S030396"|"Preferred School Type"|"CO-ED"|"20130904111801"|"AA00011"|""
"S030323"|"English Standard"|"EXCELLENT"|"20130904112906"|"AA00011"|""
"S030323"|"Preferred School Type"|"GIRLS"|"20130904112906"|"AA00011"|""
"S030315"|"School Preferred"|"girls & co-ed"|"20130904164147"|"AA00011"|""
"S030313"|"English Standard"|"AVERAGE"|"20130830143422"|"AA00025"|""
"S030313"|"Preferred School Type"|"NO PREFERENCE"|"20130830143422"|"AA00025"|""
"S030385"|"Preferred School Type"|"NO PREFERENCE"|"20130905110245"|"AA00011"|""
"S030322"|"English Standard"|"EXCELLENT"|"20130906113349"|"AA00011"|""
"S030322"|"Preferred School Type"|"NO PREFERENCE"|"20130906113349"|"AA00011"|""
"S012467"|"English Standard"|"ABOVE AVERAGE"|"20130720153008"|"AA00025"|""
"S012467"|"Interests / Hobbies"|"Gymnastics, Volleyball, Photography"|"20130720153013"|"AA00025"|""
"S012467"|"Preferred School Type"|"GIRLS"|"20130720153055"|"AA00025"|""
"S012467"|"Reasons to Study in UK"|"To be able to experience UK life and culture and for Sixth form to as a bridge between college and year 11"|"20130720153112"|"AA00025"|""
"S012467"|"Received News from AA"|"YES"|"20130720153127"|"AA00025"|""
"S012467"|"School Preferred"|"Headington School, Roedean School"|"20130720153104"|"AA00025"|""
"S012467"|"School Preferred"|"Headington School, Roedean School, Cheltenham Ladies College, Headington School, Downehouse School, Oundle School (just applied a week ago)"|"20130906123026"|"AA00011"|""
"S012467"|"Character"|"Bubbly, Fun Loving, Sociable"|"20130720153018"|"AA00025"|""
"S012467"|"Location Preference"|"Brighton and Oxford"|"20130720153026"|"AA00025"|""
"S012467"|"Interests / Hobbies"|"Gymnastics, Volleyball, Photography, Dance"|"20130906122622"|"AA00011"|""
"S012467"|"School Preferred"|"Headington School, Roedean School, Cheltenham Ladies College, Headington School, Downehouse School, Oundle School"|"20130906123042"|"AA00011"|""
"S012467"|"School Preferred"|"Headington School, Roedean School, Cheltenham Ladies College, Headington School, Downehouse School, Oundle School, Royal High School Bath"|"20130906124801"|"AA00011"|""
"S012467"|"School Preferred"|"Headington School, Roedean School, Cheltenham Ladies College, Headington School, Downehouse School, Oundle School, Royal High School Of Bath"|"20130906124826"|"AA00011"|""
"S012467"|"School Applied Before"|"Headington School, Roedean School, Cheltenham Ladies College, Headington School, Downehouse School, Oundle School"|"20130906123109"|"AA00011"|""
"S030330"|"English Standard"|"AVERAGE"|"20130906130300"|"AA00011"|""
"S030330"|"Preferred School Type"|"GIRLS"|"20130906130300"|"AA00011"|""
"S030324"|"English Standard"|"ABOVE AVERAGE"|"20130903102526"|"AA00038"|""
"S030324"|"Preferred School Type"|"CO-ED"|"20130903102526"|"AA00038"|""
"S030343"|"English Standard"|"ABOVE AVERAGE"|"20130906164750"|"AA00011"|""
"S030322"|"Preferred School Type"|"No preference"|"20130906113828"|"AA00011"|""
"S012660"|"Character"|"MODERATELY OUTGOING BUT SOCIABLE"|"20130813100823"|"AA00025"|""
"S012660"|"English Standard"|"ABOVE AVERAGE"|"20130813100812"|"AA00025"|""
"S012660"|"Interests / Hobbies"|"READING"|"20130813100817"|"AA00025"|""
"S012660"|"Know AA From"|"INTRODUCTION BY FRIENDS"|"20130813100845"|"AA00025"|""
"S012660"|"Preferred School Type"|"BOYS"|"20130813100839"|"AA00025"|""
"S012660"|"Received News from AA"|"YES"|"20130813100851"|"AA00025"|""
"S012660"|"Relatives / Friends act as Guardian in UK"|"DEPENDENT ON STUDYING LOCATION"|"20130813100831"|"AA00025"|""
"S030327"|"English Standard"|"ABOVE AVERAGE"|"20130907094229"|"AA00025"|""
"S012376"|"English Standard"|"ABOVE AVERAGE"|"20130710113735"|"AA00025"|""
"S012376"|"Preferred School Type"|"BOYS"|"20130710113818"|"AA00025"|""
"S012376"|"Received News from AA"|"YES"|"20130710113841"|"AA00025"|""
"S030333"|"English Standard"|"AVERAGE"|"20130907094229"|"AA00025"|""
"S030333"|"Preferred School Type"|"GIRLS"|"20130907094229"|"AA00025"|""
"S030336"|"English Standard"|"ABOVE AVERAGE"|"20130829095713"|"AA00025"|""
"S030336"|"Preferred School Type"|"NO PREFERENCE"|"20130829095713"|"AA00025"|""
"S012577"|"Interests / Hobbies"|"AVERAGE"|"20130801101115"|"AA00025"|""
"S012577"|"Preferred School Type"|"GIRLS"|"20130801101127"|"AA00025"|""
"S012577"|"Received News from AA"|"NO"|"20130801101207"|"AA00025"|""
"S030340"|"English Standard"|"ABOVE AVERAGE"|"20130907094229"|"AA00025"|""
"S030340"|"Interests / Hobbies"|"Art and Textiles, volleyball, badminton, singing, dancing"|"20130907094229"|"AA00025"|""
"S030340"|"Preferred School Type"|"NO PREFERENCE"|"20130907094229"|"AA00025"|""
"S030340"|"Interests / Hobbies"|"Art and textiles, volleyball, badminton, singing, dancing"|"20130907165542"|"AA00011"|""
"S030340"|"Reasons to Study in UK"|"To achieve goals and dreams, such as to study in Art Universities in London."|"20130907094229"|"AA00025"|""
"S030340"|"Studying in UK School"|"Relatives (cousins)"|"20130907094229"|"AA00025"|""
"S030340"|"Character"|"Cheerful and out going"|"20130907094229"|"AA00025"|""
"S012617"|"English Standard"|"ABOVE AVERAGE"|"20130806103135"|"AA00025"|""
"S012617"|"Received News from AA"|"YES"|"20130806103156"|"AA00025"|""
"S030341"|"Interests / Hobbies"|"sports, play football, swimming, tennis, watch movies, music appreciation, take care of fishes"|"20130909135049"|"AA00011"|""
"S030341"|"Reasons to Study in UK"|"high education standard, great facilities, beaugiful field"|"20130909135251"|"AA00011"|""
"S030278"|"Special Talents"|"Singing (ABRSM grade 8 - distinction with score 140)"|"20130829095713"|"AA00025"|""
"S012584"|"English Standard"|"ABOVE AVERAGE"|"20130801174207"|"AA00025"|""
"S012584"|"Preferred School Type"|"GIRLS"|"20130801174240"|"AA00025"|""
"S012584"|"Received News from AA"|"YES"|"20130801174255"|"AA00025"|""
"S030348"|"English Standard"|"ABOVE AVERAGE"|"20130911100928"|"AA00038"|""
"S030348"|"Preferred School Type"|"GIRLS"|"20130911100928"|"AA00038"|""
"S030351"|"English Standard"|"ABOVE AVERAGE"|"20130911100928"|"AA00038"|""
"S030351"|"Interests / Hobbies"|"Guitar, softball,"|"20130911100928"|"AA00038"|""
"S030352"|"English Standard"|"ABOVE AVERAGE"|"20130910095403"|"AA00038"|""
"S030352"|"Guardian in UK"|"Aunty"|"20130910095403"|"AA00038"|""
"S030352"|"Preferred School Type"|"NO PREFERENCE"|"20130910095403"|"AA00038"|""
"S030353"|"School Applied Before"|"St Edward's School"|"20130911162208"|"AA00038"|""
"S030355"|"English Standard"|"ABOVE AVERAGE"|"20130911100928"|"AA00038"|""
"S030355"|"Preferred School Type"|"CO-ED"|"20130911100928"|"AA00038"|""
"S030373"|"English Standard"|"EXCELLENT"|"20130912114716"|"AA00011"|""
"S030373"|"Preferred School Type"|"GIRLS"|"20130912114716"|"AA00011"|""
"S030373"|"Character"|"active, hardworking, considerate, humble"|"20130912114716"|"AA00011"|""
"S030373"|"School Preferred"|"Cheltenham Ladies College
St. Mary’s Calne
Badminton 
St. Catherine and 
Headington"|"20130912114716"|"AA00011"|""
"S030373"|"School Preferred"|"Cheltenham Ladies College,St. Mary’s Calne, Badminton, St. Catherine and 
Headington"|"20130912115231"|"AA00011"|""
"S030373"|"School Preferred"|"Cheltenham Ladies College,
St. Mary’s Calne, 
Badminton, 
St. Catherine and 
Headington"|"20130912115702"|"AA00011"|""
"S030448"|"Character"|"SPORTY"|"20130912115953"|"AA00011"|""
"S030448"|"English Standard"|"AVERAGE"|"20130912115953"|"AA00011"|""
"S030448"|"Guardian in UK"|"WONG TSZ KI KRISTY"|"20130912115953"|"AA00011"|""
"S030448"|"Guardian in UK"|"Wong Tsz Kristy"|"20130912120241"|"AA00011"|""
"S030448"|"Interests / Hobbies"|"TABLE TENNIS, BASKETBALL"|"20130912115953"|"AA00011"|""
"S030448"|"Preferred School Type"|"CO-ED"|"20130912115953"|"AA00011"|""
"S030448"|"Religion Requirement"|"N/A"|"20130912115953"|"AA00011"|""
"S030448"|"Studying in UK School"|"SISTER AT UCL"|"20130912115953"|"AA00011"|""
"S030384"|"English Standard"|"AVERAGE"|"20130912121205"|"AA00011"|""
"S030384"|"Interests / Hobbies"|"Reading, listening to music, table tennis, swimming"|"20130912121205"|"AA00011"|""
"S030384"|"Preferred School Type"|"NO PREFERENCE"|"20130912121205"|"AA00011"|""
"S030384"|"Special Talents"|"."|"20130912121205"|"AA00011"|""
"S030384"|"Special Talents"|"No"|"20130912121533"|"AA00011"|""
"S030354"|"Relatives / Friends act as Guardian in UK"|"NO"|"20130911172813"|"AA00038"|""
"S030354"|"Relatives / Friends Studying in UK"|"NO"|"20130911172804"|"AA00038"|""
"S030361"|"English Standard"|"ABOVE AVERAGE"|"20130910095403"|"AA00038"|""
"S030371"|"Received News from AA"|"YES"|"20130913151435"|"AA00025"|""
"S030375"|"English Standard"|"AVERAGE"|"20130913094513"|"AA00025"|""
"S012479"|"English Standard"|"AVERAGE"|"20130722164925"|"AA00038"|""
"S012479"|"School Preferred"|"GIRLS"|"20130722165025"|"AA00038"|""
"S030377"|"Reasons to Study in UK"|"looking for higher quality education with wider choice of subjects, including art, sports and others formal English training"|"20130913172143"|"AA00011"|""
"S030378"|"English Standard"|"AVERAGE"|"20130830095529"|"AA00025"|""
"S030381"|"Reasons to Study in UK"|"Her Maths is quite weak,would like to"|"20130914111913"|"AA00038"|""
"S030353"|"Relatives / Friends act as Guardian in UK"|"YES"|"20130911162047"|"AA00038"|""
"S030383"|"English Standard"|"AVERAGE"|"20130822094954"|"AA00025"|""
"S030387"|"Character"|"Introverted"|"20130914132502"|"AA00038"|""
"S030401"|"Special Talents"|"Piano"|"20130916184917"|"AA00038"|""
"S030425"|"Reasons to Study in UK"|"broaden my horizon              
improve my spoken english
increase my english writing and reading ability"|"20131002114842"|"AA00038"|""
"S030431"|"Interests / Hobbies"|"Harmonica playing ,guitar playing , basketball playing"|"20131002114842"|"AA00038"|""
"S030432"|"Interests / Hobbies"|"Playing piano, reading, swimming, & dancing"|"20131003095143"|"AA00038"|""
"S030436"|"Character"|"pleasant,"|"20131004112214"|"AA00011"|""
"S030436"|"Character"|"pleasant"|"20131004112507"|"AA00011"|""
"S030455"|"Interests / Hobbies"|"swimming, singing,"|"20131005151008"|"AA00011"|""
"S030465"|"Interests / Hobbies"|"outgoing"|"20131007155438"|"AA00011"|""
"S030480"|"Reasons to Study in UK"|"mom & daddy studied"|"20131010165550"|"AA00011"|""
"S030487"|"Character"|"POSITIVE, CHEERFUL, OUT-GOING, ENERGETIC & ENTHUSIASTIC"|"20131002114842"|"AA00038"|""
"S030487"|"English Standard"|"ABOVE AVERAGE"|"20131002114842"|"AA00038"|""
"S030487"|"Guardian in UK"|"AUNT"|"20131002114842"|"AA00038"|""
"S030487"|"Interests / Hobbies"|"READING & WRITING, PIANO, VIOLIN, GUITAR, BADMINTON, BASKETBALL"|"20131002114842"|"AA00038"|""
"S030487"|"Preferred School Type"|"GIRLS"|"20131002114842"|"AA00038"|""
"S030487"|"Reasons to Study in UK"|"FUTHER STUDY FOR UNIVERSITY IN U.K."|"20131002114842"|"AA00038"|""
"S030487"|"Special Talents"|"WRITING, PIANO & BADMINTON"|"20131002114842"|"AA00038"|""
"S030487"|"Studying in UK School"|"UNIVERSITY OF LONDON"|"20131002114842"|"AA00038"|""
"S030721"|"Interests / Hobbies"|"运动"|"20131012095506"|"AA00038"|""
"T002114"|"Religion Requirement"|"NIL"|"20140604103549"|"AA00011"|""
"S030509"|"Interests / Hobbies"|"travelling, reading, swimming, anchery"|"20131015151410"|"AA00011"|""
"S030688"|"Character"|"CARING, RESPONSIBLE, HARD WORKING"|"20131029110444"|"AA00038"|""
"S030688"|"Interests / Hobbies"|"BADMINTON, SWIMMING, DANCING, PLAYING THE PIANO, READING"|"20131029110444"|"AA00038"|""
"S030688"|"English Standard"|"ABOVE AVERAGE"|"20131029110444"|"AA00038"|""
"S030688"|"Preferred School Type"|"NO PREFERENCE"|"20131029110444"|"AA00038"|""
"S030700"|"Relatives / Friends Studying in UK"|"Yes, elder soster, University of Warwick"|"20131102131946"|"AA00011"|""
"S030695"|"Preferred School Type"|"GIRLS"|"20131028095227"|"AA00038"|""
"S030768"|"English Standard"|"WEAK"|"20131104115553"|"AA00011"|""
"S030768"|"Reasons to Study in UK"|"i hope good education"|"20131104115553"|"AA00011"|""
"S030768"|"Preferred School Type"|"NO PREFERENCE"|"20131104115553"|"AA00011"|""
"S030738"|"School Preferred"|"NO IDEA YET"|"20131104122706"|"AA00011"|""
"S030738"|"Special Talents"|"NIL"|"20131104122706"|"AA00011"|""
"S030738"|"School Applied Before"|"NIL"|"20131104122706"|"AA00011"|""
"S030738"|"Reasons to Study in UK"|"WANT TO SKIP IB EXAM"|"20131104122706"|"AA00011"|""
"S030738"|"Interests / Hobbies"|"SWIMMING, TENNIS"|"20131104122706"|"AA00011"|""
"S030738"|"Guardian in UK"|"Uncle , Sun Yat Lung"|"20131005094002"|"AA00038"|""
"S030738"|"English Standard"|"ABOVE AVERAGE"|"20131005094002"|"AA00038"|""
"S030738"|"Preferred School Type"|"NO PREFERENCE"|"20131005094002"|"AA00038"|""
"S030711"|"Special Talents"|"outgoing and like taking part in many activity"|"20131104151101"|"AA00011"|""
"S030733"|"Reasons to Study in UK"|"To switch from IB to UK A L Curriculum"|"20131108161210"|"AA00025"|""
"S030744"|"School Preferred"|"WHITGIFT SCHOOL"|"20131108094813"|"AA00025"|""
"S030744"|"Interests / Hobbies"|"BASKETBALL"|"20131108094813"|"AA00025"|""
"S030744"|"English Standard"|"WEAK"|"20131108094813"|"AA00025"|""
"S030767"|"Other Requirement"|"GOOD HISTORY"|"20131111121155"|"AA00038"|""
"S030772"|"Preferred School Type"|"GIRLS"|"20131112102615"|"AA00038"|""
"S030824"|"Reasons to Study in UK"|"I (Megan's mother) used to stydt in LSE"|"20131120114124"|"AA00011"|""
"S030784"|"Other Requirement"|"Must be a full boarding School with outstanding student academic achiervement"|"20131120162958"|"AA00038"|""
"S030784"|"Reasons to Study in UK"|"To obtain a better secondary education.My father is a law graduate of king's College London and he highly values a sound UK Secondary/tertiary education."|"20131120163815"|"AA00038"|""
"S030788"|"Character"|"jogging, computer"|"20131121162702"|"AA00011"|""
"S030795"|"School Preferred"|"Sevenoaks, Oakland, Bedford, St. Edmund"|"20131123113020"|"AA00011"|""
"S030801"|"Character"|"pleasant"|"20131123160919"|"AA00011"|""
"S030801"|"Reasons to Study in UK"|"can experience multi-national culture, more chance to learn English, widen horizon"|"20131123161122"|"AA00011"|""
"S030804"|"Character"|"Sunny Boy"|"20131123162309"|"AA00038"|""
"S030804"|"English Standard"|"Above Average"|"20131123162244"|"AA00038"|""
"S030804"|"Interests / Hobbies"|"Soller,Music"|"20131123162259"|"AA00038"|""
"S030804"|"Location Preference"|"Yes,Edingburgh"|"20131123162432"|"AA00038"|""
"S030804"|"Relatives / Friends act as Guardian in UK"|"Yes,Edingburgh,Scotland"|"20131123162419"|"AA00038"|""
"S012168"|"School Preferred"|"Uppingham School"|"20131127165910"|"AA00011"|""
"S030872"|"Interests / Hobbies"|"police, ambitious"|"20131209104821"|"AA00011"|""
"S030871"|"Relatives / Friends act as Guardian in UK"|"Yes"|"20131209151830"|"AA00038"|""
"S030870"|"Character"|"outgoing, singing, all creative activities"|"20131209153655"|"AA00011"|""
"S030870"|"School Preferred"|"Badminton, Cheltenham Ladies College, Wycombe Abbey, St Swithun's, Headington, Beneden, St Catherines Donne, St George's Ascot"|"20131209153821"|"AA00011"|""
"S030924"|"Character"|"SPORTY"|"20131221093850"|"AA00038"|""
"S030924"|"English Standard"|"ABOVE AVERAGE"|"20131221093850"|"AA00038"|""
"S030924"|"Interests / Hobbies"|"FENCING"|"20131221093850"|"AA00038"|""
"S030924"|"Other Requirement"|"BOARDING"|"20131221093850"|"AA00038"|""
"S030924"|"Preferred School Type"|"BOYS"|"20131221093850"|"AA00038"|""
"S030924"|"Reasons to Study in UK"|"TO PREPARE FOR STUDYING IN THE UK UNIVERSITIES"|"20131221093850"|"AA00038"|""
"S030924"|"Special Talents"|"GOOD AT SPORTS ACTIVITIES"|"20131221093850"|"AA00038"|""
"S030684"|"Relatives / Friends act as Guardian in UK"|"Yes"|"20131223100101"|"AA00038"|""
"S030942"|"Character"|"OUT-GOING, FRIENDLY, HELPFUL"|"20131218094241"|"AA00038"|""
"S030942"|"English Standard"|"EXCELLENT"|"20131218094241"|"AA00038"|""
"S030942"|"Guardian in UK"|"AUNT"|"20131218094241"|"AA00038"|""
"S030942"|"Interests / Hobbies"|"SINGING, MUSIC, BADMINTON"|"20131218094241"|"AA00038"|""
"S030942"|"Religion Requirement"|"CHRISTIAN PERFERRABLE"|"20131218094241"|"AA00038"|""
"S030942"|"Studying in UK School"|"COUSIN"|"20131218094241"|"AA00038"|""
"S030956"|"Interests / Hobbies"|"painting, swimming"|"20140103112028"|"AA00011"|""
"S030988"|"Character"|"QUITE"|"20140106104540"|"AA00011"|""
"S030988"|"Interests / Hobbies"|"SPORTS: SWIMMING, BASKETBALL"|"20140106104540"|"AA00011"|""
"S030988"|"Location Preference"|"SOUTHERN UK"|"20140106104540"|"AA00011"|""
"S030988"|"English Standard"|"AVERAGE"|"20140106104540"|"AA00011"|""
"S030988"|"Other Requirement"|"Full Boarding, low % of HK boarders"|"20140106104540"|"AA00011"|""
"S030988"|"Studying in UK School"|"COUSINS"|"20140106104540"|"AA00011"|""
"S030988"|"Preferred School Type"|"CO-ED"|"20140106104540"|"AA00011"|""
"S030983"|"School Preferred"|"Badminton"|"20131230095020"|"AA00038"|""
"S030983"|"School Preferred"|"Badminton, St Mary's Calne (Wiltshire, near Bath)"|"20140110134035"|"AA00011"|""
"S030985"|"English Standard"|"AVERAGE"|"20140110095810"|"AA00038"|""
"S030985"|"Interests / Hobbies"|"GUITAR,BADMINTON"|"20140110095810"|"AA00038"|""
"S030985"|"Location Preference"|"SOUTH UK"|"20140110095810"|"AA00038"|""
"S030985"|"Religion Requirement"|"NIL"|"20140110095810"|"AA00038"|""
"S030997"|"Character"|"OPTIMISTIC"|"20140110101103"|"AA00038"|""
"S030997"|"English Standard"|"AVERAGE"|"20140110101103"|"AA00038"|""
"S030997"|"Interests / Hobbies"|"SWIMMING"|"20140110101103"|"AA00038"|""
"S030997"|"Location Preference"|"BIRMINGHAM"|"20140110101103"|"AA00038"|""
"S030997"|"School Preferred"|"GROVE COLLEGE"|"20140110101103"|"AA00038"|""
"S030997"|"Preferred School Type"|"CO-ED"|"20140110101103"|"AA00038"|""
"S031002"|"Character"|"easy to get along, very"|"20140113150212"|"AA00011"|""
"S031002"|"Location Preference"|"near London preinct m25 - 50 mile"|"20140113150848"|"AA00011"|""
"S031002"|"School Applied Before"|"Royal Grammar School, High Wycombe referred us tp your service"|"20140113151051"|"AA00011"|""
"S031009"|"Reasons to Study in UK"|"to improve the learning interest and confidence of my sobn"|"20140115141339"|"AA00011"|""
"S031013"|"Reasons to Study in UK"|"I want to be an orthoptist and there are three universitites available at this studying the UK"|"20140117130013"|"AA00011"|""
"S031023"|"English Standard"|"reading, basketball, drawing, craft, writing"|"20140118141912"|"AA00011"|""
"S031024"|"Interests / Hobbies"|"art,Handy Works, Cookery,Painting,Canton"|"20140118150016"|"AA00038"|""
"S031024"|"Learning Difficulties"|"Yes"|"20140118150103"|"AA00038"|""
"S031024"|"Learning Difficulties"|"NO"|"20140118150117"|"AA00038"|""
"S031024"|"Learning Difficulties"|"Yes"|"20140118150127"|"AA00038"|""
"S031025"|"Character"|"SHY & PASSIVE"|"20140114100515"|"AA00038"|""
"S031025"|"English Standard"|"WEAK"|"20140114100515"|"AA00038"|""
"S031025"|"Interests / Hobbies"|"SOCCER AND SINGING"|"20140114100515"|"AA00038"|""
"S031025"|"Location Preference"|"NOT TOO FAR AWAY FROM LONDON"|"20140114100515"|"AA00038"|""
"S031025"|"Other Requirement"|"WITH SOCCER TEAM"|"20140114100515"|"AA00038"|""
"S031025"|"Special Talents"|"SOCCER"|"20140114100515"|"AA00038"|""
"S031025"|"Preferred School Type"|"NO PREFERENCE"|"20140114100515"|"AA00038"|""
"S031044"|"Character"|"CHEERFUL, TALKATIVE"|"20140123145418"|"AA00011"|""
"S031044"|"English Standard"|"AVERAGE"|"20140123145418"|"AA00011"|""
"S031044"|"Interests / Hobbies"|"VIOLIN, DRAW CARTOON"|"20140123145418"|"AA00011"|""
"S031044"|"Preferred School Type"|"NO PREFERENCE"|"20140123145418"|"AA00011"|""
"S031037"|"Reasons to Study in UK"|"UK fundatmental education is excellent."|"20140123165758"|"AA00011"|""
"S031047"|"Interests / Hobbies"|"positive, friendly"|"20140125151702"|"AA00011"|""
"S031073"|"Religion Requirement"|"christian (preferred, but not necessary"|"20140205143329"|"AA00011"|""
"S031099"|"Reasons to Study in UK"|"PREFER A-LEVEL TO IB"|"20140206104729"|"AA00011"|""
"S031099"|"School Preferred"|"CONCORD COLLEGE
BRIGHTON COLLEGE"|"20140206104729"|"AA00011"|""
"S031099"|"English Standard"|"EXCELLENT"|"20140206104729"|"AA00011"|""
"S031088"|"Special Talents"|"WING CHUN"|"20140206105644"|"AA00011"|""
"S031088"|"Interests / Hobbies"|"VIOLIN"|"20140206105644"|"AA00011"|""
"S031088"|"Special Talents"|"Wing Chun"|"20140206105905"|"AA00011"|""
"S031088"|"Character"|"ACTIVE"|"20140206105644"|"AA00011"|""
"S031088"|"Interests / Hobbies"|"violin"|"20140206105918"|"AA00011"|""
"S031078"|"School Applied Before"|"Winchester College, Tonbridge, Harrow, Abindgon"|"20140206121619"|"AA00011"|""
"S031101"|"Character"|"CHEERFUL, FRIENDLY, STRONG DESIRE TO LEARN"|"20140207101833"|"AA00011"|""
"S031101"|"English Standard"|"ABOVE AVERAGE"|"20140207101833"|"AA00011"|""
"S031101"|"Interests / Hobbies"|"TABLE TENNIS, BADMINTON, HIKING, TRAVELLING, READING AND PLAYING THE VIOLIN"|"20140207101833"|"AA00011"|""
"S031101"|"Location Preference"|"ENGLAND"|"20140207101833"|"AA00011"|""
"S031101"|"Other Requirement"|"A COMPETITIVE SCHOOL WHICH CAN HELP ME TO ENTER AN EXCELLENT UNIVERSITY"|"20140207101833"|"AA00011"|""
"S031101"|"Reasons to Study in UK"|"WANT TO STUDY AT UNIVERSITY OF CAMBRIDGE OR UNIVERSITY OF OXFORD"|"20140207101833"|"AA00011"|""
"S031101"|"Religion Requirement"|"NIL"|"20140207101833"|"AA00011"|""
"S031101"|"School Preferred"|"SUBJECT TO THE CONSULTANT\'S RECOMMENDATION"|"20140207101833"|"AA00011"|""
"S031101"|"Special Talents"|"TABLE TENNIS"|"20140207101833"|"AA00011"|""
"S031101"|"Studying in UK School"|"A COUSIN STUDYING AT BIRMINGHAM UNIVERSITY"|"20140207101833"|"AA00011"|""
"S031096"|"Reasons to Study in UK"|"希望受到更好的教育"|"20140207104154"|"AA00011"|""
"S031095"|"Learning Difficulties"|"Yes"|"20140208104240"|"AA00011"|""
"S031114"|"Preferred School Type"|"GIRLS"|"20140208123903"|"AA00011"|""
"S031102"|"English Standard"|"average"|"20140208162359"|"AA00011"|""
"S031103"|"Relatives / Friends Studying in UK"|"Yes"|"20140210162821"|"AA00011"|""
"S031107"|"English Standard"|"above standard"|"20140213160651"|"AA00011"|""
"S031111"|"School Applied Before"|"Gordon\'s School, Peter Symonds College, Sir Roger Manwood\'s School"|"20140213101233"|"AA00038"|""
"S031111"|"School Applied Before"|"Gordon's School, Peter Symonds College, Sir Roger Manwood\'s School"|"20140215095113"|"AA00011"|""
"S031112"|"Location Preference"|"Prefer"|"20140215102139"|"AA00038"|""
"S031112"|"Reasons to Study in UK"|"UK is Known for its excellent education system and it could also enhance"|"20140215102546"|"AA00038"|""
"S031116"|"Other Requirement"|"Top 100 Schools"|"20140215125411"|"AA00038"|""
"S031120"|"Character"|"silent in general but a bit active"|"20140215161511"|"AA00011"|""
"S031243"|"Preferred School Type"|"co-ed"|"20140303110854"|"AA00011"|""
"S031261"|"Character"|"INTERNED"|"20140306100239"|"AA00038"|""
"S031261"|"School Applied Before"|"OSWESTRY SCHOOL"|"20140306100239"|"AA00038"|""
"S031262"|"Relatives / Friends Studying in UK"|"Yes"|"20140307172157"|"AA00011"|""
"S031262"|"Relatives / Friends Studying in UK"|"Yes, relatives"|"20140307172821"|"AA00011"|""
"S031262"|"Reasons to Study in UK"|"better study environment and universities in the UK"|"20140307172754"|"AA00011"|""
"S031265"|"English Standard"|"Reading, Sports(Skating,Running"|"20140308104929"|"AA00038"|""
"S031264"|"Special Talents"|"kind and caring"|"20140308110148"|"AA00011"|""
"S031266"|"English Standard"|"AVERAGE"|"20140308093939"|"AA00011"|""
"S031266"|"Interests / Hobbies"|"Dancing, Drama"|"20140308093939"|"AA00011"|""
"S031266"|"Character"|"kind and caring"|"20140308093939"|"AA00011"|""
"S031266"|"Special Talents"|"Dancing"|"20140308093939"|"AA00011"|""
"S031266"|"Preferred School Type"|"GIRLS"|"20140308093939"|"AA00011"|""
"S031265"|"Character"|"Outgoing,Enmensiatic,Passionate,Eager to learn"|"20140308105727"|"AA00038"|""
"S031265"|"Reasons to Study in UK"|"Better Environment for study"|"20140308105931"|"AA00038"|""
"S031275"|"Interests / Hobbies"|"Swimming"|"20140308121528"|"AA00038"|""
"S031275"|"Character"|"Kāilǎng











Cheerful"|"20140308121629"|"AA00038"|""
"S031274"|"Character"|"開朗"|"20140308094755"|"AA00038"|""
"S031274"|"Interests / Hobbies"|"游泳"|"20140308094755"|"AA00038"|""
"S031281"|"Guardian in UK"|"UNCLE"|"20140310094455"|"AA00011"|""
"S031282"|"Reasons to Study in UK"|"To Learn the Education system of The US, Learn More about different places and meeting new friends."|"20140310101431"|"AA00011"|""
"S031295"|"Interests / Hobbies"|"drawing,"|"20140313165024"|"AA00011"|""
"S031295"|"Interests / Hobbies"|"drawing, drum, broadcasting courses, drama, drama production course"|"20140313170715"|"AA00011"|""
"T001721"|"Interests / Hobbies"|"reading, soccer, chess"|"20140319113347"|"AA00011"|""
"S031315"|"Character"|"pleasant, taking serious from the comments from people,  self-study, talkative"|"20140321175121"|"AA00011"|""
"S031315"|"Character"|"pleasant, taking serious towardsthe comments from the people,  self-study, talkative"|"20140321175217"|"AA00011"|""
"S031315"|"Other Requirement"|"no discrimination and many outdoor activities at school, a lot of boarders (including local student)"|"20140321175849"|"AA00011"|""
"S031315"|"Relatives / Friends Studying in UK"|"Yes, Royal Hollaway, Lodnon"|"20140321175256"|"AA00011"|""
"S031315"|"Character"|"pleasant, taking serious towards the comments from the people,  self-study, talkative"|"20140321181116"|"AA00011"|""
"S031317"|"Location Preference"|"girls"|"20140322115751"|"AA00011"|""
"S031319"|"Interests / Hobbies"|"singing,Bio,Spor"|"20140322134326"|"AA00038"|""
"S031319"|"School Applied Before"|"Abingdon,oundle,King's Canterbury(on waiting list)"|"20140322134649"|"AA00038"|""
"S031319"|"Reasons to Study in UK"|"to experience in multi-cultural education, to be an educated, happy and person"|"20140322141617"|"AA00011"|""
"S031321"|"School Applied Before"|"Abingdon, Oundle, King's School Canterbury"|"20140322140059"|"AA00038"|""
"S031319"|"Reasons to Study in UK"|"to experience in multi-cultural education, to be an educated, cultivated and happy person"|"20140322141844"|"AA00011"|""
"S031322"|"Reasons to Study in UK"|"The academic in Hong Kong is not good."|"20140322151808"|"AA00011"|""
"S031318"|"Special Talents"|"Chess, Squash, PingPong, Martial Arts, Debate"|"20140322121034"|"AA00038"|""
"S031318"|"Special Talents"|"Chess, Squash, Ping Pong, Martial Arts, Debate"|"20140322160929"|"AA00011"|""
"S031340"|"Interests / Hobbies"|"Basketball, Football, Playing the piano"|"20140325101722"|"AA00011"|""
"S031340"|"Character"|"Moody but can be friendly and nice"|"20140325101722"|"AA00011"|""
"S031340"|"Location Preference"|"South-West of England (Near cheltenham)"|"20140325101722"|"AA00011"|""
"S031340"|"Reasons to Study in UK"|"He would want to meet new friends from a foreign country but at the same time he would want to be close with a few chinese friends just in case he gets nervous during his first year in a new environment."|"20140325101722"|"AA00011"|""
"S031340"|"Studying in UK School"|"Elder sister"|"20140325101722"|"AA00011"|""
"S031335"|"Interests / Hobbies"|"sport, quiet"|"20140325170634"|"AA00011"|""
"S010167"|"Learning Difficulties"|"N"|"20140326122304"|"AA00044"|""
"S010167"|"Relatives / Friends Studying in UK"|"Y"|"20140326122537"|"AA00044"|""
"S010167"|"Religion Requirement"|"none"|"20140326122807"|"AA00044"|""
"S010167"|"School Preferred"|"NO PREFERENCE"|"20140326122742"|"AA00044"|""
"S010167"|"School Preferred"|"need to discuss"|"20140326122918"|"AA00044"|""
"S031355"|"Relatives / Friends act as Guardian in UK"|"Yes. Grandparents (Dovset)"|"20140327110454"|"AA00044"|""
"S031362"|"School Preferred"|"Repton, Shrewsburry,"|"20140327173252"|"AA00044"|""
"S031362"|"Reasons to Study in UK"|"Better life structure and discipline,
Broaden horizon
Development of untapped potential"|"20140327173252"|"AA00044"|""
"S031362"|"Interests / Hobbies"|"Soccer, Table Tennis,"|"20140327173252"|"AA00044"|""
"S031349"|"School Preferred"|"Ltchen college
ratcliffe school
Brockenhurst College"|"20140329145929"|"AA00038"|""
"S031362"|"Character"|"Active, Cautious"|"20140327173252"|"AA00044"|""
"S031362"|"Guardian in UK"|"Friends in London and Shrewsburry"|"20140327173252"|"AA00044"|""
"S031362"|"Interests / Hobbies"|"Soccer, Table Tennis"|"20140327174814"|"AA00044"|""
"S031362"|"Reasons to Study in UK"|"Better life structure and discipline,Broaden horizon,Development of untapped potential"|"20140327174758"|"AA00044"|""
"S031362"|"Special Talents"|"Sports"|"20140327173252"|"AA00044"|""
"S031362"|"Studying in UK School"|"Friends's two sons studying in Repton"|"20140327173252"|"AA00044"|""
"S031365"|"School Applied Before"|"Brighton College"|"20140404152928"|"AA00011"|""
"S031379"|"Max Budget per Term"|"10000"|"20140408100240"|"AA00011"|""
"S031370"|"Other Requirement"|"friendly, but good spec and needs to alter"|"20140408105936"|"AA00011"|""
"S031370"|"School Applied Before"|"none, Just enquiries to Headington, Brighton, Royal Masionic, Leighton Park, Burgess Hill"|"20140408111404"|"AA00011"|""
"S031375"|"Interests / Hobbies"|"tennis, reading"|"20140409165520"|"AA00011"|""
"S031388"|"Character"|"a little out going,Slow"|"20140414110819"|"AA00038"|""
"S031388"|"Character"|"a little out going,Slow,Cheerful"|"20140414110852"|"AA00038"|""
"S031390"|"School Preferred"|"boys"|"20140414150219"|"AA00011"|""
"S031398"|"Reasons to Study in UK"|"I would like to study in uk has own of besy education systemin the world and full of"|"20140415123539"|"AA00038"|""
"S031126"|"Interests / Hobbies"|"swimming, football"|"20140219160620"|"AA00011"|""
"S031126"|"Relatives / Friends act as Guardian in UK"|"Yes"|"20140219160644"|"AA00011"|""
"S031126"|"Character"|"outgoing, active, sporty"|"20140219160633"|"AA00011"|""
"S031433"|"Guardian in UK"|"GRANDPARENTS"|"20140425094907"|"AA00044"|""
"S031433"|"Interests / Hobbies"|"READING, BADMINTON"|"20140425094907"|"AA00044"|""
"S031441"|"Interests / Hobbies"|"Drum"|"20140423095616"|"AA00038"|""
"S031440"|"Reasons to Study in UK"|"better education, enjoy school life, potential development, independent thinking, more activities"|"20140426143931"|"AA00011"|""
"S031443"|"Special Talents"|"Soccer,piano"|"20140426112105"|"AA00044"|""
"S031448"|"Learning Difficulties"|"Yes"|"20140428151628"|"AA00011"|""
"S031452"|"Relatives / Friends act as Guardian in UK"|"Yes"|"20140429151032"|"AA00038"|""
"S031452"|"Relatives / Friends Studying in UK"|"No"|"20140429161646"|"AA00044"|""
"S031454"|"English Standard"|"average"|"20140430144636"|"AA00011"|""
"S031484"|"English Standard"|"AVERAGE"|"20140502111105"|"AA00011"|""
"S031484"|"Location Preference"|"PENDING"|"20140502111105"|"AA00011"|""
"S031484"|"Max Budget per Term"|"PENDING"|"20140502111105"|"AA00011"|""
"S031484"|"School Preferred"|"PENDING"|"20140502111105"|"AA00011"|""
"S031457"|"Preferred School Type"|"Co-ED"|"20140502130654"|"AA00044"|""
"S031357"|"Interests / Hobbies"|"Badminton,Math, Economics,English"|"20140331170237"|"AA00038"|""
"S031357"|"Interests / Hobbies"|"Badminton,Maths, sport and English"|"20140505171825"|"AA00011"|""
"S031706"|"Character"|"friendly, outgoing, optimistic, basketball"|"20140507122047"|"AA00011"|""
"S031706"|"Character"|"friendly, outgoing, optimistic, basketball, piano, singing"|"20140507122107"|"AA00011"|""
"S031706"|"Interests / Hobbies"|"scout activities, basketball"|"20140507122024"|"AA00011"|""
"S031706"|"School Preferred"|"Cardiff Sixth Form College, Concord College, Brighton College"|"20140507122405"|"AA00011"|""
"S031487"|"Interests / Hobbies"|"Paino, football, badminton"|"20140507125603"|"AA00044"|""
"S031504"|"School Preferred"|"St. Paul's School, Eton, Concora, Tonbridge, Winchester, Harrow"|"20140517104425"|"AA00011"|""
"S031504"|"Reasons to Study in UK"|"to provide an opportunity for Francesco to explore to boarding life for independence development, interact with overseas peers"|"20140517104525"|"AA00011"|""
"S031504"|"School Preferred"|"St. Paul's School, Eton, Concord, Tonbridge, Winchester, Harrow"|"20140517104927"|"AA00011"|""
"S031507"|"Interests / Hobbies"|"鋼琴"|"20140512100700"|"AA00038"|""
"S031515"|"Guardian in UK"|"MANCHESTER"|"20140517094543"|"AA00038"|""
"S031515"|"Interests / Hobbies"|"BADMINTON/ BASKETBALL"|"20140517094543"|"AA00038"|""
"S031515"|"Studying in UK School"|"UNIVERSITY OF KENT"|"20140517094543"|"AA00038"|""
"S031613"|"Character"|"POSITIVE AND VERY GOOD"|"20140521110128"|"AA00011"|""
"S031613"|"English Standard"|"EXCELLENT"|"20140521110128"|"AA00011"|""
"S031613"|"Interests / Hobbies"|"WRITING, ART, DANCE, MUSIC, OUTDOOR SPORTS"|"20140521110128"|"AA00011"|""
"S031613"|"Religion Requirement"|"NONE"|"20140521110128"|"AA00011"|""
"S031521"|"Character"|"an extrover, outgoing, cheerful, sensible and sociable"|"20140521145316"|"AA00011"|""
"S033576"|"Special Talents"|"結他"|"20140528101906"|"AA00011"|""
"S033576"|"Interests / Hobbies"|"看書,彈結他, 聽歌"|"20140528101906"|"AA00011"|""
"S033576"|"Character"|"比較怕醜，慢熱，主動學習。"|"20140528101906"|"AA00011"|""
"S033576"|"Character"|"a bit shy, inactive, proactive to learn"|"20140528102231"|"AA00011"|""
"S031539"|"Location Preference"|"OXFORD"|"20140527094140"|"AA00038"|""
"S031539"|"Other Requirement"|"BOARDING SCHOOL"|"20140527094140"|"AA00038"|""
"S031539"|"Reasons to Study in UK"|"FURTHER ADVANCEMENT"|"20140527094140"|"AA00038"|""
"S031539"|"School Applied Before"|"HARROW
CHARTERHOUSE
MERCHISTON CASTLE SCHOOL"|"20140527094140"|"AA00038"|""
"S031539"|"School Applied Before"|"Harrow, Charterhouse, Merchiston Castle School"|"20140528105004"|"AA00011"|""
"S031539"|"School Preferred"|"HARROW
CHARTERHOUSE
ABINGDON
MERCHISTON CASTLE SCHOOL"|"20140527094140"|"AA00038"|""
"S031539"|"Studying in UK School"|"COUSIN"|"20140527094140"|"AA00038"|""
"S031543"|"Character"|"PASSIONATE/HAPPY"|"20140527094603"|"AA00038"|""
"S031543"|"Interests / Hobbies"|"READING/SWIMMING/PIANO"|"20140527094603"|"AA00038"|""
"S031543"|"Location Preference"|"NEAR LONDON"|"20140527094603"|"AA00038"|""
"S031543"|"Other Requirement"|"PREFERABLY IB SYSTEM"|"20140527094603"|"AA00038"|""
"S031543"|"Reasons to Study in UK"|"GOOD EDUCATION SYSTEM"|"20140527094603"|"AA00038"|""
"S031543"|"Religion Requirement"|"NONE"|"20140527094603"|"AA00038"|""
"S031543"|"School Applied Before"|"WESTMINSTER"|"20140527094603"|"AA00038"|""
"S031543"|"School Preferred"|"TONBRIDGE, WARWICK, DULWICH, SEVENOAKS"|"20140527094603"|"AA00038"|""
"S031543"|"Special Talents"|"PIANO/SWIMMING"|"20140527094603"|"AA00038"|""
"S031546"|"Religion Requirement"|"NO RELIGIOUS"|"20140526093950"|"AA00038"|""
"T002114"|"Character"|"OUTGOING"|"20140604103549"|"AA00011"|""
"T002114"|"English Standard"|"WEAK"|"20140604103549"|"AA00011"|""
"T002114"|"Guardian in UK"|"UNCLE IN LONDON"|"20140604103549"|"AA00011"|""
"T002114"|"Interests / Hobbies"|"SPORTS / COMPUTER GAMES"|"20140604103549"|"AA00011"|""
"T002114"|"Other Requirement"|"NIL"|"20140604103549"|"AA00011"|""
"T002114"|"Reasons to Study in UK"|"TO HAVE ENGLISH LEARNING ENVIRONMENT AND TO LEARN INDEPENT"|"20140604103549"|"AA00011"|""
"T002114"|"School Applied Before"|"NIL"|"20140604103549"|"AA00011"|""
"T002114"|"Special Talents"|"NIL"|"20140604103549"|"AA00011"|""
"S031559"|"Location Preference"|"FAR FROM LONDON"|"20140512102540"|"AA00038"|""
"S031559"|"School Preferred"|"GOVERNMENT SCHOOL BUT RANKING NEED HIGHER"|"20140512102540"|"AA00038"|""
"S031559"|"Special Talents"|"TO SPEAK( A POEM,ETC.......)"|"20140512102540"|"AA00038"|""
"S031575"|"Interests / Hobbies"|"Please refer to c.v and reference letters"|"20140612104748"|"AA00038"|""
"S031575"|"Relatives / Friends Studying in UK"|"YES,His sister will"|"20140612105926"|"AA00038"|""
"S031575"|"Character"|"is an all round sportsman"|"20140612105848"|"AA00038"|""
"S031575"|"Special Talents"|"Greatest passion is reading"|"20140612110213"|"AA00038"|""
"S031575"|"Special Talents"|"Greatest passion is reading,Athlete"|"20140612110306"|"AA00038"|""
"S031577"|"Special Talents"|"writing stories"|"20140612160534"|"AA00038"|""
"S031577"|"Special Talents"|"writing stories"|"20140612160815"|"AA00038"|""
"S031066"|"Studying in UK School"|"Marcel Ngan and Marcus Ngan"|"20140125094812"|"AA00038"|""
"S031066"|"Studying in UK School"|"Marcel Ngan and Marcus Ngan"|"20140613113109"|"AA00019"|""
"S031602"|"Other Requirement"|"寄宿"|"20140618122122"|"AA00044"|""
"S031602"|"Religion Requirement"|"無"|"20140618122122"|"AA00044"|""
"S031592"|"Preferred School Type"|"Co-ed"|"20140618151520"|"AA00044"|""
"S031592"|"School Preferred"|"Wellington College,Charterhouse, Harrow, Eton, Sevenoaks, King's College, Tonbridge"|"20140618151700"|"AA00044"|""
"S031592"|"Interests / Hobbies"|"Cricket, Rugby, Tennis and other sports. Reading and Music"|"20140618151255"|"AA00044"|""
"S031592"|"Preferred School Type"|"Co-ed. We prefer co-ed but outstanding all boys school can be considered"|"20140618151606"|"AA00044"|""
"S031600"|"English Standard"|"ABOVE AVERAGE"|"20140619094417"|"AA00044"|""
"S031621"|"School Preferred"|"Abingdon, St. Clare, Bedford, Brentwooe, King Edward, Leighton Park, Oakham"|"20140623182832"|"AA00011"|""
"S031629"|"Interests / Hobbies"|"music, badminton, volleyball, swimming"|"20140625172410"|"AA00011"|""
"S031639"|"Relatives / Friends Studying in UK"|"Yes, Headington College"|"20140627145530"|"AA00011"|""
"S031646"|"Relatives / Friends act as Guardian in UK"|"No"|"20140628131212"|"AA00044"|""
"S006741"|"Other Requirement"|"Top Schools"|"20140705122008"|"AA00011"|""
"S006741"|"School Preferred"|"Badminton, Headington, St. Catherine's Beneden, Cheltenham Ladies"|"20140705122057"|"AA00011"|""
"S031678"|"Interests / Hobbies"|"music, dance"|"20140707163204"|"AA00011"|""
"S031678"|"Interests / Hobbies"|"music, dance, running"|"20140707163213"|"AA00011"|""
"S031678"|"Character"|"outgoing"|"20140707163223"|"AA00011"|""
"S031678"|"Interests / Hobbies"|"music, dance, running, writing"|"20140707163750"|"AA00011"|""
"S009204"|"Special Talents"|"Cheerful, co-operative, outgoing, optimistic"|"20140710100453"|"AA00044"|""
"S031714"|"Reasons to Study in UK"|"To wider my son's horizon"|"20140712154055"|"AA00044"|""
"S031718"|"Studying in UK School"|"QIANQIAN YU"|"20140707094931"|"AA00038"|""
"S031730"|"Reasons to Study in UK"|"Try to explore opportuinitives"|"20140716145526"|"AA00038"|""
"S031734"|"Interests / Hobbies"|"Football, Basketball, music"|"20140717132259"|"AA00011"|""
"S031735"|"Relatives / Friends Studying in UK"|"Yes, Queen anne's Millfield"|"20140717145647"|"AA00011"|""
"S031735"|"Relatives / Friends Studying in UK"|"Yes, Queen anne's Millfield"|"20140717145653"|"AA00011"|""
"S031761"|"Interests / Hobbies"|"member of air cadets"|"20140719163437"|"AA00011"|""
"S031766"|"Character"|"STRAIGHT BUT POLITE"|"20140703111404"|"AA00038"|""
"S031766"|"Interests / Hobbies"|"DESIGN, HOME ECONOMY"|"20140703111404"|"AA00038"|""
"S031766"|"Location Preference"|"LONDON, ASCOT, GUILDFORD, OXFORD, KENT"|"20140703111404"|"AA00038"|""
"S031766"|"Max Budget per Term"|"NO LIMIT"|"20140703111404"|"AA00038"|""
"S031766"|"Preferred School Type"|"GIRLS"|"20140703111404"|"AA00038"|""
"S031766"|"Reasons to Study in UK"|"GOOD EDUCATION BACKGROUND, BROTHER WILL BE STUDYING AT UCL"|"20140703111404"|"AA00038"|""
"S031766"|"School Preferred"|"ST. MARY'S SCHOOL (ASCOT), ST. CATHERINE'S SCHOOL (GUILDFORD), HEADINGTON SCHOOL (OXFORD), BENENDEN SCHOOL (KENT), BRIGHTEN COLLEGE (BRIGHTEN)"|"20140703111404"|"AA00038"|""
"S031766"|"Special Talents"|"SWIMMING"|"20140703111404"|"AA00038"|""
"S031766"|"Studying in UK School"|"LI KA HIM (BROTHER) AT DULWICH"|"20140703111404"|"AA00038"|""
"S031744"|"Reasons to Study in UK"|"because brother is in HK studying"|"20140721143450"|"AA00011"|""
"S031781"|"Reasons to Study in UK"|"study overseas education"|"20140723150927"|"AA00011"|""
"S031783"|"Character"|"CHEERFUL, CONFIDENT"|"20140723165223"|"AA00011"|""
"S031783"|"Interests / Hobbies"|"DANCING, SINGING"|"20140723165223"|"AA00011"|""
"S031818"|"School Preferred"|"top UK boy boarding school"|"20140730120434"|"AA00011"|""
"S031819"|"Preferred School Type"|"Girls"|"20140730114510"|"AA00038"|""
"S031828"|"English Standard"|"Aberage"|"20140731111549"|"AA00038"|""
"S031799"|"Interests / Hobbies"|"reading, rugby, football,"|"20140804102656"|"AA00011"|""
"S031850"|"Special Talents"|"Table Tennis, Basketball, Tennis, Swimming, Violin, Listen to music(Classical),Love to hang out with mature people."|"20140805164440"|"AA00038"|""
"S031850"|"Interests / Hobbies"|"Table Tennis, Basketball, Tennis, Swimming, Violin, Listen to music(Classical),Love to hang out with mature people."|"20140805164525"|"AA00038"|""
"S031856"|"Interests / Hobbies"|"SPORTS/ DANCE"|"20140801102719"|"AA00038"|""
"S031871"|"Character"|"PLEASANT & OUT-GOING"|"20140808100511"|"AA00038"|""
"S031871"|"Interests / Hobbies"|"DRAWING, ICE-SKATING"|"20140808100511"|"AA00038"|""
"S031871"|"Other Requirement"|"NIL"|"20140808100511"|"AA00038"|""
"S031871"|"Reasons to Study in UK"|"WANTS TO STUDY MEDICAL SCHOOL IN UK OR HK"|"20140808100511"|"AA00038"|""
"S031871"|"Religion Requirement"|"CHRISTIAN"|"20140808100511"|"AA00038"|""
"S031871"|"School Applied Before"|"CURRENTLY STUDYING IN ASHFORD SCHOOL"|"20140808100511"|"AA00038"|""
"S031871"|"School Preferred"|"CATERHAM SCHOOL & BRIGHTON SCHOOL"|"20140808100511"|"AA00038"|""
"S031871"|"Special Talents"|"RATIONAL THINKING & CRITICAL ANALYSIS"|"20140808100511"|"AA00038"|""
"S031871"|"Studying in UK School"|"SCHOOLMATES"|"20140808100511"|"AA00038"|""
"S031874"|"Character"|"OUTGOING"|"20140809094408"|"AA00038"|""
"S031874"|"Interests / Hobbies"|"FOOTBALL, BASKETBALL, PAPER CRAFTS"|"20140809094408"|"AA00038"|""
"S031874"|"School Preferred"|"DULWICH, 
BEDFORD,
CHATERHOUSE 
ABINGDON
St.EDWARDS"|"20140809094408"|"AA00038"|""
"S031888"|"Interests / Hobbies"|"Quotar & Piano"|"20140812104538"|"AA00038"|""
"S031898"|"Interests / Hobbies"|"basketball,"|"20140814162053"|"AA00011"|""
"S031910"|"Character"|"SPORTY, SOCIABLE, LIKES TO PLAY, NOT HARDWORKING"|"20140815095507"|"AA00038"|""
"S031910"|"Interests / Hobbies"|"SPORTS (FOOTBALL, HANDBALL, TABLE TENNIS), GUITAR"|"20140815095507"|"AA00038"|""
"S031910"|"Location Preference"|"ENGLAND & WALES"|"20140815095507"|"AA00038"|""
"S031910"|"Other Requirement"|"STATE BOARDING SCHOOLS - RANKS HIGH"|"20140815095507"|"AA00038"|""
"S031910"|"Reasons to Study in UK"|"WE HAVE UK PASSPORTS AND MAY ENJOY FREE TUITION AND PAY ONLY BOARDING FEES.  WE WANT OUR SON TO BROADEN HIS MINDS, IMPROVE ENGLISH AND ENTER INTO A GOOD UNIVERSITY.  HE IS WEAK IN CHINESE LANGUAGE & LIBERAL STUDIES."|"20140815095507"|"AA00038"|""
"S031910"|"School Preferred"|"ROYAL GRAMMAR SCHOOL, BUCKINGHAMSHIRE
LANCASTER ROYAL GRAMMAR SCHOOL, LANCASHIRE
ADAMS' GRAMMAR SCHOOL, SHROPSHIRE"|"20140815095507"|"AA00038"|""
"S031910"|"School Preferred"|"Royal Grammar School, Buckinghamshire, Lancaster Royal Grammar School, Lancashire Adams' Grammar School, ShropshireROYAL GRAMMAR SCHOOL, BUCKINGHAMSHIRE
LANCASTER ROYAL GRAMMAR SCHOOL, LANCASHIRE
ADAMS' GRAMMAR SCHOOL, SHROPSHIRE"|"20140816160520"|"AA00011"|""
"S031910"|"Studying in UK School"|"SISTER, TO  BE IN YEAR ONE UNIVERSITY IN SEPTEMBER 2014"|"20140815095507"|"AA00038"|""
"S031914"|"Character"|"intravant"|"20140818102544"|"AA00011"|""
"S031921"|"Interests / Hobbies"|"driving, drawing, table-tennis, swimming, basketball"|"20140818162110"|"AA00011"|""
"S031921"|"Interests / Hobbies"|"driving, drawing, table-tennis, swimming, basketball, track games"|"20140818162222"|"AA00011"|""
"S031924"|"Location Preference"|"EAST ANGLIA, SOUTHEAST"|"20140814095802"|"AA00038"|""
"S031924"|"Other Requirement"|"HIGHER SCHOOL RANKING"|"20140814095802"|"AA00038"|""
"S031924"|"Reasons to Study in UK"|"EXPOSURE TO ENGLISH CULTURE, ACQUIRE PERSONAL INDEPENDENCE AND PROMOTE CALIBRE OF THE STUDENT"|"20140814095802"|"AA00038"|""
"S031945"|"Relatives / Friends Studying in UK"|"Yes,"|"20140820153506"|"AA00011"|""
"S031958"|"Character"|"cheerful, composed, teamplayer, self-motivateion"|"20140823104419"|"AA00011"|""
"S031965"|"Relatives / Friends Studying in UK"|"Yes, Vanessa (sister) at Charterhouse, grandparents"|"20140823151334"|"AA00011"|""
"S031982"|"Character"|"Bubbly, self-driven"|"20140825100556"|"AA00011"|""
"S031971"|"School Preferred"|"Westminster School, Haberdasher's,"|"20140825135019"|"AA00011"|""
"S031992"|"Interests / Hobbies"|"table tennis, taekundo, Japanese language, guitar"|"20140828104115"|"AA00011"|""
"S031995"|"Interests / Hobbies"|"Music, Golf, Reading, Soccer, Boadr Chess"|"20140828161908"|"AA00038"|""
"S031995"|"Character"|"Socialable, Friendly,Responson,Loyal,Hodens"|"20140828162249"|"AA00038"|""
"S031995"|"Character"|"Socialable, Friendly,Responsible,Loyal,Honest"|"20140828164100"|"AA00011"|""
"S032000"|"Character"|"HARDWORKING, QUIET"|"20140830094401"|"AA00038"|""
"S032000"|"Interests / Hobbies"|"DRAWING , READING"|"20140830094401"|"AA00038"|""
"S032000"|"Other Requirement"|"SMALL CLASS TEACHING, HIGH TUTOR-STUDENT RATIO"|"20140830094401"|"AA00038"|""
"S032000"|"Religion Requirement"|"CHRISTIANITY"|"20140830094401"|"AA00038"|""
"S032000"|"Special Talents"|"DRAWING"|"20140830094401"|"AA00038"|""
"S032006"|"Other Requirement"|"Preferably the school should have soccer fields"|"20140830164700"|"AA00038"|""
"S032006"|"Special Talents"|"Soller"|"20140830162741"|"AA00038"|""
"S031962"|"Special Talents"|"Well-spoken,social,makes friends easily,good-ovienten"|"20140829170806"|"AA00038"|""
"S031962"|"Reasons to Study in UK"|"David has expressed interest in going to boarding school in england,have relatives who have gone to boarding school in england"|"20140829171137"|"AA00038"|""
"S031962"|"Special Talents"|"Well-spoken,social,makes friends easily,good-orienten"|"20140830173427"|"AA00038"|""
"S031962"|"Preferred School Type"|"Boys&Co-ed"|"20140829170824"|"AA00038"|""
"S032013"|"Character"|"QUIET"|"20140905110216"|"AA00038"|""
"S032013"|"Interests / Hobbies"|"FENCING, SWIMMING, READING"|"20140905110216"|"AA00038"|""
"S032025"|"Relatives / Friends act as Guardian in UK"|"Yes, Guardianship company"|"20140906152241"|"AA00011"|""
"S032035"|"Character"|"Sporty, Sociable"|"20140910094936"|"AA00011"|""
"S032053"|"Location Preference"|"Yes, Souther England"|"20140913104505"|"AA00011"|""
"S032053"|"Relatives / Friends act as Guardian in UK"|"Yes,Farnborough, Hagpshire"|"20140913104448"|"AA00011"|""
"S032058"|"Reasons to Study in UK"|"TO BOARDEN HORIZON"|"20140828094906"|"AA00038"|""
"S032058"|"School Preferred"|"KING'S SCHOOL, CANTERBURY, ETC"|"20140828094906"|"AA00038"|""
"S032059"|"Character"|"HAPPY, OUTGOING"|"20140911095813"|"AA00038"|""
"S032059"|"Guardian in UK"|"FAMILY FRIEND"|"20140911095813"|"AA00038"|""
"S032059"|"Interests / Hobbies"|"HOCKEY, PUZZLES, READING, DRAWING & DESIGN"|"20140911095813"|"AA00038"|""
"S032059"|"Location Preference"|"ENGLAND"|"20140911095813"|"AA00038"|""
"S032059"|"Religion Requirement"|"ANGLICAN"|"20140911095813"|"AA00038"|""
"S032059"|"School Preferred"|"CHRIST'S HOSPITAL"|"20140911095813"|"AA00038"|""
"S032059"|"Studying in UK School"|"SISTER IN BOARDING SCHOOL (CHRIST'S HOSPITAL)"|"20140911095813"|"AA00038"|""
"S032059"|"Studying in UK School"|"sister in boarding school (Christ's Hospital)"|"20140913142437"|"AA00011"|""
"S032062"|"Interests / Hobbies"|"above average"|"20140913155918"|"AA00011"|""
"S032062"|"Preferred School Type"|"co-ed"|"20140913160342"|"AA00011"|""
"S032168"|"Location Preference"|"SOUTH, SOUTH EAST, SOUTH WEST OF ENGLAND"|"20140917101828"|"AA00011"|""
"S032081"|"Interests / Hobbies"|"FENCING"|"20140918103031"|"AA00011"|""
"S032095"|"Reasons to Study in UK"|"DSE result is not good enough for university"|"20140920144830"|"AA00011"|""
"S032098"|"Reasons to Study in UK"|"1. He like to study science subjects (Physic, Chemistry, Biology) and worried may not be selected in F4.

2. Interactive learning will be benefited.

3. More outgoing personality will be developed.

4. More activities he can participate"|"20140920145848"|"AA00011"|""
"S032101"|"Interests / Hobbies"|"Drawing"|"20140920162943"|"AA00038"|""
"S032119"|"Interests / Hobbies"|"FENCING, BASKERBALL, READING, BROWSING"|"20141004095629"|"AA00011"|""
"S032148"|"Interests / Hobbies"|"observant, emphatetic, take time to warm up in a new environment"|"20141011142247"|"AA00011"|""
"S032148"|"Character"|"observant, emphatetic, take time to warm up in a new environment"|"20141011142921"|"AA00011"|""
"S032169"|"Reasons to Study in UK"|"Parents used to study & live in UK trust high quality of UK education. Andrew studied & lived in UK before and he loves UK."|"20141011174520"|"AA00011"|""
"S032156"|"Interests / Hobbies"|"Piano(Grade6)"|"20141013165817"|"AA00038"|""
"S032160"|"Interests / Hobbies"|"badminton, public speaking, team captain of school sports events,"|"20141015163630"|"AA00011"|""
"S032161"|"Relatives / Friends act as Guardian in UK"|"likely n,.  If yes, it will be in reading or Dartford"|"20141016105703"|"AA00011"|""
"S032161"|"Relatives / Friends act as Guardian in UK"|"likely n,.  If yes, it will be in reading or Dartford"|"20141016110503"|"AA00011"|""
"S032161"|"School Preferred"|"state boarding school"|"20141016111223"|"AA00011"|""
"S032193"|"Character"|"Yes, LSE (London School of Economics)"|"20141020172312"|"AA00011"|""
"S032367"|"School Preferred"|"top 100 independent school SC baased on a"|"20141027144339"|"AA00011"|""
"S032370"|"Other Requirement"|"would prefer school that adm"|"20141028172041"|"AA00011"|""
"S032379"|"Interests / Hobbies"|"football, field hockey, running, swimming, biathlon, athletics, horseriding,"|"20141105175123"|"AA00011"|""
"S032385"|"Character"|"open mind,earm hearted"|"20141110113148"|"AA00038"|""
"S032410"|"Special Talents"|"art, taekwondo (balck belt)"|"20141115150422"|"AA00011"|""
"S032416"|"School Applied Before"|"Charterhouse,Willington"|"20141117110713"|"AA00038"|""
"S032449"|"Location Preference"|"Lundon"|"20141124095405"|"AA00038"|""
"S032479"|"English Standard"|"EXCELLENT"|"20141201094013"|"AA00038"|""
"S032479"|"Interests / Hobbies"|"tennis, piano, chess, cooking and running"|"20141201094013"|"AA00038"|""
"S032479"|"Reasons to Study in UK"|"Apart from the family ties in UK, Katherine is planning to go to university in UK upon completion of Sixth Forms. Therefore, it would be beneficial for her to study A levels in UK."|"20141201094013"|"AA00038"|""
"S032479"|"School Preferred"|"Headington School, The Cheltenham Ladies College, Badminton School"|"20141201094013"|"AA00038"|""
"S032482"|"Learning Difficulties"|"Yes"|"20141206104401"|"AA00011"|""
"S032479"|"Character"|"quiet, friendly, modest and kind"|"20141201094013"|"AA00038"|""
"S032479"|"Interests / Hobbies"|"N/A"|"20141205153320"|"AA00038"|""
"S032479"|"Location Preference"|"preferably in England not Scotland"|"20141201094013"|"AA00038"|""
"S032479"|"Max Budget per Term"|"32000-350000"|"20141201094013"|"AA00038"|""
"S032479"|"School Preferred"|"N/A"|"20141205153342"|"AA00038"|""
"S032479"|"Reasons to Study in UK"|"N/A"|"20141205153334"|"AA00038"|""
"S032479"|"Interests / Hobbies"|"Piano,cooking,netball,dancing,singingand running"|"20141206115120"|"AA00038"|""
"S032479"|"Character"|"friendly, modest and kind,adventurous,optmistic"|"20141206115037"|"AA00038"|""
"S032479"|"Location Preference"|"N/A"|"20141206115131"|"AA00038"|""
"S032479"|"Reasons to Study in UK"|"Ahina is planning to attend university in the Uk and she feels that the education standard in the UK is higher and there is less pressure there than Hk"|"20141206115347"|"AA00038"|""
"S032169"|"School Preferred"|"Harrow School, Tonbridge School, etc"|"20141011174227"|"AA00011"|""
"S032169"|"School Preferred"|"Harrow School, Tonbridge School, etc"|"20141211121648"|"AA00007"|""
"S032500"|"Interests / Hobbies"|"badminton, arts (drawing &"|"20141213102608"|"AA00011"|""
"S032499"|"Reasons to Study in UK"|"To R"|"20141213103106"|"AA00038"|""
"S032504"|"School Preferred"|"Badminton,Sevenoaks,"|"20141213120952"|"AA00038"|""
"S032504"|"Religion Requirement"|"Christian Prefered"|"20141213120617"|"AA00038"|""
"S032513"|"Relatives / Friends Studying in UK"|"Yes"|"20141218113858"|"AA00011"|""
"S032513"|"Location Preference"|"Yes, not too far from London of Hull"|"20141218113920"|"AA00011"|""
"S032519"|"English Standard"|"WEAK"|"20141216102947"|"AA00011"|""
"S032519"|"Interests / Hobbies"|"Cycling"|"20141216102947"|"AA00011"|""
"S032521"|"English Standard"|"average"|"20141220110623"|"AA00011"|""
"S032522"|"Interests / Hobbies"|"Drawing, Play Plano, Sports, Reading, Olympic Maths, Quick"|"20141220131149"|"AA00011"|""
"S032522"|"Character"|"Quick"|"20141220131213"|"AA00011"|""
"S032522"|"Character"|"Gentle and Quick"|"20141220131244"|"AA00011"|""
"S032525"|"Preferred School Type"|"BOYS"|"20141218104223"|"AA00038"|""
"S032534"|"Relatives / Friends Studying in UK"|"Friends:"|"20141222103709"|"AA00038"|""
"S032534"|"Relatives / Friends Studying in UK"|"Friends:Framlingham College,Suffre,Ipswich"|"20141222103801"|"AA00038"|""
"S004980"|"Relatives / Friends act as Guardian in UK"|"cousin and friends"|"20141223100837"|"AA00038"|""
"S004980"|"Reasons to Study in UK"|"Schools that has a different curriculum as Winchester College.  Want an Easier curriculum"|"20141223100945"|"AA00038"|""
"S032845"|"Location Preference"|"ESSEX"|"20150318095305"|"AA00057"|""
"S032552"|"Character"|"silent at the beginning for the new friend, then become active later."|"20141229103539"|"AA00011"|""
"S032552"|"Character"|"silent at the beginning for the new friend, then become active later."|"20141229103643"|"AA00011"|""
"S032552"|"Character"|"silent at the beginning for the new friend, then become active later. No problem in communication"|"20141229103704"|"AA00011"|""
"S032559"|"Location Preference"|"within 3 hours travelling hours from London"|"20141230164024"|"AA00011"|""
"S032559"|"Max Budget per Term"|"prefer to cheaper school fee"|"20141230164118"|"AA00011"|""
"S032558"|"Relatives / Friends Studying in UK"|"Yes"|"20141230175003"|"AA00011"|""
"S032562"|"Special Talents"|"Swimming,Singing"|"20141231123203"|"AA00038"|""
"S032562"|"Reasons to Study in UK"|"A different learning environment for me to discover areas that i may be interested in and a better preparation in order to study in an university in england."|"20141231123815"|"AA00038"|""
"S032569"|"Relatives / Friends Studying in UK"|"Yes"|"20150103103412"|"AA00038"|""
"S032569"|"Relatives / Friends act as Guardian in UK"|"Yes"|"20150103103419"|"AA00038"|""
"S032569"|"Reasons to Study in UK"|"UK Public Schoolgive to childen the sort of learning and cultcal envronmoent that no school in hk can proved"|"20150103104551"|"AA00038"|""
"S032569"|"Reasons to Study in UK"|"UK Public School give to childen the sort of learning and cultcal envronmoent that no school in Hk can prove"|"20150103105157"|"AA00011"|""
"S032566"|"Location Preference"|"not too far away from Central London"|"20141231094814"|"AA00038"|""
"S032572"|"Interests / Hobbies"|"piano, rading, movie"|"20150103135124"|"AA00011"|""
"S032574"|"Character"|"flankly"|"20150106105303"|"AA00011"|""
"S032589"|"Character"|"drawing, tennis, reading"|"20150112120226"|"AA00011"|""
"S032589"|"Reasons to Study in UK"|"good educator, independence"|"20150112120339"|"AA00011"|""
"S032595"|"Interests / Hobbies"|"Basketball,Swimming,Piano"|"20150115104016"|"AA00038"|""
"S032604"|"Interests / Hobbies"|"Music,Reeding,Computer"|"20150117123442"|"AA00038"|""
"S032609"|"Character"|"pursuing outstanding, pleasnat, outgoing"|"20150119171424"|"AA00011"|""
"S032610"|"Character"|"Friendly, outgoing"|"20141230101904"|"AA00011"|""
"S032610"|"Character"|","|"20150119172431"|"AA00011"|""
"S032610"|"Other Requirement"|"to learn challengingly"|"20150119172222"|"AA00011"|""
"S032610"|"Reasons to Study in UK"|"to learn with the elite from the world"|"20150119172255"|"AA00011"|""
"S032609"|"Interests / Hobbies"|"horse-riding, basketball, swimming, piano"|"20150119171107"|"AA00011"|""
"S032618"|"Character"|"happy but sonservative"|"20150124102744"|"AA00011"|""
"S032618"|"English Standard"|"average"|"20150124102716"|"AA00011"|""
"S032640"|"Interests / Hobbies"|"Basketball"|"20150130170005"|"AA00038"|""
"S032640"|"Interests / Hobbies"|"Basketball"|"20150130170202"|"AA00038"|""
"S032655"|"Reasons to Study in UK"|"希望開"|"20150205124046"|"AA00038"|""
"S032806"|"English Standard"|"AVERAGE"|"20150223102300"|"AA00057"|""
"S032806"|"Character"|"kind, cheerful,energetic,daring,inquisitive, gentle"|"20150223102300"|"AA00057"|""
"S032806"|"Religion Requirement"|"CHRISTIANITY"|"20150223102300"|"AA00057"|""
"S032806"|"School Preferred"|"NO IDEA"|"20150223102300"|"AA00057"|""
"S032806"|"Special Talents"|"playing clarinet"|"20150223102300"|"AA00057"|""
"S032806"|"Reasons to Study in UK"|"KNOW MORE ABOUT BRITISH CULTURE AND LITERATURE, HAVE A GOOD EDUCATION AND ENGLISH LEARNING ENVIRONMENT, GOOD SPORT AND MUSIC LEARNING ENVIRONMENT."|"20150223102300"|"AA00057"|""
"S032778"|"Learning Difficulties"|"Mild Adhd"|"20150224132621"|"AA00057"|""
"S032778"|"School Preferred"|"Chaterhouse, Tonbridge, Harrow School"|"20150224133107"|"AA00057"|""
"S032785"|"Reasons to Study in UK"|"2 elder brothers studies in UK's high school in before."|"20150228094629"|"AA00057"|""
"S032790"|"Interests / Hobbies"|"music, movies, reading"|"20150302161655"|"AA00011"|""
"S032947"|"Character"|"very possitive and responsible"|"20150303095045"|"AA00057"|""
"S032798"|"Relatives / Friends act as Guardian in UK"|"Middlebrought, London"|"20150307102148"|"AA00057"|""
"S032819"|"Special Talents"|"second overall under"|"20150313163357"|"AA00011"|""
"S032825"|"Preferred School Type"|"boys / co-ed"|"20150314135546"|"AA00011"|""
"S032825"|"Interests / Hobbies"|"sports (tennis & football), reading borrible histories, playing board games / maths games)"|"20150314135138"|"AA00011"|""
"S032825"|"Relatives / Friends act as Guardian in UK"|"Stevenage and Nottingham"|"20150314135250"|"AA00011"|""
"S032825"|"Location Preference"|"Yes, London or around M25 area"|"20150314135531"|"AA00011"|""
"S032825"|"Religion Requirement"|"preferably Christian"|"20150314135654"|"AA00011"|""
"S032825"|"Character"|"quiet, reserved, dlilgent"|"20150314135154"|"AA00011"|""
"S032825"|"Location Preference"|"Yes, London or around LM25 area"|"20150314140242"|"AA00011"|""
"S032825"|"Reasons to Study in UK"|"morther from UK, relatives in UK"|"20150314135751"|"AA00011"|""
"S032829"|"Interests / Hobbies"|"ice-skating (figujre skating), dancing, riding"|"20150314153014"|"AA00011"|""
"S032832"|"Preferred School Type"|"GIRLS"|"20150313100723"|"AA00011"|""
"S032835"|"Special Talents"|"communicative, good ability of organisation and leadership"|"20150316113857"|"AA00011"|""
"S032839"|"Character"|"OUTGOING, SPORTY"|"20150317144357"|"AA00011"|""
"S032839"|"English Standard"|"AVERAGE"|"20150317144357"|"AA00011"|""
"S032839"|"Interests / Hobbies"|"BASKETBALL, MUSIC"|"20150317144357"|"AA00011"|""
"S032839"|"Location Preference"|"LONDON, MANCHESTER, OTHERS"|"20150317144357"|"AA00011"|""
"S032839"|"School Preferred"|"TO BE DISCUSSED"|"20150317144357"|"AA00011"|""
"S032839"|"Preferred School Type"|"NO PREFERENCE"|"20150317144357"|"AA00011"|""
"S032839"|"Reasons to Study in UK"|"OPPORTUNITY TO HAVE UNIVERSITY EDUCATION"|"20150317144357"|"AA00011"|""
"S032845"|"Character"|"ACTIVE / CHEERFUL / FULL OF COMPASSION"|"20150318095305"|"AA00057"|""
"S032845"|"Interests / Hobbies"|"DANCE / RECITE / PIANO"|"20150318095305"|"AA00057"|""
"S032845"|"Reasons to Study in UK"|"轉換學習環境"|"20150318095305"|"AA00057"|""
"S032846"|"Character"|"GENTLE"|"20150320102616"|"AA00011"|""
"S032846"|"Interests / Hobbies"|"MUSIC"|"20150320102616"|"AA00011"|""
"S033047"|"Character"|"開朗，主動，合群，"|"20150323103618"|"AA00057"|""
"S033047"|"Interests / Hobbies"|"溜冰，睇書，大提琴，朗誦"|"20150323103618"|"AA00057"|""
"S033047"|"Reasons to Study in UK"|"姊姊曾留學英國，理想"|"20150323103618"|"AA00057"|""
"S033047"|"Special Talents"|"朗誦"|"20150323103618"|"AA00057"|""
"S033047"|"English Standard"|"ABOVE AVERAGE"|"20150323103618"|"AA00057"|""
"S032863"|"Interests / Hobbies"|"hip hop, video editing, singing"|"20150323164145"|"AA00011"|""
"S032863"|"Location Preference"|"girls"|"20150323164224"|"AA00011"|""
"S032885"|"Relatives / Friends act as Guardian in UK"|"Yes, Central, London"|"20150328165105"|"AA00011"|""
"S032885"|"Interests / Hobbies"|"Piano, cello, flute, basketball, reading"|"20150328165000"|"AA00011"|""
"S032907"|"Location Preference"|"near east and south west Uk"|"20150402135341"|"AA00011"|""
"S032924"|"Relatives / Friends Studying in UK"|"Yes, Sister, Bath"|"20150410143657"|"AA00011"|""
"S007293"|"Interests / Hobbies"|"Piano, Dancing and singing"|"20130803163317"|"AA00011"|""
"S007293"|"Preferred School Type"|"girls"|"20130803163354"|"AA00011"|""
"S007293"|"Religion Requirement"|"Christian"|"20130803163418"|"AA00011"|""
"S007293"|"School Preferred"|"Farlington School, West Sussex; The Royal Hospital School Ipswich"|"20130803163436"|"AA00011"|""
"S007293"|"Max Budget per Term"|"6000"|"20130803163404"|"AA00011"|""
"S007293"|"Location Preference"|"South West, West Midlands & South East"|"20130803163336"|"AA00011"|""
"S007293"|"Know AA From"|"UK Studing Expro."|"20130803163450"|"AA00011"|""
"S032933"|"Character"|"OUTGOING"|"20150331155523"|"AA00057"|""
"S032933"|"Interests / Hobbies"|"DRAMA, DEBATE, READING"|"20150331155523"|"AA00057"|""
"S032933"|"Max Budget per Term"|"10000 POUNDS"|"20150331155523"|"AA00057"|""
"S032933"|"School Preferred"|"BURGESS HILL SCHOOL FOR GIRLS"|"20150331155523"|"AA00057"|""
"S032933"|"Studying in UK School"|"CHEUNG YEE TAK JANICE"|"20150331155523"|"AA00057"|""
"S032936"|"Interests / Hobbies"|"打排球"|"20150413095016"|"AA00011"|""
"S032936"|"Character"|"好動"|"20150413095016"|"AA00011"|""
"S032936"|"Location Preference"|"Near London"|"20150413095016"|"AA00011"|""
"S032936"|"Studying in UK School"|"Brother"|"20150413095016"|"AA00011"|""
"S032941"|"Reasons to Study in UK"|"deeply influenced by British and looking forward to expericence British life"|"20150413181404"|"AA00011"|""
"S032967"|"Relatives / Friends act as Guardian in UK"|"Birmingham"|"20150418161103"|"AA00057"|""
"S032998"|"Special Talents"|"gymnastics, balllet"|"20150425094642"|"AA00038"|""
"S033035"|"Character"|"PLEASANT,"|"20150505095624"|"AA00038"|""
"S033035"|"Guardian in UK"|"PROVIDE LATER"|"20150505095624"|"AA00038"|""
"S033035"|"Interests / Hobbies"|"SINGING, FOOTBALL,"|"20150505095624"|"AA00038"|""
"S033035"|"Location Preference"|"NOT LONDON,"|"20150505095624"|"AA00038"|""
"S033035"|"Other Requirement"|"SIXTH FORM SCHOOL WITH GOOD A LEVEL RESULTS, HIGH ENTRY TO TOP UNIVERISTIES IN UK"|"20150505095624"|"AA00038"|""
"S033035"|"School Applied Before"|"CARDIFF SIXTH FORM COLLEGE"|"20150505095624"|"AA00038"|""
"S033036"|"English Standard"|"above standard"|"20150509102321"|"AA00011"|""
"S033052"|"Studying in UK School"|"4 to 5 former classmates already in UK secondary schools"|"20150509101439"|"AA00038"|""
"S033064"|"Character"|"VERY SOCIAL OUTGOING PERSONALITY"|"20150506101826"|"AA00011"|""
"S033064"|"Guardian in UK"|"FRIENDS"|"20150506101826"|"AA00011"|""
"S033064"|"Interests / Hobbies"|"TENNIS SOCCER"|"20150506101826"|"AA00011"|""
"S033064"|"School Applied Before"|"TONBRIDGE"|"20150506101826"|"AA00011"|""
"S033064"|"School Preferred"|"CHARTERHOUSE 
HARROW 
TONBRIDGE"|"20150506101826"|"AA00011"|""
"S033064"|"Studying in UK School"|"HARROWS"|"20150506101826"|"AA00011"|""
"S033071"|"Relatives / Friends act as Guardian in UK"|"Possible (to confirm later) Southampton or Birmingham"|"20150518150152"|"AA00011"|""
"S033089"|"Character"|"bastetball, violin, guaiter, piano"|"20150523103352"|"AA00044"|""
"S033089"|"Special Talents"|"Nice but passive/ hardworking"|"20150523103430"|"AA00044"|""
"S033104"|"School Preferred"|"ranking within top 20 boarding schools in the UK"|"20150527110608"|"AA00011"|""
"S033110"|"School Preferred"|"We lkie to vist 2-3 schools in London or nearby"|"20150530102943"|"AA00011"|""
"S033110"|"Character"|"cool composed"|"20150530102749"|"AA00011"|""
"S033129"|"Learning Difficulties"|"Yes"|"20150604155858"|"AA00011"|""
"S033137"|"Interests / Hobbies"|"reading, basketball, computer"|"20150606140537"|"AA00011"|""
"S033187"|"Special Talents"|"Fluent Mandarin"|"20150623115651"|"AA00038"|""
"S033193"|"Relatives / Friends act as Guardian in UK"|"Yes, Cheltenham,"|"20150624135942"|"AA00011"|""
"S033193"|"English Standard"|"excellent"|"20150624135749"|"AA00011"|""
"S033193"|"Relatives / Friends act as Guardian in UK"|"Yes, Cheltenham, Colchester"|"20150624153903"|"AA00011"|""
"S033279"|"Character"|"SOCIAL"|"20150702172251"|"AA00011"|""
"S033279"|"Interests / Hobbies"|"BASKETBALL"|"20150702172251"|"AA00011"|""
"S033279"|"Location Preference"|"SOUTH EAST"|"20150702172251"|"AA00011"|""
"S033279"|"School Preferred"|"THE KINGS CANTERBURY"|"20150702172251"|"AA00011"|""
"S033235"|"Relatives / Friends Studying in UK"|"Yes, brothers - LSE London U, Ca,nrodge U"|"20150704110007"|"AA00011"|""
"S033235"|"Relatives / Friends Studying in UK"|"Yes, brothers - LSE London U, Cambridge U"|"20150704110041"|"AA00011"|""
"S033235"|"Preferred School Type"|"co-ed"|"20150704110247"|"AA00011"|""
"T003574"|"Character"|"CHEERFUL,  OPTIMISTIC, HELPFUL"|"20150714100822"|"AA00038"|""
"T003574"|"Interests / Hobbies"|"SPORTS, MUSIC"|"20150714100822"|"AA00038"|""
"T003574"|"Location Preference"|"LONDON"|"20150714100822"|"AA00038"|""
"T003574"|"School Preferred"|"CATS COLLEGE"|"20150714100822"|"AA00038"|""
"S033314"|"Character"|"GENTLE"|"20150715143105"|"AA00011"|""
"S033314"|"Guardian in UK"|"SISTER"|"20150715143105"|"AA00011"|""
"S033314"|"Interests / Hobbies"|"SCIENCE, CHESS, SAILING"|"20150715143105"|"AA00011"|""
"S033314"|"Studying in UK School"|"SISTER"|"20150715143105"|"AA00011"|""
"S033314"|"Interests / Hobbies"|"science, CHESS, SAILING"|"20150715143947"|"AA00011"|""
"S033287"|"Interests / Hobbies"|"Water Sports,canoe,windswrfing,sailing, tennis,oil painting"|"20150720112257"|"AA00038"|""
"S033287"|"Character"|"Cheerful"|"20150720112315"|"AA00038"|""
"S033297"|"Learning Difficulties"|"Yes, ADHD - inathentive, use Ritalin only when needed"|"20150722112246"|"AA00011"|""
"S033297"|"Interests / Hobbies"|"squash, soccer, science"|"20150722111131"|"AA00011"|""
"S010199"|"Preferred School Type"|"girls"|"20130802101403"|"AA00011"|""
"S033303"|"Interests / Hobbies"|"art, biology"|"20150725101843"|"AA00011"|""
"S033304"|"Relatives / Friends act as Guardian in UK"|"Yes, Abindgon"|"20150725111737"|"AA00011"|""
"S033302"|"Interests / Hobbies"|"reading, computers, sports / HK Football sqund rugby"|"20150725114326"|"AA00011"|""
"S033302"|"Interests / Hobbies"|"reading, computers, sports / HK Football squad, rugby, tae ten"|"20150725114837"|"AA00011"|""
"S033306"|"Character"|"CARING AND RESPONSIBLE"|"20150725100703"|"AA00038"|""
"S033326"|"Interests / Hobbies"|"Tennis,Art sports,Music(Piano,Violin),Drama"|"20150730113731"|"AA00038"|""
"S033326"|"Special Talents"|"Music Prize,Y1&Y3"|"20150730113936"|"AA00038"|""
"S033326"|"Other Requirement"|"Gcse,A'Levels"|"20150730114013"|"AA00038"|""
"S033326"|"School Applied Before"|"2018entry Year 7-Windlesham House, Summerfieuds, Oundle or king's
2020Entry Year 9-Harrow,Eton"|"20150730114241"|"AA00038"|""
"S033332"|"Character"|"quiet,shy,slow to warm up, cautious conservative"|"20150731101952"|"AA00038"|""
"S033332"|"Location Preference"|"within 2hrs of heathrow,south west"|"20150731102328"|"AA00038"|""
"S033332"|"Preferred School Type"|"Radley,uppingham,sherborne,shrewsberry,"|"20150731102455"|"AA00038"|""
"S033332"|"Reasons to Study in UK"|"Good education,"|"20150731102714"|"AA00038"|""
"S033332"|"Preferred School Type"|"Radley,Uppingham,sherborne,Shrewsberry,"|"20150731104319"|"AA00011"|""
"S033342"|"Interests / Hobbies"|"excellent"|"20150803164841"|"AA00011"|""
"S033366"|"Special Talents"|"korean language"|"20150808135400"|"AA00011"|""
"S033372"|"Interests / Hobbies"|"literature, debating, performing arts (choral music, vocal, musical theatre)"|"20150808154604"|"AA00011"|""
"S033375"|"Character"|"reading, violin, guitar"|"20150810152827"|"AA00011"|""
"S033390"|"English Standard"|"reading, tennis, magic cards, video games, movies, swimming, basketball"|"20150817100553"|"AA00011"|""
"S033391"|"School Applied Before"|"QUEEN ETHELBURGA'S COLLEGE & LUCTON SCHOOL"|"20150817095047"|"AA00038"|""
"S033399"|"Special Talents"|"piano, chinese classics"|"20150819175929"|"AA00011"|""
"S033403"|"Character"|"funny"|"20150820113441"|"AA00011"|""
"S033404"|"Reasons to Study in UK"|"Less Liberal, More confidence in their education system"|"20150820162859"|"AA00038"|""
"S033415"|"Special Talents"|"Piano,Ballet,Football,Chinese Dance"|"20150825110142"|"AA00038"|""
"S033419"|"Special Talents"|"swimming teasm, ping pang team, olympiad maths team"|"20150826134908"|"AA00011"|""
"S033420"|"Interests / Hobbies"|"above average"|"20150826144128"|"AA00011"|""
"S033421"|"Character"|"dancing, piano"|"20150826151504"|"AA00011"|""
"S033421"|"Reasons to Study in UK"|"It's because most of my friend are studying in the UK."|"20150826152131"|"AA00011"|""
"S033422"|"Reasons to Study in UK"|"Yes, samuel wants to go to university in the UK and his brother is at the"|"20150826171104"|"AA00011"|""
"S033431"|"Interests / Hobbies"|"INTERNATIONAL CHESS"|"20150828122328"|"AA00011"|""
"S033431"|"Reasons to Study in UK"|"STUDY A-LEVEL"|"20150828122328"|"AA00011"|""
"S033431"|"School Preferred"|"TONBRIDGE SCHOOL
CARDIFF SIXTH FORM COLLEGE"|"20150828122328"|"AA00011"|""
"S033436"|"Interests / Hobbies"|"reading, goff, singing, basketball, volleyball"|"20150831143551"|"AA00011"|""
"S033448"|"Character"|"FRIENDLY AND OPEN MINDED"|"20150818094848"|"AA00038"|""
"S033448"|"Interests / Hobbies"|"SPORTS, MUSIC, READING, CROSSWORDS PUZZLE"|"20150818094848"|"AA00038"|""
"S033448"|"Reasons to Study in UK"|"COSMOPOLITAN ENVIROMENT"|"20150818094848"|"AA00038"|""
"S033448"|"School Preferred"|"CHELTENHAM LADIES, HEADINGTON, WYCOMIE GIRLS"|"20150818094848"|"AA00038"|""
"S033448"|"School Preferred"|"Cheltenham Ladies, Headington, Wycombie Girls"|"20150904135759"|"AA00011"|""
"S033448"|"Special Talents"|"WILLING TO LEARN"|"20150818094848"|"AA00038"|""
"S033449"|"Interests / Hobbies"|"basketball, swimming"|"20150904152553"|"AA00011"|""
"S033451"|"Interests / Hobbies"|"sports,"|"20150904163610"|"AA00011"|""
"S033451"|"Location Preference"|"Yes, London"|"20150904164308"|"AA00011"|""
"S033454"|"Interests / Hobbies"|"MATHEMATICS, PERCUSSION"|"20150904095601"|"AA00038"|""
"S033454"|"Other Requirement"|"PREFERABALY OFFER ADDITIONAL/FURTHER MATH"|"20150904095601"|"AA00038"|""
"S033454"|"Religion Requirement"|"PREFERABLY CHRISTIANITY"|"20150904095601"|"AA00038"|""
"S033484"|"Special Talents"|"cello, school team for cross country running, athletics, soccer"|"20150909164757"|"AA00011"|""
"S033508"|"Special Talents"|"England Youth Fencing Championship 2015-U11 Foil 1st Runners' Up"|"20150916152944"|"AA00044"|""
"S033510"|"School Applied Before"|"Charterhouse"|"20150918102342"|"AA00011"|""
"S033510"|"School Preferred"|"Charterhouse"|"20150918103008"|"AA00011"|""
"S033511"|"Interests / Hobbies"|"reading,music, badminton, singing,"|"20150918110036"|"AA00011"|""
"S033511"|"Interests / Hobbies"|"reading,music, badminton, singing,(tracing grade 7"|"20150918111151"|"AA00011"|""
"S033512"|"Special Talents"|"Grade 8"|"20150919100054"|"AA00011"|""
"S033521"|"Interests / Hobbies"|"violin, an excellent swimmer, plays tennis and Bralilian Jiu Jitsu"|"20150930165352"|"AA00011"|""
"S033522"|"Interests / Hobbies"|"Football, Tennis"|"20151002161411"|"AA00038"|""
"S033528"|"Interests / Hobbies"|"Subject : Psychology, Media 
Sports : Nehoall, Dance"|"20151003142554"|"AA00038"|""
"S033532"|"Religion Requirement"|"with religious is better"|"20151003155841"|"AA00011"|""
"S033532"|"Max Budget per Term"|"Yes, 1,000 pounds"|"20151003155815"|"AA00011"|""
"S033546"|"School Preferred"|"Christian school"|"20151009100110"|"AA00011"|""
"S033547"|"Character"|"Cheerfull"|"20151009114705"|"AA00038"|""
"S033567"|"Character"|"greqarious, conscientious, respectful and polite"|"20151016180412"|"AA00011"|""
"S033570"|"School Preferred"|"Cathill,Fummerfields, eventually,Radley, Eton,Winchester"|"20151017112043"|"AA00038"|""
"S012336"|"Interests / Hobbies"|"soccer, table-tennis, sazophone"|"20151019100841"|"AA00011"|""
"S033584"|"Interests / Hobbies"|"I like listen to music and I like to read books"|"20151023103054"|"AA00011"|""
"S033695"|"Reasons to Study in UK"|"UK schools seem to offer a well rounded package in terms of education and life experience"|"20151029164104"|"AA00011"|""
"S033844"|"Guardian in UK"|"UNCLE"|"20151202110840"|"AA00011"|""
"S033844"|"Interests / Hobbies"|"READING, JOGGING, SWIMMING"|"20151202110840"|"AA00011"|""
"S033844"|"School Preferred"|"LUCKLE HOUSE SCHOOL"|"20151202110840"|"AA00011"|""
"S033888"|"Character"|"EARNEST,OPTIMISTIC"|"20151201095931"|"AA00038"|""
"S033888"|"Interests / Hobbies"|"MATHS,FENCING"|"20151201095931"|"AA00038"|""
"S033888"|"School Preferred"|"DULWICH,OUNDLE"|"20151201095931"|"AA00038"|""
"S033888"|"Special Talents"|"MATHS"|"20151201095931"|"AA00038"|""
"S033891"|"Relatives / Friends Studying in UK"|"Yes, sister will attend UK school next year, Hing Wycombe"|"20151223123524"|"AA00011"|""
"S033891"|"Relatives / Friends Studying in UK"|"Yes, sister will attend UK school next year. Hing Wycombe"|"20151223123558"|"AA00011"|""
"S033925"|"Character"|"CURIOUS, STRONG, DETERMINED"|"20160108155036"|"AA00038"|""
"S033925"|"Interests / Hobbies"|"READING, WRITING, BALLET, DRAMA, MUSIC, SKIING"|"20160108155036"|"AA00038"|""
"S033925"|"Location Preference"|"LONDON VICINITY"|"20160108155036"|"AA00038"|""
"S033925"|"Preferred School Type"|"GIRLS"|"20160108155036"|"AA00038"|""
"S033925"|"School Preferred"|"CHELTENHAM LADIES COLLEGE"|"20160108155036"|"AA00038"|""
"S033925"|"Special Talents"|"SPECIAL LOVE OF READING, WELL READ AND LITERARY, NATURAL DANCER, PHYSICALLY AGILE AND ACTIVE"|"20160108155036"|"AA00038"|""
"S033926"|"English Standard"|"excellent"|"20160109113312"|"AA00011"|""
"S033937"|"Relatives / Friends Studying in UK"|"Yes, siste at Wycombe Abbet School"|"20160111153042"|"AA00011"|""
"S033936"|"Character"|"Creative,Helpful"|"20160111151924"|"AA00038"|""
"S033956"|"Guardian in UK"|"RELATIVES LIVE IN LEEDS"|"20160116095137"|"AA00038"|""
"S033956"|"Interests / Hobbies"|"FOOTBALL"|"20160116095137"|"AA00038"|""
"S033956"|"Location Preference"|"NEAR LEEDS"|"20160116095137"|"AA00038"|""
"S031481"|"School Preferred"|"badminton, Chletenham Girls School, Sevenoaks, Brighton"|"20160116161525"|"AA00011"|""
"S033965"|"Interests / Hobbies"|"St. Catherine Guildford, St. Mary Calne, Cheltenham Ladies College, Badminton School, Heaington, Benenden School"|"20160120152015"|"AA00011"|""
"S033969"|"Other Requirement"|"Environment"|"20160123102100"|"AA00038"|""
"S033969"|"Reasons to Study in UK"|"Nottingham"|"20160123101838"|"AA00038"|""
"S033968"|"Interests / Hobbies"|"above average"|"20160123102539"|"AA00011"|""
"S033972"|"Character"|"weak"|"20160123113910"|"AA00011"|""
"S033975"|"Location Preference"|"girls"|"20160123142657"|"AA00011"|""
"S033969"|"Character"|"Humble and Moclest"|"20160123101810"|"AA00038"|""
"S033969"|"Other Requirement"|"Environment where student are well behaued"|"20160123102345"|"AA00038"|""
"S033969"|"Other Requirement"|"Environment where student are well behaved"|"20160123163921"|"AA00038"|""
"S033969"|"Max Budget per Term"|"To Be Adused"|"20160123101940"|"AA00038"|""
"S033969"|"Reasons to Study in UK"|"Wanted to pasue A-level"|"20160123102601"|"AA00038"|""
"S033992"|"Character"|"intrinct, independent"|"20160130143330"|"AA00011"|""
"S033992"|"Character"|"intrinct, independent"|"20160130143438"|"AA00011"|""
"S033992"|"Interests / Hobbies"|"dressing, psychology, nutrietion, gymnastic"|"20160130143306"|"AA00011"|""
"S034000"|"Character"|"cheerful"|"20160201164759"|"AA00011"|""
"S033517"|"Relatives / Friends Studying in UK"|"yes"|"20150929122319"|"AA00044"|""
"S033517"|"Interests / Hobbies"|"soccer, tennis, vocal, violin"|"20150929122255"|"AA00044"|""
"S034009"|"Character"|"OUT GOING"|"20160204101814"|"AA00011"|""
"S034009"|"Interests / Hobbies"|"SWIMMING, RUNNING, DRAWING, PIANO,FLUTE"|"20160204101814"|"AA00011"|""
"S034009"|"Special Talents"|"SWIMMING"|"20160204101814"|"AA00011"|""
"S034009"|"Location Preference"|"SOUTH OF ENGLAND"|"20160204101814"|"AA00011"|""
"S034007"|"School Preferred"|"陳廷豪"|"20160205095922"|"AA00011"|""
"S034016"|"Interests / Hobbies"|"singing, English Literature, photography, piano,"|"20160206102531"|"AA00011"|""
"S034016"|"Interests / Hobbies"|"singing, English Literature, photography, piano, speech"|"20160206102706"|"AA00011"|""
"S034016"|"Interests / Hobbies"|"singing, English Literature, photography, piano, recite"|"20160206102743"|"AA00011"|""
"S034024"|"Character"|"mature, engaging, kind, fucused, goal oriented"|"20160211111346"|"AA00011"|""
"S034035"|"Other Requirement"|"good reputation, small class, good co-cirroci;ar amd extra-curricular activities"|"20160212163344"|"AA00011"|""
"S034050"|"Interests / Hobbies"|"cooking european food, basketball, music, skating, reading"|"20160217181845"|"AA00011"|""
"S034170"|"Interests / Hobbies"|"Excellent"|"20160304102920"|"AA00038"|""
"S034642"|"English Standard"|"AVERAGE"|"20160725144348"|"AA00069"|""
"S034171"|"Character"|"silent, detailed-minded, 慢熱"|"20160305102311"|"AA00011"|""
"S034171"|"Interests / Hobbies"|"ice-skating"|"20160305102143"|"AA00011"|""
"S034197"|"English Standard"|"WEAK"|"20160310155116"|"AA00038"|""
"S034197"|"Interests / Hobbies"|"ART"|"20160310155116"|"AA00038"|""
"S034199"|"Relatives / Friends Studying in UK"|"YES"|"20160312115042"|"AA00038"|""
"S034210"|"Other Requirement"|"Boarding %> 70%, Traditional School prefer"|"20160316102756"|"AA00044"|""
"S034211"|"Other Requirement"|"school: less chinese student"|"20160316154814"|"AA00044"|""
"S034211"|"Preferred School Type"|"preferred boys"|"20160316154650"|"AA00044"|""
"S034211"|"School Preferred"|"Charterhouse School, Dulwich College, Shrewsbury, Concord College, Brighton College, Canford School"|"20160316155009"|"AA00044"|""
"S034211"|"Other Requirement"|"School: less chinese student"|"20160316154831"|"AA00044"|""
"S034223"|"Character"|"Quiet"|"20160319111305"|"AA00038"|""
"S034225"|"Reasons to Study in UK"|"更多学科选择"|"20160307124644"|"AA00038"|""
"S034225"|"Other Requirement"|"双人宿舍"|"20160307124644"|"AA00038"|""
"S034244"|"English Standard"|"average"|"20160330112206"|"AA00011"|""
"S034210"|"Reasons to Study in UK"|"Precise learnign of English language and literature. Traditional education"|"20160316103052"|"AA00044"|""
"S034252"|"Interests / Hobbies"|"Music,Drawing"|"20160331151409"|"AA00038"|""
"S034261"|"Character"|"QUIET"|"20160402095535"|"AA00011"|""
"S034261"|"Interests / Hobbies"|"READING"|"20160402095535"|"AA00011"|""
"S034261"|"Location Preference"|"NORTHERN IRELAND"|"20160402095535"|"AA00011"|""
"S034261"|"School Preferred"|"THE ROYAL SCHOOL ARMAGE
THE ROYAL SCHOOL DUNGANNON
CAMPBELL COLLEGE"|"20160402095535"|"AA00011"|""
"S034274"|"Relatives / Friends act as Guardian in UK"|"Yes, 1, Trinity Sreeet, Enfield, Middlesex, EN2 6NS England"|"20160408174613"|"AA00011"|""
"S034302"|"Interests / Hobbies"|"BADMINTON, DRAWING"|"20160416094909"|"AA00038"|""
"S034302"|"Character"|"SOCIABLE"|"20160416094909"|"AA00038"|""
"S034302"|"School Preferred"|"TONBRIDGE AND EQUIVALENT"|"20160416094909"|"AA00038"|""
"S034302"|"Reasons to Study in UK"|"LEARNING EXPERIENCE, NON-JUPAS APPLICATION 
TARGET AT MEDICAL SCHOOLS"|"20160416094909"|"AA00038"|""
"S034336"|"Interests / Hobbies"|"drawing"|"20160427165043"|"AA00044"|""
"S034357"|"Reasons to Study in UK"|"Braden his horizon,all-round development,to become more independent"|"20160505165433"|"AA00038"|""
"S034370"|"School Preferred"|"boys / co-ed"|"20160511112911"|"AA00011"|""
"S034393"|"Other Requirement"|"attentive toweros students"|"20160523103859"|"AA00038"|""
"S034393"|"School Preferred"|"Brighton,wycliffe,your reconmendations"|"20160523104011"|"AA00038"|""
"S034393"|"Reasons to Study in UK"|"The belief in the english education system"|"20160523104314"|"AA00038"|""
"S034414"|"Interests / Hobbies"|"painting(Art& Design)"|"20160528124400"|"AA00038"|""
"S034435"|"Interests / Hobbies"|"optimistic, hardworking, sel-disciplined"|"20160528150758"|"AA00011"|""
"S034435"|"Location Preference"|"Brighton"|"20160528150824"|"AA00011"|""
"S034418"|"Location Preference"|"Sports"|"20160528152822"|"AA00038"|""
"S034418"|"Reasons to Study in UK"|"Family"|"20160528153028"|"AA00038"|""
"S034418"|"Character"|"Friendly,Introvert,Popular with other kids and teacher"|"20160528152740"|"AA00038"|""
"S034418"|"School Preferred"|"Westminster,Eton,St,pauls,Harrow,Dulwich"|"20160528153011"|"AA00038"|""
"S034427"|"Relatives / Friends act as Guardian in UK"|"Yes, Wyton, near Hungtingdon"|"20160602165150"|"AA00011"|""
"S034456"|"Character"|"cheerful, creative, determined on things that he's interested"|"20160611121338"|"AA00011"|""
"S034463"|"School Applied Before"|"Harrow School,Radley School"|"20160613152245"|"AA00038"|""
"S034463"|"Reasons to Study in UK"|"Sister at Downe House School -father and his family are british,would like children educated in britain."|"20160613152413"|"AA00038"|""
"S034464"|"Interests / Hobbies"|"Reading,Hockey,Badmintion,Tennis,Cicket,Rotics,Videogames,Seience"|"20160613152631"|"AA00038"|""
"S034464"|"Relatives / Friends Studying in UK"|"Yes,Sister at Downe House School"|"20160613152718"|"AA00038"|""
"S034464"|"Relatives / Friends act as Guardian in UK"|"Yes,Lond,Surrey"|"20160613152733"|"AA00038"|""
"S034485"|"Learning Difficulties"|"Yes"|"20160618170146"|"AA00011"|""
"S034464"|"Location Preference"|"Yes,Probably Within2-3hrs london"|"20160613152800"|"AA00038"|""
"S034464"|"Location Preference"|"Yes,Probably within 2-3hrs london"|"20160613155030"|"AA00011"|""
"S034464"|"Reasons to Study in UK"|"Sister at Downe House School -father and his family are british,would like children educated in britain."|"20160613152847"|"AA00038"|""
"S034478"|"Reasons to Study in UK"|"Try different study adventure, learn indepedent, explare"|"20160618104545"|"AA00011"|""
"S034500"|"Interests / Hobbies"|"Play violine,Music,Arts"|"20160623111035"|"AA00038"|""
"S034512"|"Interests / Hobbies"|"normal"|"20160624172204"|"AA00011"|""
"S034516"|"School Preferred"|"Charterhouse"|"20160625125313"|"AA00038"|""
"S034552"|"Interests / Hobbies"|"Rugby,Football,Music,Drama,Lego,"|"20160705125306"|"AA00038"|""
"S034552"|"Interests / Hobbies"|"Rugby,Football,Music,Drama,Lego,Crinet"|"20160705155912"|"AA00038"|""
"S034563"|"School Preferred"|"Abingdon School,Oundle School,Tonbridge,Dulwich"|"20160707171601"|"AA00038"|""
"S034582"|"Character"|"extrovert, active, lots of friends, compassionate,"|"20160712120454"|"AA00011"|""
"S034594"|"Interests / Hobbies"|"piano"|"20160714113901"|"AA00011"|""
"S033577"|"Character"|"開朗"|"20151017095757"|"AA00038"|""
"S034598"|"Character"|"被動 , 活躍"|"20160715125244"|"AA00069"|""
"S034598"|"Character"|"Passive , active"|"20160715130558"|"AA00069"|""
"S034601"|"Interests / Hobbies"|"Sports , Swimming , Ret Ball , Golf"|"20160715154918"|"AA00069"|""
"S034601"|"Interests / Hobbies"|"Sports , Swimming , Net Ball , Golf"|"20160715161517"|"AA00069"|""
"S034601"|"Preferred School Type"|"girls"|"20160715161556"|"AA00069"|""
"S034602"|"Interests / Hobbies"|"Sports , Swimming , Ret Ball , Golf"|"20160715154344"|"AA00069"|""
"S034607"|"Interests / Hobbies"|"above average"|"20160716125515"|"AA00011"|""
"S034607"|"Interests / Hobbies"|"above average (IELTS overall 8)"|"20160716125537"|"AA00011"|""
"S034607"|"Character"|"polite, well"|"20160716125722"|"AA00011"|""
"S034606"|"Relatives / Friends Studying in UK"|"Wiltshire , Derby"|"20160716124904"|"AA00069"|""
"S034606"|"Guardian Type"|"Yes"|"20160716124950"|"AA00069"|""
"S034608"|"Interests / Hobbies"|"Music , Fancing , Reading"|"20160718100719"|"AA00069"|""
"S034669"|"English Standard"|"above average"|"20160720104700"|"AA00011"|""
"S034669"|"Interests / Hobbies"|"drum, watching movies"|"20160720104710"|"AA00011"|""
"S034614"|"Character"|"Polites , Cheerful and Positive attitude , Willing to help others"|"20160720111556"|"AA00069"|""
"S034614"|"Interests / Hobbies"|"Travels,Basketball,Golfing,Reading & Listen to music"|"20160720111457"|"AA00069"|""
"S034622"|"Character"|"outgoing"|"20160721150006"|"AA00011"|""
"S034629"|"English Standard"|"EXCELLENT"|"20160722100335"|"AA00069"|""
"S034629"|"Guardian in UK"|"SISTER"|"20160722100335"|"AA00069"|""
"S034629"|"School Preferred"|"Queenswood
St Catherines"|"20160722100335"|"AA00069"|""
"S034629"|"School Preferred"|"Queenswood
St Catherines"|"20160722100819"|"AA00069"|""
"S034629"|"School Preferred"|"Queenswood,
St Catherines"|"20160722100824"|"AA00069"|""
"S034629"|"Studying in UK"|"N"|"20160722100335"|"AA00069"|""
"S034629"|"Location Preference"|"NEAR LONDN or SOUTH EAST"|"20160722100335"|"AA00069"|""
"S034689"|"English Standard"|"ABOVE AVERAGE"|"20160722101441"|"AA00069"|""
"S034630"|"English Standard"|"EXCELLENT"|"20160722154846"|"AA00069"|""
"T004819"|"Preferred School Type"|"GIRLS"|"20160722155742"|"AA00069"|""
"T004819"|"English Standard"|"AVERAGE"|"20160722155742"|"AA00069"|""
"S034651"|"English Standard"|"AVERAGE"|"20160722161537"|"AA00069"|""
"S034651"|"Character"|"Gentle and quiet"|"20160722161537"|"AA00069"|""
"S034634"|"Preferred School Type"|"GIRLS"|"20160723100343"|"AA00069"|""
"S034632"|"Character"|"courageous, outgoing, intelligent"|"20160723101535"|"AA00069"|""
"S034632"|"English Standard"|"EXCELLENT"|"20160723101535"|"AA00069"|""
"S034632"|"Interests / Hobbies"|"Reading, sports"|"20160723101535"|"AA00069"|""
"S034632"|"Religion Requirement"|"non-religious"|"20160723101535"|"AA00069"|""
"S034632"|"Preferred School Type"|"CO-ED"|"20160723101535"|"AA00069"|""
"S034636"|"Work in Government"|"Y"|"20160708094419"|"AA00038"|""
"S034637"|"English Standard"|"EXCELLENT"|"20160723155431"|"AA00069"|""
"S034637"|"Character"|"introvert"|"20160723155431"|"AA00069"|""
"S034637"|"Interests / Hobbies"|"swimming, music, reading"|"20160723155431"|"AA00069"|""
"S034637"|"Preferred School Type"|"GIRLS"|"20160723155431"|"AA00069"|""
"S034637"|"School Preferred"|"wycombe Abbey, Cheltenham Ladies' College, Sevenoaks"|"20160723155431"|"AA00069"|""
"S034637"|"Studying in UK"|"N"|"20160723155431"|"AA00069"|""
"S034638"|"Character"|"Cheerful, optimistic, eager to learn, determined to achieve her goals"|"20160723160920"|"AA00069"|""
"S034638"|"English Standard"|"ABOVE AVERAGE"|"20160723160920"|"AA00069"|""
"S034638"|"Interests / Hobbies"|"Jogging, swimming"|"20160723160920"|"AA00069"|""
"S034638"|"Preferred School Type"|"GIRLS"|"20160723160920"|"AA00069"|""
"S034638"|"Work in Government"|"Y"|"20160723160920"|"AA00069"|""
"S034638"|"Studying in UK"|"N"|"20160723160920"|"AA00069"|""
"S034639"|"English Standard"|"EXCELLENT"|"20160725095239"|"AA00069"|""
"S034714"|"Character"|"kind and considerate"|"20160725095807"|"AA00069"|""
"S034714"|"English Standard"|"AVERAGE"|"20160725095807"|"AA00069"|""
"S034714"|"Interests / Hobbies"|"swimming ,  pop music"|"20160725095807"|"AA00069"|""
"S034714"|"Location Preference"|"not yet confirmed"|"20160725095807"|"AA00069"|""
"S034714"|"Max Budget per Term"|"general"|"20160725095807"|"AA00069"|""
"S034714"|"Preferred School Type"|"NO PREFERENCE"|"20160725095807"|"AA00069"|""
"S034714"|"Reasons to Study in UK"|"professionally qualified"|"20160725095807"|"AA00069"|""
"S034714"|"Religion Requirement"|"no"|"20160725095807"|"AA00069"|""
"S034714"|"School Applied Before"|"nil"|"20160725095807"|"AA00069"|""
"S034714"|"School Preferred"|"not yet confirmed"|"20160725095807"|"AA00069"|""
"S034714"|"Special Talents"|"swimming"|"20160725095807"|"AA00069"|""
"S034714"|"Studying in UK"|"N"|"20160725095807"|"AA00069"|""
"S034714"|"Work in Government"|"N"|"20160725095807"|"AA00069"|""
"S034657"|"Character"|"conscientious, cheerful, active"|"20160725102309"|"AA00069"|""
"S034657"|"English Standard"|"ABOVE AVERAGE"|"20160725102309"|"AA00069"|""
"S034657"|"Guardian in UK"|"Mr. Gary Argeband"|"20160725102309"|"AA00069"|""
"S034657"|"Location Preference"|"near London"|"20160725102309"|"AA00069"|""
"S034657"|"Other Requirement"|"good reputation"|"20160725102309"|"AA00069"|""
"S034657"|"Preferred School Type"|"NO PREFERENCE"|"20160725102309"|"AA00069"|""
"S034657"|"Religion Requirement"|"none"|"20160725102309"|"AA00069"|""
"S034657"|"Studying in UK School"|"brother, cousins, formal classmates"|"20160725102309"|"AA00069"|""
"S034654"|"Character"|"Open and Clear, Candid, Creative"|"20160725105318"|"AA00069"|""
"S034654"|"English Standard"|"AVERAGE"|"20160725105318"|"AA00069"|""
"S034654"|"Learning Difficulties"|"N"|"20160725105318"|"AA00069"|""
"S034654"|"Guardian Type"|"Y"|"20160725105318"|"AA00069"|""
"S034654"|"Studying in UK"|"Y"|"20160725105318"|"AA00069"|""
"S034654"|"Work in Government"|"N"|"20160725105318"|"AA00069"|""
"S034653"|"English Standard"|"EXCELLENT"|"20160725105710"|"AA00069"|""
"S034653"|"Preferred School Type"|"GIRLS"|"20160725105710"|"AA00069"|""
"S034644"|"English Standard"|"EXCELLENT"|"20160725160730"|"AA00069"|""
"S034644"|"Preferred School Type"|"CO-ED"|"20160725160730"|"AA00069"|""
"S034645"|"English Standard"|"ABOVE AVERAGE"|"20160720101305"|"AA00011"|""
"S034646"|"Character"|"outgoing, sociable, talkative"|"20160704153819"|"AA00011"|""
"S034646"|"English Standard"|"above average"|"20160704153759"|"AA00011"|""
"S034646"|"Interests / Hobbies"|"badminton"|"20160704153807"|"AA00011"|""
"S034661"|"Interests / Hobbies"|"Singing, Football, reading"|"20160727100752"|"AA00011"|""
"S034663"|"Interests / Hobbies"|"Above Average"|"20160729173744"|"AA00069"|""
"S034663"|"Relatives / Friends Studying in UK"|"Playing Cards , Lego , Reading"|"20160729173812"|"AA00069"|""
"S034662"|"Character"|"HONEST, INTROVERT,"|"20160729171356"|"AA00069"|""
"S034662"|"English Standard"|"AVERAGE"|"20160729171356"|"AA00069"|""
"S034662"|"Interests / Hobbies"|"PLAYING CARDS, LEGO, CHESS"|"20160729171356"|"AA00069"|""
"S034662"|"Location Preference"|"LONDON AND SOUTHERN PART OF ENGLAND"|"20160729171356"|"AA00069"|""
"S034662"|"Other Requirement"|"SAME SCHOOL WITH  HIS BROTHER"|"20160729171356"|"AA00069"|""
"S034662"|"Preferred School Type"|"CO-ED"|"20160729171356"|"AA00069"|""
"S034662"|"Religion Requirement"|"NIL, BUT CHRISTIAN IS PREFERABLE"|"20160729171356"|"AA00069"|""
"S034662"|"Special Talents"|"MATHEMATICS"|"20160729171356"|"AA00069"|""
"S034666"|"Character"|"Friendly and helpful"|"20160730093816"|"AA00069"|""
"S034666"|"English Standard"|"ABOVE AVERAGE"|"20160730093816"|"AA00069"|""
"S034667"|"Character"|"optimistic"|"20160730094535"|"AA00069"|""
"S034667"|"English Standard"|"AVERAGE"|"20160730094535"|"AA00069"|""
"S034667"|"Guardian in UK"|"mother's friend"|"20160730094535"|"AA00069"|""
"S034667"|"Interests / Hobbies"|"ice skating, chemistry, maths"|"20160730094535"|"AA00069"|""
"S034667"|"Reasons to Study in UK"|"no Liberal Study and Chinese"|"20160730094535"|"AA00069"|""
"S034667"|"Studying in UK School"|"cousin"|"20160730094535"|"AA00069"|""
"S034667"|"Interests / Hobbies"|"Ice skating, Chemistry, Maths"|"20160730094701"|"AA00069"|""
"S034667"|"Interests / Hobbies"|"Ice skating, Chemistry, Mathematic"|"20160730094901"|"AA00069"|""
"S031806"|"English Standard"|"EXCELLENT"|"20140724094523"|"AA00038"|""
"S031806"|"Preferred School Type"|"BOYS"|"20140724094523"|"AA00038"|""
"S031806"|"Interests / Hobbies"|"Rugby, tabletop games, reading novels and historical non-fiction."|"20140724094523"|"AA00038"|""
"S034668"|"Interests / Hobbies"|"合唱，骑马"|"20160727101334"|"AA00011"|""
"S034668"|"Location Preference"|"伦敦及附近"|"20160727101334"|"AA00011"|""
"S034668"|"Reasons to Study in UK"|"创造性的学习"|"20160727101334"|"AA00011"|""
"S034668"|"School Preferred"|"hurtwood house 或同类型学校"|"20160727101334"|"AA00011"|""
"S034706"|"Character"|"friendly, soft, polite, disciplined"|"20160801095207"|"AA00069"|""
"S034706"|"English Standard"|"ABOVE AVERAGE"|"20160801095207"|"AA00069"|""
"S034706"|"Interests / Hobbies"|"cycling, arts and crafts, reading"|"20160801095207"|"AA00069"|""
"S034706"|"Location Preference"|"maximum 2 hours away from city"|"20160801095207"|"AA00069"|""
"S034706"|"Other Requirement"|"better with pastoral care policy/mentoring system and wifi network"|"20160801095207"|"AA00069"|""
"S034706"|"Preferred School Type"|"GIRLS"|"20160801095207"|"AA00069"|""
"S034706"|"Reasons to Study in UK"|"develop personal skill, gain independent, think judgment, overcome adversity, experience different culture and improve English."|"20160801095207"|"AA00069"|""
"S034675"|"English Standard"|"AVERAGE"|"20160801100248"|"AA00069"|""
"S034675"|"Preferred School Type"|"NO PREFERENCE"|"20160801100248"|"AA00069"|""
"S034675"|"Character"|"活潑"|"20160801100248"|"AA00069"|""
"S034677"|"English Standard"|"ABOVE AVERAGE"|"20160802165356"|"AA00069"|""
"S034677"|"Preferred School Type"|"BOYS"|"20160802165356"|"AA00069"|""
"S034683"|"Interests / Hobbies"|"PIANO, BADMINTON"|"20160803111154"|"AA00011"|""
"S034683"|"Location Preference"|"NEAR LONDON"|"20160803111154"|"AA00011"|""
"S034683"|"Other Requirement"|"NIL"|"20160803111154"|"AA00011"|""
"S034683"|"Reasons to Study in UK"|"INCREASE THE CHANCE TO GET ACCEPTED BY GOOD UNIVERSITIES."|"20160803111154"|"AA00011"|""
"S034680"|"Other Requirement"|"Christianity preferred"|"20160804094916"|"AA00069"|""
"S034680"|"Preferred School Type"|"CO-ED"|"20160804094916"|"AA00069"|""
"S034679"|"Interests / Hobbies"|"Football, Piano , Music , Sport"|"20160804113424"|"AA00069"|""
"S034682"|"English Standard"|"EXCELLENT"|"20160804145600"|"AA00069"|""
"S034682"|"Interests / Hobbies"|"Tennis , computer"|"20160804145600"|"AA00069"|""
"S034682"|"Preferred School Type"|"NO PREFERENCE"|"20160804145600"|"AA00069"|""
"S034682"|"Preferred School Type"|"No Prederence"|"20160804150211"|"AA00069"|""
"S034685"|"Preferred School Type"|"GIRLS"|"20160805101810"|"AA00069"|""
"S034696"|"Studying in UK School"|"friends"|"20160805102651"|"AA00069"|""
"S034693"|"English Standard"|"ABOVE AVERAGE"|"20160805104250"|"AA00069"|""
"S034693"|"Preferred School Type"|"BOYS"|"20160805104250"|"AA00069"|""
"S034688"|"Preferred School Type"|"NO PREFERENCE"|"20160805105046"|"AA00069"|""
"S034687"|"English Standard"|"AVERAGE"|"20160805152551"|"AA00069"|""
"S034700"|"Character"|"pleasant"|"20160806100514"|"AA00069"|""
"S034700"|"English Standard"|"EXCELLENT"|"20160806100514"|"AA00069"|""
"S034700"|"Guardian in UK"|"friends"|"20160806100514"|"AA00069"|""
"S034700"|"Interests / Hobbies"|"Basketball, computer"|"20160806100514"|"AA00069"|""
"S034700"|"Max Budget per Term"|"no"|"20160806100514"|"AA00069"|""
"S034700"|"Other Requirement"|"no"|"20160806100514"|"AA00069"|""
"S034700"|"Preferred School Type"|"BOYS"|"20160806100514"|"AA00069"|""
"S034700"|"Reasons to Study in UK"|"to be independent and being able to explore new potentials and sports"|"20160806100514"|"AA00069"|""
"S034700"|"Religion Requirement"|"no"|"20160806100514"|"AA00069"|""
"S034700"|"Special Talents"|"no"|"20160806100514"|"AA00069"|""
"S012407"|"English Standard"|"AVERAGE"|"20130713124123"|"AA00025"|""
"S034692"|"English Standard"|"ABOVE AVERAGE"|"20160704094525"|"AA00038"|""
"S034692"|"Preferred School Type"|"GIRLS"|"20160704094525"|"AA00038"|""
"S034695"|"English Standard"|"EXCELLENT"|"20160808101114"|"AA00069"|""
"S034695"|"Preferred School Type"|"NO PREFERENCE"|"20160808101114"|"AA00069"|""
"S034694"|"Character"|"EAGER TO LEARN, INDEPENDENT, SINCERE"|"20160809094412"|"AA00069"|""
"S034694"|"Character"|"Eager To Learn, Independent, Sincere"|"20160809094622"|"AA00069"|""
"S034694"|"English Standard"|"ABOVE AVERAGE"|"20160809094412"|"AA00069"|""
"S034694"|"Interests / Hobbies"|"MATHEMATICS, PIANO, TROMBONE, GO, RUBIK CUBE (5X5X5), TABLE TENNIS, BADMINTON,"|"20160809094412"|"AA00069"|""
"S034694"|"Preferred School Type"|"NO PREFERENCE"|"20160809094412"|"AA00069"|""
"S034694"|"Preferred School Type"|"No Prederence"|"20160809094759"|"AA00069"|""
"S034698"|"School Preferred"|"HARROW, ST. EDMUND'S COLLEGE"|"20160810095612"|"AA00011"|""
"S034702"|"English Standard"|"AVERAGE"|"20160811094931"|"AA00069"|""
"S034712"|"Character"|"hard working, committed, reliable and self motivated"|"20160811100749"|"AA00069"|""
"S034712"|"English Standard"|"ABOVE AVERAGE"|"20160811100749"|"AA00069"|""
"S034712"|"Guardian in UK"|"uncle"|"20160811100749"|"AA00069"|""
"S034712"|"Interests / Hobbies"|"piano,drawing, reading, writing, designing, textile, swimming"|"20160811100749"|"AA00069"|""
"S034712"|"Special Talents"|"skate, play piano and textile"|"20160811100749"|"AA00069"|""
"S034757"|"Character"|"CHEERFUL"|"20160811102855"|"AA00069"|""
"S034757"|"Preferred School Type"|"BOYS"|"20160811102855"|"AA00069"|""
"S034757"|"Location Preference"|"LONDON"|"20160811102855"|"AA00069"|""
"S034757"|"Interests / Hobbies"|"SPORTS"|"20160811102855"|"AA00069"|""
"S034757"|"English Standard"|"AVERAGE"|"20160811102855"|"AA00069"|""
"S034757"|"Character"|"Cheerful"|"20160811103043"|"AA00069"|""
"S034707"|"English Standard"|"AVERAGE"|"20160811103446"|"AA00069"|""
"S034711"|"English Standard"|"ABOVE AVERAGE"|"20160811121059"|"AA00069"|""
"S034705"|"Character"|"friendly, caring, independenc, courageous"|"20160811150739"|"AA00011"|""
"S034739"|"English Standard"|"AVERAGE"|"20160811171032"|"AA00069"|""
"S034739"|"Preferred School Type"|"CO-ED"|"20160811171032"|"AA00069"|""
"S034719"|"Preferred School Type"|"GIRLS"|"20160811171430"|"AA00069"|""
"S034719"|"English Standard"|"AVERAGE"|"20160811171430"|"AA00069"|""
"S034715"|"English Standard"|"EXCELLENT"|"20160812094353"|"AA00069"|""
"S034716"|"English Standard"|"EXCELLENT"|"20160812103356"|"AA00069"|""
"S034722"|"English Standard"|"EXCELLENT"|"20160813094044"|"AA00069"|""
"S034722"|"Preferred School Type"|"BOYS"|"20160813094044"|"AA00069"|""
"S034721"|"Preferred School Type"|"CO-ED"|"20160813101331"|"AA00069"|""
"S034724"|"English Standard"|"EXCELLENT"|"20160813103451"|"AA00069"|""
"S034724"|"Preferred School Type"|"GIRLS"|"20160813103451"|"AA00069"|""
"S034723"|"English Standard"|"EXCELLENT"|"20160815094455"|"AA00069"|""
"S034723"|"Preferred School Type"|"CO-ED"|"20160815094455"|"AA00069"|""
"S034727"|"English Standard"|"ABOVE AVERAGE"|"20160815100708"|"AA00069"|""
"S034727"|"Preferred School Type"|"CO-ED"|"20160815100708"|"AA00069"|""
"S034725"|"English Standard"|"ABOVE AVERAGE"|"20160815101352"|"AA00069"|""
"S034725"|"Preferred School Type"|"GIRLS"|"20160815101352"|"AA00069"|""
"S034751"|"Special Talents"|"SINGING"|"20160816094843"|"AA00069"|""
"S034751"|"Studying in UK School"|"COUSIN"|"20160816094843"|"AA00069"|""
"S034751"|"Preferred School Type"|"GIRLS"|"20160816094843"|"AA00069"|""
"S034751"|"Other Requirement"|"IB SCHOOLS"|"20160816094843"|"AA00069"|""
"S034751"|"English Standard"|"EXCELLENT"|"20160816094843"|"AA00069"|""
"S034751"|"Interests / Hobbies"|"READING, HIKING, ACTING, SINGING"|"20160816094843"|"AA00069"|""
"S034751"|"Guardian in UK"|"GUARDIAN OF HER BROTHER"|"20160816094843"|"AA00069"|""
"S034751"|"Character"|"BRIGHT, ENTHUSIASTIC AND DILIGENT"|"20160816094843"|"AA00069"|""
"S031937"|"Interests / Hobbies"|"Playing guitar, learning Japanese"|"20140812094240"|"AA00038"|""
"S034758"|"English Standard"|"AVERAGE"|"20160816100300"|"AA00069"|""
"S034758"|"English Standard"|"Avergae"|"20160816101329"|"AA00069"|""
"S034758"|"Preferred School Type"|"NO PREFERENCE"|"20160816100300"|"AA00069"|""
"S034744"|"Character"|"开朗、阳光"|"20160816101912"|"AA00069"|""
"S034744"|"Character"|"optimistic,Cheerful"|"20160816102135"|"AA00069"|""
"S034744"|"English Standard"|"AVERAGE"|"20160816101912"|"AA00069"|""
"S034744"|"Guardian in UK"|"my mother's company had branch office in London"|"20160816101912"|"AA00069"|""
"S034744"|"Preferred School Type"|"CO-ED"|"20160816101912"|"AA00069"|""
"S034744"|"Interests / Hobbies"|"篮球、乒乓球、网球、音乐、读书"|"20160816101912"|"AA00069"|""
"S034729"|"Interests / Hobbies"|"Netball , Swimming , Volleyball , Piano (Grade 7) , Drama and Singing"|"20160816120751"|"AA00069"|""
"S034729"|"Interests / Hobbies"|"Netball , Swimming , Volleyball , Piano (Grade 7) , Drama and Singing"|"20160816120842"|"AA00069"|""
"S034763"|"Character"|"Intellectual,hard-working,"|"20160816160113"|"AA00069"|""
"S034730"|"Character"|"With positive attitude towards all espibots / Cheerful / Lively"|"20160816163956"|"AA00069"|""
"S034730"|"Relatives / Friends Studying in UK"|"Jasper POON (Elder brother),Oundler School"|"20160816164104"|"AA00069"|""
"S034816"|"English Standard"|"EXCELLENT"|"20160818094743"|"AA00069"|""
"S034816"|"Preferred School Type"|"NO PREFERENCE"|"20160818094743"|"AA00069"|""
"S034734"|"School Preferred"|"co-ed"|"20160818100456"|"AA00011"|""
"S034764"|"English Standard"|"AVERAGE"|"20160819094404"|"AA00069"|""
"S034764"|"Preferred School Type"|"GIRLS"|"20160819094404"|"AA00069"|""
"S034756"|"English Standard"|"AVERAGE"|"20160819095039"|"AA00069"|""
"S034756"|"Preferred School Type"|"NO PREFERENCE"|"20160819095039"|"AA00069"|""
"S034740"|"English Standard"|"AVERAGE"|"20160819095534"|"AA00069"|""
"S034740"|"Preferred School Type"|"GIRLS"|"20160819095534"|"AA00069"|""
"S034774"|"English Standard"|"ABOVE AVERAGE"|"20160819100156"|"AA00069"|""
"S034745"|"English Standard"|"ABOVE AVERAGE"|"20160819100742"|"AA00069"|""
"S034745"|"Preferred School Type"|"CO-ED"|"20160819100742"|"AA00069"|""
"S034737"|"English Standard"|"ABOVE AVERAGE"|"20160810134741"|"AA00011"|""
"S034737"|"Preferred School Type"|"GIRLS"|"20160810134741"|"AA00011"|""
"S034750"|"English Standard"|"EXCELLENT"|"20160820095141"|"AA00069"|""
"S034750"|"Preferred School Type"|"BOYS"|"20160820095141"|"AA00069"|""
"S034743"|"Interests / Hobbies"|"He likes to read, play video, games, sailing and have particular interests in"|"20160820141420"|"AA00011"|""
"S034772"|"Interests / Hobbies"|"READING"|"20160822104226"|"AA00011"|""
"S033222"|"English Standard"|"excellent"|"20150630103211"|"AA00011"|""
"S033222"|"Character"|"easy-going, like questioning, science"|"20150630103303"|"AA00011"|""
"S033222"|"Interests / Hobbies"|"swimming, running, chess"|"20150630103227"|"AA00011"|""
"S034754"|"Religion Requirement"|"基督教"|"20160823095740"|"AA00011"|""
"S034754"|"Reasons to Study in UK"|"多出路(可選擇香港/英國的大學)，體驗外國文化"|"20160823095740"|"AA00011"|""
"S034761"|"School Preferred"|"Brighton College
Charterhouse School
Oundle School"|"20160823101846"|"AA00011"|""
"S034760"|"Religion Requirement"|"CHRISTIAN, CATHOLIC"|"20160824094819"|"AA00011"|""
"S034786"|"Preferred School Type"|"BOYS"|"20160825095703"|"AA00069"|""
"S034765"|"Character"|"Outgoing , Polite , Curious , Rational , Logical , Persistent , Social ,"|"20160825135600"|"AA00069"|""
"S034766"|"English Standard"|"ABOVE AVERAGE"|"20160826094626"|"AA00069"|""
"S034766"|"English Standard"|"Above  Average"|"20160826094759"|"AA00069"|""
"S034766"|"Interests / Hobbies"|"SPORTS"|"20160826094626"|"AA00069"|""
"S034766"|"Preferred School Type"|"CO-ED"|"20160826094626"|"AA00069"|""
"S034766"|"Reasons to Study in UK"|"further education in UK"|"20160826094626"|"AA00069"|""
"S034768"|"English Standard"|"ABOVE AVERAGE"|"20160827093808"|"AA00069"|""
"S034768"|"Preferred School Type"|"NO PREFERENCE"|"20160827093808"|"AA00069"|""
"S034769"|"English Standard"|"AVERAGE"|"20160827094455"|"AA00069"|""
"S034769"|"Character"|"Kind, helpful, cheerful, easy to get along with"|"20160827094455"|"AA00069"|""
"S034769"|"Preferred School Type"|"CO-ED"|"20160827094455"|"AA00069"|""
"S034806"|"Preferred School Type"|"CO-ED"|"20160827101151"|"AA00069"|""
"S034773"|"Character"|"sincere, friendly, honest, approachable, hardworking, discipline"|"20160827105317"|"AA00069"|""
"S034773"|"English Standard"|"ABOVE AVERAGE"|"20160827105317"|"AA00069"|""
"S034773"|"Interests / Hobbies"|"table tennis, cross country, hiking, dancing, singing"|"20160827105317"|"AA00069"|""
"S034773"|"Preferred School Type"|"CO-ED"|"20160827105317"|"AA00069"|""
"S034784"|"English Standard"|"ABOVE AVERAGE"|"20160827160050"|"AA00069"|""
"S034807"|"Studying in UK School"|"brother"|"20160829094517"|"AA00069"|""
"S034782"|"Character"|"Quiet ,Optimistic"|"20160829134138"|"AA00069"|""
"S034782"|"Location Preference"|"London"|"20160829134209"|"AA00069"|""
"S034813"|"Character"|"FRIENDLY AND CARING"|"20160829161902"|"AA00069"|""
"S034813"|"English Standard"|"EXCELLENT"|"20160829161902"|"AA00069"|""
"S034813"|"Guardian in UK"|"FRIEND"|"20160829161902"|"AA00069"|""
"S034813"|"Location Preference"|"ENGLAND"|"20160829161902"|"AA00069"|""
"S034813"|"Preferred School Type"|"GIRLS"|"20160829161902"|"AA00069"|""
"S034813"|"Interests / Hobbies"|"ARTS AND CRAFT, CLARINET"|"20160829161902"|"AA00069"|""
"S034785"|"Location Preference"|"co-ed"|"20160829171154"|"AA00011"|""
"S034787"|"English Standard"|"ABOVE AVERAGE"|"20160830093812"|"AA00069"|""
"S034788"|"Character"|"optimistic"|"20160830094118"|"AA00069"|""
"S034788"|"Interests / Hobbies"|"soccer/scuba diving"|"20160830094118"|"AA00069"|""
"S034788"|"Preferred School Type"|"NO PREFERENCE"|"20160830094118"|"AA00069"|""
"S034788"|"Studying in UK School"|"elder sister, in Epsom College, London"|"20160830094118"|"AA00069"|""
"S034788"|"English Standard"|"ABOVE AVERAGE"|"20160830094118"|"AA00069"|""
"S034789"|"English Standard"|"EXCELLENT"|"20160830100618"|"AA00069"|""
"S034789"|"Max Budget per Term"|"no maximum budget"|"20160830100618"|"AA00069"|""
"S034789"|"Preferred School Type"|"NO PREFERENCE"|"20160830100618"|"AA00069"|""
"S034796"|"English Standard"|"AVERAGE"|"20160830101749"|"AA00069"|""
"S034796"|"Preferred School Type"|"CO-ED"|"20160830101749"|"AA00069"|""
"S034796"|"Studying in UK School"|"cousin"|"20160830101749"|"AA00069"|""
"S034804"|"Character"|"diligent, confident, kind"|"20160830102737"|"AA00069"|""
"S034804"|"English Standard"|"ABOVE AVERAGE"|"20160830102737"|"AA00069"|""
"S034804"|"Preferred School Type"|"GIRLS"|"20160830102737"|"AA00069"|""
"S034793"|"English Standard"|"EXCELLENT"|"20160830111311"|"AA00069"|""
"S034793"|"Preferred School Type"|"NO PREFERENCE"|"20160830111311"|"AA00069"|""
"S034791"|"English Standard"|"EXCELLENT"|"20160824100200"|"AA00011"|""
"S032131"|"Interests / Hobbies"|"Reading"|"20141009162306"|"AA00011"|""
"S034810"|"Character"|"sociable, friendly, kind, cooperative"|"20160901095115"|"AA00069"|""
"S034810"|"English Standard"|"EXCELLENT"|"20160901095115"|"AA00069"|""
"S034810"|"Preferred School Type"|"BOYS"|"20160901095115"|"AA00069"|""
"S034799"|"English Standard"|"above average"|"20160901161244"|"AA00011"|""
"S034799"|"School Preferred"|"Abingdon School"|"20160901161418"|"AA00011"|""
"S034803"|"English Standard"|"AVERAGE"|"20160902094103"|"AA00069"|""
"S034803"|"Preferred School Type"|"NO PREFERENCE"|"20160902094103"|"AA00069"|""
"S034812"|"Other Requirement"|"higher ranking than previous school, not in London and have a choice to study music as a subject as a music scholar"|"20160902100009"|"AA00069"|""
"S033294"|"Character"|"introverted, helpful"|"20150721101618"|"AA00038"|""
"S033294"|"English Standard"|"AVERAGE"|"20150721101618"|"AA00038"|""
"S033294"|"Guardian Type"|"N"|"20150721101618"|"AA00038"|""
"S033294"|"Interests / Hobbies"|"Tennis, piano, guitar, video games"|"20150721101618"|"AA00038"|""
"S033294"|"Learning Difficulties"|"N"|"20150721101618"|"AA00038"|""
"S033294"|"Learning Problems"|"Late Development"|"20150721101911"|"AA00038"|""
"S033294"|"Reasons to Study in UK"|"Wish to study in the top University of UK"|"20150721101618"|"AA00038"|""
"S033294"|"School Applied Before"|"Lancaster Royal Grammar SchoolBootham School, St Michael's School"|"20150721101618"|"AA00038"|""
"S033294"|"School Preferred"|"Lancaster Royal Grammer School, Colchester Royal Grammar School, Adam's Grammar School, Ripon Grammar School , Reading School"|"20150721101618"|"AA00038"|""
"S033294"|"Special Talents"|"N.A."|"20150721101911"|"AA00038"|""
"S033294"|"Work in Government"|"Y"|"20150721101618"|"AA00038"|""
"S033294"|"Preferred School Type"|"NO PREFERENCE"|"20150721101911"|"AA00038"|""
"S034838"|"English Standard"|"AVERAGE"|"20160903100219"|"AA00069"|""
"S034838"|"Preferred School Type"|"NO PREFERENCE"|"20160903100219"|"AA00069"|""
"S034809"|"Character"|"CHEERFUL, HELPFUL"|"20160903100758"|"AA00069"|""
"S034809"|"English Standard"|"AVERAGE"|"20160903100758"|"AA00069"|""
"S034809"|"Guardian in UK"|"FRIENDS"|"20160903100758"|"AA00069"|""
"S034809"|"Interests / Hobbies"|"BASKETBALL, BADMINTON, SWIMMING, READING, TABLE TENNIS"|"20160903100758"|"AA00069"|""
"S034809"|"Learning Problems"|"LACK OF MINDFULNESS, DYSLEXIA(CHINESE)"|"20160903100758"|"AA00069"|""
"S034809"|"Religion Requirement"|"ANGLICAN CHURCH"|"20160903100758"|"AA00069"|""
"S034809"|"Preferred School Type"|"NO PREFERENCE"|"20160903100758"|"AA00069"|""
"S034922"|"English Standard"|"ABOVE AVERAGE"|"20160903103357"|"AA00069"|""
"S034922"|"Preferred School Type"|"CO-ED"|"20160903103357"|"AA00069"|""
"T004982"|"English Standard"|"AVERAGE"|"20160903104651"|"AA00069"|""
"T004982"|"Preferred School Type"|"NO PREFERENCE"|"20160903104651"|"AA00069"|""
"S034837"|"English Standard"|"AVERAGE"|"20160905095247"|"AA00069"|""
"S034820"|"Character"|"CHEERFUL"|"20160905095923"|"AA00069"|""
"S034820"|"English Standard"|"EXCELLENT"|"20160905095923"|"AA00069"|""
"S034820"|"Interests / Hobbies"|"SWIMMING AND SOCCER"|"20160905095923"|"AA00069"|""
"S034820"|"Location Preference"|"ENGLAND"|"20160905095923"|"AA00069"|""
"S034820"|"Preferred School Type"|"CO-ED"|"20160905095923"|"AA00069"|""
"S034820"|"School Applied Before"|"CHATERHOUSE AND TOP 5"|"20160905095923"|"AA00069"|""
"S034821"|"Character"|"outgoing, friendly"|"20160905100348"|"AA00069"|""
"S034821"|"English Standard"|"AVERAGE"|"20160905100348"|"AA00069"|""
"S034821"|"Interests / Hobbies"|"football / drawing"|"20160905100348"|"AA00069"|""
"S034815"|"Interests / Hobbies"|"all sports, especially hockey, rugby, and cross HT, hiking and"|"20160905160147"|"AA00011"|""
"S034815"|"Location Preference"|"London / south & southwest or London"|"20160905162615"|"AA00011"|""
"S034815"|"Character"|"positive attitude, competitive, team player, success"|"20160905162514"|"AA00011"|""
"S034819"|"English Standard"|"AVERAGE"|"20160906094455"|"AA00069"|""
"S034819"|"Studying in UK School"|"哥哥"|"20160906094455"|"AA00069"|""
"S034876"|"English Standard"|"EXCELLENT"|"20160906095703"|"AA00069"|""
"S034946"|"Character"|"CHEEFUL, CREATIVE"|"20160906100056"|"AA00069"|""
"S034946"|"English Standard"|"AVERAGE"|"20160906100056"|"AA00069"|""
"S034946"|"Interests / Hobbies"|"SWIMMING, DRAWING"|"20160906100056"|"AA00069"|""
"S034946"|"Preferred School Type"|"NO PREFERENCE"|"20160906100056"|"AA00069"|""
"S034946"|"Special Talents"|"SWIMMING, DRAWING"|"20160906100056"|"AA00069"|""
"S034946"|"Studying in UK School"|"SISTER STUDIES IN UK"|"20160906100056"|"AA00069"|""
"S034827"|"English Standard"|"EXCELLENT"|"20160906101404"|"AA00069"|""
"S034827"|"Interests / Hobbies"|"reading, wing chun"|"20160906101404"|"AA00069"|""
"S034827"|"Location Preference"|"no preference"|"20160906101404"|"AA00069"|""
"S034827"|"Preferred School Type"|"CO-ED"|"20160906101404"|"AA00069"|""
"S034836"|"English Standard"|"ABOVE AVERAGE"|"20160906102228"|"AA00069"|""
"S034836"|"Other Requirement"|"住宿環境好"|"20160906102228"|"AA00069"|""
"S034836"|"Preferred School Type"|"CO-ED"|"20160906102228"|"AA00069"|""
"S034831"|"Character"|"EASY-GOING, SELF-DISCIPLINED, LOVE TO LEARN"|"20160906103855"|"AA00069"|""
"S034831"|"English Standard"|"ABOVE AVERAGE"|"20160906103855"|"AA00069"|""
"S034831"|"English Standard"|"Above  Average"|"20160906104226"|"AA00069"|""
"S034831"|"English Standard"|"Above  Average"|"20160906104232"|"AA00069"|""
"S034831"|"Interests / Hobbies"|"READING, FENCING, CYCLING, CANOEING, HORSE-RIDING"|"20160906103855"|"AA00069"|""
"S034831"|"Other Requirement"|"GOOD SCHOOL, GOOD PASTORAL CARE, LESS CHINESE"|"20160906103855"|"AA00069"|""
"S034831"|"Preferred School Type"|"GIRLS"|"20160906103855"|"AA00069"|""
"S034831"|"Reasons to Study in UK"|"EXPOSE TO THE BIG WORLD"|"20160906103855"|"AA00069"|""
"S034831"|"School Preferred"|"BADMINTON, HEADINGTON, BENENDON, CLC......"|"20160906103855"|"AA00069"|""
"S034822"|"Character"|"kind hearted, helpful,"|"20160906165031"|"AA00069"|""
"S034822"|"English Standard"|"ABOVE AVERAGE"|"20160906165031"|"AA00069"|""
"S034822"|"Interests / Hobbies"|"football, games, mathematics"|"20160906165031"|"AA00069"|""
"S034822"|"Location Preference"|"one hour from London"|"20160906165031"|"AA00069"|""
"S034822"|"Max Budget per Term"|"not sure"|"20160906165031"|"AA00069"|""
"S034822"|"Reasons to Study in UK"|"education status"|"20160906165031"|"AA00069"|""
"S034822"|"Preferred School Type"|"NO PREFERENCE"|"20160906165031"|"AA00069"|""
"S034822"|"Special Talents"|"good at mathematics"|"20160906165031"|"AA00069"|""
"S034822"|"Studying in UK School"|"sister study from September 2016"|"20160906165031"|"AA00069"|""
"S034822"|"Location Preference"|"One hour from London"|"20160906165144"|"AA00069"|""
"S034822"|"Preferred School Type"|"No Preference"|"20160906165210"|"AA00069"|""
"S034823"|"School Preferred"|"Headington School, St. Catherine's School, St. Swithins' school"|"20160906173941"|"AA00044"|""
"S034826"|"Character"|"OUTGOING"|"20160907095141"|"AA00011"|""
"S034826"|"Interests / Hobbies"|"DRAWING"|"20160907095141"|"AA00011"|""
"S034829"|"Character"|"開朗"|"20160907103913"|"AA00011"|""
"S034829"|"Guardian in UK"|"哥哥"|"20160907103913"|"AA00011"|""
"S034829"|"Interests / Hobbies"|"跳舞"|"20160907103913"|"AA00011"|""
"S034829"|"Special Talents"|"舞蹈"|"20160907103913"|"AA00011"|""
"S034829"|"Studying in UK School"|"哥哥"|"20160907103913"|"AA00011"|""
"S033498"|"Interests / Hobbies"|"reading, soccer, piano, video gmaes"|"20150908100932"|"AA00038"|""
"S034848"|"English Standard"|"AVERAGE"|"20160908100532"|"AA00069"|""
"S034847"|"English Standard"|"AVERAGE"|"20160908100849"|"AA00069"|""
"S034857"|"English Standard"|"EXCELLENT"|"20160908101305"|"AA00069"|""
"S034835"|"English Standard"|"EXCELLENT"|"20160908164329"|"AA00069"|""
"S034835"|"Preferred School Type"|"NO PREFERENCE"|"20160908164329"|"AA00069"|""
"S034851"|"English Standard"|"EXCELLENT"|"20160909094822"|"AA00069"|""
"S034851"|"Preferred School Type"|"GIRLS"|"20160909094822"|"AA00069"|""
"S034843"|"English Standard"|"ABOVE AVERAGE"|"20160909155624"|"AA00069"|""
"S034854"|"English Standard"|"ABOVE AVERAGE"|"20160910093813"|"AA00069"|""
"S034854"|"Preferred School Type"|"CO-ED"|"20160910093813"|"AA00069"|""
"S034853"|"English Standard"|"ABOVE AVERAGE"|"20160910094043"|"AA00069"|""
"S034853"|"Preferred School Type"|"GIRLS"|"20160910094043"|"AA00069"|""
"S034846"|"English Standard"|"ABOVE AVERAGE"|"20160910103940"|"AA00069"|""
"S034846"|"Preferred School Type"|"NO PREFERENCE"|"20160910103940"|"AA00069"|""
"S034842"|"English Standard"|"AVERAGE"|"20160910105048"|"AA00069"|""
"S034842"|"Preferred School Type"|"GIRLS"|"20160910105048"|"AA00069"|""
"S034824"|"Character"|"Easy-going , Catty"|"20160910111356"|"AA00069"|""
"S034852"|"English Standard"|"EXCELLENT"|"20160910114809"|"AA00069"|""
"S034852"|"Special Talents"|"HONG KONG NATIONAL TEAM RUGBY"|"20160910114809"|"AA00069"|""
"S034844"|"Character"|"open mind"|"20160831145159"|"AA00011"|""
"S034844"|"English Standard"|"AVERAGE"|"20160831145159"|"AA00011"|""
"S034844"|"Interests / Hobbies"|"drawing"|"20160831145159"|"AA00011"|""
"S034844"|"Preferred School Type"|"NO PREFERENCE"|"20160831145159"|"AA00011"|""
"S034850"|"Interests / Hobbies"|"football, tennis, electrical guitar"|"20160910140422"|"AA00011"|""
"S034854"|"Preferred School Type"|"Co-ed"|"20160910093916"|"AA00069"|""
"S034855"|"Learning Difficulties"|"yes"|"20160910162540"|"AA00011"|""
"S034949"|"English Standard"|"EXCELLENT"|"20160912094827"|"AA00069"|""
"S034890"|"English Standard"|"ABOVE AVERAGE"|"20160914094827"|"AA00069"|""
"S034890"|"Preferred School Type"|"GIRLS"|"20160914094827"|"AA00069"|""
"S034860"|"Character"|"pleasant and cheerful"|"20160914115852"|"AA00069"|""
"S034860"|"English Standard"|"ABOVE AVERAGE"|"20160914115852"|"AA00069"|""
"S034860"|"English Standard"|"Above  Average"|"20160914120027"|"AA00069"|""
"S034860"|"Interests / Hobbies"|"Reading & swimming"|"20160914115852"|"AA00069"|""
"S034860"|"Preferred School Type"|"NO PREFERENCE"|"20160914115852"|"AA00069"|""
"S034860"|"Reasons to Study in UK"|"not too far away from London"|"20160914115852"|"AA00069"|""
"S034982"|"English Standard"|"EXCELLENT"|"20160915094557"|"AA00069"|""
"S034982"|"Preferred School Type"|"NO PREFERENCE"|"20160915094557"|"AA00069"|""
"S034880"|"English Standard"|"EXCELLENT"|"20160915095245"|"AA00069"|""
"S034880"|"Preferred School Type"|"NO PREFERENCE"|"20160915095245"|"AA00069"|""
"S034861"|"Location Preference"|"We will move to UK"|"20160916110643"|"AA00069"|""
"S034862"|"Location Preference"|"London , Surrey , Berkshive or Closeby"|"20160916112139"|"AA00069"|""
"S034861"|"English Standard"|"Excellent"|"20160916110606"|"AA00069"|""
"S034865"|"Reasons to Study in UK"|"to take part in more extra curriculum when studying and to find what she really l"|"20160918162646"|"AA00011"|""
"S034902"|"English Standard"|"AVERAGE"|"20160920095409"|"AA00069"|""
"S034950"|"English Standard"|"ABOVE AVERAGE"|"20160920100211"|"AA00069"|""
"S034950"|"Preferred School Type"|"CO-ED"|"20160920100211"|"AA00069"|""
"S034872"|"English Standard"|"AVERAGE"|"20160924094502"|"AA00069"|""
"S034872"|"Preferred School Type"|"NO PREFERENCE"|"20160924094502"|"AA00069"|""
"S034874"|"Preferred School Type"|"BOYS"|"20160924095011"|"AA00069"|""
"S034874"|"English Standard"|"ABOVE AVERAGE"|"20160924095011"|"AA00069"|""
"S034873"|"Location Preference"|"Near London/London"|"20160924111947"|"AA00069"|""
"S034873"|"Location Preference"|"London"|"20160924112009"|"AA00069"|""
"S034877"|"English Standard"|"EXCELLENT"|"20160926094640"|"AA00069"|""
"S034877"|"Preferred School Type"|"NO PREFERENCE"|"20160926094640"|"AA00069"|""
"S034917"|"English Standard"|"AVERAGE"|"20160926095538"|"AA00069"|""
"S034917"|"Preferred School Type"|"CO-ED"|"20160926095538"|"AA00069"|""
"S034905"|"Character"|"optimistic, initiative and hard-working"|"20160926100522"|"AA00069"|""
"S034905"|"Interests / Hobbies"|"playing drums, playing basketball"|"20160926100522"|"AA00069"|""
"S034905"|"English Standard"|"AVERAGE"|"20160926100522"|"AA00069"|""
"S034905"|"Other Requirement"|"avoid Northern Ireland area"|"20160926100522"|"AA00069"|""
"S034905"|"Preferred School Type"|"CO-ED"|"20160926100522"|"AA00069"|""
"S034905"|"Religion Requirement"|"no Catholic schools"|"20160926100522"|"AA00069"|""
"S034875"|"School Preferred"|"westminster School, Winchester College, St. Paul's School - London and Ethan College"|"20160926101301"|"AA00011"|""
"S034881"|"Character"|"a self-motivated person who loves to explore challenges and is able to work under pressure."|"20160926103018"|"AA00069"|""
"S034881"|"English Standard"|"AVERAGE"|"20160926103018"|"AA00069"|""
"S034881"|"Preferred School Type"|"NO PREFERENCE"|"20160926103018"|"AA00069"|""
"S034910"|"English Standard"|"AVERAGE"|"20160926103847"|"AA00069"|""
"S034910"|"Interests / Hobbies"|"ART"|"20160926103847"|"AA00069"|""
"S034910"|"Preferred School Type"|"CO-ED"|"20160926103847"|"AA00069"|""
"S034883"|"English Standard"|"EXCELLENT"|"20160926174115"|"AA00069"|""
"S034883"|"Preferred School Type"|"CO-ED"|"20160926174115"|"AA00069"|""
"S034903"|"Character"|"INITIALLY SHY"|"20160927104258"|"AA00011"|""
"S034903"|"Interests / Hobbies"|"BOWLING"|"20160927104258"|"AA00011"|""
"S034891"|"English Standard"|"ABOVE AVERAGE"|"20160928094735"|"AA00069"|""
"S034891"|"Preferred School Type"|"NO PREFERENCE"|"20160928094735"|"AA00069"|""
"S035010"|"Interests / Hobbies"|"dancing, piano,sports"|"20160929094443"|"AA00069"|""
"S035010"|"Preferred School Type"|"GIRLS"|"20160929094443"|"AA00069"|""
"S034933"|"English Standard"|"EXCELLENT"|"20160929095300"|"AA00069"|""
"S034932"|"Character"|"Kind and active"|"20160929095534"|"AA00069"|""
"S034932"|"English Standard"|"EXCELLENT"|"20160929095534"|"AA00069"|""
"S034925"|"English Standard"|"AVERAGE"|"20160929095954"|"AA00069"|""
"S034925"|"Preferred School Type"|"NO PREFERENCE"|"20160929095954"|"AA00069"|""
"S034893"|"School Applied Before"|"Eton college, Winchester College, Tonbridge School, Harrow School, Radley College"|"20160929101920"|"AA00011"|""
"S034895"|"Interests / Hobbies"|"Piano, Reading Books, Biking"|"20160927103308"|"AA00011"|""
"S034895"|"Reasons to Study in UK"|"Because I wish to attend a medical university in the UK"|"20160927103308"|"AA00011"|""
"S034900"|"Character"|"安靜"|"20160930094551"|"AA00069"|""
"S034900"|"English Standard"|"ABOVE AVERAGE"|"20160930094551"|"AA00069"|""
"S034900"|"Interests / Hobbies"|"畫畫"|"20160930094551"|"AA00069"|""
"S034900"|"Special Talents"|"畫畫"|"20160930094551"|"AA00069"|""
"S034900"|"Preferred School Type"|"GIRLS"|"20160930094551"|"AA00069"|""
"S034906"|"English Standard"|"ABOVE AVERAGE"|"20160930102122"|"AA00069"|""
"S034966"|"English Standard"|"AVERAGE"|"20160930103209"|"AA00069"|""
"S034908"|"Preferred School Type"|"Charterhouse"|"20160930155259"|"AA00069"|""
"S034918"|"Character"|"open mind, outgoing"|"20161003095215"|"AA00069"|""
"S034918"|"English Standard"|"EXCELLENT"|"20161003095215"|"AA00069"|""
"S034912"|"English Standard"|"AVERAGE"|"20161003104317"|"AA00069"|""
"S034926"|"Character"|"sporty"|"20161004094358"|"AA00069"|""
"S034919"|"Interests / Hobbies"|"Writing , Drawing,Calligrapmy ,Kick Boxing"|"20161003160824"|"AA00069"|""
"S034998"|"Preferred School Type"|"NO PREFERENCE"|"20161018152901"|"AA00069"|""
"S035005"|"Character"|"passionate"|"20161020094712"|"AA00069"|""
"S035005"|"English Standard"|"AVERAGE"|"20161020094712"|"AA00069"|""
"S035005"|"Preferred School Type"|"CO-ED"|"20161020094712"|"AA00069"|""
"S035007"|"English Standard"|"AVERAGE"|"20161020095111"|"AA00069"|""
"S035018"|"Interests / Hobbies"|"drawing"|"20161022144151"|"AA00069"|""
"S035018"|"English Standard"|"ABOVE AVERAGE"|"20161022144151"|"AA00069"|""
"S035191"|"English Standard"|"AVERAGE"|"20161103094452"|"AA00069"|""
"S035191"|"Preferred School Type"|"NO PREFERENCE"|"20161103094452"|"AA00069"|""
"S035140"|"Relatives / Friends Studying in UK"|"yes , CLC,Down House"|"20161105105113"|"AA00069"|""
"S035156"|"English Standard"|"EXCELLENT"|"20161108163829"|"AA00069"|""
"S035158"|"Character"|"cheerful, easy-going, outgoing"|"20161026101919"|"AA00011"|""
"S035158"|"Location Preference"|"no preference"|"20161026101919"|"AA00011"|""
"S035158"|"English Standard"|"EXCELLENT"|"20161026101919"|"AA00011"|""
"S035160"|"Preferred School Type"|"NO PREFERENCE"|"20161112133540"|"AA00069"|""
"S035163"|"School Preferred"|"Tonbridge, or civilian tpyes and standard"|"20161112161825"|"AA00011"|""
"S035175"|"Preferred School Type"|"GIRLS"|"20161114100035"|"AA00069"|""
"S035175"|"English Standard"|"ABOVE AVERAGE"|"20161114100035"|"AA00069"|""
"S035169"|"English Standard"|"AVERAGE"|"20161115094518"|"AA00069"|""
"S035232"|"English Standard"|"ABOVE AVERAGE"|"20161116094130"|"AA00069"|""
"S035180"|"Character"|"cheerful and adventurous"|"20161118094058"|"AA00069"|""
"S035180"|"Interests / Hobbies"|"rugby, painting and drawing"|"20161118094058"|"AA00069"|""
"S035180"|"Special Talents"|"painting and drawing"|"20161118094058"|"AA00069"|""
"S035181"|"English Standard"|"AVERAGE"|"20161118094424"|"AA00069"|""
"S035177"|"English Standard"|"EXCELLENT"|"20161118095027"|"AA00069"|""
"S035178"|"Interests / Hobbies"|"taikwundo, badminton"|"20161114094712"|"AA00069"|""
"S035178"|"Special Talents"|"drawings & designing"|"20161114094712"|"AA00069"|""
"S035178"|"English Standard"|"ABOVE AVERAGE"|"20161114094712"|"AA00069"|""
"S035190"|"English Standard"|"EXCELLENT"|"20161118171246"|"AA00069"|""
"S035193"|"Character"|"outgoing"|"20161121100201"|"AA00069"|""
"S035193"|"Interests / Hobbies"|"hockey， soccer"|"20161121100201"|"AA00069"|""
"S035193"|"English Standard"|"AVERAGE"|"20161121100201"|"AA00069"|""
"S035197"|"Character"|"amicable, placid"|"20161121173835"|"AA00069"|""
"S035197"|"English Standard"|"AVERAGE"|"20161121173835"|"AA00069"|""
"S035198"|"English Standard"|"EXCELLENT"|"20161122095554"|"AA00069"|""
"S035198"|"Preferred School Type"|"NO PREFERENCE"|"20161122095554"|"AA00069"|""
"S035199"|"School Preferred"|"near Oxford"|"20161123103358"|"AA00011"|""
"S035203"|"English Standard"|"ABOVE AVERAGE"|"20161124094655"|"AA00069"|""
"S035225"|"Character"|"out-going, cheerful"|"20161125095659"|"AA00069"|""
"S035225"|"Preferred School Type"|"BOYS"|"20161125095659"|"AA00069"|""
"S035225"|"English Standard"|"EXCELLENT"|"20161125095659"|"AA00069"|""
"S035206"|"English Standard"|"AVERAGE"|"20161126094816"|"AA00069"|""
"S035207"|"Learning Difficulties"|"Yes"|"20161126114540"|"AA00069"|""
"S035224"|"English Standard"|"AVERAGE"|"20161128095502"|"AA00069"|""
"S035227"|"Location Preference"|"英國南部"|"20161128100036"|"AA00069"|""
"S035239"|"Character"|"out-going"|"20161129094432"|"AA00069"|""
"S035222"|"Interests / Hobbies"|"All ball games"|"20161129174236"|"AA00069"|""
"S035222"|"Location Preference"|"Near London or Brighton"|"20161129174339"|"AA00069"|""
"S035235"|"English Standard"|"AVERAGE"|"20161201095841"|"AA00069"|""
"S035231"|"Relatives / Friends Studying in UK"|"Yes, Durhen, Berkshire"|"20161202135507"|"AA00011"|""
"S035231"|"Location Preference"|"Yes, London, Berkshire,"|"20161202135723"|"AA00011"|""
"S035231"|"Interests / Hobbies"|"St Joh excels in most sports. In particular he loves rugby, swimming, cricket & tennis."|"20161202135356"|"AA00011"|""
"S035241"|"Character"|"a bit outgoing"|"20161206094047"|"AA00069"|""
"S035258"|"Character"|"active"|"20161209094143"|"AA00069"|""
"S035256"|"Relatives / Friends act as Guardian in UK"|"London"|"20161210142810"|"AA00011"|""
"S035282"|"Guardian in UK"|"WE , PARENTS"|"20161202095417"|"AA00069"|""
"S035282"|"Location Preference"|"LONDON"|"20161202095417"|"AA00069"|""
"S035282"|"School Applied Before"|"BRIGHTON COLLEGE"|"20161202095417"|"AA00069"|""
"S035288"|"Character"|"friendly caring and self-learning with strong cogieal"|"20161219150002"|"AA00011"|""
"S035289"|"Studying in UK School"|"Best friend studying in The King's school, Canterbury"|"20161220094026"|"AA00069"|""
"S035289"|"Studying in UK School"|"Best friend studying in The King's school, Canterbury"|"20161220095404"|"AA00069"|""
"S034926"|"English Standard"|"AVERAGE"|"20161004094358"|"AA00069"|""
"S034926"|"Interests / Hobbies"|"soccer, Badminton, drum"|"20161004094358"|"AA00069"|""
"S034924"|"English Standard"|"AVERAGE"|"20161004101029"|"AA00069"|""
"S035022"|"Character"|"quiet, shy but easy to get along with"|"20161004101853"|"AA00069"|""
"S035022"|"English Standard"|"AVERAGE"|"20161004101853"|"AA00069"|""
"S034956"|"English Standard"|"ABOVE AVERAGE"|"20161004103018"|"AA00069"|""
"S034941"|"Character"|"Curious ,Passionate , Helpful"|"20161004153842"|"AA00069"|""
"S034943"|"English Standard"|"AVERAGE"|"20161007094239"|"AA00069"|""
"S034943"|"Preferred School Type"|"NO PREFERENCE"|"20161007094239"|"AA00069"|""
"S034967"|"English Standard"|"ABOVE AVERAGE"|"20161007100142"|"AA00069"|""
"S034945"|"English Standard"|"AVERAGE"|"20161007102725"|"AA00069"|""
"S034945"|"Preferred School Type"|"NO PREFERENCE"|"20161007102725"|"AA00069"|""
"S033808"|"Character"|"easy going,"|"20151121095204"|"AA00038"|""
"S033808"|"Interests / Hobbies"|"swimming, skiing, football, archery, art"|"20151121095204"|"AA00038"|""
"S033808"|"English Standard"|"EXCELLENT"|"20151121095204"|"AA00038"|""
"S034952"|"English Standard"|"AVERAGE"|"20161007181055"|"AA00069"|""
"S034953"|"Character"|"quiet"|"20161007181609"|"AA00069"|""
"S034953"|"English Standard"|"EXCELLENT"|"20161007181609"|"AA00069"|""
"S034953"|"Interests / Hobbies"|"reading, playing badminton"|"20161007181609"|"AA00069"|""
"S034953"|"Preferred School Type"|"GIRLS"|"20161007181609"|"AA00069"|""
"S034953"|"Location Preference"|"southern, western part of England"|"20161007181609"|"AA00069"|""
"S034947"|"School Applied Before"|"Winchester"|"20161008115703"|"AA00011"|""
"S034979"|"English Standard"|"AVERAGE"|"20161013094409"|"AA00069"|""
"S034979"|"Interests / Hobbies"|"FOOTBALL"|"20161013094409"|"AA00069"|""
"S034979"|"Preferred School Type"|"CO-ED"|"20161013094409"|"AA00069"|""
"S034979"|"Studying in UK School"|"BROTHER"|"20161013094409"|"AA00069"|""
"S034964"|"Character"|"friendly, calm, sometimes avtive, sometimes quiet"|"20161013095440"|"AA00011"|""
"S034975"|"Character"|"active, amicable"|"20161014095154"|"AA00069"|""
"S034975"|"Reasons to Study in UK"|"high quality education"|"20161014095154"|"AA00069"|""
"S034975"|"English Standard"|"AVERAGE"|"20161014095154"|"AA00069"|""
"S034975"|"Preferred School Type"|"CO-ED"|"20161014095154"|"AA00069"|""
"S034987"|"Location Preference"|"out of london"|"20161014095811"|"AA00069"|""
"S034987"|"English Standard"|"EXCELLENT"|"20161014095811"|"AA00069"|""
"S034987"|"Preferred School Type"|"NO PREFERENCE"|"20161014095811"|"AA00069"|""
"S034972"|"Learning Difficulties"|"Yes ,"|"20161014123334"|"AA00069"|""
"S034972"|"Relatives / Friends Studying in UK"|"Yes,"|"20161014124636"|"AA00069"|""
"S035014"|"English Standard"|"ABOVE AVERAGE"|"20161015100616"|"AA00069"|""
"S034994"|"English Standard"|"ABOVE AVERAGE"|"20161017095946"|"AA00069"|""
"S034994"|"Preferred School Type"|"NO PREFERENCE"|"20161017095946"|"AA00069"|""
"S034992"|"English Standard"|"ABOVE AVERAGE"|"20161017100435"|"AA00069"|""
"S034992"|"Preferred School Type"|"CO-ED"|"20161017100435"|"AA00069"|""
"S034996"|"Character"|"Cheerful"|"20161017100854"|"AA00069"|""
"S034996"|"English Standard"|"ABOVE AVERAGE"|"20161017100854"|"AA00069"|""
"S034996"|"Preferred School Type"|"NO PREFERENCE"|"20161017100854"|"AA00069"|""
"S035009"|"English Standard"|"EXCELLENT"|"20161017101429"|"AA00069"|""
"S035153"|"English Standard"|"AVERAGE"|"20161018094536"|"AA00069"|""
"S035143"|"English Standard"|"ABOVE AVERAGE"|"20161018095037"|"AA00069"|""
"S035143"|"Preferred School Type"|"NO PREFERENCE"|"20161018095037"|"AA00069"|""
"S035003"|"Relatives / Friends Studying in UK"|"Yes, TBA"|"20161019150319"|"AA00011"|""
"S035018"|"Character"|"sociable, positive attitude"|"20161022144151"|"AA00069"|""
"T005189"|"Character"|"SOCIABLE, PLESANT"|"20161024095145"|"AA00069"|""
"T005189"|"English Standard"|"EXCELLENT"|"20161024095145"|"AA00069"|""
"T005189"|"Guardian in UK"|"STUDENT'S AUNT"|"20161024095145"|"AA00069"|""
"T005189"|"Interests / Hobbies"|"VOCAL SINGING, NOVEL WRITING"|"20161024095145"|"AA00069"|""
"T005189"|"Preferred School Type"|"NO PREFERENCE"|"20161024095145"|"AA00069"|""
"S035140"|"Interests / Hobbies"|"Swimmming , Painting"|"20161105105038"|"AA00069"|""
"S035140"|"Character"|"Easy going"|"20161105105055"|"AA00069"|""
"S035140"|"Location Preference"|"possible Watford"|"20161105105153"|"AA00069"|""
"S035168"|"Character"|"開朗，喜歡參與活動"|"20161111095005"|"AA00069"|""
"S035168"|"Interests / Hobbies"|"唱歌，表演"|"20161111095005"|"AA00069"|""
"S035168"|"English Standard"|"ABOVE AVERAGE"|"20161111095005"|"AA00069"|""
"S035168"|"Preferred School Type"|"GIRLS"|"20161111095005"|"AA00069"|""
"S035160"|"English Standard"|"EXCELLENT"|"20161112133540"|"AA00069"|""
"S035167"|"English Standard"|"AVERAGE"|"20161112150507"|"AA00069"|""
"S035299"|"Character"|"Cheerful,Outgoing,Like to challenge"|"20161222160112"|"AA00069"|""
"S035305"|"Character"|"OUTGOING, HUMOROUS, ENERGETIC, ENTHUSIATIC"|"20161219095713"|"AA00069"|""
"S035305"|"Interests / Hobbies"|"READING, CLARINET, BASKETBALL, GOING TO CINEMA"|"20161219095713"|"AA00069"|""
"S035305"|"Location Preference"|"BRISTOL, OXFORD"|"20161219095713"|"AA00069"|""
"S035305"|"Other Requirement"|"BOARDING"|"20161219095713"|"AA00069"|""
"S035317"|"Learning Difficulties"|"yes"|"20161229103309"|"AA00011"|""
"S035324"|"Other Requirement"|"high ratio for international students, but fewer Chinese students is better"|"20161229170809"|"AA00011"|""
"S035331"|"School Preferred"|"Royal cochester"|"20161231094241"|"AA00069"|""
"S035331"|"School Preferred"|"Royal cochester,Longborongh Grammar School,Warwick School"|"20161231101453"|"AA00069"|""
"S035331"|"Character"|"optimistic"|"20161231094241"|"AA00069"|""
"S034012"|"Special Talents"|"Take chemistry which is required for Veterinary degree.
Better chance of admission to a good university."|"20161231102706"|"AA00069"|""
"S033302"|"School Preferred"|"Harrow"|"20150725114652"|"AA00011"|""
"S033302"|"School Applied Before"|"Harrow, registered with Harrow since a few years old"|"20150725114725"|"AA00011"|""
"S033302"|"Reasons to Study in UK"|"Father went to Harrow"|"20150725114747"|"AA00011"|""
"S035352"|"Other Requirement"|"sports / basketball is his favourite"|"20170111112837"|"AA00011"|""
"S035365"|"Interests / Hobbies"|"羽毛球,游泳"|"20170114093933"|"AA00011"|""
"S035365"|"Character"|"樂觀,友善,活潑"|"20170114093933"|"AA00011"|""
"S035362"|"Preferred School Type"|"Winchester"|"20170114142645"|"AA00027"|""
"S035362"|"Relatives / Friends Studying in UK"|"yes. Winchester"|"20170114142631"|"AA00027"|""
"S035400"|"Guardian in UK"|"FATHER'S SISTER"|"20170119100402"|"AA00011"|""
"S035400"|"Interests / Hobbies"|"MUSIC-CELLO GRADE 8, VIOLIN GRADE 8, PIANO GRADE7"|"20170119100402"|"AA00011"|""
"S035417"|"Max Budget per Term"|"around GBP 32, pa."|"20170127120235"|"AA00011"|""
"S035422"|"Other Requirement"|"hopefully he can continue to do sailing & competitive swimming"|"20170202134216"|"AA00011"|""
"S035530"|"School Preferred"|"Westmister sixth form,St Paul's Girls,Godolphin ,CLC,Guidford girls high,StephenPerse for sixth form -A levels"|"20170220120645"|"AA00069"|""
"S035531"|"Interests / Hobbies"|"Basketball,Rugby,photography,Gaming"|"20170220134113"|"AA00069"|""
"S035533"|"Interests / Hobbies"|"Art,Singing"|"20170220155341"|"AA00069"|""
"S035538"|"Relatives / Friends Studying in UK"|"Yes"|"20170221120853"|"AA00069"|""
"S035561"|"Learning Difficulties"|"No"|"20170225161200"|"AA00069"|""
"S035563"|"Other Requirement"|"Have subject of Dancing Va and class of dancing"|"20170227154001"|"AA00069"|""
"S035571"|"Interests / Hobbies"|"SCIENCE, DRAWING"|"20170223095827"|"AA00069"|""
"S035571"|"Guardian in UK"|"COUSIN"|"20170223095827"|"AA00069"|""
"S035584"|"Special Talents"|"swimming, spanish"|"20170304104103"|"AA00011"|""
"S035604"|"Character"|"Thoughtful,conscientious and deliberate type.Very observant and pays close attention"|"20170307172311"|"AA00069"|""
"S035610"|"Character"|"Confident,outgoing,inquisitive ,self-motovated"|"20170309153045"|"AA00069"|""
"S035618"|"Character"|"cheerful, talkative"|"20170308094915"|"AA00011"|""
"S033387"|"Relatives / Friends Studying in UK"|"Yes,batj"|"20170313102331"|"AA00069"|""
"S033387"|"Relatives / Friends Studying in UK"|"Yes,bath"|"20170313102336"|"AA00069"|""
"S035660"|"Religion Requirement"|"CHRISTIANITY"|"20170315095450"|"AA00011"|""
"S035636"|"Interests / Hobbies"|"Golf,Tennis,Volleyball,Hit pop dance,Korea Cultures"|"20170316104302"|"AA00069"|""
"S035675"|"Character"|"開朗，活潑，"|"20170318094524"|"AA00069"|""
"S035646"|"Interests / Hobbies"|"Drama(both actress and backstage)"|"20170318100953"|"AA00069"|""
"S035643"|"Special Talents"|"NA"|"20170223095448"|"AA00069"|""
"S035657"|"School Preferred"|"Beaumont"|"20170323103143"|"AA00069"|""
"S035658"|"Learning Difficulties"|"Yes"|"20170323104426"|"AA00069"|""
"S035658"|"Learning Difficulties"|"Yes,minor Chinese learning difficuties"|"20170323104457"|"AA00069"|""
"S035661"|"Relatives / Friends act as Guardian in UK"|"Yes,9 Tarragon Close,Lower Earlery"|"20170324103007"|"AA00069"|""
"S035661"|"Relatives / Friends act as Guardian in UK"|"Yes,9 Tarragon Close,Lower Earley"|"20170324103025"|"AA00069"|""
"S035684"|"School Preferred"|"St Catherine
Brighton
Concord"|"20170330094332"|"AA00069"|""
"S035686"|"School Preferred"|"Girls/Co-ed"|"20170403100807"|"AA00069"|""
"S035706"|"Interests / Hobbies"|"Outdoor activities,Travelling,Horse-riding,Table tennis,Playing Violin"|"20170408155041"|"AA00069"|""
"S035766"|"Interests / Hobbies"|"聽音樂"|"20170418094501"|"AA00069"|""
"S035766"|"Character"|"被動"|"20170418094501"|"AA00069"|""
"S035737"|"Interests / Hobbies"|"soccer - plays striker for 2 teams : 1) chelsea and 2) APSS
English writing - recently won 2 Arch education ""Student of Course "" awards"|"20170420110930"|"AA00011"|""
"S035737"|"Special Talents"|"very strong footballplayer, coaches tell me he will be entered to try out for Hong Kong fottball team which intakes when students turn 10 years old"|"20170420111307"|"AA00011"|""
"S035744"|"School Preferred"|"Canterbury"|"20170313095731"|"AA00069"|""
"S035737"|"School Preferred"|"Winchester, Harrow, Eaton, Tonbridge, Radley, Sevenoaks"|"20170420111343"|"AA00011"|""
"S035737"|"School Applied Before"|"Winchester, Eaton, Tonbridge, Radley, Sevenoaks would like to apply to Harrow via Academic Asia"|"20170420111428"|"AA00011"|""
"S035744"|"School Preferred"|"Ampleforthur"|"20170422133148"|"AA00069"|""
"S035744"|"Other Requirement"|"Traditional and disciplined"|"20170313095731"|"AA00069"|""
"S035772"|"Interests / Hobbies"|"drawing"|"20170504101411"|"AA00011"|""
"S035772"|"Location Preference"|"girls / co-ed"|"20170504102724"|"AA00011"|""
"S035788"|"Interests / Hobbies"|"Reading,playing the clarihet"|"20170506151003"|"AA00069"|""
"S035801"|"Character"|"pleasant, outgoing"|"20170512155632"|"AA00011"|""
"S034772"|"Preferred School Type"|"NO PREFERENCE"|"20160822104226"|"AA00011"|""
"S034035"|"Preferred School Type"|"girls"|"20160212163251"|"AA00011"|""
"S034035"|"School Preferred"|"Headington School, St. Mary School Shaltesbury"|"20160212163420"|"AA00011"|""
"S035821"|"School Preferred"|"Preparatory boarding school school : Dragon,Papplewi summer field,Horris Hill ,Cothill"|"20170516155407"|"AA00069"|""
"S031569"|"Interests / Hobbies"|"Ethan loves sports, with special interest in soccer, tennis, swimming, taekwodo, basketball"|"20140607153214"|"AA00011"|""
"S031569"|"Preferred School Type"|"boys"|"20140607153258"|"AA00011"|""
"S035838"|"School Preferred"|"Harrow,middlesex"|"20170522112530"|"AA00069"|""
"S035843"|"Interests / Hobbies"|"Violin,Piano,Orchester,Drawing,Comics"|"20170525111024"|"AA00069"|""
"S035843"|"Character"|"Cheerful,Reserved,Pragmatic,"|"20170525111433"|"AA00069"|""
"S035843"|"Interests / Hobbies"|"Violin,Piano,Orchester,Drawing,Comics"|"20170525111056"|"AA00069"|""
"S035843"|"Character"|"Cheerful,Reserved,Pragmatic"|"20170525113540"|"AA00069"|""
"S035844"|"School Preferred"|"Ou"|"20170525145127"|"AA00069"|""
"S035844"|"School Applied Before"|"Radley,"|"20170525145201"|"AA00069"|""
"S035870"|"School Applied Before"|"Marborough College Summer Program in 2016"|"20170601163032"|"AA00069"|""
"S035890"|"Location Preference"|"England"|"20170609164350"|"AA00069"|""
"S035890"|"School Preferred"|"Tonbridge,Radley"|"20170609164716"|"AA00069"|""
"S035890"|"School Preferred"|"Tonbridge,Radley,Harrow ,Charterhouse"|"20170609164807"|"AA00069"|""
"S035890"|"School Preferred"|"Tonbridge,Radley,Harrow,Charterhouse"|"20170609165310"|"AA00069"|""
"S035890"|"Reasons to Study in UK"|"Boys Boarding"|"20170609164851"|"AA00069"|""
"S035892"|"School Applied Before"|"King's Canterbury,Dulwich College,Cheltenham College,Oundle year 7 of King & Cheltenham College has acepted my son but we wish to look for year 9 when he is 13+,so we defeued."|"20170610120013"|"AA00069"|""
"S035892"|"Relatives / Friends Studying in UK"|"Yes,his edler sister in year 9 , Cheltenham"|"20170610115532"|"AA00069"|""
"S035895"|"Reasons to Study in UK"|"want to become more independent, learn in an environment that can inspire girl to think, have more extra cirricular activities"|"20170610163105"|"AA00011"|""
"S035906"|"School Applied Before"|"School School"|"20170617130441"|"AA00069"|""
"S035912"|"Special Talents"|"piano level 10, royal level 6"|"20170619102017"|"AA00011"|""
"S033327"|"Interests / Hobbies"|"Soccer, Travelling, Reading"|"20150730100136"|"AA00038"|""
"S033327"|"Character"|"Gentle, cheerful and diligent"|"20150730100136"|"AA00038"|""
"S033327"|"School Preferred"|"No particular preference for now"|"20150730100136"|"AA00038"|""
"S033327"|"Max Budget per Term"|"No particular concern in this"|"20150730100136"|"AA00038"|""
"S033327"|"Other Requirement"|"Liberal school"|"20150730100136"|"AA00038"|""
"S033327"|"School Applied Before"|"NIL"|"20150730100136"|"AA00038"|""
"S033327"|"Reasons to Study in UK"|"NA"|"20150730100136"|"AA00038"|""
"S033327"|"School Preferred"|"Surrey?  But not a must"|"20170628103650"|"AA00011"|""
"S033327"|"Location Preference"|"South West of London"|"20150730100136"|"AA00038"|""
"S033327"|"Special Talents"|"Unfortunately No"|"20150730100136"|"AA00038"|""
"S035940"|"Interests / Hobbies"|"maths, sciences, table tennis, reading, coding"|"20170628151359"|"AA00011"|""
"S035943"|"Interests / Hobbies"|"swiming, waterball"|"20170629141359"|"AA00011"|""
"S035951"|"Relatives / Friends Studying in UK"|"Yes,Queen's College,Tauntoo (Just grauduated Year 13 , await A-Levels Result)"|"20170703125443"|"AA00069"|""
"S035951"|"Relatives / Friends Studying in UK"|"Yes,Queen's College,Taunton (Just grauduated Year 13 , await A-Levels Result)"|"20170703130230"|"AA00069"|""
"S035968"|"Preferred School Type"|"girls /"|"20170710102713"|"AA00011"|""
"S035969"|"Character"|"kind, moderate, justice"|"20170710105153"|"AA00011"|""
"S035980"|"Interests / Hobbies"|"ice-skating, reading"|"20170712123856"|"AA00011"|""
"S035864"|"School Preferred"|"Harrow School, Winchester College, Uppingham School, Stowe School, Wellington School Somerset, Brighton College"|"20170529161024"|"AA00011"|""
"S036008"|"School Preferred"|"Campbell College"|"20170718102317"|"AA00069"|""
"S036008"|"School Preferred"|"Campbell College,Royal School armagh"|"20170718102332"|"AA00069"|""
"S036011"|"Interests / Hobbies"|"football, science"|"20170719170348"|"AA00011"|""
"S036014"|"English Standard"|"swimming, soccer, movie"|"20170720154201"|"AA00011"|""
"S036045"|"Special Talents"|"group leader of Boy Scout, playing cello, school's swimming team member"|"20170719110418"|"AA00011"|""
"S036045"|"School Preferred"|"Concord, Brighten, Ruthin,"|"20170719110418"|"AA00011"|""
"S036045"|"School Preferred"|"Concord, Brighten, Ruthin,Wellington"|"20170728111640"|"AA00069"|""
"S036055"|"Interests / Hobbies"|"Reading, gymnastics, singing and dancing"|"20170727094629"|"AA00069"|""
"S036055"|"Location Preference"|"Not too far from London (without 2 hours)"|"20170727094629"|"AA00069"|""
"S036082"|"Religion Requirement"|"Yes, christianity"|"20170805151751"|"AA00011"|""
"S036130"|"Character"|"silent, intravent"|"20170819141147"|"AA00011"|""
"S036144"|"Interests / Hobbies"|"football, basketball"|"20170824145626"|"AA00011"|""
"S036150"|"Interests / Hobbies"|"music, horse riding, rock climbing"|"20170825144429"|"AA00011"|""
"S036150"|"Character"|"pleasant,"|"20170825144452"|"AA00011"|""
"S036150"|"Reasons to Study in UK"|"hope to study in the Royal"|"20170825145114"|"AA00011"|""
"S036156"|"Religion Requirement"|"CHRISTIAN"|"20160321145456"|"AA00011"|""
"S036156"|"School Applied Before"|"ETON COLLEGE"|"20160321145456"|"AA00011"|""
"S036208"|"Interests / Hobbies"|"Football , Badminton,"|"20170905112833"|"AA00069"|""
"S036208"|"Interests / Hobbies"|"Football , Badminton,"|"20170905120001"|"AA00069"|""
"S036216"|"Interests / Hobbies"|"art / sport"|"20170907144802"|"AA00011"|""
"S036218"|"Relatives / Friends act as Guardian in UK"|"Yes,Gradporents-London"|"20170907145552"|"AA00069"|""
"S036218"|"Reasons to Study in UK"|"Father studied at Eton,on the student's cousin is at Harrow , we are looking for the immersive experience of a top UK boarding school."|"20170907145759"|"AA00069"|""
"S036218"|"Reasons to Study in UK"|"Father studied at Eton,on the student's cousin is at Harrow , we are looking for the immersive experience of a top UK boarding school."|"20170907150805"|"AA00069"|""
"S036225"|"Other Requirement"|"Strong motivation for Yi to do well academicelly character wise be confident to express himself in public, Yi aims at medicine/Science at under -graduate level"|"20170908171816"|"AA00069"|""
"S036225"|"School Preferred"|"Carfiffi;Westminster;Sevenoaks"|"20170908171849"|"AA00069"|""
"S036235"|"Interests / Hobbies"|"model United Nations, Dancing"|"20170909151126"|"AA00011"|""
"S036235"|"Interests / Hobbies"|"model United Nations, dancing"|"20170909151141"|"AA00011"|""
"S036254"|"School Applied Before"|"Ardingly College,Wellington College"|"20170912161429"|"AA00069"|""
"S036254"|"Reasons to Study in UK"|"Academic Rigour,Interested in Paofile of universities"|"20170912162005"|"AA00069"|""
"S036254"|"Interests / Hobbies"|"Fencing,Cello,Running,Reading,Maths"|"20170912161115"|"AA00069"|""
"S036256"|"Relatives / Friends Studying in UK"|"Yes, winchester College, brother"|"20170913113148"|"AA00011"|""
"S036256"|"Interests / Hobbies"|"reading (particularly Greek Hythology), computer, swimming, table tennis and violin"|"20170913113108"|"AA00011"|""
"S036290"|"Character"|"Enthusiasm,Outgoing,Bighearted,Proactive"|"20170918110540"|"AA00069"|""
"S036290"|"Relatives / Friends Studying in UK"|"Yes ,Southampton"|"20170918110631"|"AA00069"|""
"S036290"|"Religion Requirement"|"Christianity"|"20170918110737"|"AA00069"|""
"S036290"|"Religion Requirement"|"christianity"|"20170918110748"|"AA00069"|""
"S036294"|"Relatives / Friends Studying in UK"|"Yes, Coventry city"|"20170923153928"|"AA00011"|""
"S036301"|"Character"|"energetic, independent, thoughtfull"|"20170929100052"|"AA00011"|""
"S036303"|"Character"|"Optimism, happy, king, friendly"|"20170925100619"|"AA00069"|""
"S033402"|"Character"|"kind, responsible, diligent, happy"|"20150820112425"|"AA00011"|""
"S033402"|"Relatives / Friends Studying in UK"|"Yes, London"|"20150820112435"|"AA00011"|""
"S033402"|"Reasons to Study in UK"|"Mother studied there.  Uncle went to Winchester."|"20150820112537"|"AA00011"|""
"S033402"|"Reasons to Study in UK"|"Mother studied there.  We like the British culture and way of teaching"|"20171007111102"|"AA00011"|""
"S033402"|"Interests / Hobbies"|"maths, golf, skiing, board games, building structures, biking"|"20150820112410"|"AA00011"|""
"S036328"|"English Standard"|"ABOVE AVERAGE"|"20170411154732"|"AA00069"|""
"S036328"|"Character"|"Open, Direct, Easy Going, Forgiving, Gentle, Inquisitive"|"20170411154732"|"AA00069"|""
"S036328"|"Interests / Hobbies"|"Reading, Skiing, Playing Rugby"|"20170411154732"|"AA00069"|""
"S036328"|"School Preferred"|"Harrow London
Charterhouse London
Other Sports Centric Schools"|"20170411154732"|"AA00069"|""
"S036328"|"School Applied Before"|"ETON College
Winchester College"|"20170411154732"|"AA00069"|""
"S036328"|"School Applied Before"|"ETON College
Winchester College
Harrow"|"20171010124837"|"AA00069"|""
"S036330"|"Character"|"Pleasant, patient and adventurous"|"20171010100108"|"AA00069"|""
"S036330"|"Interests / Hobbies"|"He loves classical music and play instrument, proud to be Cub Scout"|"20171010100108"|"AA00069"|""
"S036332"|"Interests / Hobbies"|"reading, drawing"|"20171012165601"|"AA00078"|""
"S036332"|"Character"|"quiet"|"20171012165615"|"AA00078"|""
"S036346"|"Interests / Hobbies"|"swimming, ping pong, basketball"|"20171013174035"|"AA00069"|""
"S036465"|"Interests / Hobbies"|"Badminton, Running, Playing the guitar, photography, history"|"20171024111146"|"AA00069"|""
"S043911"|"English Standard"|"excellent"|"20230705120730"|"AA00011"|""
"S036535"|"Character"|"OPTIMISTIC, HARDWORKING, CONFIDENT"|"20171025103028"|"AA00011"|""
"S036535"|"Interests / Hobbies"|"SWIMMING, PLAYING SQUASH, LEGO ROBOTIC, PLAYING THE PIANO AND GUITAR,"|"20171025103028"|"AA00011"|""
"S036535"|"Reasons to Study in UK"|"FOR BETTER EDUCATION"|"20171025103028"|"AA00011"|""
"S036535"|"School Preferred"|"HARROW, ETON,"|"20171025103028"|"AA00011"|""
"S036468"|"Interests / Hobbies"|"History, Reading, Music, Piano, Singing, Martial Arts, Cooking"|"20171026122153"|"AA00069"|""
"S036606"|"School Preferred"|"Warwick university"|"20171103151038"|"AA00069"|""
"S036488"|"Interests / Hobbies"|"Saxophone"|"20171104114217"|"AA00069"|""
"S036530"|"Character"|"Humorous"|"20171117165256"|"AA00069"|""
"S008529"|"School Preferred"|"Cardiff Sixth Form College"|"20171118095835"|"AA00069"|""
"S008529"|"School Applied Before"|"The National Maths And Science College"|"20171118100537"|"AA00069"|""
"S036535"|"School Preferred"|"Harrow, Eton"|"20171025103505"|"AA00011"|""
"S036542"|"Character"|"silent,"|"20171118144431"|"AA00011"|""
"S036568"|"School Preferred"|"Cheltenham Ladies College"|"20171125171233"|"AA00069"|""
"S036578"|"Special Talents"|"gifted boy, stronge math and other learning ability"|"20171123094718"|"AA00069"|""
"S036639"|"Character"|"ACTIVE,ATHLETIC, ATTENTIVE, POLITE"|"20171218094850"|"AA00069"|""
"S036639"|"Interests / Hobbies"|"PLAYING FOOTBALL"|"20171218094850"|"AA00069"|""
"S036639"|"Reasons to Study in UK"|"TO LEARN MORE ENGLISH"|"20171218094850"|"AA00069"|""
"S036654"|"Interests / Hobbies"|"maths, violin, piano"|"20171228143458"|"AA00011"|""
"S036685"|"Relatives / Friends Studying in UK"|"Yes, Bistol"|"20180109145834"|"AA00069"|""
"S036685"|"Relatives / Friends Studying in UK"|"Yes, Bistrol"|"20180109145903"|"AA00069"|""
"S036686"|"Interests / Hobbies"|"Interested in compurt programming and English Scrabble game"|"20180109154604"|"AA00069"|""
"S036690"|"School Preferred"|"Royal Grammar School, High Wycombe"|"20180111132006"|"AA00069"|""
"S036694"|"Character"|"Hopefulness, Shy, Iventive, Pleaseant, Wise"|"20180112145304"|"AA00069"|""
"S036701"|"Reasons to Study in UK"|"Opportunity to see the world as well as taking in the allove & culture of a new lead.Good reference from parents who spend their school & university days in the UK"|"20180115104541"|"AA00069"|""
"S036704"|"Special Talents"|"Tai Kwon Do (Black Bele), Fencing (Under Champion UK)"|"20180116100157"|"AA00069"|""
"S036704"|"Reasons to Study in UK"|"Parent from UK and sister current studying in UK"|"20180116100437"|"AA00069"|""
"S036706"|"Character"|"Active, Outgoing, Discipline"|"20180116165304"|"AA00069"|""
"S036708"|"Interests / Hobbies"|"sports including running, swimming, bathlon, hockey, rugby, tennis, football"|"20180117095324"|"AA00011"|""
"S036708"|"Religion Requirement"|"We are Christian but not reouired"|"20180117095702"|"AA00011"|""
"S036708"|"Relatives / Friends act as Guardian in UK"|"Yes, Panin & Guildford"|"20180117095507"|"AA00011"|""
"S036708"|"Relatives / Friends act as Guardian in UK"|"Yes, Pann & Guildford"|"20180117101056"|"AA00011"|""
"S036731"|"Interests / Hobbies"|"#Music;Violin,Viola,Piano,Theory orchestra participation in both violin & viola
#Sports:Tennis,Ice Hockey
#ICT:Computer Coding,Programming,Apps Lab."|"20180123154039"|"AA00069"|""
"S036755"|"School Preferred"|"Tonbridge"|"20180201111509"|"AA00069"|""
"S036757"|"Interests / Hobbies"|"sports, listening to music, kind, outgoing"|"20180202155733"|"AA00011"|""
"S036765"|"School Preferred"|"Wycombe Abbey School, Cheltenham Ladies’ College, 
Benenden school, Downe House School, 
St Mary Ascot"|"20180203093504"|"AA00069"|""
"S036773"|"Relatives / Friends Studying in UK"|"Yes"|"20180209114528"|"AA00011"|""
"S036773"|"Interests / Hobbies"|"tackwondo, badminton, programming"|"20180209114410"|"AA00011"|""
"S036818"|"Relatives / Friends Studying in UK"|"London"|"20180215115753"|"AA00011"|""
"S036822"|"Character"|"Practical, Perceptive, Adaptable, Resposible"|"20180220150339"|"AA00069"|""
"S036825"|"Location Preference"|"boys"|"20180221101858"|"AA00011"|""
"S036817"|"English Standard"|"AVERAGE"|"20180213094544"|"AA00069"|""
"S036817"|"Location Preference"|"ENGLAND"|"20180213094544"|"AA00069"|""
"S036817"|"Character"|"CHEERFUL"|"20180213094544"|"AA00069"|""
"S031255"|"Interests / Hobbies"|"tennis"|"20140305165807"|"AA00011"|""
"S036842"|"Reasons to Study in UK"|"I can learn my desired professional knowlege"|"20180226115632"|"AA00011"|""
"S036842"|"Reasons to Study in UK"|"I can learn my desired professional knowlege in UK.  The degree of UK universities which is widely recognised in Hong Kong is helpful to my job application."|"20180226120348"|"AA00011"|""
"S036856"|"Interests / Hobbies"|"Graphic design, table tennis, playing the piano"|"20180303093645"|"AA00069"|""
"S036912"|"School Applied Before"|"LANCASTER UNIVERSITY,UNIVERSITY OF SHEFFIELD, NEWCASTLE UNIVERSITY, DURHAM UNIVERSITY"|"20180228095658"|"AA00011"|""
"S036867"|"Character"|"cheerful"|"20180306162945"|"AA00069"|""
"S036903"|"Interests / Hobbies"|"running, table tennis, fun shooting, card games, computer games"|"20180307180106"|"AA00011"|""
"S036903"|"Character"|"helpful, many friends, don't want people to put focus on him"|"20180307180211"|"AA00011"|""
"S036905"|"Character"|"optimistic, focus, little messy for her own stuff"|"20180307180737"|"AA00011"|""
"S036905"|"Character"|"optimistic, focus, little messy for her own stuff"|"20180307180845"|"AA00011"|""
"S036905"|"Character"|"challangeable, optimistic, focus, little messy for her own stuff"|"20180307181019"|"AA00011"|""
"S036876"|"Interests / Hobbies"|"Playing Basketball, Playing the guitar, Reading, Playing computer games (Legend of Legend) and so on"|"20180309125215"|"AA00069"|""
"S036880"|"Learning Difficulties"|"Yes"|"20180310110105"|"AA00069"|""
"S036884"|"Character"|"ice skating"|"20180310150002"|"AA00011"|""
"S036904"|"Interests / Hobbies"|"Grade 8 Clariet , Grade & Piano, Badminton School Team, Hong Kong Badminton youth team training"|"20180316145927"|"AA00069"|""
"S036906"|"Interests / Hobbies"|"loves reading: an avid reader of all types of reading, He has already read the entire Harry Potter series and all the other 12 Percy Jackson books."|"20180317100945"|"AA00011"|""
"S036906"|"Character"|"Ashton is a very"|"20180317101342"|"AA00011"|""
"S036906"|"Character"|"Ashton is a very happy,"|"20180317102401"|"AA00011"|""
"S036906"|"Interests / Hobbies"|"loves reading: an avid reader of all types of reading, He has already read the entire Harry Potter series and all the other 12 Percy Jackson books.
mathematically gifted: enjoys learning advanced mathematical concepts, logic puzzies, sudoky and chess
school choir: since K1 a member of the school and the Boys Choir in the Hong Kong Academy of Performing Arts (HKAPA) from Aug 2017
piano: He received second runner up in the 69th Hong Kong Schools Music Festival competition for Piano playing that co-taught by Ms. Eleanor Wong (Prof.HKAPA)
sports: great team player in the HK Football Association"|"20180317101254"|"AA00011"|""
"S036906"|"Location Preference"|"co-ed"|"20180317103714"|"AA00011"|""
"S036930"|"English Standard"|"Above Avergae"|"20180326170915"|"AA00069"|""
"S036936"|"School Preferred"|"Packwood haugh Preparatory School"|"20180326180110"|"AA00069"|""
"S036936"|"Reasons to Study in UK"|"We like schools in UK while we think are inspiring to pupils.
UK offers an environment where pupils are more disciplined and with traditional values."|"20180326180235"|"AA00069"|""
"S036797"|"Interests / Hobbies"|"Horse back riding, Field & track"|"20180404100644"|"AA00011"|""
"S036797"|"School Preferred"|"Benenden School,"|"20180404100942"|"AA00011"|""
"S036797"|"School Preferred"|"Benenden School, Sherborne Girl Shool"|"20180404101015"|"AA00011"|""
"S036797"|"School Applied Before"|"Benenden School"|"20180404101034"|"AA00011"|""
"S036955"|"Character"|"smart, strong, sensitive, kindly, creative"|"20180404135920"|"AA00011"|""
"S036963"|"Interests / Hobbies"|"Tennis, Taekwondo, Football, Drums, Latte Art, Drama, Tachnology, Languages"|"20180406174942"|"AA00069"|""
"S036963"|"School Preferred"|"Boys/Co-ed"|"20180406175054"|"AA00069"|""
"S036894"|"Character"|"OPEN MIND, ACTIVE PERSONALITY"|"20180409152048"|"AA00011"|""
"S036976"|"Character"|"Pssionate/confident/responsible"|"20180410110628"|"AA00069"|""
"S036978"|"Reasons to Study in UK"|"To pursure better education and learning environment"|"20180410123259"|"AA00069"|""
"S036978"|"School Preferred"|"Winchester, Eton, Harrows, Tonbridge, Radley, Oundle, Sevenoaks, King's Canterbury"|"20180410123130"|"AA00069"|""
"S036993"|"Relatives / Friends Studying in UK"|"Yes, Harold wood, Romford"|"20180414152648"|"AA00069"|""
"S036993"|"Relatives / Friends act as Guardian in UK"|"Yes, harold wood romford uk"|"20180414152714"|"AA00069"|""
"S036993"|"Relatives / Friends act as Guardian in UK"|"Yes, harold wood romford"|"20180414152721"|"AA00069"|""
"S036992"|"Reasons to Study in UK"|"UK has a very good and reputable education system.  It encourages and puts more value on critical and analytical thinking, and focuses more on the process of learning rather then results than schools in Hong Kong."|"20180414153752"|"AA00011"|""
"S037006"|"Special Talents"|"Piano grade 5,"|"20180420100215"|"AA00069"|""
"S037005"|"Character"|"QUIET"|"20180421095037"|"AA00011"|""
"S037005"|"Guardian in UK"|"DEPENDS ON THE SCHOOL LOCATION"|"20180421095037"|"AA00011"|""
"S037005"|"Interests / Hobbies"|"CHESS, MODEL MAKING, READING AND LEGO"|"20180421095037"|"AA00011"|""
"S037005"|"Location Preference"|"SOUTHERN HALF OF ENGLAND"|"20180421095037"|"AA00011"|""
"S037005"|"School Preferred"|"STATE BOARDING SCHOOL IS PRIORITY.
STILL IN SELECTION PROCESS FOR INDEPENDENT SCHOOLS."|"20180421095037"|"AA00011"|""
"S037005"|"Special Talents"|"TRUMPET"|"20180421095037"|"AA00011"|""
"S037005"|"Studying in UK School"|"COUSIN AT UNIVERSITY"|"20180421095037"|"AA00011"|""
"S037014"|"Character"|"Quiet & Observation"|"20180423180534"|"AA00069"|""
"S037016"|"Location Preference"|"With one and half hours from London"|"20180424131335"|"AA00069"|""
"S037016"|"School Preferred"|"Harrow(H.K)"|"20180424131422"|"AA00069"|""
"S037019"|"School Preferred"|"Parents will be in UK together with the children"|"20180426103342"|"AA00069"|""
"S037019"|"Reasons to Study in UK"|"Strong in non-academic subjects (Music history, sports) and lead children in a disciplined manner"|"20180426103459"|"AA00069"|""
"S037018"|"Reasons to Study in UK"|"Strong in non-academic subjects (Music history, sports) and lead children in a disciplined manner"|"20180426101108"|"AA00069"|""
"S037020"|"Interests / Hobbies"|"Maths, Piano"|"20180426104825"|"AA00069"|""
"S037018"|"Reasons to Study in UK"|"Strong in non-academic subjects (Music, History, Sports) and lead children in a disciplined manner"|"20180426103727"|"AA00069"|""
"S037021"|"Reasons to Study in UK"|"To proude a smooth transition to further study in universities in UK."|"20180426110912"|"AA00069"|""
"S037021"|"Character"|"Sicialable, Witty , Bold"|"20180426110429"|"AA00069"|""
"S037020"|"Special Talents"|"Memomizing numbers"|"20180426104412"|"AA00069"|""
"S037020"|"Location Preference"|"Within 2 Hours from Heathrow"|"20180426104439"|"AA00069"|""
"S037044"|"Character"|"QUIET, PASSIVE"|"20180504094958"|"AA00069"|""
"S037044"|"Interests / Hobbies"|"READING ENGLISH BOOKS, TENNIS, STEM"|"20180504094958"|"AA00069"|""
"S037058"|"Reasons to Study in UK"|"enhancing English level, so as to achieve Matthew's goal, in becoming polot or works related to aircrafts"|"20180507174331"|"AA00011"|""
"S036976"|"Location Preference"|"Harrow School/Charterhouse"|"20180410110802"|"AA00069"|""
"S036976"|"School Preferred"|"Harrow/Charterhouse"|"20180410110844"|"AA00069"|""
"S036976"|"Preferred School Type"|"Boys"|"20180410110816"|"AA00069"|""
"S037074"|"Reasons to Study in UK"|"good education system
a balance between academic and interests development"|"20180509164110"|"AA00011"|""
"S037095"|"Other Requirement"|"high number of boarders, various co-curricular activitiesmagnificent facilities"|"20180514162422"|"AA00011"|""
"S037109"|"English Standard"|"______________________"|"20180517145215"|"AA00069"|""
"S037116"|"Interests / Hobbies"|"swimming,"|"20180518170450"|"AA00011"|""
"S037116"|"School Preferred"|"Eton College, Charter house, Radley, Harrow School, Sevenoaks"|"20180518170810"|"AA00011"|""
"S037114"|"School Preferred"|"Eton College, Charter House, Radley, Harrow School, Sevenoaks"|"20180518165601"|"AA00011"|""
"S037126"|"Character"|"damce amd dra,a"|"20180519145713"|"AA00011"|""
"S037126"|"Character"|"dance, drama"|"20180519145724"|"AA00011"|""
"S037129"|"Special Talents"|"strong in maths (maths Olympid), orchestra, drawing"|"20180521100020"|"AA00011"|""
"S037130"|"School Preferred"|"Nadminton School, Brighton College"|"20180521102231"|"AA00011"|""
"S037151"|"Interests / Hobbies"|"Reading, Piano, Art,"|"20180526131020"|"AA00069"|""
"S037151"|"Interests / Hobbies"|"Reading, Piano, Art, Singing & Performing musical theatre, Swimmming, Cooking Girl Scouts"|"20180526133006"|"AA00069"|""
"S037152"|"Interests / Hobbies"|"painting, cello"|"20180526142218"|"AA00011"|""
"S037152"|"Relatives / Friends Studying in UK"|"Yes, Caterham SChool, Surrey"|"20180526142303"|"AA00011"|""
"S037179"|"Special Talents"|"Eletronic Quitar"|"20180608112526"|"AA00069"|""
"S037179"|"Special Talents"|"Electronic Quitar"|"20180608112552"|"AA00069"|""
"S037213"|"Character"|"Inquisitive Introverted Takes tmetowarmup). Humorous, Creative, Diligent"|"20180620151110"|"AA00069"|""
"S037214"|"Interests / Hobbies"|"DIY Arts and crafts Dance, Relreationnac sports, Tennis, Gymnastics, Netball, uiet in large group"|"20180620154342"|"AA00069"|""
"S037214"|"Interests / Hobbies"|"DIY Arts and crafts Dance, Relreationnac sports, Tennis, Gymnastics, Netball, uiet in large groups"|"20180620154350"|"AA00069"|""
"S037212"|"Interests / Hobbies"|"Dance, Gymnastics, Tennis"|"20180620145409"|"AA00069"|""
"S037212"|"Max Budget per Term"|"on school fit"|"20180620145713"|"AA00069"|""
"S037212"|"Preferred School Type"|"Girls/Co-ed"|"20180620145648"|"AA00069"|""
"S037213"|"Character"|"Inquisitive Introverted (Take time to warm up). Humorous, Creative, Diligent"|"20180620151934"|"AA00069"|""
"S037213"|"Preferred School Type"|"Boys/Co-ed"|"20180620152324"|"AA00069"|""
"S037213"|"Reasons to Study in UK"|"UK , US universituy enrolment , broaden knowledge gaining confidence"|"20180620152524"|"AA00069"|""
"S037214"|"Interests / Hobbies"|"DIY Arts and crafts Dance, Relreationnac sports, Tennis, Gymnastics, Netball, uiet in large groups"|"20180620155523"|"AA00069"|""
"S037214"|"Character"|"Easy Going, Quick learner , Docile"|"20180620154444"|"AA00069"|""
"S037225"|"Character"|"Nice , Kind, Outgoing"|"20180626144731"|"AA00069"|""
"S037225"|"Relatives / Friends Studying in UK"|"Yes , 152 old road, Ashtor-in-marketfeld, Wigan Wn49qn"|"20180626144809"|"AA00069"|""
"S037225"|"Other Requirement"|"Have"|"20180626144914"|"AA00069"|""
"S037225"|"Character"|"Nice , Kind, Outgoing"|"20180626144735"|"AA00069"|""
"S037225"|"Relatives / Friends Studying in UK"|"Yes , 152 old road, Ashtor-in-marketfeld, Wigan WN49QN"|"20180626144818"|"AA00069"|""
"S037236"|"English Standard"|"reading, swimming, drawing, handcrafts"|"20180629143508"|"AA00011"|""
"S037239"|"Character"|"pleasant, vivid, prudent"|"20180629152310"|"AA00011"|""
"S037242"|"Relatives / Friends act as Guardian in UK"|"Yes, Cheltenham Ladies College"|"20180629171331"|"AA00069"|""
"S037261"|"Interests / Hobbies"|"Brownies, Speech, Drama, math"|"20180706113318"|"AA00069"|""
"S037268"|"Relatives / Friends Studying in UK"|"Yes, Uppingham School"|"20180709101402"|"AA00011"|""
"S037298"|"Character"|"Nervious,  Weak-hearted"|"20180719171802"|"AA00069"|""
"S037320"|"School Preferred"|"Durham, Exeter, Warick"|"20180725155025"|"AA00011"|""
"S037320"|"Character"|"a bit introvent"|"20180725154939"|"AA00011"|""
"S037344"|"Character"|"outgoing, chherful, responsible"|"20180730095040"|"AA00011"|""
"S037344"|"School Preferred"|"Charterhouse, Harow, or any other schools you deemed fit for my son"|"20180730095207"|"AA00011"|""
"S037355"|"Relatives / Friends act as Guardian in UK"|"London,"|"20180802174916"|"AA00011"|""
"S036648"|"Preferred School Type"|"BOYS"|"20171207094303"|"AA00069"|""
"S036648"|"School Preferred"|"Harrow School"|"20171207094303"|"AA00069"|""
"S036788"|"Relatives / Friends Studying in UK"|"curiosity, pleasant, friendly,"|"20180804094145"|"AA00069"|""
"S037369"|"Special Talents"|"Linguistic capabilities(Learining French)"|"20180804131407"|"AA00069"|""
"S037375"|"Reasons to Study in UK"|"in order to study in good high schools for good university"|"20180806102437"|"AA00011"|""
"S037392"|"Interests / Hobbies"|"Drawing, Scuba Diving, Ice Skating"|"20180810121914"|"AA00069"|""
"S037417"|"Interests / Hobbies"|"Reading, Table Tennis, Football, Aricrafts"|"20180814095409"|"AA00069"|""
"S037418"|"Interests / Hobbies"|"rugby, soccer, computer coding"|"20180816144537"|"AA00011"|""
"S037418"|"Relatives / Friends Studying in UK"|"Yes, sisster will start at CLC in September 2019"|"20180816144707"|"AA00011"|""
"S037420"|"Interests / Hobbies"|"Music, Basketall"|"20180817102431"|"AA00069"|""
"S033049"|"English Standard"|"ABOVE AVERAGE"|"20150505095914"|"AA00038"|""
"S037434"|"Character"|"simple, introverted,"|"20180820140247"|"AA00011"|""
"S037434"|"Character"|"simple, introverted, not blindly worship, clear goal,"|"20180820140537"|"AA00011"|""
"S037434"|"Character"|"simple, introverted, not blindly worship, clear goal, respect parents,"|"20180820141143"|"AA00011"|""
"S037435"|"Reasons to Study in UK"|"want to make clearly the direction when studying in university"|"20180820154357"|"AA00011"|""
"S037447"|"Interests / Hobbies"|"basketball, reading, movies"|"20180824113114"|"AA00011"|""
"S037455"|"Relatives / Friends act as Guardian in UK"|"Yes, Bath"|"20180825154834"|"AA00069"|""
"S037477"|"Location Preference"|"girls"|"20180901144450"|"AA00011"|""
"S037514"|"Special Talents"|"Drama, Voice, impersonalition"|"20180911100214"|"AA00069"|""
"S037515"|"Interests / Hobbies"|"Reading, Swimming"|"20180911132839"|"AA00069"|""
"S037515"|"Interests / Hobbies"|"Reading, Swimming & traveling"|"20180911132850"|"AA00069"|""
"S037517"|"Relatives / Friends act as Guardian in UK"|"Yes, 58 Bamemgatt Road, London W4 4Q4"|"20180911163239"|"AA00069"|""
"S037517"|"Interests / Hobbies"|"the oceans, Stem , Programming, Literature, Sailing"|"20180911162319"|"AA00069"|""
"S037517"|"Character"|"Inquisitive , Curious, Loves learning new things"|"20180911164754"|"AA00069"|""
"S037539"|"Special Talents"|"safety"|"20180917103024"|"AA00011"|""
"S037545"|"School Preferred"|"Badminton, Headington, Uppingham, School"|"20180918153923"|"AA00069"|""
"S037545"|"School Preferred"|"Badminton, Headington, Uppingham School"|"20180918153926"|"AA00069"|""
"S037545"|"School Preferred"|"Badminton, Headington, Uppingham School, King's School Canterbury"|"20180918155114"|"AA00069"|""
"S037558"|"Interests / Hobbies"|"excellent"|"20180923140229"|"AA00011"|""
"S037558"|"Character"|"basketball, guitar, science or STEM, movies, music"|"20180923140317"|"AA00011"|""
"S037562"|"Relatives / Friends Studying in UK"|"Yes, London Suburbs"|"20180927162036"|"AA00011"|""
"S037564"|"Character"|"Introvert, Easy going, Sociable"|"20181002172018"|"AA00069"|""
"S037571"|"Interests / Hobbies"|"ballet, printing"|"20181005123002"|"AA00011"|""
"S037570"|"Special Talents"|"Second top in grade for ay2016-2017 and 2017-2018 selected into Singapore gifted education programme (for top 1% of students in Singapore)"|"20181005121150"|"AA00069"|""
"S037573"|"Relatives / Friends Studying in UK"|"Yes, Gatwick and Southampton"|"20181006135032"|"AA00011"|""
"S037592"|"Learning Difficulties"|"Yes"|"20181013162410"|"AA00011"|""
"S037701"|"School Applied Before"|"St. Swinthun, woldingham, St. Mary, Cambridge, St. Francis' College"|"20181026095935"|"AA00011"|""
"S037702"|"Learning Difficulties"|"Yes"|"20181026162911"|"AA00011"|""
"S037704"|"Interests / Hobbies"|"photofraphy, concert band"|"20181027103656"|"AA00011"|""
"S037704"|"Interests / Hobbies"|"photofraphy, concert band, video-editing, calligraphy, playing in a band, watching animations, listening to music, play the piano and guitor"|"20181027104307"|"AA00011"|""
"S037704"|"Character"|"outgoing, sociable, positive thinking and friendly"|"20181027104340"|"AA00011"|""
"S037709"|"Reasons to Study in UK"|"Think that UK is a reditional and Multiculturalism country , history and culture is very  ricjh so that's why have to go to UK study."|"20181101165545"|"AA00069"|""
"S037709"|"Character"|"Cheerful, outgoing, kind, simple"|"20181101164917"|"AA00069"|""
"S037713"|"Religion Requirement"|"Prefectly Christian School"|"20181105150221"|"AA00069"|""
"S037720"|"School Preferred"|"Badminton, Broomsgrove, schools that offer Psychologh"|"20181110111016"|"AA00011"|""
"S037741"|"Interests / Hobbies"|"above average"|"20181122170849"|"AA00011"|""
"S037781"|"Character"|"initiative, very progressive"|"20181215102753"|"AA00011"|""
"S037784"|"Character"|"Shy, Friendry"|"20181215150523"|"AA00069"|""
"S037813"|"Studying in UK"|"Y"|"20181217095438"|"AA00069"|""
"S037798"|"Interests / Hobbies"|"piano, reading, drawing, watching Anime"|"20181224094335"|"AA00011"|""
"S037800"|"School Preferred"|"CLC, Wybcome Abbey"|"20181227104002"|"AA00011"|""
"S037800"|"Interests / Hobbies"|"singing, music, badminton, Serene loves history and has enrolled in the Gifted Local Programnu CUHK."|"20181227103757"|"AA00011"|""
"S037800"|"Relatives / Friends act as Guardian in UK"|"Yes, Prof. Nike Gregory, University of Cambridge"|"20181227103915"|"AA00011"|""
"S037802"|"Interests / Hobbies"|"Video games, animal care, making small models and solving mathmatical equations."|"20181227131441"|"AA00069"|""
"S037803"|"English Standard"|"ABOVE AVERAGE"|"20181218132810"|"AA00069"|""
"S037809"|"Character"|"開朗"|"20181229132254"|"AA00069"|""
"S037813"|"Know AA From"|"We learn it from our friend , Mr.Alan Fand and the Coolins"|"20190103113548"|"AA00069"|""
"S037819"|"Reasons to Study in UK"|"a). academic  b)."|"20190114112059"|"AA00011"|""
"S037824"|"English Standard"|"excellent"|"20190116100027"|"AA00011"|""
"S037825"|"School Preferred"|"Sevenoaks School, North London College"|"20190116135549"|"AA00011"|""
"S037828"|"Interests / Hobbies"|"Aaran very much enjoys reading, building Lego, playing squash, football, piano and done Taekwondo"|"20190121103423"|"AA00011"|""
"S037832"|"English Standard"|"abaove average"|"20190123102031"|"AA00011"|""
"S037838"|"Relatives / Friends act as Guardian in UK"|"Yes,"|"20190126135639"|"AA00011"|""
"S037838"|"Interests / Hobbies"|"reading, table tennis, Thai"|"20190126135051"|"AA00011"|""
"S037838"|"School Preferred"|"Haberdasher's Adam's Grammar School or any states school in West Midlands"|"20190126140330"|"AA00011"|""
"S037838"|"School Applied Before"|"QE, Cheltenhams, Concord, Old Swinford Hospitals School"|"20190126140739"|"AA00011"|""
"S037858"|"Preferred School Type"|"co-ed"|"20190215170525"|"AA00011"|""
"S037863"|"Special Talents"|"math - admitted to CTY summer program of John Hopkins center for Talented Youth throgh SCAT at the age of 8 year"|"20190218101529"|"AA00011"|""
"S037863"|"Reasons to Study in UK"|"(1) lot of learning opportunities, School has resources to give Isaac whole person development. (2) prefer A-Level which is not available in HK"|"20190218102606"|"AA00011"|""
"S037865"|"Interests / Hobbies"|"photography"|"20190218142514"|"AA00011"|""
"S037978"|"Reasons to Study in UK"|"Breadth of sporting and other opportunities"|"20190312102358"|"AA00069"|""
"S037981"|"School Preferred"|"Epsom College, Uppingham and Kingswood"|"20190314095125"|"AA00011"|""
"S037996"|"Interests / Hobbies"|"Music vocal and piano"|"20190319111657"|"AA00069"|""
"S038007"|"Character"|"Cheerful, Optimistic, PZositivr"|"20190322101047"|"AA00069"|""
"S038011"|"Interests / Hobbies"|"Music, Piano(prepare for grade 8 exam)"|"20190323105413"|"AA00069"|""
"S038016"|"Special Talents"|"Ryan is talented in sports especially in football.  He is now a UIS member of Hong Kong Nataional Youth Football Team."|"20190325104325"|"AA00011"|""
"S037870"|"Relatives / Friends Studying in UK"|"Yes, Winchester, Wycombe, Beneden"|"20190220154829"|"AA00011"|""
"S038024"|"Interests / Hobbies"|"dancing, singing"|"20190327151517"|"AA00011"|""
"S038048"|"Character"|"Very cheerful abd happy boy"|"20190404160627"|"AA00069"|""
"S038067"|"Other Requirement"|"choose a good school for your child and study in a good university in the UK in the future"|"20190411163411"|"AA00011"|""
"S038073"|"Relatives / Friends Studying in UK"|"Lime House, Carlise"|"20190413134201"|"AA00011"|""
"S038063"|"School Preferred"|"Harrow school"|"20190416110014"|"AA00069"|""
"S038428"|"Learning Difficulties"|"Yes"|"20190809143140"|"AA00011"|""
"S038442"|"Interests / Hobbies"|"sports, arts, basketball, swimming, triathlen"|"20190810155014"|"AA00011"|""
"S038063"|"Character"|"Optimistoc, Hard-working, Righteous, Passionate, Outgoing, Friendly, Creative, Determined, Responsible, Willing to try everything, Community-minded, Brave, Critical, Possessing strong leadership, Humorous, Magnanimous, Generous, Keen on tackling the challenging"|"20190416105900"|"AA00069"|""
"S038082"|"Interests / Hobbies"|"SWIMMING, PIANO, WRITING"|"20190416095526"|"AA00069"|""
"S038090"|"Relatives / Friends act as Guardian in UK"|"Yes, sister at Downe House"|"20190423105551"|"AA00069"|""
"S038019"|"Character"|"friendly"|"20190424103205"|"AA00011"|""
"S037851"|"School Preferred"|"Danielle's elder sister will go to UK to study in Sept 2019"|"20190425110153"|"AA00069"|""
"S038095"|"School Preferred"|"Harrow, Eton, Tonbridge, Westminster school, Oundle"|"20190304163932"|"AA00069"|""
"S038110"|"Interests / Hobbies"|"geography (gold medal for Middle School Div in Singapore qualifying competition)"|"20190502103356"|"AA00011"|""
"S038112"|"Interests / Hobbies"|"computers, technology, video games"|"20190503161642"|"AA00011"|""
"S038118"|"Interests / Hobbies"|"Reading, Boxing"|"20190504131006"|"AA00069"|""
"S038163"|"Character"|"开朗"|"20190514145547"|"AA00069"|""
"S038170"|"Reasons to Study in UK"|"used to live in the UK.  Boys attended prep school there.  we would like to return to the UK system of education."|"20190522103250"|"AA00011"|""
"S038182"|"Interests / Hobbies"|"reading, community work"|"20190525170728"|"AA00011"|""
"S035989"|"Interests / Hobbies"|"Sport"|"20170713095427"|"AA00069"|""
"S033791"|"Character"|"ACTIVE"|"20151114094315"|"AA00038"|""
"S033791"|"Guardian in UK"|"ELDER SISTER WORKING IN LONDON"|"20151114094315"|"AA00038"|""
"S033791"|"Interests / Hobbies"|"READING, PLAYING TENNIS"|"20151114094315"|"AA00038"|""
"S033791"|"Reasons to Study in UK"|"BETTER ENVIRONMENT"|"20151114094315"|"AA00038"|""
"S038197"|"Studying in UK School"|"Cousin (表哥) studying in Prior Park"|"20190601120900"|"AA00069"|""
"S038197"|"Guardian in UK"|"Aunt (姑媽) who lives in London"|"20190601120900"|"AA00069"|""
"S038199"|"Relatives / Friends act as Guardian in UK"|"Yes,London"|"20190601152729"|"AA00069"|""
"S038210"|"Interests / Hobbies"|"BADMINTON; DESIGN"|"20190606132406"|"AA00069"|""
"S038222"|"Relatives / Friends act as Guardian in UK"|"Yes, london"|"20190611135731"|"AA00069"|""
"S038244"|"Reasons to Study in UK"|"Free learning"|"20190620123725"|"AA00069"|""
"S038246"|"Character"|"開朗"|"20190620125941"|"AA00069"|""
"S038246"|"Interests / Hobbies"|"唱歌，揚琴"|"20190620125941"|"AA00069"|""
"S038246"|"Interests / Hobbies"|"singing，揚琴"|"20190620140449"|"AA00011"|""
"S038247"|"Character"|"Cheerful, Sociable Outgoing"|"20190620151210"|"AA00069"|""
"S038438"|"Location Preference"|"NO PREFERENCE"|"20190625100453"|"AA00069"|""
"S038260"|"Preferred School Type"|"Boy's/Co-ed"|"20190625104834"|"AA00069"|""
"S037216"|"English Standard"|"Average"|"20180620180320"|"AA00069"|""
"S037216"|"Interests / Hobbies"|"Sports, Guitar, Reading"|"20180620180337"|"AA00069"|""
"S037216"|"Character"|"Friendly, Outgoing"|"20180620180350"|"AA00069"|""
"S038273"|"Special Talents"|"PERFECT PITCH"|"20190524094208"|"AA00069"|""
"S038273"|"Special Talents"|"PERFECT PITCH (esther handle)"|"20190628151809"|"AA00084"|""
"S038285"|"Interests / Hobbies"|"Kart Vacing, all sports"|"20190702101522"|"AA00069"|""
"S038286"|"Interests / Hobbies"|"Piano, Guitar, Clarinet, Swimming"|"20190702110327"|"AA00069"|""
"S038286"|"Interests / Hobbies"|"Piano, Guitar, Clarinet, Swimming"|"20190702110350"|"AA00069"|""
"S038286"|"Character"|"Capable, Intelligent"|"20190702110423"|"AA00069"|""
"S038286"|"Character"|"Capable, Intelligent, Adaptable, Ingenious, Creative, Methodical"|"20190702110726"|"AA00069"|""
"S038286"|"School Applied Before"|"Ready to apply Radley college"|"20190702114153"|"AA00069"|""
"S038286"|"Reasons to Study in UK"|"Being Indepentdent, has an advantage with A"|"20190702114229"|"AA00069"|""
"S038296"|"School Preferred"|"Would like to hear more about: Cardiff, QE, Oxford Int college, Wycombe college, Epsom college, wellington college, Badminton college."|"20190703164605"|"AA00011"|""
"S038311"|"Preferred School Type"|"GIRLS"|"20190702155327"|"AA00069"|""
"S038321"|"Relatives / Friends act as Guardian in UK"|"Yes,"|"20190710151640"|"AA00011"|""
"S038323"|"Interests / Hobbies"|"swimming (in Diocesan Boy's School Primary Division swimming team, in Ladies' Recreation club Sim Squad), sailing, skiing, and tennis"|"20190710163933"|"AA00011"|""
"S038337"|"Interests / Hobbies"|"golf,"|"20190713112642"|"AA00011"|""
"S038339"|"Interests / Hobbies"|"drawing, baking, playing badminton"|"20190705175743"|"AA00069"|""
"S038345"|"Interests / Hobbies"|"Ballet, Music, equestrian, sport, art and sesign, science, Philosophy, animal care, travel, climate"|"20190716102744"|"AA00069"|""
"S038345"|"School Preferred"|"Headington School, Wycombe abbey, Stames Todor Hau, St. Edward's, Heathfield, St margaret's, RMS"|"20190716104122"|"AA00069"|""
"S038345"|"School Preferred"|"Headington School, Wycombe abbey, Stames, Tudor Hall School, St. Edward's, Heathfield, St margaret's, RMS"|"20190716104215"|"AA00069"|""
"S038357"|"Reasons to Study in UK"|"1. To gain entry into Top University"|"20190720112046"|"AA00069"|""
"S038373"|"Reasons to Study in UK"|"UK posses profound cultural heritage and advanced education system where I can receive the comprehensive education for all-around development"|"20190724113902"|"AA00011"|""
"S038379"|"Interests / Hobbies"|"reading, volleyball and foolball"|"20190727112204"|"AA00011"|""
"S038394"|"English Standard"|"Week"|"20190730161433"|"AA00078"|""
"S038407"|"Location Preference"|"South of Ebgland, eg. London, Oxford"|"20190805114921"|"AA00011"|""
"S038413"|"English Standard"|"Average"|"20190806130317"|"AA00069"|""
"S038413"|"Interests / Hobbies"|"Football, basketball"|"20190806130341"|"AA00069"|""
"S035668"|"Interests / Hobbies"|"Piano, volley ball"|"20170311113409"|"AA00069"|""
"S038449"|"Interests / Hobbies"|"Badminton, Swimming, Reading"|"20190813105236"|"AA00069"|""
"S038449"|"School Preferred"|"St Paul's school, Tonbridge school, Sevenoaks School, Charterhouse, Whitgift School, Dulwich college school"|"20190813105432"|"AA00069"|""
"S038463"|"Interests / Hobbies"|"rugby, fencing, fim making, photography, public speaking / debate, reading, magic / cardistry"|"20190816110326"|"AA00011"|""
"S038477"|"School Preferred"|"Tonbridee, Radley, Abingdon, Whitgift,Winchester, Harrow, Eton"|"20190819133051"|"AA00098"|""
"S038494"|"Relatives / Friends Studying in UK"|"mother's colleague's son"|"20190821115812"|"AA00011"|""
"S038495"|"Special Talents"|"strong will power ability of delay gratification"|"20190821121400"|"AA00011"|""
"S038513"|"Interests / Hobbies"|"Chess, Football, Coding"|"20190824110244"|"AA00069"|""
"S038513"|"Relatives / Friends act as Guardian in UK"|"Yes"|"20190824110409"|"AA00069"|""
"S038514"|"Relatives / Friends Studying in UK"|"yes"|"20190824123642"|"AA00069"|""
"S038515"|"Character"|"Cheerful, Friendly , Energetic, Resputful, Trustworthy"|"20190824151536"|"AA00069"|""
"S038515"|"Special Talents"|"art, drawing , atlutiairm"|"20190824151632"|"AA00069"|""
"S038515"|"Special Talents"|"art, drawing , alultiaim"|"20190824152955"|"AA00069"|""
"S038516"|"School Preferred"|"Tonbridge school, Wellington, Winchester, Radley, Oundle, Charterhouse"|"20190824125709"|"AA00069"|""
"S038516"|"Special Talents"|"french horn"|"20190824125454"|"AA00069"|""
"S038522"|"School Preferred"|"CLC, Benenden, Badminton, Headington, ST Swithlen Down House"|"20190824160228"|"AA00069"|""
"S038522"|"School Preferred"|"CLC, Benenden, Badminton, Headington, St. swithun's school, Down House"|"20190824162013"|"AA00069"|""
"S038522"|"School Preferred"|"CLC, Benenden, Badminton, Headington, St. swithun's school, Downe House School"|"20190824162048"|"AA00069"|""
"S038525"|"Character"|"out-going, active, talkative"|"20190826111615"|"AA00053"|""
"S038525"|"School Preferred"|"Lacing, Uppingham"|"20190826111949"|"AA00053"|""
"S038525"|"School Applied Before"|"Ardimghy, Bromsgrove"|"20190826112107"|"AA00053"|""
"S038525"|"School Applied Before"|"Ardingly College, Bromsgrove"|"20190826112909"|"AA00053"|""
"S038528"|"Relatives / Friends Studying in UK"|"Yes , Sister, in Wy"|"20190826154920"|"AA00069"|""
"S038528"|"Canadian"|"Yes, North Finchley"|"20190826155116"|"AA00069"|""
"S038529"|"School Preferred"|"Cardiff Sixth Form College, Brghton College"|"20190826173636"|"AA00069"|""
"S038529"|"School Preferred"|"Cardiff Sixth Form College, Brghton College"|"20190826173709"|"AA00069"|""
"S038534"|"School Preferred"|"Harrow, Tonbridge, Radley, King's School Canterbury, Sevenoaks, Chaterhouse"|"20190827155832"|"AA00088"|""
"S038534"|"Reasons to Study in UK"|"To get better chace to enter top US college"|"20190827160447"|"AA00088"|""
"S038535"|"Interests / Hobbies"|"Piano, Viola, Ice-skating, Maths, Drawing, Drama, Musial, Vocal Singing, Computer science"|"20190827180631"|"AA00088"|""
"S038535"|"School Preferred"|"Cheltenham ladies College"|"20190827180845"|"AA00088"|""
"S038535"|"Reasons to Study in UK"|"Achevie acadmic excellent, strong discepine , independent thinking , etc plus like London"|"20190827181020"|"AA00088"|""
"S038537"|"Interests / Hobbies"|"READING (FICTION & NON-FICTION), WRITING, PIANO, VOLLEYBALL"|"20190828095534"|"AA00011"|""
"S038538"|"Character"|"Outgoing"|"20190827112044"|"AA00069"|""
"S038538"|"Studying in UK"|"N"|"20190827112044"|"AA00069"|""
"S038547"|"Interests / Hobbies"|"Swimming, Golf, Robotics, Coding, Sking"|"20190829115357"|"AA00069"|""
"S038547"|"Character"|"Smart, Talkative, Confident, Presistent, Impatient, Stubborn"|"20190829115641"|"AA00069"|""
"S038547"|"Interests / Hobbies"|"Swimming, Golf, Robotics, Coding, Skiing"|"20190829115511"|"AA00069"|""
"S038547"|"School Preferred"|"Westuinster"|"20190829115839"|"AA00069"|""
"S038547"|"School Preferred"|"Westminster School"|"20190829115937"|"AA00069"|""
"S038547"|"School Preferred"|"Westminster School, Winchester College"|"20190829120108"|"AA00069"|""
"S038547"|"School Preferred"|"Westminster School, Winchester College, Eton College"|"20190829120228"|"AA00069"|""
"S038547"|"School Preferred"|"Westminster School, Winchester College, Eton College, Sevenoaks School,"|"20190829120303"|"AA00069"|""
"S038547"|"School Preferred"|"Westminster School, Winchester College, Eton College, Sevenoaks School, Tonbridge School"|"20190829120352"|"AA00069"|""
"S038547"|"School Preferred"|"Westminster School, Winchester College, Eton College, Sevenoaks School, Tonbridge School, Harrow School"|"20190829120437"|"AA00069"|""
"S038547"|"School Preferred"|"Westminster School, Winchester College, Eton College, Sevenoaks School, Tonbridge School, Harrow School, Charterhouse"|"20190829120522"|"AA00069"|""
"S038547"|"School Preferred"|"Westminster School, Winchester College, Eton College, Sevenoaks School, Tonbridge School, Harrow School, Charterhouse, St. Paul"|"20190829120830"|"AA00069"|""
"S038547"|"Character"|"Smart, Talkative, Confident, Presistent, Impatient, Stubborn"|"20190829115646"|"AA00069"|""
"S038547"|"Interests / Hobbies"|"Swimming, Golf, Robotics, Coding, Skiing, Ceuo"|"20190829115655"|"AA00069"|""
"S038550"|"School Preferred"|"Uppinglam, Winchester college"|"20190830104526"|"AA00069"|""
"S038550"|"Character"|"Quiet but socialble"|"20190830104357"|"AA00069"|""
"S035834"|"Character"|"Self discipline, humble,"|"20190831114842"|"AA00069"|""
"S035834"|"Interests / Hobbies"|"Dance, basketball ,golf, singing"|"20170519173150"|"AA00069"|""
"S035834"|"Interests / Hobbies"|"Dance, volleyball, cross country, violin"|"20190831114933"|"AA00069"|""
"S035834"|"Interests / Hobbies"|"Dance, volleyball, golf"|"20190831115213"|"AA00069"|""
"S038555"|"Interests / Hobbies"|"Dance, volleyball, cross country, violin"|"20190831094753"|"AA00069"|""
"S038555"|"Interests / Hobbies"|"Dance, volleyball, golf"|"20190831115821"|"AA00069"|""
"S038555"|"Character"|"Self discipline, humble,"|"20190831094753"|"AA00069"|""
"S038635"|"Character"|"Obserlant, Dependable, Logcat minded"|"20190910151128"|"AA00088"|""
"S035834"|"Interests / Hobbies"|"Dance, Basketball, cross country, violin, singing"|"20190831115308"|"AA00069"|""
"S038559"|"Other Requirement"|"not too much sports"|"20190831155707"|"AA00011"|""
"S038560"|"Special Talents"|"Tennis and ER-AU ( A Chinese two strings musical instrument )"|"20190902120808"|"AA00069"|""
"S038560"|"School Preferred"|"Bromsgrove. Seven Oaks, Tonbridge. Brighton"|"20190902121218"|"AA00069"|""
"S038560"|"School Preferred"|"Bromsgrove School, Seven Oaks, Tonbridge. Brighton"|"20190902121313"|"AA00069"|""
"S038560"|"School Preferred"|"Bromsgrove School, Sevenoaks School,  Tonbridge. Brighton"|"20190902121400"|"AA00069"|""
"S038560"|"School Preferred"|"Bromsgrove School, Sevenoaks School, Tonbridge School,  Brighton"|"20190902121424"|"AA00069"|""
"S038567"|"Character"|"strong self-discipline, board common"|"20190902164726"|"AA00011"|""
"S038573"|"School Preferred"|"CLC, Bemeoen, Downehouse, St Swith, Headington, Badminton,"|"20190903112651"|"AA00088"|""
"S038573"|"School Preferred"|"CLC, Benenden School, Downehouse, St Swith, Headington, Badminton,"|"20190903112944"|"AA00088"|""
"S038573"|"School Preferred"|"CLC, Benenden School, Downe House School, St Swith, Headington, Badminton,"|"20190903113030"|"AA00088"|""
"S038573"|"School Preferred"|"CLC, Benenden School, Downe House School, St. Swithun's School, Headington, Badminton,"|"20190903113100"|"AA00088"|""
"S038573"|"School Preferred"|"CLC, Benenden School, Downe House School, St. Swithun's School, Headington, Badminton,"|"20190903113125"|"AA00088"|""
"S038573"|"School Preferred"|"CLC, Benenden School, Downe House School, St. Swithun's School, Headington School, Badminton School"|"20190903113229"|"AA00088"|""
"S038573"|"School Preferred"|"CLC, Benenden School, Downe House School, St. Swithun's School, Headington School, Badminton School"|"20190903113301"|"AA00088"|""
"S038573"|"School Preferred"|"Cheltenham Ladies' College, Benenden School, Downe House School, St. Swithun's School, Headington School, Badminton School"|"20190903113528"|"AA00088"|""
"S038573"|"School Preferred"|"Cheltenham Ladies' College, Benenden School, Downe House School, St. Swithun's School, Headington School, Badminton School, St. Catherine's School"|"20190903114508"|"AA00088"|""
"S038575"|"Interests / Hobbies"|"Table Tennis, Running, Aevial, Yoga, Pilates, Piano, Percussion"|"20190903165043"|"AA00088"|""
"S038575"|"Interests / Hobbies"|"Table Tennis, Running, Aevial, Yoga, Pilates, Piano, Percussion,"|"20190903171339"|"AA00088"|""
"S038575"|"Interests / Hobbies"|"Table Tennis, Running, Aevial, Yoga, Pilates, Piano, Percussion"|"20190903165043"|"AA00088"|""
"S038575"|"Interests / Hobbies"|"Table Tennis, Running, Aeviall, Yoga, Pilates, Piano, Percussion"|"20190903171847"|"AA00088"|""
"S038575"|"Interests / Hobbies"|"Table Tennis, Running, Aeviall, Yoga, Pilates, Piano, Percussion, Aerial"|"20190903172021"|"AA00088"|""
"S038582"|"Character"|"polite, very keen to ask question"|"20190903102402"|"AA00088"|""
"S038582"|"Interests / Hobbies"|"Swimming, badminton, cycling"|"20190903102402"|"AA00088"|""
"S038582"|"Religion Requirement"|"Christianity"|"20190903102402"|"AA00088"|""
"S038582"|"Location Preference"|"Southern part of UK"|"20190903102402"|"AA00088"|""
"S038586"|"Character"|"Team worker,"|"20190905170330"|"AA00088"|""
"S038590"|"Reasons to Study in UK"|"Stephanie would likely"|"20190906153809"|"AA00011"|""
"S038590"|"Reasons to Study in UK"|"Stephanie would likely apply to universities in the UK,"|"20190906153825"|"AA00011"|""
"S038598"|"Special Talents"|"music, good presenter, good memory"|"20190907104123"|"AA00088"|""
"S038598"|"Interests / Hobbies"|"music, choir/ singing, sking"|"20190907103924"|"AA00088"|""
"S038598"|"Reasons to Study in UK"|"UK boarding school are better. in addition,parent used to study in UK"|"20190907104203"|"AA00088"|""
"S038605"|"Character"|"Optimistic ,"|"20190907110150"|"AA00088"|""
"S038605"|"Character"|"Optimistic , Knowledgeadle"|"20190907113330"|"AA00088"|""
"S038605"|"Special Talents"|"Go Chess"|"20190907110150"|"AA00088"|""
"S038605"|"Religion Requirement"|"Catholic"|"20190907110150"|"AA00088"|""
"S038607"|"Interests / Hobbies"|"sport (soccer, basketball, track and field, table tennis)"|"20190907141101"|"AA00011"|""
"S038611"|"Reasons to Study in UK"|"Aim at UK univesities and the family will migrate to UK in a few year time"|"20190907154146"|"AA00088"|""
"S038621"|"Interests / Hobbies"|"Rowingm Piano, First Aids"|"20190907170554"|"AA00088"|""
"S038621"|"Reasons to Study in UK"|"Hoping to etabsh enchance himself 's knowledge & future"|"20190907171120"|"AA00088"|""
"S038621"|"Reasons to Study in UK"|"Hoping to estabish enchance himself 's knowledge & future development"|"20190907171224"|"AA00088"|""
"S038621"|"Interests / Hobbies"|"Rowingm Piano, First Aids, Confidence"|"20190907170733"|"AA00088"|""
"S038621"|"Character"|"Cheerful, Happy, Comforent"|"20190907170650"|"AA00088"|""
"S038621"|"Reasons to Study in UK"|"Hoping to establish enchance himself 's knowledge & future development"|"20190907171244"|"AA00088"|""
"S038621"|"Reasons to Study in UK"|"Hoping to establish enchance himself 's knowledge & future explor"|"20190907173013"|"AA00088"|""
"S038623"|"School Applied Before"|"Charterhouse"|"20190909162159"|"AA00011"|""
"S038631"|"Interests / Hobbies"|"dancing, singing, basketball, piano, peicussion ( xylophone & drum )"|"20190909171923"|"AA00088"|""
"S038630"|"Interests / Hobbies"|"watching youtube"|"20190909173656"|"AA00011"|""
"S038631"|"Relatives / Friends Studying in UK"|"yes, in London"|"20190909172409"|"AA00088"|""
"S038632"|"Relatives / Friends Studying in UK"|"yes, Winchester college, CLC"|"20190910114317"|"AA00088"|""
"S038632"|"Relatives / Friends Studying in UK"|"Yes, Winchester college, CLC"|"20190910114334"|"AA00088"|""
"S038635"|"Interests / Hobbies"|"Reading , Traveling. Rock Climing, Sailing, skippings"|"20190910150836"|"AA00088"|""
"S038635"|"Interests / Hobbies"|"Reading , Traveling. Rock Climing, Sailing, Rope skippins"|"20190910150906"|"AA00088"|""
"S038635"|"Character"|"Obserlant, Dependable, Logcay minded"|"20190910151108"|"AA00088"|""
"S041151"|"Special Talents"|"沒有"|"20210415115055"|"AA00011"|""
"S038635"|"Relatives / Friends Studying in UK"|"Yes, in Harrow & Benenden"|"20190910151621"|"AA00088"|""
"S038635"|"Character"|"observant, Dependable, Logcat minded"|"20190910151150"|"AA00088"|""
"S038635"|"Relatives / Friends Studying in UK"|"Yes, in Harrow & Benenden"|"20190910151839"|"AA00088"|""
"S038635"|"Interests / Hobbies"|"Reading , Traveling. Rock Climing, Sailing, Rope skipping"|"20190910150925"|"AA00088"|""
"S038635"|"Character"|"Observant, Dependable, Logcat minded"|"20190910151901"|"AA00088"|""
"S038635"|"Relatives / Friends Studying in UK"|"Yes, cmsms in Harrow & Benenden"|"20190910151951"|"AA00088"|""
"S038638"|"Character"|"Amicable, Friendly, Aggressive, Cooperative"|"20190910153056"|"AA00088"|""
"S038638"|"Interests / Hobbies"|"Reading, Swimming, Volleyball, Netbau, Frawing, Calligraphy"|"20190910152955"|"AA00088"|""
"S038638"|"Character"|"Amicable, Friendly, Aggressive, Cooperative"|"20190910153056"|"AA00088"|""
"S038638"|"School Preferred"|"Westminster, Brighton, Concord, Badmintion, Headington, Caterham Ladies"|"20190910153600"|"AA00088"|""
"S038638"|"School Preferred"|"Westminster, Brighton, Concord, Badminton School, Headington, Caterham Ladies"|"20190910153750"|"AA00088"|""
"S038638"|"School Preferred"|"Westminster, Brighton, Concord College, Badminton School, Headington, Caterham Ladies"|"20190910153827"|"AA00088"|""
"S038638"|"Interests / Hobbies"|"Reading, Swimming, Volleyball, Netball, Frawing, Calligraphy"|"20190910153336"|"AA00088"|""
"S038638"|"Character"|"Amicable, Friendly, Aggressive, Cooperative"|"20190910153451"|"AA00088"|""
"S038638"|"Location Preference"|"Top school boarding school in UK"|"20190910153409"|"AA00088"|""
"S038638"|"Reasons to Study in UK"|"British Higher education and qualifications develop potential while studying"|"20190910153648"|"AA00088"|""
"S038643"|"Special Talents"|"art & craft"|"20190911144238"|"AA00011"|""
"S038646"|"School Preferred"|"Royal Granmmer School High Wycombe"|"20190911155227"|"AA00011"|""
"S038642"|"Character"|"very sociable, friendly, great interests, non-academic knowledge, resourceful, very responsive to new knowledge"|"20190911121400"|"AA00011"|""
"S038648"|"Interests / Hobbies"|"sciences, cycling, photography, cinemotography"|"20190911173002"|"AA00011"|""
"S038664"|"Interests / Hobbies"|"Handball, Football, Badminton, Drawing, Computer coding, Skiing, Taekwando, Roclc-climbing"|"20190912170957"|"AA00088"|""
"S038664"|"Interests / Hobbies"|"Handball, Football, Badminton, Drawing, Computer coding, Skiing, Taekwando, Rock -climbing"|"20190912171013"|"AA00088"|""
"S038664"|"Character"|"gererons, friendly, cheerful, confident"|"20190912171053"|"AA00088"|""
"S038671"|"School Applied Before"|"Daunts"|"20190916110133"|"AA00088"|""
"S038672"|"Interests / Hobbies"|"rugby, soccer, basketball, swimming, chess, piano, coding/modding, diving, jking"|"20190916115248"|"AA00088"|""
"S038672"|"Relatives / Friends Studying in UK"|"yes, brother, abing"|"20190916115520"|"AA00088"|""
"S038672"|"Relatives / Friends act as Guardian in UK"|"yes, leicestor , london"|"20190916115612"|"AA00088"|""
"S038672"|"Religion Requirement"|"prefer majorery"|"20190916115729"|"AA00088"|""
"S038672"|"Religion Requirement"|"prefer majorery boarders"|"20190916120211"|"AA00088"|""
"S038672"|"Interests / Hobbies"|"rugby, soccer, basketball, swimming, chess, piano, coding/modding, diving, jking, dancing"|"20190916115459"|"AA00088"|""
"S038672"|"Interests / Hobbies"|"rugby, soccer, basketball, swimming, chess, piano, coding/modding, diving, jking, dancing, sking"|"20190916120304"|"AA00088"|""
"S038672"|"Interests / Hobbies"|"rugby, soccer, basketball, swimming, chess, piano, coding/modding, diving, jking, dancing, skiing"|"20190916120320"|"AA00088"|""
"S038672"|"Relatives / Friends act as Guardian in UK"|"yes, leicester , london"|"20190916115637"|"AA00088"|""
"S038672"|"Relatives / Friends act as Guardian in UK"|"yes, Leicester , London"|"20190916122639"|"AA00011"|""
"S038672"|"Religion Requirement"|"prefer majority borders"|"20190916120238"|"AA00088"|""
"S038672"|"School Preferred"|"harrow"|"20190916115852"|"AA00088"|""
"S038672"|"School Applied Before"|"radley, tonbridge"|"20190916115912"|"AA00088"|""
"S038672"|"Reasons to Study in UK"|"brother is adleady studing in UK. UK is the top education plus parsents were educated in UK , have family in UK"|"20190916120100"|"AA00088"|""
"S038672"|"Relatives / Friends act as Guardian in UK"|"yes, Lencester , London"|"20190916122715"|"AA00011"|""
"S038672"|"Reasons to Study in UK"|"brother is adleady studing in UK. UK is the top education. Parents were educated in UK , have family in UK"|"20190916123026"|"AA00011"|""
"S038673"|"Character"|"mature, self-aiciple, coopesertive, respectful clied"|"20190916124259"|"AA00088"|""
"S038673"|"Character"|"mature, self-aiciple, coopesertive, respectful child"|"20190916124329"|"AA00088"|""
"T008310"|"Reasons to Study in UK"|"for A-level appyling for Oxford medicine"|"20190916171922"|"AA00088"|""
"S035530"|"Character"|"Hard Working,out-spoken"|"20170220120421"|"AA00069"|""
"S035530"|"Character"|"Hard Working,out-spoken, sporty, socialable"|"20190916173339"|"AA00088"|""
"S035530"|"Interests / Hobbies"|"Netball,Lacrosse,Football Girls"|"20170220120400"|"AA00069"|""
"S035530"|"Character"|"Hard Working,out-spoken, sporty,sociable, out going"|"20190916173401"|"AA00088"|""
"S035530"|"Relatives / Friends act as Guardian in UK"|"Yes,but I will stay in UK with her"|"20170220120447"|"AA00069"|""
"S035530"|"Preferred School Type"|"Girls/Co-ed"|"20170220120503"|"AA00069"|""
"S038676"|"Reasons to Study in UK"|"better education system and encourance"|"20190916174720"|"AA00088"|""
"S035530"|"Character"|"Hard Working,sporty,sociable, out going"|"20190916174615"|"AA00011"|""
"S038676"|"Reasons to Study in UK"|"better education system and encourament"|"20190916174800"|"AA00088"|""
"S038676"|"Reasons to Study in UK"|"better education system and encouragement   shrrh"|"20190916174852"|"AA00088"|""
"S038676"|"Reasons to Study in UK"|"better education system and encouragement which nature a positive and responsilble person"|"20190916175054"|"AA00088"|""
"S038676"|"Interests / Hobbies"|"basketbal, tennis, piano, takewando, reading"|"20190916174621"|"AA00088"|""
"S041151"|"Special Talents"|"沒有"|"20210415115244"|"AA00011"|""
"S038676"|"Character"|"cheerful, careing , polite"|"20190916175315"|"AA00088"|""
"S038661"|"Preferred School Type"|"BOYS"|"20190905110825"|"AA00088"|""
"S038682"|"Special Talents"|"debating (best speaker, best delegate) model United Nations competition
public speaking (champion in PROMPTU speech, second place in interpretative reading) HK student open competition, Junior public speaking competition"|"20190920140703"|"AA00011"|""
"S038682"|"Relatives / Friends Studying in UK"|"yes"|"20190920140231"|"AA00011"|""
"S038682"|"Reasons to Study in UK"|"Justin likes UK all along, been a Harry porter's fan since age 6, Dad took him to Oxbridge, LSE last summer and he loves the grounds.  In addition that his close gold sister got inot Oxford this year, even more desire for Justin to go."|"20190920141806"|"AA00011"|""
"S038682"|"Interests / Hobbies"|"English speech and writing, English debating, music (violin, vocal, piano),world history, Economics, law, liberal studies"|"20190920140119"|"AA00011"|""
"S038689"|"School Applied Before"|"Sevemoaks School"|"20190920172622"|"AA00011"|""
"S038695"|"Interests / Hobbies"|"reading, dancing, badminton"|"20190921123803"|"AA00011"|""
"S038695"|"Special Talents"|"London"|"20190921123852"|"AA00011"|""
"S038703"|"Relatives / Friends Studying in UK"|"yes, in London"|"20190923163308"|"AA00088"|""
"S038704"|"Interests / Hobbies"|"solo singing and choral singing, badminton"|"20190923165957"|"AA00011"|""
"S038705"|"Interests / Hobbies"|"swimming, netball,"|"20190924101335"|"AA00011"|""
"S038687"|"Interests / Hobbies"|"writing , theatre"|"20190924104727"|"AA00088"|""
"S038706"|"Location Preference"|"co-ed"|"20190924110121"|"AA00011"|""
"S038707"|"Special Talents"|"music, She got G4 - Piano, G5"|"20190925143534"|"AA00011"|""
"S038708"|"Reasons to Study in UK"|"Strong academic, safe environment, have friends and families"|"20190925160707"|"AA00011"|""
"S038742"|"English Standard"|"average"|"20191003142431"|"AA00011"|""
"S038742"|"Relatives / Friends act as Guardian in UK"|"Yes, south Kamsington"|"20191003142526"|"AA00011"|""
"S038746"|"Learning Difficulties"|"yes"|"20191003181213"|"AA00011"|""
"S038748"|"Interests / Hobbies"|"music ( piano & violin), sports ( ping pong, football, dodge ball)"|"20191004104216"|"AA00088"|""
"S038752"|"Special Talents"|"shcool team member of swimming, painting"|"20191004175205"|"AA00011"|""
"S038752"|"Reasons to Study in UK"|"Daniel Tam would like to"|"20191004175735"|"AA00011"|""
"S038754"|"Character"|"she is confident, dependable and compassionate . she is independent and adaptable too"|"20191004175040"|"AA00088"|""
"S038754"|"Character"|"she is confident, dependable and compassionate . She is independent and adaptable too"|"20191004181550"|"AA00011"|""
"S038760"|"Relatives / Friends act as Guardian in UK"|"Y"|"20191008111214"|"AA00088"|""
"S038760"|"Relatives / Friends act as Guardian in UK"|"Y. Helen"|"20191008111451"|"AA00088"|""
"S038769"|"Interests / Hobbies"|"reading, piano and flute, diy"|"20191009110415"|"AA00011"|""
"S038769"|"Location Preference"|"Yes, within 3 hours traffice"|"20191009110846"|"AA00011"|""
"S038776"|"School Preferred"|"Seven Oaks, Winchester, Tonbridge"|"20191010160402"|"AA00088"|""
"S038789"|"Interests / Hobbies"|"music: choir, piano"|"20191012114223"|"AA00088"|""
"S038786"|"Interests / Hobbies"|"sports, swimming, playing badmintion, cycling and reading"|"20191012112201"|"AA00088"|""
"S038773"|"Religion Requirement"|"YEs, Christianity"|"20191012153639"|"AA00011"|""
"S038795"|"Other Requirement"|"schools with food to strong academic and sports"|"20191014112147"|"AA00011"|""
"S038791"|"Relatives / Friends act as Guardian in UK"|"PARENTS"|"20191015095704"|"AA00088"|""
"S038813"|"Character"|"ryan is happy young man who is outgoing, friendly and care for others around him."|"20191016144544"|"AA00011"|""
"S038815"|"English Standard"|"ABOVE AVERAGE"|"20190902095538"|"AA00069"|""
"S038815"|"Interests / Hobbies"|"Reading, science/robotic (DIY), drawing, traveling, chess"|"20190902095538"|"AA00069"|""
"S038815"|"Character"|"inquisitve, team player"|"20190902095538"|"AA00069"|""
"S038815"|"Reasons to Study in UK"|"NA"|"20190902095538"|"AA00069"|""
"S038815"|"School Preferred"|"To be discuss with Peony"|"20190902095538"|"AA00069"|""
"S038816"|"Max Budget per Term"|"GBP 12,000"|"20191017094800"|"AA00011"|""
"S038818"|"Interests / Hobbies"|"choir"|"20191017105227"|"AA00088"|""
"S038824"|"School Preferred"|"Repton, Whitgift, Uppingham, Charterhouse"|"20191017165452"|"AA00088"|""
"S038826"|"Reasons to Study in UK"|"high quality education and get the opportunity to develop the independent"|"20191017180546"|"AA00011"|""
"S038828"|"Interests / Hobbies"|"reading, dancing(ballet), athetics"|"20191018100356"|"AA00088"|""
"S038828"|"Other Requirement"|"preferred to have good sports facilties"|"20191018100448"|"AA00088"|""
"S038830"|"Interests / Hobbies"|"horse riding, fencing, playing tennis, swimming, building robot, drama performing , taking care of P"|"20191018102119"|"AA00088"|""
"S038833"|"Interests / Hobbies"|"average"|"20191018120107"|"AA00011"|""
"S038833"|"Location Preference"|"south-east of England"|"20191018120232"|"AA00011"|""
"S038835"|"Interests / Hobbies"|"reading, basketball, electirc guitar"|"20191018155739"|"AA00011"|""
"S038835"|"Character"|"resourceful, eager and passionate to learn new things, authen"|"20191018160020"|"AA00011"|""
"S038835"|"Character"|"resourceful, eager and passionate to learn new things,"|"20191018160154"|"AA00011"|""
"S038835"|"Preferred School Type"|"co-ed"|"20191018161304"|"AA00011"|""
"S039046"|"Location Preference"|"Yes, Headingrton College"|"20191021131744"|"AA00011"|""
"S039046"|"Reasons to Study in UK"|"to boarden the insight, like UK culture, meet classmates in different races, build up my own responsibility ask"|"20191021132453"|"AA00011"|""
"S039065"|"Character"|"SPORTY, RESILIENT, COLLABORATIVE, LIVELY"|"20191023100326"|"AA00011"|""
"S039065"|"English Standard"|"EXCELLENT"|"20191023100326"|"AA00011"|""
"S039065"|"Guardian in UK"|"WE ARE RELOCATING AS A FAMILY. IN ADDITION GRANDPARENTS, AUNT, UNCLE, COUSINS IN THE UK"|"20191023100326"|"AA00011"|""
"S039613"|"Interests / Hobbies"|"eng debate"|"20200330105529"|"AA00011"|""
"S039065"|"Interests / Hobbies"|"SPORTS, COOKING, ART, SPANISH, GERMAN, DANCE"|"20191023100326"|"AA00011"|""
"S039065"|"School Preferred"|"HEADINGTON"|"20191023100326"|"AA00011"|""
"S039065"|"Reasons to Study in UK"|"RELOCATION"|"20191023100326"|"AA00011"|""
"S039065"|"Special Talents"|"NETBALL, GYMNASTICS, ATHLETICS, HOCKEY, SOCCER"|"20191023100326"|"AA00011"|""
"S039079"|"Relatives / Friends act as Guardian in UK"|"Yes, Brighton"|"20191024172306"|"AA00011"|""
"S039091"|"Character"|"indepwndent, friendly"|"20191029162412"|"AA00088"|""
"S039092"|"Preferred School Type"|"co-ed"|"20191030111230"|"AA00011"|""
"S039093"|"Relatives / Friends act as Guardian in UK"|"yes"|"20191030144049"|"AA00011"|""
"S039093"|"Character"|"curious, enthusiastic, superb organisation, great awareneww of lesson content"|"20191030143328"|"AA00011"|""
"S039112"|"School Preferred"|"girls / co-ed"|"20191104141417"|"AA00011"|""
"S039128"|"Interests / Hobbies"|"drawing, dancing, piano, swimming, charity,"|"20191108170140"|"AA00011"|""
"S039145"|"Interests / Hobbies"|"football- plays for school team, cgelsea soccer school ( Hong Kong ) and Hong Kong Football club"|"20191114101515"|"AA00088"|""
"S039145"|"Special Talents"|"strength: in school's math team and gifted maths program"|"20191114102617"|"AA00088"|""
"S039145"|"School Applied Before"|"paid the registeration fee for Sevenoaks school in October 2019"|"20191114102940"|"AA00088"|""
"S039145"|"Reasons to Study in UK"|"Zachary will need to live in the UK for 3 years before he truns 18 to qualifyfor UK citizeship"|"20191114103028"|"AA00088"|""
"S039148"|"School Preferred"|"Benenden, Badminton, Headington, St Swithun's School, Doune House"|"20191115102307"|"AA00088"|""
"S039148"|"School Applied Before"|"Benenden, Doune House, Badminton"|"20191115102432"|"AA00088"|""
"S039148"|"Reasons to Study in UK"|"learn to be independent , more outgoing, learn  proper english , disline Hong Kong education system"|"20191115102704"|"AA00088"|""
"S039158"|"Character"|"QUIET"|"20191115110009"|"AA00088"|""
"S039158"|"Interests / Hobbies"|"READING"|"20191115110009"|"AA00088"|""
"S039166"|"School Applied Before"|"more suitable for him, good environment for studying"|"20191116150037"|"AA00011"|""
"S034703"|"Interests / Hobbies"|"Reading, piano, horn, debating, history/politics"|"20160810133601"|"AA00011"|""
"S034703"|"Character"|"Mature, outspoken, confident, determined"|"20160810133601"|"AA00011"|""
"S039201"|"Interests / Hobbies"|"Music: piano grade 7, violin grade4
Sports: swimming, tennis and in school netball team
enjoys handicraft and DIY activities"|"20191120152208"|"AA00011"|""
"S039201"|"Special Talents"|"around 2-3 hours travel from London"|"20191120152429"|"AA00011"|""
"S037302"|"Interests / Hobbies"|"Sport"|"20180720094750"|"AA00069"|""
"S037302"|"Studying in UK"|"N"|"20180720094750"|"AA00069"|""
"S037302"|"Preferred School Type"|"CO-ED"|"20180720094750"|"AA00069"|""
"S039204"|"Interests / Hobbies"|"fihing, billiard, airsoft, video game , reading"|"20191126161906"|"AA00088"|""
"S039210"|"Preferred School Type"|"girls / co-ed"|"20191129100635"|"AA00011"|""
"S039213"|"Interests / Hobbies"|"playing French horn, drawing and painting, swimming, volleyball, school team in orchestra and drama, grade 6 in French horn , and grade 2 in piano"|"20191129144110"|"AA00088"|""
"S039219"|"Reasons to Study in UK"|"for a better learning environment& to develop independence, But need to have the to apply for US universities."|"20191129170927"|"AA00011"|""
"S039221"|"English Standard"|"volleyball, ice-skating"|"20191130102447"|"AA00088"|""
"S039224"|"Interests / Hobbies"|"music, computer, reading"|"20191130155340"|"AA00011"|""
"S039241"|"Preferred School Type"|"girls / go-ed"|"20191202160926"|"AA00011"|""
"S039241"|"Character"|"silent, frankly, honest, kind, polite, impatient"|"20191202160851"|"AA00011"|""
"S039261"|"Reasons to Study in UK"|"to broaden his horizons, experience different education style, develop independent li"|"20191202171509"|"AA00011"|""
"S039228"|"Location Preference"|"South of Enclano"|"20191203100755"|"AA00088"|""
"S039208"|"Interests / Hobbies"|"reading. football, table rtennis, piano"|"20191203113634"|"AA00088"|""
"S039242"|"Relatives / Friends Studying in UK"|"Yes, haywards Heath, West Sussex"|"20191204173217"|"AA00011"|""
"S036742"|"Character"|"Outgoing, Confident"|"20180127103436"|"AA00069"|""
"S036742"|"Interests / Hobbies"|"Basketball, Golf, Any Ball games"|"20180127103427"|"AA00069"|""
"S039250"|"Interests / Hobbies"|"Reading"|"20191207100151"|"AA00088"|""
"S039254"|"Interests / Hobbies"|"enjoys walking with technology, loves to research topics food and computers related"|"20191207162753"|"AA00011"|""
"S039254"|"Relatives / Friends act as Guardian in UK"|"Yes, 5 Park Drive, North Harrow, Harrow, Middlesex, HA27LT"|"20191207175401"|"AA00011"|""
"S039347"|"Interests / Hobbies"|"WUSHU,TAICHI,SKI,PIANO,DRAWING,SAILING,GYMNASTICS"|"20191209101406"|"AA00011"|""
"S039347"|"School Preferred"|"WYCOMB ABBEY SCHOOL,ST SWITHUN'S SCHOOL,HEADINGTON SCHOOL,DOWNE HOUSE,CLC"|"20191209101406"|"AA00011"|""
"S039347"|"Interests / Hobbies"|"Wushu,Taichi,Ski,Piano,Drawing,Sailing,Gymnastics"|"20191209101744"|"AA00011"|""
"S039256"|"Character"|"活泼/开朗"|"20191210103525"|"AA00088"|""
"S039257"|"Max Budget per Term"|"under 450000 HKD"|"20191210102939"|"AA00088"|""
"S039257"|"Max Budget per Term"|"around 33000 per year"|"20191210162635"|"AA00088"|""
"S039265"|"Character"|"internet"|"20191213101709"|"AA00011"|""
"S039275"|"Special Talents"|"獨木舟(銅章), 樂器(笛子, 龬琴, 沒有考級)"|"20191214105336"|"AA00088"|""
"S039287"|"Character"|"SPORTY, ENERGETIC"|"20191212100305"|"AA00088"|""
"S039287"|"Interests / Hobbies"|"DOING SPORTS, READING"|"20191212100305"|"AA00088"|""
"S039308"|"Relatives / Friends Studying in UK"|"yes, London"|"20191221152246"|"AA00088"|""
"T008717"|"Interests / Hobbies"|"good at co-ordinations"|"20191223180309"|"AA00011"|""
"S039591"|"Special Talents"|"she speaks Chinese, English, German, and learns Spanish"|"20200318154511"|"AA00011"|""
"T008717"|"Reasons to Study in UK"|"I believe each child is unique.  I trust UK should be a good soil for them to unleash their talent to the best."|"20191223180646"|"AA00011"|""
"T008717"|"English Standard"|"above average"|"20191223180250"|"AA00011"|""
"T008717"|"Character"|"outgoing, strong leadership, loyal & reliable"|"20191223180354"|"AA00011"|""
"T008717"|"Reasons to Study in UK"|"I believe each child is unique.  I trust UK should be a good soil for them to unleash their talent to the best."|"20191223180712"|"AA00011"|""
"T008717"|"Interests / Hobbies"|"good at co-ordinations, organize events"|"20191223180334"|"AA00011"|""
"S039296"|"School Applied Before"|"Year 10 of CLC and Benenden"|"20191227154247"|"AA00011"|""
"S039325"|"Relatives / Friends Studying in UK"|"Yes, Oxford, Surrey (weybridge)"|"20191228112118"|"AA00011"|""
"S039359"|"Relatives / Friends Studying in UK"|"Yes, elder sister in Cheltenham Ladies' College"|"20200103141546"|"AA00011"|""
"S039603"|"Other Requirement"|"under 10% of Hong KOng student"|"20200103150635"|"AA00011"|""
"S039361"|"Interests / Hobbies"|"fencing, volleyball, cooking, drawing, going th the gym, cllo"|"20200109101813"|"AA00011"|""
"S039361"|"Interests / Hobbies"|"fencing, volleyball, cooking, drawing, going th the gym, cello"|"20200109104255"|"AA00011"|""
"S039363"|"School Preferred"|"Winchester College
Eton College
Radley College
Harrow School
Sevenoaks School"|"20200109095406"|"AA00088"|""
"S039545"|"Location Preference"|"Yes, southern England"|"20200109172714"|"AA00011"|""
"S039367"|"Religion Requirement"|"yes"|"20200110140759"|"AA00011"|""
"S039371"|"School Preferred"|"Nil"|"20200109103230"|"AA00088"|""
"S037847"|"English Standard"|"excellent"|"20190202102603"|"AA00011"|""
"S037847"|"Interests / Hobbies"|"reading, swimming"|"20190202102610"|"AA00011"|""
"S037847"|"Relatives / Friends Studying in UK"|"Yes, Winsor"|"20190202102703"|"AA00011"|""
"S037847"|"Reasons to Study in UK"|"structure and discipline"|"20190202102813"|"AA00011"|""
"S037847"|"Relatives / Friends act as Guardian in UK"|"Yes, Winsor"|"20190202102712"|"AA00011"|""
"S039388"|"Preferred School Type"|"boys"|"20200113164836"|"AA00088"|""
"S039047"|"School Preferred"|"Ripom Grammar school, Hockerill Anglo-European College"|"20200114100908"|"AA00088"|""
"S039047"|"School Preferred"|"Ripom Grammar school, Hockerill Anglo-European College, Cranbrook school. St George's school, Gordon's school"|"20200114100953"|"AA00088"|""
"S039402"|"Religion Requirement"|"no reluhion or Catholic"|"20200116145228"|"AA00088"|""
"S039402"|"Reasons to Study in UK"|"widen the exposure, better growth and development within the stable society"|"20200116145511"|"AA00088"|""
"S039402"|"Religion Requirement"|"no religion or Catholic"|"20200116145241"|"AA00088"|""
"S039406"|"School Preferred"|"Clifton College, Bristol, Wellington College - Crowthorne"|"20200117145231"|"AA00011"|""
"S037591"|"Interests / Hobbies"|"football, tennis"|"20200118100741"|"AA00088"|""
"S039429"|"Reasons to Study in UK"|"My daughter visited Cambridge before and she really enjoyed the environment and culture"|"20200122104103"|"AA00011"|""
"S039430"|"Reasons to Study in UK"|"We truly believe UK has a very well-established boarding school system which can benefit Charlotte in her study journe."|"20200122110837"|"AA00011"|""
"S039853"|"Character"|"FRIENDLY, KIND, HONEST, EASY GOING, QUIET & SHY SOMETIMES"|"20200122114829"|"AA00011"|""
"S039853"|"Interests / Hobbies"|"SNOWBOARDING, DRAWING, CHINESE CALLIGRAPHY, JAPANESE, GUITAR"|"20200122114829"|"AA00011"|""
"S039853"|"Location Preference"|"OUTSIDE LONDON"|"20200122114829"|"AA00011"|""
"S039853"|"Reasons to Study in UK"|"TO OBTAIN A BETTER EDUCATION"|"20200122114829"|"AA00011"|""
"S039433"|"Special Talents"|"percussion"|"20200123102817"|"AA00088"|""
"S039434"|"Character"|"INDEPENDENT, CO-OPERATION,CHEERFUL, HELPFUL,"|"20200106101026"|"AA00088"|""
"S039434"|"Interests / Hobbies"|"FOOTBALL, READING"|"20200106101026"|"AA00088"|""
"S039434"|"Location Preference"|"LONDON"|"20200106101026"|"AA00088"|""
"S039434"|"Special Talents"|"VIOLIN"|"20200106101026"|"AA00088"|""
"S039460"|"Reasons to Study in UK"|"Wycombe Abbey"|"20200201121526"|"AA00011"|""
"S039460"|"Reasons to Study in UK"|"Wycombe Abbey, Sevenoaks, St. Mary's Ascot"|"20200201121934"|"AA00011"|""
"S039471"|"Interests / Hobbies"|"reading, piano, rock climbing, comics"|"20200204105646"|"AA00088"|""
"S039470"|"Interests / Hobbies"|"archery, movies, mobile games"|"20200206102258"|"AA00088"|""
"S039475"|"Studying in UK"|"Y"|"20200208135859"|"AA00011"|""
"S039493"|"Interests / Hobbies"|"reading, hiking, bodybuilding"|"20200220105240"|"AA00011"|""
"S039493"|"Location Preference"|"co-ed"|"20200220105425"|"AA00011"|""
"S039507"|"Interests / Hobbies"|"SPORTS,  MUSIC, ART"|"20200224165344"|"AA00011"|""
"S039507"|"Reasons to Study in UK"|"BETTER PROSPECTUS"|"20200224165344"|"AA00011"|""
"S039507"|"Religion Requirement"|"MUSLIM"|"20200224165344"|"AA00011"|""
"S039507"|"School Preferred"|"CHARTER HOUSE
WELLINGTON
WYCOMME ABBEY 
RGSW"|"20200224165344"|"AA00011"|""
"S039531"|"Character"|"diligent, analytical, introvert, easier to make friends, good team players"|"20200304120651"|"AA00011"|""
"S039531"|"Relatives / Friends act as Guardian in UK"|"Yes,London"|"20200304120734"|"AA00011"|""
"S039559"|"School Preferred"|"St Catherine, Comcord, Badminton, Headington"|"20200310111649"|"AA00088"|""
"S039557"|"Character"|"strong wills, easy going, considerate"|"20200311113332"|"AA00011"|""
"S039560"|"Interests / Hobbies"|"Rope Skipping"|"20200312103351"|"AA00011"|""
"S039565"|"School Preferred"|"Canford School"|"20200313170410"|"AA00011"|""
"S039568"|"Special Talents"|"internation chess ( FIDE) PLAYER"|"20200314110213"|"AA00088"|""
"S039568"|"Relatives / Friends Studying in UK"|"yes. Oxford"|"20200314110149"|"AA00088"|""
"S039568"|"School Preferred"|"Tonbridge School, Portyhton College, Concord College"|"20200314110622"|"AA00088"|""
"S039591"|"Other Requirement"|"it would be great to have ballet as part of the school"|"20200318154511"|"AA00011"|""
"S039591"|"Other Requirement"|"it would be great to have ballet as part of the school."|"20200318155243"|"AA00011"|""
"S039618"|"Relatives / Friends Studying in UK"|"cousins, Dean close school , cheltenham, University of St Andrews"|"20200331120434"|"AA00088"|""
"S039630"|"Interests / Hobbies"|"drama, netball, dabating, rugby, guitar, water sports, sing"|"20200403145704"|"AA00088"|""
"S039630"|"Character"|"independent , soicable, sporty, thoughtful, concentrate"|"20200403145902"|"AA00088"|""
"S039630"|"Special Talents"|"gifted sports woman"|"20200403150054"|"AA00088"|""
"S039630"|"Reasons to Study in UK"|"day student family will relocate"|"20200403150233"|"AA00088"|""
"S039631"|"Character"|"independent, soicable, , thoughtful, sports,"|"20200403155255"|"AA00088"|""
"S039630"|"Interests / Hobbies"|"rugby, tennis ,football guitar, water sports, sining"|"20200403153312"|"AA00088"|""
"S039632"|"Character"|"HAPPY, OUTGOING, OPEN-MINDED"|"20200406104233"|"AA00011"|""
"S039632"|"Interests / Hobbies"|"SPORTS, READING, MUSIC, CODING"|"20200406104233"|"AA00011"|""
"S039632"|"Reasons to Study in UK"|"WANT TO HAVE GOOD EDUCATION"|"20200406104233"|"AA00011"|""
"S039646"|"Interests / Hobbies"|"SPORTS, OUTDOOR ACTIVITIES"|"20200408114338"|"AA00011"|""
"S039646"|"Character"|"CHEERFUL"|"20200408114338"|"AA00011"|""
"S039646"|"Learning Problems"|"ATYPICAL AUTISM WITH INATTENTIVE FEATURES"|"20200408114338"|"AA00011"|""
"S039646"|"Learning Problems"|"atypical austim with inattentive features"|"20200408115254"|"AA00011"|""
"S039646"|"Max Budget per Term"|"NIL"|"20200408114338"|"AA00011"|""
"S039646"|"Other Requirement"|"BALANCE OF ACADEMICS AND SPORTS ACTIVITIES"|"20200408114338"|"AA00011"|""
"S039646"|"Reasons to Study in UK"|"SAMSON LOVES LONDON, THE BRITISH ENVIRONMENT."|"20200408114338"|"AA00011"|""
"S039646"|"Religion Requirement"|"CHRISTIANITY, IF THERE IS."|"20200408114338"|"AA00011"|""
"S039646"|"School Preferred"|"CHIRIST'S HOSPITAL"|"20200408114338"|"AA00011"|""
"S039638"|"School Preferred"|"Tonbridge, Radley, Winchester, Wellington, Sevenoaks, Brighton"|"20200414125447"|"AA00088"|""
"S039643"|"Relatives / Friends Studying in UK"|"London"|"20200416155414"|"AA00078"|""
"S039652"|"Interests / Hobbies"|"triathlon"|"20200424113135"|"AA00011"|""
"S039653"|"School Preferred"|"Harrow"|"20200424121809"|"AA00088"|""
"S039672"|"Character"|"outgoing, creative, active sociable, kind and caring"|"20200505111721"|"AA00088"|""
"S039672"|"Reasons to Study in UK"|"UK has good education"|"20200505112219"|"AA00088"|""
"S039672"|"Interests / Hobbies"|"hockey, guitar, scuba diving, paddling sports"|"20200505111656"|"AA00088"|""
"S039672"|"Character"|"outgoing, creative, active sociable, kind and caring, outdoor expeditions"|"20200505111738"|"AA00088"|""
"S039672"|"Interests / Hobbies"|"hockey, guitar, scuba diving, paddling sports, outdorr expeditions"|"20200505115015"|"AA00088"|""
"S039679"|"Interests / Hobbies"|"outgoing, cheerful, considerate"|"20200508112433"|"AA00088"|""
"S039679"|"English Standard"|"sports, history"|"20200508112419"|"AA00088"|""
"S039687"|"Interests / Hobbies"|"football"|"20200509151023"|"AA00011"|""
"S039696"|"Relatives / Friends Studying in UK"|"yes"|"20200512152125"|"AA00088"|""
"S039701"|"Relatives / Friends act as Guardian in UK"|"yes"|"20200514102123"|"AA00088"|""
"S039701"|"Relatives / Friends Studying in UK"|"yes"|"20200514102115"|"AA00088"|""
"S039704"|"Character"|"CALM, OBSERVANT, ATTENTIVE"|"20200514100049"|"AA00088"|""
"S039704"|"Interests / Hobbies"|"READING, HISTORY, MUSIC, ORCHESTRA"|"20200514100049"|"AA00088"|""
"S039704"|"Reasons to Study in UK"|"PURSUE UNIVERSITY STUDIES IN THE UK OR US"|"20200514100049"|"AA00088"|""
"S039704"|"School Applied Before"|"BRIGHTON COLLEGE, TONBRIDGE SCHOOL, WELLINGTON COLLEGE,"|"20200514100049"|"AA00088"|""
"S039704"|"School Preferred"|"TOP SCHOOLS IN UK (MAYBE WITHIN 20-25 RANKING)"|"20200514100049"|"AA00088"|""
"S039704"|"Special Talents"|"ORCHESTRA LEADER, TAEKWONDO BLACK BELT DAN 2"|"20200514100049"|"AA00088"|""
"S039707"|"Character"|"CHEERFUL, INTROVERT"|"20200515124739"|"AA00088"|""
"S039707"|"Interests / Hobbies"|"CUBBING, SWIMMING, BADMINTON"|"20200515124739"|"AA00088"|""
"S039707"|"Reasons to Study in UK"|"WANTS BOARDING LIFE AND BETTER EDUCATION IN UK"|"20200515124739"|"AA00088"|""
"S039707"|"School Preferred"|"SEVENOAKS SCHOOL, BRIGHTON COLLEGE, WELLINGTON COLLEGE"|"20200515124739"|"AA00088"|""
"S039724"|"Interests / Hobbies"|"Sport"|"20200111094838"|"AA00088"|""
"S039724"|"Character"|"Optimistic"|"20200111094838"|"AA00088"|""
"S039724"|"Interests / Hobbies"|"Sport, basketball, sport"|"20200522145826"|"AA00088"|""
"S039724"|"Studying in UK"|"Y"|"20200111094838"|"AA00088"|""
"S039724"|"Guardian in UK"|"Uncle"|"20200111094838"|"AA00088"|""
"S039732"|"Location Preference"|"Yes"|"20200525144240"|"AA00011"|""
"S039742"|"School Preferred"|"CLC
Wycombe abbey"|"20200523101311"|"AA00088"|""
"S039743"|"School Preferred"|"Wycombe Abbey School
Cheltenham Ladies' College
St Swithun's School
Downe House
Headington School
Badminton School
Sherborne Girls
Benenden School
St mary’s calne
Roedean School
Marynard school"|"20200526102202"|"AA00088"|""
"S035867"|"Interests / Hobbies"|"gymnastics, ballet"|"20200604161413"|"AA00011"|""
"S039786"|"Interests / Hobbies"|"sports: soccer & tennis, music: school rock band, elected student council"|"20200610102700"|"AA00011"|""
"S039795"|"School Preferred"|"top girls' only and co-ed schools"|"20200612174148"|"AA00011"|""
"S039821"|"Character"|"kind & considerate to friends, friendly but sometimes quiet, love sports"|"20200617163313"|"AA00011"|""
"S039821"|"Other Requirement"|"adequate boarding guardiance at school"|"20200617163503"|"AA00011"|""
"S039821"|"English Standard"|"average"|"20200617163204"|"AA00011"|""
"S039821"|"Relatives / Friends Studying in UK"|"Yes, CLC, Oundle, Downe House"|"20200617163346"|"AA00011"|""
"S039821"|"Relatives / Friends Studying in UK"|"Yes, Oundle, Downe House"|"20200617163955"|"AA00011"|""
"S039821"|"Relatives / Friends Studying in UK"|"Yes,CLC"|"20200617164016"|"AA00011"|""
"S038364"|"Character"|"introvert, disciplined"|"20190715095749"|"AA00069"|""
"S039834"|"Relatives / Friends Studying in UK"|"Yes"|"20200624140019"|"AA00011"|""
"S039834"|"Relatives / Friends act as Guardian in UK"|"Yes"|"20200624140035"|"AA00011"|""
"S039838"|"School Preferred"|"Cheltenham Ladies’ College, St. Catherine’s, Bramley"|"20200626112959"|"AA00088"|""
"S039843"|"Relatives / Friends Studying in UK"|"Yes"|"20200626162106"|"AA00011"|""
"S039848"|"Relatives / Friends Studying in UK"|"brother studying in the UK"|"20200627114641"|"AA00088"|""
"S039856"|"Interests / Hobbies"|"above average"|"20200702155710"|"AA00011"|""
"S039856"|"Relatives / Friends act as Guardian in UK"|"YEs, Beaconsfield"|"20200702155823"|"AA00011"|""
"S039856"|"Learning Difficulties"|"yes"|"20200702155807"|"AA00011"|""
"S039856"|"Location Preference"|"Southeast or central / Midlands"|"20200702155914"|"AA00011"|""
"S039887"|"Character"|"reading, drawing, and playing violin"|"20200703151356"|"AA00088"|""
"S039873"|"Interests / Hobbies"|"basketball, football, reading, precision , lego"|"20200704160546"|"AA00088"|""
"S039873"|"Special Talents"|"basketball, precision"|"20200704160648"|"AA00088"|""
"S039879"|"Interests / Hobbies"|"Reading, Music, Sports"|"20200706135811"|"AA00011"|""
"S039886"|"Character"|"Reading/Drawing"|"20200706165047"|"AA00011"|""
"S040016"|"Relatives / Friends Studying in UK"|"Yes"|"20200708155753"|"AA00078"|""
"S040016"|"Relatives / Friends Studying in UK"|"Yes, Birmingham"|"20200708160141"|"AA00078"|""
"S040016"|"Relatives / Friends Studying in UK"|"Yes"|"20200708160152"|"AA00078"|""
"S039894"|"English Standard"|"Excellent`"|"20200708161427"|"AA00078"|""
"S040061"|"Relatives / Friends Studying in UK"|"Yes"|"20200708164818"|"AA00078"|""
"S040061"|"Relatives / Friends act as Guardian in UK"|"Yes"|"20200708164826"|"AA00078"|""
"S039899"|"School Preferred"|"Kings, Brighton, Sevenoaks, Wellington, Headington, Marlboryh"|"20200710101550"|"AA00011"|""
"S039908"|"Relatives / Friends Studying in UK"|"Yes"|"20200710155732"|"AA00011"|""
"S039929"|"School Preferred"|"Rugby School, Epsom College, St Michael's School-L"|"20200711164202"|"AA00088"|""
"S039924"|"Relatives / Friends Studying in UK"|"Yes"|"20200711173949"|"AA00011"|""
"S039924"|"Relatives / Friends act as Guardian in UK"|"Yes"|"20200711173956"|"AA00011"|""
"S038828"|"School Preferred"|"Cheltenham Ladies' College, Badminton, Headington, St. Catherine's Bramley"|"20191018100542"|"AA00088"|""
"S039931"|"Interests / Hobbies"|"Reading,piano,violin,computer"|"20200713141818"|"AA00011"|""
"S039950"|"Relatives / Friends Studying in UK"|"Yes"|"20200715154247"|"AA00011"|""
"S039962"|"Location Preference"|"still no any idear"|"20200716175943"|"AA00088"|""
"S040024"|"School Preferred"|"Brighton College"|"20200718103259"|"AA00088"|""
"S040020"|"Interests / Hobbies"|"piano: grade 5
badminton : school champion and club champion
maths challenge : 4 silver"|"20200725142149"|"AA00011"|""
"S040020"|"Interests / Hobbies"|"piano: grade 5
badminton : school champion and club champion
maths challenge : 4 silvers and twice in pink kangeroo"|"20200725142410"|"AA00011"|""
"S040039"|"Relatives / Friends act as Guardian in UK"|"YES"|"20200727180615"|"AA00088"|""
"S040046"|"Relatives / Friends act as Guardian in UK"|"yes"|"20200728174010"|"AA00088"|""
"S040046"|"Relatives / Friends act as Guardian in UK"|"yes Oxford, St albans"|"20200728174120"|"AA00088"|""
"S040046"|"Relatives / Friends Studying in UK"|"yes"|"20200728174004"|"AA00088"|""
"S040047"|"Relatives / Friends Studying in UK"|"yes"|"20200728174647"|"AA00088"|""
"S040047"|"Relatives / Friends act as Guardian in UK"|"yes"|"20200728174652"|"AA00088"|""
"S040048"|"Relatives / Friends act as Guardian in UK"|"YES"|"20200728175639"|"AA00088"|""
"S040080"|"Location Preference"|"southern england"|"20200801172101"|"AA00088"|""
"S040206"|"Religion Requirement"|"CHRISTIAN"|"20200805141730"|"AA00011"|""
"S040206"|"Interests / Hobbies"|"SPORTS ESPECIALLY FOOTBALL"|"20200805141730"|"AA00011"|""
"S040206"|"Character"|"POPULAR, SMART AND HARDWORKING"|"20200805141730"|"AA00011"|""
"S040207"|"Religion Requirement"|"CHRISTIAN"|"20200805141733"|"AA00011"|""
"S040207"|"Interests / Hobbies"|"LOVE ANIMALS AND PLANTS"|"20200805141733"|"AA00011"|""
"S040207"|"Character"|"HE IS A QUIET AND OBSERVANT STUDENT, BUT A BIT SHY"|"20200805141733"|"AA00011"|""
"S040119"|"Relatives / Friends Studying in UK"|"Yes"|"20200806155122"|"AA00011"|""
"S040119"|"Location Preference"|"London"|"20200806155200"|"AA00011"|""
"S040122"|"Relatives / Friends Studying in UK"|"yes"|"20200806175333"|"AA00011"|""
"S040123"|"Interests / Hobbies"|"ARTS, SOCCER"|"20200807092010"|"AA00011"|""
"S040123"|"School Preferred"|"暂时没有太多想法"|"20200807092010"|"AA00011"|""
"S040125"|"Interests / Hobbies"|"VOLIN, FOOTBALL, READING, PIANO, Board Games"|"20200807122251"|"AA00011"|""
"S040127"|"Relatives / Friends act as Guardian in UK"|"yes"|"20200807143437"|"AA00011"|""
"S040128"|"Relatives / Friends Studying in UK"|"Yes,"|"20200807144324"|"AA00011"|""
"S040137"|"Relatives / Friends Studying in UK"|"Yes"|"20200808160420"|"AA00011"|""
"S040160"|"Relatives / Friends Studying in UK"|"Yes"|"20200812180806"|"AA00011"|""
"S040160"|"Relatives / Friends act as Guardian in UK"|"Yes"|"20200812180819"|"AA00011"|""
"S040162"|"Relatives / Friends Studying in UK"|"Yes"|"20200812182947"|"AA00011"|""
"S040162"|"Relatives / Friends act as Guardian in UK"|"Yes"|"20200812182954"|"AA00011"|""
"S040178"|"Relatives / Friends act as Guardian in UK"|"Yes"|"20200814155123"|"AA00011"|""
"S040226"|"Relatives / Friends Studying in UK"|"yes"|"20200821113753"|"AA00011"|""
"S040226"|"Relatives / Friends act as Guardian in UK"|"yes"|"20200821113800"|"AA00011"|""
"S040239"|"Relatives / Friends Studying in UK"|"YES"|"20200823151545"|"AA00088"|""
"S040275"|"Relatives / Friends Studying in UK"|"Yes"|"20200829145054"|"AA00011"|""
"S041151"|"Character"|"閞朗, 聰明"|"20210415115055"|"AA00011"|""
"S040276"|"Relatives / Friends Studying in UK"|"Yes"|"20200829150055"|"AA00011"|""
"S040297"|"Special Talents"|"Humor and like making fun; not patient enough in detailed work and often found it boring; passive and slow in warm up; spend too much time in electronic game;  like achieving but humble, like group activities, don't like spot- light,"|"20200902161625"|"AA00011"|""
"S040297"|"Relatives / Friends Studying in UK"|"Yes"|"20200902161944"|"AA00011"|""
"S040297"|"Relatives / Friends act as Guardian in UK"|"Yes"|"20200902161950"|"AA00011"|""
"S040298"|"Character"|"Sports (netball, girls rugby), painting."|"20200902164213"|"AA00011"|""
"S040298"|"Relatives / Friends act as Guardian in UK"|"Yes"|"20200902164325"|"AA00011"|""
"S040299"|"Relatives / Friends act as Guardian in UK"|"Yes"|"20200902165003"|"AA00011"|""
"S040300"|"Relatives / Friends act as Guardian in UK"|"Yes"|"20200903120424"|"AA00011"|""
"S040301"|"Relatives / Friends act as Guardian in UK"|"Yes"|"20200903121422"|"AA00011"|""
"S040321"|"Location Preference"|"boys / co-ed"|"20200905142744"|"AA00011"|""
"S040321"|"Relatives / Friends act as Guardian in UK"|"Yes, near London"|"20200905142730"|"AA00011"|""
"S040315"|"Location Preference"|"Surrey, London, Sssex, Brighton, Kent"|"20200907101249"|"AA00088"|""
"S040325"|"Preferred School Type"|"girls"|"20200907152122"|"AA00011"|""
"S040327"|"Learning Difficulties"|"Yes"|"20200907182239"|"AA00011"|""
"S040331"|"Relatives / Friends act as Guardian in UK"|"Yes"|"20200909135229"|"AA00011"|""
"S040333"|"School Preferred"|"Sevenoaks, King's college School, Winchester College"|"20200909141507"|"AA00011"|""
"S040333"|"Relatives / Friends Studying in UK"|"Yes"|"20200909141408"|"AA00011"|""
"S040333"|"Relatives / Friends act as Guardian in UK"|"Yes"|"20200909141414"|"AA00011"|""
"S040337"|"Relatives / Friends Studying in UK"|"Yes"|"20200910170705"|"AA00011"|""
"S040357"|"Character"|"Harris interests in all sorts of ball games, especially tennis and badminton.  His favorite subjects are English, Math, Physics and Chemistry.  He enjoys reading, drawing anime characters on ipad and making animation for leisure."|"20200911172432"|"AA00011"|""
"S040372"|"Relatives / Friends act as Guardian in UK"|"Yes"|"20200914100107"|"AA00011"|""
"S040380"|"Relatives / Friends Studying in UK"|"Yes"|"20200916155244"|"AA00011"|""
"S040383"|"Reasons to Study in UK"|"£



%





 





 




123



 

 






預設 (Arial)



 



 








 

 





 





 





 







 

 







 






 





 






 

 






 



 






 



 






 



 






 



 

 





 





 





 





 






 
























 

 
































































































































 

















 





 





 





 

 








 

 



£



%





 





 




123



 

 






預設 (Arial)



 



 








 

 





 





 





 







 

 







 






 





 






 

 






 



 






 



 






 



 






 



 

 





 





 





 





 






 
























 

 
































































































































 





















To prepare for UK Universities admission.










To prepare for UK Universities admission."|"20200916165101"|"AA00011"|""
"S040401"|"Special Talents"|"Piano -  Abraham Exam target to be completed Grade 8 in 2021"|"20200921141329"|"AA00011"|""
"S040407"|"School Applied Before"|"Dauntsey's School, Cheltenham College, Caterham School etc."|"20200922160157"|"AA00011"|""
"S040269"|"Reasons to Study in UK"|"Wincy Chan"|"20200928145339"|"AA00088"|""
"S040462"|"English Standard"|"Excellent"|"20201005102105"|"AA00011"|""
"S040462"|"Interests / Hobbies"|"Reading, tennis"|"20201005102058"|"AA00011"|""
"S040428"|"Character"|"Independent, Diligent, Kind & Caring"|"20201005135405"|"AA00011"|""
"S040428"|"English Standard"|"average"|"20201005135350"|"AA00011"|""
"S040428"|"Interests / Hobbies"|"Reading, Playing Piano, Aviation, Tennis"|"20201005135344"|"AA00011"|""
"S040428"|"Max Budget per Term"|"50000"|"20201005135435"|"AA00011"|""
"S040428"|"Preferred School Type"|"co-ed"|"20201005135443"|"AA00011"|""
"S040428"|"Reasons to Study in UK"|"Boarding school life & all rounded education"|"20201005135520"|"AA00011"|""
"S040428"|"Relatives / Friends Studying in UK"|"Shrewsbury School"|"20201005135544"|"AA00011"|""
"S040428"|"School Applied Before"|"Abingdon, Uppingham, Lancing"|"20201005135503"|"AA00011"|""
"S040428"|"School Preferred"|"Charterhouse"|"20201005135427"|"AA00011"|""
"S040428"|"Reasons to Study in UK"|","|"20201005135938"|"AA00011"|""
"S040428"|"Relatives / Friends Studying in UK"|","|"20201005135943"|"AA00011"|""
"S040428"|"School Applied Before"|","|"20201005135947"|"AA00011"|""
"S040428"|"School Preferred"|","|"20201005135951"|"AA00011"|""
"S040479"|"Special Talents"|"curious, kind, adaptive and knowing what he wants"|"20201006175231"|"AA00088"|""
"S040489"|"Preferred School Type"|"girls"|"20201007180006"|"AA00011"|""
"S040490"|"Relatives / Friends act as Guardian in UK"|"Yes"|"20201007181534"|"AA00011"|""
"S040492"|"Preferred School Type"|"Girls"|"20201008105541"|"AA00011"|""
"S040504"|"Preferred School Type"|"girls"|"20201009140919"|"AA00011"|""
"S040504"|"Relatives / Friends act as Guardian in UK"|"Yes"|"20201009140911"|"AA00011"|""
"S040504"|"Relatives / Friends Studying in UK"|"Yes"|"20201009140847"|"AA00011"|""
"S040489"|"Character"|"Positive, passionate about learning"|"20201007175855"|"AA00011"|""
"S040489"|"Other Requirement"|"Prefer day section of a school with not-too-high boarding proportion"|"20201007180013"|"AA00011"|""
"S040489"|"School Preferred"|"Cheltenham Ladies' College,"|"20201010105415"|"AA00011"|""
"S040528"|"Relatives / Friends act as Guardian in UK"|"Yes"|"20201010153238"|"AA00011"|""
"S040542"|"Location Preference"|"Yes"|"20201015153753"|"AA00011"|""
"S040542"|"Relatives / Friends Studying in UK"|"Yes"|"20201015153739"|"AA00011"|""
"S040542"|"Relatives / Friends act as Guardian in UK"|"Yes"|"20201015153831"|"AA00011"|""
"S040543"|"Relatives / Friends Studying in UK"|"Yes"|"20201015161430"|"AA00011"|""
"S040543"|"Relatives / Friends act as Guardian in UK"|"Yes"|"20201015161437"|"AA00011"|""
"S040634"|"Relatives / Friends act as Guardian in UK"|"Yes"|"20201030180217"|"AA00011"|""
"S040634"|"Relatives / Friends act as Guardian in UK"|"Yes, Father or uncle in Leeds"|"20201030180503"|"AA00011"|""
"S040635"|"Relatives / Friends act as Guardian in UK"|"Yes,"|"20201030181731"|"AA00011"|""
"S040643"|"English Standard"|"above average"|"20201031174129"|"AA00011"|""
"S040643"|"Relatives / Friends act as Guardian in UK"|"Yes,"|"20201031174235"|"AA00011"|""
"S040668"|"Character"|"SOCIABLE, OUTGOING, CONSCIENTIOUS, DETERMINED"|"20201104112533"|"AA00011"|""
"S040668"|"Guardian in UK"|"GRANDMOTHER"|"20201104112533"|"AA00011"|""
"S040668"|"Interests / Hobbies"|"SWIMMING, READING, WALKING, ART,"|"20201104112533"|"AA00011"|""
"S040668"|"Reasons to Study in UK"|"DAD BRITISH.  FAMILY IN THE UK."|"20201104112533"|"AA00011"|""
"S040668"|"School Preferred"|"BADMINTON, SHERBORNE, CHELTENHAM, BROMSGROVE, UPPINGHAM"|"20201104112533"|"AA00011"|""
"S040669"|"Religion Requirement"|"preferably christian"|"20201107144831"|"AA00011"|""
"S040655"|"Learning Difficulties"|"Yes"|"20201104102653"|"AA00011"|""
"S040686"|"Relatives / Friends Studying in UK"|"Yes"|"20201112101300"|"AA00011"|""
"S040686"|"Relatives / Friends act as Guardian in UK"|"Yes"|"20201112101307"|"AA00011"|""
"S040691"|"School Preferred"|"Cardiff Sixth Form College,
Oxford International College,  
Concord College"|"20201110100559"|"AA00088"|""
"S040691"|"School Preferred"|"Cardiff Sixth Form College,
Oxford International College,  
Concord College"|"20201114101334"|"AA00088"|""
"S040707"|"Relatives / Friends act as Guardian in UK"|"Yes"|"20201118102941"|"AA00011"|""
"S040708"|"Relatives / Friends act as Guardian in UK"|"Yes,"|"20201118122802"|"AA00011"|""
"S040709"|"Character"|"optimistic, friendly, outgoing樂觀，主動，友善，外向"|"20201120101120"|"AA00011"|""
"S040712"|"Interests / Hobbies"|"average"|"20201120115917"|"AA00011"|""
"S040733"|"Relatives / Friends act as Guardian in UK"|"Yes"|"20201123112612"|"AA00011"|""
"S040747"|"Reasons to Study in UK"|"family emmigration"|"20201126101250"|"AA00088"|""
"S040746"|"Reasons to Study in UK"|"Family Emigration"|"20201126100113"|"AA00088"|""
"S040741"|"Location Preference"|"nearly London"|"20201126163709"|"AA00088"|""
"S040744"|"Relatives / Friends act as Guardian in UK"|"yes"|"20201127122928"|"AA00088"|""
"S040744"|"Relatives / Friends act as Guardian in UK"|"yes His older brother is completing upper six"|"20201127123023"|"AA00088"|""
"S040758"|"Special Talents"|"outgoing, pleasant,"|"20201130174751"|"AA00011"|""
"S040758"|"Character"|"outgoing, pleasant,"|"20201130174837"|"AA00011"|""
"S040795"|"Interests / Hobbies"|"fencing, tennis, equestrian"|"20201212170736"|"AA00011"|""
"S040799"|"Relatives / Friends Studying in UK"|"yes"|"20201215105118"|"AA00088"|""
"S040851"|"School Applied Before"|"Downe House, CLC-register & paid Y7/2022"|"20201217103231"|"AA00088"|""
"S040831"|"English Standard"|"EXCELLENT"|"20201219114934"|"AA00011"|""
"S040831"|"Location Preference"|"SURREY, Colindale Barnet"|"20201219114934"|"AA00011"|""
"S040831"|"School Preferred"|"HEADINGTON SCHOOL, OR ANY OTHER RECOMMENDED SCHOOLS"|"20201219114934"|"AA00011"|""
"S040706"|"Character"|"Cheerful positive"|"20201117165246"|"AA00088"|""
"S040829"|"Guardian in UK"|"Aunt"|"20201228143420"|"AA00011"|""
"S040838"|"Character"|"POSITIVE,FUNNY"|"20201230104348"|"AA00011"|""
"S040838"|"Interests / Hobbies"|"READING"|"20201230104348"|"AA00011"|""
"S040838"|"Location Preference"|"KENT"|"20201230104348"|"AA00011"|""
"S040838"|"Reasons to Study in UK"|"BETTER ENVIRONMENT FOR STUDYING."|"20201230104348"|"AA00011"|""
"S040838"|"School Preferred"|"CRANBROOK SCHOOL"|"20201230104348"|"AA00011"|""
"S040838"|"Special Talents"|"SPORTS"|"20201230104348"|"AA00011"|""
"S040840"|"School Preferred"|"concord college, badminton, ruthin"|"20201230142354"|"AA00011"|""
"S040829"|"Religion Requirement"|"None"|"20201228143420"|"AA00011"|""
"S040829"|"Preferred School Type"|"CO-ED"|"20201228143420"|"AA00011"|""
"S040829"|"Location Preference"|"Not too far from London"|"20201228143420"|"AA00011"|""
"S040829"|"Location Preference"|"Not too far from London It is our understanding that schools South of London have a broad mix of students. More so than areas further away from central London."|"20210104145139"|"AA00088"|""
"S040829"|"Other Requirement"|"We feel that a school which offers an IB diploma, in addition to the traditional A levels, is a more forward thinking school."|"20210104145856"|"AA00088"|""
"S040853"|"Character"|"INTROVERTED"|"20210106161011"|"AA00011"|""
"S040853"|"Interests / Hobbies"|"SWIMMING"|"20210106161011"|"AA00011"|""
"S040853"|"Other Requirement"|"ACTIVE GUIDANCE ON STUDY AND MONITORING ON PROGRESS"|"20210106161011"|"AA00011"|""
"S040853"|"Religion Requirement"|"CHRISTIANITY"|"20210106161011"|"AA00011"|""
"S040862"|"Relatives / Friends Studying in UK"|"yes"|"20210111122052"|"AA00088"|""
"S041151"|"Special Talents"|"沒有"|"20210415115055"|"AA00011"|""
"S040862"|"Character"|"KIND HEARTED, POSITIVE-THINKING, TEAM PLAYER, CREATIVE, INDEPENDENT, FRIENDLY"|"20210111122030"|"AA00088"|""
"S040862"|"Interests / Hobbies"|"BASKETBALL, DRAWINGS"|"20210111122019"|"AA00088"|""
"S040862"|"Reasons to Study in UK"|"BOARDING EXPERIENCE, STRONGER ACADEMIC ATMOSPHERE"|"20210111122201"|"AA00088"|""
"S040862"|"Relatives / Friends Studying in UK"|"yes. SUBJECT TO RE-CONFIRMATION WITH FAMILY FRIEND.  IF SO, FAMILY FRIEND RESIDES IN WINDSOR"|"20210111122244"|"AA00088"|""
"S040868"|"Interests / Hobbies"|"Soccer, Squash, trumpet, reading, video gaming"|"20210113113048"|"AA00011"|""
"S040868"|"Relatives / Friends act as Guardian in UK"|"Yes"|"20210113113200"|"AA00011"|""
"S040893"|"Character"|"CHEERFUL, POSITIVE"|"20210120122317"|"AA00011"|""
"S040893"|"Interests / Hobbies"|"READING, SINGING, GOLFING, SWIMMING"|"20210120122317"|"AA00011"|""
"S040893"|"Other Requirement"|"BOARDING SCHOOL"|"20210120122317"|"AA00011"|""
"S040893"|"School Preferred"|"CONCORD COLLEGE"|"20210120122317"|"AA00011"|""
"S040893"|"Reasons to Study in UK"|"TO HAVE BETTER EDUCATION, BE MORE INTERNATIONAL"|"20210120122317"|"AA00011"|""
"S040882"|"Relatives / Friends Studying in UK"|"Yes"|"20210122175422"|"AA00011"|""
"S040879"|"Work in Government"|"N"|"20210116101403"|"AA00088"|""
"S040889"|"Special Talents"|"She did a WISC-V IQ scores and got 139 marks with exceptionally high in her Verbal Comprehensive Index (148 marks, top 0.1%, highly gifted) and Processing Speed Index (PSI) (142 marks, top 0.3%).  ***  Please note that I haven't told Ching Lam"|"20210126143537"|"AA00088"|""
"S040891"|"Relatives / Friends Studying in UK"|"Yes"|"20210127120229"|"AA00011"|""
"S040382"|"Relatives / Friends Studying in UK"|"Yes"|"20210204103234"|"AA00011"|""
"S040382"|"Relatives / Friends act as Guardian in UK"|"Yes"|"20210204103242"|"AA00011"|""
"S040905"|"Relatives / Friends Studying in UK"|"Yes"|"20210204120427"|"AA00011"|""
"S040905"|"Relatives / Friends act as Guardian in UK"|"Yes"|"20210204120439"|"AA00011"|""
"S040906"|"Relatives / Friends Studying in UK"|"Yes"|"20210204142549"|"AA00011"|""
"S040935"|"Relatives / Friends Studying in UK"|"Yes"|"20210218122328"|"AA00011"|""
"S040910"|"Preferred School Type"|"NO PREFERENCE"|"20210203151126"|"AA00011"|""
"S040910"|"Other Requirement"|"boarding"|"20210203151126"|"AA00011"|""
"S040993"|"Interests / Hobbies"|"STEM LEGO，TAEKWONDO"|"20210224102722"|"AA00011"|""
"S040950"|"Interests / Hobbies"|"above average"|"20210224162138"|"AA00011"|""
"S040952"|"Interests / Hobbies"|"weak"|"20210225102102"|"AA00011"|""
"S040995"|"Interests / Hobbies"|"Drama, swimming, badminton, reading"|"20210305171734"|"AA00011"|""
"S040995"|"Interests / Hobbies"|"Drama, swimming, badminton, reading"|"20210305171751"|"AA00011"|""
"S040995"|"Relatives / Friends act as Guardian in UK"|"Yes"|"20210305171842"|"AA00011"|""
"S041009"|"Max Budget per Term"|"No Maximum budget!"|"20210310135414"|"AA00011"|""
"S041009"|"Max Budget per Term"|"No Maximum budget"|"20210310135620"|"AA00011"|""
"S041015"|"Relatives / Friends Studying in UK"|"Yes"|"20210312162524"|"AA00011"|""
"S041015"|"Relatives / Friends act as Guardian in UK"|"Yes"|"20210312162531"|"AA00011"|""
"S041167"|"Location Preference"|"LONDON, SOUTHERN ENGLAND"|"20210315120425"|"AA00011"|""
"S041167"|"Reasons to Study in UK"|"TO OBTAIN BETTER EDUCATION"|"20210315120425"|"AA00011"|""
"S041021"|"Relatives / Friends Studying in UK"|"Yes"|"20210315121821"|"AA00011"|""
"S041021"|"Relatives / Friends act as Guardian in UK"|"Yes"|"20210315121851"|"AA00011"|""
"S041022"|"English Standard"|"excellent"|"20210315122627"|"AA00011"|""
"S041022"|"Learning Difficulties"|"Yes"|"20210315122747"|"AA00011"|""
"S041022"|"Learning Difficulties"|"Yes, high Functioning Autism"|"20210315122858"|"AA00011"|""
"S041022"|"Relatives / Friends Studying in UK"|"Yes"|"20210315122738"|"AA00011"|""
"S041022"|"Relatives / Friends act as Guardian in UK"|"Yes"|"20210315122756"|"AA00011"|""
"S041032"|"Max Budget per Term"|"40000-50000"|"20210317121007"|"AA00011"|""
"S041043"|"Relatives / Friends Studying in UK"|"Yes"|"20210322103554"|"AA00011"|""
"S041038"|"Relatives / Friends act as Guardian in UK"|"Yes"|"20210322170239"|"AA00011"|""
"S041045"|"Character"|"Cheerful, proactive and out-spoken"|"20210322175003"|"AA00011"|""
"S041045"|"Relatives / Friends act as Guardian in UK"|"Yes"|"20210322175100"|"AA00011"|""
"S041057"|"Relatives / Friends Studying in UK"|"Yes"|"20210325161623"|"AA00011"|""
"S041057"|"Relatives / Friends act as Guardian in UK"|"Yes"|"20210325161630"|"AA00011"|""
"S041054"|"Special Talents"|"outgoing, active, like to try new things"|"20210327173726"|"AA00011"|""
"S041054"|"Relatives / Friends act as Guardian in UK"|"Yes, Kent, Wlaton-on-Thames, Birmingham"|"20210327174428"|"AA00011"|""
"S041067"|"Interests / Hobbies"|"Playing the piano, learning French, making pottery, playing ice-hockey"|"20210331113337"|"AA00011"|""
"S041067"|"Relatives / Friends Studying in UK"|"Yes"|"20210331113418"|"AA00011"|""
"S041071"|"Relatives / Friends Studying in UK"|"Yes"|"20210331174146"|"AA00011"|""
"S041141"|"Reasons to Study in UK"|"BETTER EDUCATION"|"20210408181050"|"AA00011"|""
"S041114"|"Relatives / Friends act as Guardian in UK"|"Yes"|"20210409111353"|"AA00011"|""
"S041115"|"Relatives / Friends act as Guardian in UK"|"Yes,"|"20210409112152"|"AA00011"|""
"S041111"|"Interests / Hobbies"|"Dancing, reading, playing netball, kayaking"|"20210409101304"|"AA00011"|""
"S041093"|"School Preferred"|"Concord College, Wellington College, Badminton School Bristol, Benenden School, Headington"|"20210410150811"|"AA00011"|""
"S041131"|"Interests / Hobbies"|"above average"|"20210410170418"|"AA00011"|""
"S041131"|"Character"|"Medical science, animal rescue, help at orphanage, dance, playing guitar, singing, TaeKwonDo, football, and Kendo."|"20210410170441"|"AA00011"|""
"S041146"|"School Preferred"|"Brighton College, Oundle College etc"|"20210414155834"|"AA00011"|""
"S041146"|"School Preferred"|"Brighton College, Oundle College, Sevenoaks etc"|"20210415110855"|"AA00088"|""
"S041151"|"Interests / Hobbies"|"Swimming, 跆拳道"|"20210415115055"|"AA00011"|""
"S041151"|"Character"|"pleasant, clever"|"20210415115233"|"AA00011"|""
"S041153"|"Location Preference"|"London"|"20210415161746"|"AA00088"|""
"S041162"|"Interests / Hobbies"|"please refer to details sent via email"|"20210416104609"|"AA00088"|""
"S041162"|"Character"|"please refer to details sent via email"|"20210416104609"|"AA00088"|""
"S041163"|"Interests / Hobbies"|"please refer to details sent via email"|"20210416104942"|"AA00088"|""
"S041163"|"Character"|"please refer to details sent via email"|"20210416104942"|"AA00088"|""
"S041163"|"Character"|"keen on kayaking (with 3 Star Award), windsurfing (Intermediate Level), Outward Bound, ice skating and dancing; currently working on / nearly complete the Duke of Edinburgh’s Silver Award; also active member of the school’s Art Club"|"20210416105039"|"AA00088"|""
"S041171"|"Interests / Hobbies"|"piano, tennis, table tennis, unning, bouldering, chess, debate club"|"20210417135436"|"AA00011"|""
"S041185"|"Relatives / Friends Studying in UK"|"yes"|"20210420111238"|"AA00088"|""
"S041193"|"Relatives / Friends Studying in UK"|"Yes"|"20210422113628"|"AA00011"|""
"S041214"|"Relatives / Friends act as Guardian in UK"|"YES"|"20210426160202"|"AA00088"|""
"S041216"|"Relatives / Friends Studying in UK"|"yes"|"20210426161525"|"AA00088"|""
"S041224"|"School Preferred"|"Clarendon School"|"20210428123427"|"AA00011"|""
"S041226"|"Relatives / Friends Studying in UK"|"Yes"|"20210429142343"|"AA00011"|""
"S041228"|"Relatives / Friends act as Guardian in UK"|"Yes"|"20210429150549"|"AA00011"|""
"S041233"|"Relatives / Friends act as Guardian in UK"|"Timothy Ng and Tiffany Ng currently studying in UK under the arrangement by Academic Asia"|"20210430160207"|"AA00088"|""
"S041282"|"Special Talents"|"cheerful, hardworking"|"20210512160949"|"AA00011"|""
"S041282"|"Learning Difficulties"|"oboe playing"|"20210512161108"|"AA00011"|""
"S041282"|"Location Preference"|"near London"|"20210512161121"|"AA00011"|""
"S041387"|"School Preferred"|"Charterhouse and Epsom in Surrey"|"20210525101347"|"AA00088"|""
"S041338"|"Relatives / Friends Studying in UK"|"Yes"|"20210526135722"|"AA00011"|""
"S041338"|"Relatives / Friends act as Guardian in UK"|"Yes"|"20210526135730"|"AA00011"|""
"S041341"|"Relatives / Friends act as Guardian in UK"|"Yes"|"20210526170304"|"AA00011"|""
"S041347"|"Location Preference"|"boys / co-ed"|"20210528174429"|"AA00011"|""
"S041347"|"Max Budget per Term"|"balance between budget and quality of school"|"20210528174514"|"AA00011"|""
"S041362"|"Relatives / Friends Studying in UK"|"Yes"|"20210531111834"|"AA00011"|""
"S041362"|"Relatives / Friends act as Guardian in UK"|"Yes"|"20210531111840"|"AA00011"|""
"S041395"|"Relatives / Friends act as Guardian in UK"|"YES"|"20210608120533"|"AA00088"|""
"S041395"|"Relatives / Friends Studying in UK"|"YES"|"20210608120527"|"AA00088"|""
"S041395"|"Relatives / Friends act as Guardian in UK"|"YES Elder sister is currently studying at Wycombe Abbey."|"20210608120712"|"AA00088"|""
"S041395"|"Relatives / Friends Studying in UK"|"YES, Guardian of elder sister will also act as Oscar's guardian."|"20210608120723"|"AA00088"|""
"S041398"|"Relatives / Friends Studying in UK"|"Yes"|"20210609102804"|"AA00011"|""
"S041399"|"Learning Difficulties"|"Yes"|"20210609105920"|"AA00011"|""
"S041399"|"Relatives / Friends act as Guardian in UK"|"Yes"|"20210609110007"|"AA00011"|""
"S041403"|"Relatives / Friends act as Guardian in UK"|"Yes"|"20210609173412"|"AA00011"|""
"S041403"|"Relatives / Friends Studying in UK"|"Yes"|"20210609173406"|"AA00011"|""
"S041404"|"Relatives / Friends Studying in UK"|"Yes"|"20210609182350"|"AA00011"|""
"S041434"|"Relatives / Friends Studying in UK"|"Yes"|"20210618140627"|"AA00011"|""
"S041439"|"Reasons to Study in UK"|"develop"|"20210619102840"|"AA00088"|""
"S041439"|"Special Talents"|"piano"|"20210619102808"|"AA00088"|""
"S041441"|"Relatives / Friends Studying in UK"|"Yes"|"20210619121256"|"AA00011"|""
"S041443"|"Character"|"silent, calm,"|"20210619151130"|"AA00011"|""
"S041444"|"Character"|"outging, humourous"|"20210619152247"|"AA00011"|""
"S041513"|"Relatives / Friends act as Guardian in UK"|"Yes"|"20210703182653"|"AA00011"|""
"S041516"|"Relatives / Friends Studying in UK"|"Yes"|"20210705151958"|"AA00011"|""
"S041516"|"Relatives / Friends act as Guardian in UK"|"Yes"|"20210705152004"|"AA00011"|""
"S041524"|"Interests / Hobbies"|"Fishing, play cello, play badmin"|"20210706101334"|"AA00088"|""
"S041541"|"English Standard"|"EXCELLENT"|"20210708161901"|"AA00088"|""
"S041541"|"Interests / Hobbies"|"Organizing activities, Drama"|"20210708161909"|"AA00088"|""
"S041545"|"Relatives / Friends Studying in UK"|"Yes"|"20210709110612"|"AA00011"|""
"S041558"|"Interests / Hobbies"|"coding, computer science"|"20210712150305"|"AA00088"|""
"S041572"|"Relatives / Friends Studying in UK"|"Yes"|"20210715103746"|"AA00011"|""
"S041572"|"Relatives / Friends act as Guardian in UK"|"Yes"|"20210715103753"|"AA00011"|""
"S041573"|"Relatives / Friends Studying in UK"|"London"|"20210715104443"|"AA00088"|""
"S041584"|"Relatives / Friends Studying in UK"|"Yes"|"20210716135218"|"AA00011"|""
"S041584"|"Relatives / Friends act as Guardian in UK"|"Yes"|"20210716135225"|"AA00011"|""
"S041590"|"Character"|"quite, helpful, cheerful, responsible"|"20210717110408"|"AA00088"|""
"S041593"|"Other Requirement"|"Different teaching style"|"20210717140351"|"AA00011"|""
"S041595"|"Interests / Hobbies"|"piano, ballet"|"20210717151318"|"AA00011"|""
"S041622"|"Relatives / Friends Studying in UK"|"Yes"|"20210723105646"|"AA00011"|""
"S041624"|"Character"|"cheerful, sincere and positive"|"20210724102834"|"AA00088"|""
"S041626"|"Location Preference"|"open, but terd to be near London"|"20210724111455"|"AA00088"|""
"S041635"|"Character"|"introvert,"|"20210726151950"|"AA00011"|""
"S044325"|"Character"|"EXTROVERT"|"20231115102652"|"AA00011"|""
"S041640"|"Interests / Hobbies"|"music, singing, badmintion"|"20210727114808"|"AA00088"|""
"S041642"|"Interests / Hobbies"|"ARTS AND CRAFT, CYCLING, WRITING"|"20210728100003"|"AA00011"|""
"S041642"|"Character"|"OUTSPOKEN, EXPRESSIVE"|"20210728100003"|"AA00011"|""
"S041642"|"Reasons to Study in UK"|"RELATIVELY WEAK AT CHINESE"|"20210728100003"|"AA00011"|""
"S041537"|"Special Talents"|"she will take performance diploma in harp in coming September"|"20210729101025"|"AA00088"|""
"S041649"|"Relatives / Friends Studying in UK"|"Yes"|"20210729175842"|"AA00011"|""
"S041649"|"Relatives / Friends act as Guardian in UK"|"Yes"|"20210729175829"|"AA00011"|""
"S041650"|"Special Talents"|"VIOLIN GRADE 8, PIANO GRADE 5"|"20210729180731"|"AA00011"|""
"S041650"|"Relatives / Friends Studying in UK"|"Yes"|"20210729180821"|"AA00011"|""
"S041661"|"Interests / Hobbies"|"music( trummpet)swimming, biology, pet"|"20210731113221"|"AA00088"|""
"S041661"|"Location Preference"|"around London, reading"|"20210731113336"|"AA00088"|""
"S041755"|"Character"|"OUTGOING"|"20210802170241"|"AA00011"|""
"S041755"|"Interests / Hobbies"|"MATHS, CHESS"|"20210802170241"|"AA00011"|""
"S041677"|"Relatives / Friends act as Guardian in UK"|"My cousin"|"20210803153156"|"AA00088"|""
"S041677"|"Relatives / Friends Studying in UK"|"His elder brother will be taking Sixth Form in UK this Sep, West Sussex"|"20210803153143"|"AA00088"|""
"S041671"|"Relatives / Friends act as Guardian in UK"|"My cousin"|"20210803153311"|"AA00088"|""
"S041671"|"Relatives / Friends Studying in UK"|"His elder brother will be taking Sixth Form in UK this Sep, West Sussex"|"20210803153259"|"AA00088"|""
"S041682"|"English Standard"|"EXCELLENT"|"20210804111414"|"AA00011"|""
"S041682"|"Guardian in UK"|"PATERNAL AUNT"|"20210804110850"|"AA00011"|""
"S041682"|"Interests / Hobbies"|"BALLET, PIANO"|"20210804111414"|"AA00011"|""
"S041682"|"Location Preference"|"OXFORD, CHELTENHAM"|"20210804110850"|"AA00011"|""
"S041682"|"Preferred School Type"|"GIRLS"|"20210804110850"|"AA00011"|""
"S041682"|"Reasons to Study in UK"|"FOR QUALITY EDUCATION"|"20210804110850"|"AA00011"|""
"S041682"|"School Preferred"|"HEADINGTON PREPARATORY SCHOOL"|"20210804110850"|"AA00011"|""
"S041684"|"Character"|"quite queit and reserved"|"20210804143646"|"AA00011"|""
"S041684"|"Relatives / Friends Studying in UK"|"Yes, both Canterbury, Kingston. Edinburgh, not sure yet"|"20210804143755"|"AA00011"|""
"S041689"|"Relatives / Friends Studying in UK"|"Yes"|"20210804174405"|"AA00078"|""
"S041689"|"Relatives / Friends act as Guardian in UK"|"Yes"|"20210804174415"|"AA00078"|""
"S041696"|"Interests / Hobbies"|"RUGBY, SWIMMING, TENNIS, GUITAR"|"20210128101022"|"AA00088"|""
"S041712"|"Relatives / Friends Studying in UK"|"Yes"|"20210807111846"|"AA00011"|""
"S041747"|"English Standard"|"excel\lent"|"20210812141219"|"AA00011"|""
"S041768"|"Learning Difficulties"|"Yes, need to put on"|"20210816145211"|"AA00011"|""
"S041769"|"Interests / Hobbies"|"average"|"20210816150339"|"AA00011"|""
"S041769"|"English Standard"|"average"|"20210816150405"|"AA00011"|""
"S041769"|"Interests / Hobbies"|"cooking, crafting"|"20210816150412"|"AA00011"|""
"S041800"|"Relatives / Friends Studying in UK"|"Yes"|"20210819183245"|"AA00011"|""
"S041772"|"Relatives / Friends Studying in UK"|"YES, cousin @ Seaford College"|"20210817114447"|"AA00088"|""
"S041811"|"Relatives / Friends Studying in UK"|"Yes"|"20210821164446"|"AA00011"|""
"S041834"|"Location Preference"|"near London、Surrey、Hertfordshire"|"20210826121557"|"AA00011"|""
"S041854"|"Interests / Hobbies"|"socer, handball, swimming"|"20210831115452"|"AA00088"|""
"S041860"|"Relatives / Friends act as Guardian in UK"|"Yes"|"20210901151029"|"AA00011"|""
"S042047"|"School Applied Before"|"Ongoing:"|"20210908103633"|"AA00011"|""
"S042047"|"School Applied Before"|"Ongoing: Bootham School York,"|"20210908103656"|"AA00011"|""
"S041946"|"Learning Difficulties"|"Yes"|"20210913143248"|"AA00011"|""
"S041956"|"Relatives / Friends Studying in UK"|"Yes"|"20210915151446"|"AA00011"|""
"S041956"|"Relatives / Friends act as Guardian in UK"|"Yes"|"20210915151452"|"AA00011"|""
"S041964"|"Interests / Hobbies"|"Music and Art"|"20210918103557"|"AA00088"|""
"S041970"|"School Preferred"|"St Catherine's School, Bramley"|"20210920145651"|"AA00011"|""
"S041970"|"Relatives / Friends act as Guardian in UK"|"Yes"|"20210920145549"|"AA00011"|""
"S041978"|"Interests / Hobbies"|"above average"|"20210922141616"|"AA00011"|""
"S041991"|"School Preferred"|"St. Mary"|"20210925103811"|"AA00088"|""
"S042008"|"Relatives / Friends Studying in UK"|"Yes"|"20210927102653"|"AA00011"|""
"S042010"|"Max Budget per Term"|"20000"|"20210927112452"|"AA00011"|""
"S042200"|"School Preferred"|"Eton, Brighton, Charterhouse or any top schools that you recommend."|"20211005145900"|"AA00088"|""
"S042059"|"Preferred School Type"|"GIRLS"|"20211010112151"|"AA00011"|""
"S042078"|"Relatives / Friends Studying in UK"|"Yes"|"20211013135121"|"AA00011"|""
"S042089"|"Relatives / Friends Studying in UK"|"Yes"|"20211015150654"|"AA00011"|""
"S042089"|"Relatives / Friends act as Guardian in UK"|"Yes"|"20211015150701"|"AA00011"|""
"S042134"|"Relatives / Friends act as Guardian in UK"|"Yes"|"20211028144542"|"AA00011"|""
"S042171"|"Character"|"Cheerful"|"20211105182758"|"AA00011"|""
"S041975"|"School Applied Before"|"Westminister School"|"20211108102307"|"AA00088"|""
"S042211"|"Relatives / Friends Studying in UK"|"Yes"|"20211119102120"|"AA00011"|""
"S042211"|"Relatives / Friends act as Guardian in UK"|"Yes"|"20211119102128"|"AA00011"|""
"S042227"|"Relatives / Friends Studying in UK"|"Yes"|"20211125095451"|"AA00011"|""
"S042244"|"Max Budget per Term"|"50000"|"20211201140411"|"AA00011"|""
"S042253"|"Character"|"easy going, extaverted"|"20211203162657"|"AA00011"|""
"S042293"|"Interests / Hobbies"|"music, art, calligraphy"|"20211220104410"|"AA00088"|""
"S042309"|"Interests / Hobbies"|"Rowing / Cricket / Taekwondo / wide range of interests"|"20211228144414"|"AA00088"|""
"S042309"|"Character"|"Inquisitive, friendly, gentlemanly"|"20211228144440"|"AA00088"|""
"S042180"|"Other Requirement"|"prefer same school with sister Wycombe Abby School"|"20211106170008"|"AA00088"|""
"S042180"|"School Preferred"|"Wycombe Abby School, Goddphin andThe Latymer School,  Guildford high school, Brighton College, St. Mary School"|"20211106170156"|"AA00088"|""
"S042330"|"School Preferred"|"The Harrow School"|"20220107134146"|"AA00011"|""
"S042349"|"Location Preference"|"near London"|"20220118104607"|"AA00088"|""
"S042349"|"Relatives / Friends Studying in UK"|"yes"|"20220118104540"|"AA00088"|""
"S042349"|"Relatives / Friends act as Guardian in UK"|"yes"|"20220118104558"|"AA00088"|""
"S042376"|"Special Talents"|"DRAWING"|"20220126101032"|"AA00011"|""
"S042376"|"Studying in UK School"|"RAILEY CHAN"|"20220126101032"|"AA00011"|""
"S042423"|"Interests / Hobbies"|"EXCELLENT"|"20220215110838"|"AA00088"|""
"S042424"|"Relatives / Friends act as Guardian in UK"|"Oxford"|"20220215144740"|"AA00088"|""
"S042482"|"Relatives / Friends Studying in UK"|"Yes"|"20220304142553"|"AA00011"|""
"S042501"|"Relatives / Friends Studying in UK"|"Yes"|"20220312103116"|"AA00011"|""
"S042501"|"Relatives / Friends act as Guardian in UK"|"Yes"|"20220312103134"|"AA00011"|""
"S042508"|"Character"|"CHEERFUL  AND OUTGOING"|"20220314134834"|"AA00011"|""
"S042516"|"School Preferred"|"Dulwich College, Tonbridge School, Brighton College, Abingdon School"|"20200221113103"|"AA00088"|""
"S042516"|"Max Budget per Term"|"15,000"|"20200221113103"|"AA00088"|""
"S042516"|"Reasons to Study in UK"|"To pursuit quality education"|"20200221113103"|"AA00088"|""
"S042536"|"Relatives / Friends Studying in UK"|"Yes"|"20220321135428"|"AA00011"|""
"S042540"|"Relatives / Friends act as Guardian in UK"|"YES"|"20220322110931"|"AA00088"|""
"S042595"|"Relatives / Friends act as Guardian in UK"|"Yes"|"20220404181905"|"AA00011"|""
"S042597"|"Location Preference"|"COMMUTABLE TO LONDON WITHIN 2 HOURS"|"20220406121021"|"AA00011"|""
"S042597"|"Other Requirement"|"DAY SCHOOL"|"20220406121021"|"AA00011"|""
"S042597"|"Special Talents"|"WEIQI (2 DAN), OLYMPIAD MATHEMATICS (CHAMPION)"|"20220406121021"|"AA00011"|""
"S042621"|"Relatives / Friends Studying in UK"|"Yes"|"20220411122954"|"AA00011"|""
"S042621"|"Relatives / Friends act as Guardian in UK"|"Yes"|"20220411123753"|"AA00011"|""
"S041800"|"Relatives / Friends Studying in UK"|"Yes, Brother to start year 1 this September at King's College London"|"20210819183514"|"AA00011"|""
"S041560"|"Interests / Hobbies"|"piano, computer"|"20210821102924"|"AA00088"|""
"S041415"|"School Preferred"|"Cardiff Sixth Form College"|"20210826103628"|"AA00088"|""
"S040526"|"School Applied Before"|"Abington School, Tonbridge School, Trinity"|"20210828151107"|"AA00088"|""
"S041857"|"Religion Requirement"|"first Catholic"|"20210831153406"|"AA00088"|""
"S041857"|"Religion Requirement"|"Catholic"|"20210831153410"|"AA00088"|""
"S041884"|"Interests / Hobbies"|"dancing, guitar, drama"|"20210904173210"|"AA00011"|""
"S041923"|"Relatives / Friends Studying in UK"|"Yes"|"20210910164342"|"AA00011"|""
"S041923"|"Relatives / Friends act as Guardian in UK"|"Yes"|"20210910164348"|"AA00011"|""
"S041955"|"Preferred School Type"|"co-ed"|"20210915143857"|"AA00011"|""
"S041963"|"Interests / Hobbies"|"Tengwen has a wide range of hobbies, such as ballet, running, basketball, badminton, roller skating, guitar, apinting, etc"|"20210918101553"|"AA00011"|""
"S041965"|"Relatives / Friends Studying in UK"|"Yes"|"20210918110033"|"AA00011"|""
"S041971"|"Relatives / Friends Studying in UK"|"Yes"|"20210920152252"|"AA00011"|""
"S042124"|"Preferred School Type"|"CO-ED"|"20210923110731"|"AA00011"|""
"S041994"|"Relatives / Friends act as Guardian in UK"|"Yes"|"20210925134149"|"AA00011"|""
"S041994"|"Relatives / Friends Studying in UK"|"Yes"|"20210925134142"|"AA00011"|""
"S042013"|"Relatives / Friends Studying in UK"|"Yes"|"20210927164957"|"AA00011"|""
"T010341"|"Studying in UK"|"N"|"20210415101245"|"AA00088"|""
"T010341"|"Studying in UK"|"Her cousin is studying in Guildford"|"20210930101752"|"AA00088"|""
"S042058"|"Interests / Hobbies"|"SPORTS / Wushu"|"20211010111014"|"AA00011"|""
"S042073"|"Relatives / Friends act as Guardian in UK"|"Yes"|"20211011141424"|"AA00011"|""
"S042081"|"Relatives / Friends Studying in UK"|"Yes"|"20211013153920"|"AA00011"|""
"S042081"|"Relatives / Friends act as Guardian in UK"|"Yes"|"20211013153928"|"AA00011"|""
"S042134"|"Special Talents"|"strong in science and english"|"20211028144649"|"AA00011"|""
"S042134"|"Know AA From"|"explore more and enhance his ablility"|"20211028144743"|"AA00011"|""
"S042134"|"Other Requirement"|"strong in science and english"|"20211028144718"|"AA00011"|""
"S042176"|"Interests / Hobbies"|"excellent"|"20211106132129"|"AA00088"|""
"S040979"|"School Preferred"|"Dulwich? or any other schools strong in academics?"|"20211112100916"|"AA00088"|""
"S042219"|"Character"|"cheerful, liverly"|"20211122101520"|"AA00011"|""
"S042244"|"Relatives / Friends act as Guardian in UK"|"Yes"|"20211201140330"|"AA00011"|""
"S042245"|"Relatives / Friends Studying in UK"|"Yes"|"20211201182506"|"AA00011"|""
"S042266"|"Relatives / Friends Studying in UK"|"Yes"|"20211206104203"|"AA00011"|""
"S042266"|"Relatives / Friends act as Guardian in UK"|"Yes"|"20211206104220"|"AA00011"|""
"S042294"|"Relatives / Friends Studying in UK"|"Yes"|"20211220105339"|"AA00011"|""
"S042180"|"Relatives / Friends Studying in UK"|"yes, sister Wycombe Abby and  4 cousin"|"20211106165837"|"AA00088"|""
"S042180"|"Special Talents"|"speech"|"20211106170727"|"AA00088"|""
"S042323"|"Relatives / Friends Studying in UK"|"Yes"|"20220105104322"|"AA00011"|""
"S042330"|"Relatives / Friends Studying in UK"|"Yes"|"20220107134121"|"AA00011"|""
"S042330"|"Relatives / Friends act as Guardian in UK"|"Yes"|"20220107134128"|"AA00011"|""
"S042376"|"Interests / Hobbies"|"DRAWING, PAINTING, FASHION DESIGN, SWIMMING, TENNIS, SAILING"|"20220126101032"|"AA00011"|""
"S042376"|"Preferred School Type"|"GIRLS"|"20220126101032"|"AA00011"|""
"S042409"|"Relatives / Friends act as Guardian in UK"|"Yes"|"20220211112155"|"AA00011"|""
"S042429"|"Relatives / Friends act as Guardian in UK"|"Yes,"|"20220216112245"|"AA00011"|""
"S042477"|"Relatives / Friends Studying in UK"|"Yes"|"20220303173459"|"AA00011"|""
"S042477"|"Relatives / Friends act as Guardian in UK"|"Yes"|"20220303173506"|"AA00011"|""
"S042483"|"Relatives / Friends Studying in UK"|"Yes"|"20220304143837"|"AA00011"|""
"S042483"|"Relatives / Friends act as Guardian in UK"|"Yes"|"20220304143853"|"AA00011"|""
"S042508"|"Interests / Hobbies"|"READING, PIANO, CLARINET, DRAWING"|"20220314134834"|"AA00011"|""
"S042512"|"Relatives / Friends Studying in UK"|"Yes"|"20220314174604"|"AA00011"|""
"S042512"|"Relatives / Friends act as Guardian in UK"|"Yes"|"20220314174556"|"AA00011"|""
"S042529"|"Relatives / Friends act as Guardian in UK"|"Yes"|"20220319161743"|"AA00011"|""
"S042538"|"School Preferred"|"CATERHAM"|"20220322105807"|"AA00088"|""
"S042577"|"Interests / Hobbies"|"羽毛球"|"20220330141423"|"AA00011"|""
"S042577"|"School Preferred"|"colchester Royal Grammar School"|"20220330141423"|"AA00011"|""
"S042597"|"Interests / Hobbies"|"WEIQI, CHESS, MATHEMATICS, DEBATE, FOOTBALL, CLARINET"|"20220406121021"|"AA00011"|""
"S042597"|"School Preferred"|"TONBRIDGE SCHOOL"|"20220406121021"|"AA00011"|""
"S042607"|"Relatives / Friends act as Guardian in UK"|"Yes"|"20220407163153"|"AA00011"|""
"S042622"|"Relatives / Friends Studying in UK"|"Yes"|"20220411125506"|"AA00011"|""
"S042622"|"Relatives / Friends act as Guardian in UK"|"Yes"|"20220411125515"|"AA00011"|""
"S042635"|"Relatives / Friends Studying in UK"|"Yes"|"20220413141207"|"AA00011"|""
"S042635"|"Relatives / Friends act as Guardian in UK"|"Yes"|"20220413141215"|"AA00011"|""
"S042640"|"Religion Requirement"|"CHURCH OF ENGLAND (PREFERRED)"|"20220414142204"|"AA00011"|""
"S042640"|"Relatives / Friends Studying in UK"|"Yes"|"20220414142058"|"AA00011"|""
"S042640"|"Relatives / Friends act as Guardian in UK"|"Yes"|"20220414142105"|"AA00011"|""
"S042647"|"Special Talents"|"Strong leader, mature, resilient"|"20220419150628"|"AA00088"|""
"S042667"|"Preferred School Type"|"NO PREFERENCE"|"20220422101613"|"AA00088"|""
"S042683"|"Relatives / Friends Studying in UK"|"Yes"|"20220425134506"|"AA00011"|""
"S042685"|"School Preferred"|"Harrow UK"|"20220426102736"|"AA00088"|""
"S042689"|"Interests / Hobbies"|"GUITAR; BADMINTON; TENNIS; ALPINE SKING ;"|"20220427105836"|"AA00011"|""
"S042690"|"Interests / Hobbies"|"PIANO; UKULELE; BADMINTON; TENNIS; ALPINE SKING ;"|"20220427105839"|"AA00011"|""
"S041768"|"Learning Difficulties"|"Yes, need hearing aid"|"20210816145416"|"AA00011"|""
"S042717"|"Relatives / Friends Studying in UK"|"Yes"|"20220505180046"|"AA00011"|""
"S042717"|"Relatives / Friends act as Guardian in UK"|"Yes"|"20220505180053"|"AA00011"|""
"S042739"|"Relatives / Friends Studying in UK"|"Yes"|"20220512142817"|"AA00011"|""
"S042745"|"Relatives / Friends Studying in UK"|"Yes"|"20220513170903"|"AA00011"|""
"S042745"|"Relatives / Friends act as Guardian in UK"|"Yes"|"20220513170909"|"AA00011"|""
"S042746"|"Interests / Hobbies"|"average"|"20220513171949"|"AA00011"|""
"S042746"|"Interests / Hobbies"|"average"|"20220513172009"|"AA00011"|""
"S042746"|"Relatives / Friends Studying in UK"|"Yes"|"20220513172108"|"AA00011"|""
"S042750"|"Character"|"OUTGOING"|"20220513122954"|"AA00088"|""
"S042750"|"Interests / Hobbies"|"DESIGN, WRITING SCRIPT FOR VIDEO CLIPS, COSTUME MAKE UP,, READING"|"20220513122954"|"AA00088"|""
"S042750"|"Character"|"Outgoing"|"20220514102156"|"AA00011"|""
"S042750"|"Religion Requirement"|"CATHOLIC IF POSSIBLE"|"20220513122954"|"AA00088"|""
"S042750"|"School Applied Before"|"VILLIERS SCHOOL IRELAND"|"20220513122954"|"AA00088"|""
"S042766"|"Studying in UK School"|"ELDER BROTHER"|"20220518104140"|"AA00011"|""
"S042763"|"Relatives / Friends act as Guardian in UK"|"Yes"|"20220518111119"|"AA00011"|""
"S042763"|"Character"|"Cheerful, outgoing, friendly and caring"|"20220518111044"|"AA00011"|""
"S042763"|"Interests / Hobbies"|"Sailing, tennis, golf, skiing, drama, piano, dancing, wakeboarding, horse riding"|"20220518111024"|"AA00011"|""
"S042767"|"Relatives / Friends act as Guardian in UK"|"Yes"|"20220520140238"|"AA00011"|""
"S042776"|"Location Preference"|"Co-ed"|"20220521151213"|"AA00088"|""
"S042788"|"Interests / Hobbies"|"DESIGN & TECHNOLOGY/ ROCKCLIMBING/ MC FOR SCHOOL EVENT/ SCHOOL CHOIR AND BANDS"|"20220525161429"|"AA00011"|""
"S042801"|"Relatives / Friends Studying in UK"|"Yes,"|"20220528142115"|"AA00011"|""
"S042815"|"Relatives / Friends act as Guardian in UK"|"Yes"|"20220601111755"|"AA00011"|""
"S042822"|"Relatives / Friends Studying in UK"|"Yes"|"20220602180852"|"AA00011"|""
"S042738"|"Preferred School Type"|"NO PREFERENCE"|"20220512134637"|"AA00011"|""
"S042850"|"Interests / Hobbies"|"Music, Art, Horseriding,"|"20220604104936"|"AA00088"|""
"S042829"|"Relatives / Friends act as Guardian in UK"|"Yes"|"20220606115056"|"AA00011"|""
"S042830"|"Relatives / Friends act as Guardian in UK"|"Yes"|"20220606144909"|"AA00011"|""
"S042833"|"English Standard"|"ABOVE AVERAGE"|"20220607145137"|"AA00088"|""
"S042833"|"Interests / Hobbies"|"Piano, Chess"|"20220607145145"|"AA00088"|""
"S042837"|"Interests / Hobbies"|"chinese painting, saieing, arts & craft"|"20220607180054"|"AA00088"|""
"S042838"|"Character"|"OUTGOING, FRIENDLY ACTIVE SMART"|"20220607100447"|"AA00088"|""
"S042838"|"Interests / Hobbies"|"MUSIC BASEBALL"|"20220607100447"|"AA00088"|""
"S042838"|"Location Preference"|"ANYWHERE"|"20220607100447"|"AA00088"|""
"S042838"|"Max Budget per Term"|"NO LIMIT"|"20220607100447"|"AA00088"|""
"S042838"|"Religion Requirement"|"CHRISTIAN"|"20220607100447"|"AA00088"|""
"S042838"|"Reasons to Study in UK"|"TO BE MORE INDEPENDENT AND HOPE TO REACH HIS FULL POTENTIAL"|"20220607100447"|"AA00088"|""
"S042839"|"Relatives / Friends Studying in UK"|"Yes"|"20220608153224"|"AA00011"|""
"S042839"|"Max Budget per Term"|"50000"|"20220608153249"|"AA00011"|""
"S042857"|"English Standard"|"above"|"20220613145924"|"AA00011"|""
"S042866"|"Character"|"CHEERFUL, FRIENDLY,  DILIGENT"|"20220617111606"|"AA00011"|""
"S042866"|"Interests / Hobbies"|"VIOLIN, SWIMMING, FENCING, FORMULA ONE RACING"|"20220617111606"|"AA00011"|""
"S042866"|"Special Talents"|"TRI-LINGUAL (MANDARIN, ENGLISH & JAPANESE)"|"20220617111606"|"AA00011"|""
"S042866"|"Studying in UK School"|"ETHAN'S EX-CLASSMATE FROM CIS"|"20220617111606"|"AA00011"|""
"S042867"|"Relatives / Friends Studying in UK"|"Yes"|"20220617163636"|"AA00011"|""
"S042876"|"Location Preference"|"around Birmingham"|"20220618141618"|"AA00011"|""
"S042876"|"Relatives / Friends act as Guardian in UK"|"Yes"|"20220618141603"|"AA00011"|""
"S042876"|"Relatives / Friends Studying in UK"|"Yes"|"20220618141556"|"AA00011"|""
"S042882"|"Relatives / Friends Studying in UK"|"Yes"|"20220620100606"|"AA00011"|""
"S042882"|"Relatives / Friends act as Guardian in UK"|"Yes"|"20220620100613"|"AA00011"|""
"S042882"|"Max Budget per Term"|"50000"|"20220620100621"|"AA00011"|""
"S042883"|"Interests / Hobbies"|"Table tennis, archery"|"20220620165229"|"AA00011"|""
"S042901"|"Guardian in UK"|"RELATIVE UNCLE & AUNTIE"|"20220622154728"|"AA00011"|""
"S042901"|"Interests / Hobbies"|"MUSIC, DANCE, ICE SKATING, SWIM"|"20220622154728"|"AA00011"|""
"S042901"|"Special Talents"|"CELLO GRADE 6, NATD (LATIN & BALLROOM) GOLD MEDAL HIGHLY COMMENDED, ICE SKATING MUSIC FREESTYLE GRADE 3"|"20220622154728"|"AA00011"|""
"S042901"|"Studying in UK School"|"NIECE"|"20220622154728"|"AA00011"|""
"S042919"|"Location Preference"|"LONDON"|"20220622173404"|"AA00011"|""
"S042927"|"Relatives / Friends act as Guardian in UK"|"Yes"|"20220702132749"|"AA00011"|""
"S042931"|"Preferred School Type"|"GIRLS"|"20220704144357"|"AA00011"|""
"S042943"|"Interests / Hobbies"|"Basketball,  Badminton, computer games"|"20220706171409"|"AA00011"|""
"S042951"|"Character"|"shy"|"20220709104759"|"AA00011"|""
"S042323"|"Relatives / Friends Studying in UK"|"Yes, many relatives and friends studying in uk at variety of schools, including Harrow UK"|"20220105104434"|"AA00011"|""
"S042323"|"Relatives / Friends act as Guardian in UK"|"N/A. We are originally from UK and would move back to UK with our son."|"20220105104457"|"AA00011"|""
"S042323"|"Reasons to Study in UK"|"Son currently attends Harrow HK and would like to study at Harrow UK."|"20220105104406"|"AA00011"|""
"S042955"|"Relatives / Friends Studying in UK"|"Yes"|"20220711100522"|"AA00011"|""
"S042955"|"Relatives / Friends act as Guardian in UK"|"Yes"|"20220711100528"|"AA00011"|""
"S042968"|"Relatives / Friends Studying in UK"|"Yes"|"20220715142329"|"AA00011"|""
"S042968"|"Relatives / Friends act as Guardian in UK"|"Sutton, Kent"|"20220715142501"|"AA00011"|""
"S042996"|"Location Preference"|"Reading"|"20220723120533"|"AA00088"|""
"S042997"|"Relatives / Friends act as Guardian in UK"|"Yes"|"20220723134648"|"AA00011"|""
"S042997"|"Relatives / Friends Studying in UK"|"Yes"|"20220723134642"|"AA00011"|""
"S043000"|"Relatives / Friends Studying in UK"|"Yes"|"20220725095611"|"AA00011"|""
"S043014"|"Interests / Hobbies"|"Swimming/tennis/clarinet/piano"|"20220727160409"|"AA00011"|""
"S043026"|"Relatives / Friends Studying in UK"|"Yes"|"20220729175338"|"AA00011"|""
"S043026"|"Relatives / Friends act as Guardian in UK"|"Yes"|"20220729175345"|"AA00011"|""
"S043046"|"Character"|"文靜"|"20220803152310"|"AA00011"|""
"S043046"|"Interests / Hobbies"|"畫畫"|"20220803152310"|"AA00011"|""
"S043046"|"Location Preference"|"偏遠地區"|"20220803152310"|"AA00011"|""
"S043076"|"Learning Difficulties"|"Yes"|"20220812103711"|"AA00011"|""
"S043117"|"Reasons to Study in UK"|"have the best learning environment and accept other study system"|"20220823163038"|"AA00088"|""
"S042415"|"Relatives / Friends Studying in UK"|"YES"|"20220826150607"|"AA00088"|""
"S043134"|"Character"|"create, outgoing"|"20220829105913"|"AA00088"|""
"S043012"|"School Preferred"|"CLC, Brighton College, St. Swithyn's School"|"20220829152810"|"AA00088"|""
"S043012"|"Reasons to Study in UK"|"meet people from different countries and broaden horizon"|"20220829153032"|"AA00088"|""
"S043140"|"Interests / Hobbies"|"reading, skated board"|"20220830112254"|"AA00088"|""
"S043158"|"Learning Difficulties"|"Yes"|"20220901095216"|"AA00011"|""
"S043158"|"Relatives / Friends act as Guardian in UK"|"Yes"|"20220901095224"|"AA00011"|""
"S043160"|"Relatives / Friends Studying in UK"|"Yes"|"20220901100601"|"AA00011"|""
"S043160"|"Relatives / Friends Studying in UK"|"Yes,"|"20220901100731"|"AA00011"|""
"S043162"|"Relatives / Friends act as Guardian in UK"|"Yes"|"20220901115626"|"AA00011"|""
"S043162"|"Relatives / Friends act as Guardian in UK"|"Yes, my cousin who live in Lindon, UK"|"20220901115750"|"AA00011"|""
"S043162"|"Interests / Hobbies"|"Listening Music, Art, food, reading Japanese comic"|"20220901115509"|"AA00011"|""
"S043173"|"Character"|"Quiet, introverted, conscientious"|"20220831115417"|"AA00011"|""
"S043192"|"Relatives / Friends act as Guardian in UK"|"Yes"|"20220908122312"|"AA00011"|""
"S043217"|"Relatives / Friends Studying in UK"|"Yes"|"20220914111227"|"AA00011"|""
"S043217"|"Relatives / Friends act as Guardian in UK"|"Yes"|"20220914111234"|"AA00011"|""
"S043237"|"School Preferred"|"co-ed"|"20220922191634"|"AA00011"|""
"S043240"|"Relatives / Friends Studying in UK"|"Yes"|"20220926112446"|"AA00011"|""
"S043240"|"Relatives / Friends act as Guardian in UK"|"Yes"|"20220926112455"|"AA00011"|""
"S043243"|"Relatives / Friends Studying in UK"|"Yes"|"20220927104207"|"AA00011"|""
"S043243"|"Relatives / Friends Studying in UK"|"Yes, Older sister is studying in the foundation year in the University OF Exeter; Cousin is studying in her final year in The Courtauld, University of London"|"20220927104632"|"AA00011"|""
"S039532"|"English Standard"|"AVERAGE"|"20200120100709"|"AA00088"|""
"S039532"|"Interests / Hobbies"|"Violin , Viola"|"20200120100709"|"AA00088"|""
"S039532"|"Character"|"Cheerful , musical and faster learner"|"20200120100709"|"AA00088"|""
"S039532"|"Preferred School Type"|"GIRLS"|"20200120100709"|"AA00088"|""
"S043246"|"Character"|"Social, Loves Reading"|"20220928143848"|"AA00011"|""
"S043246"|"Character"|"Social, Loves Reading, Outgoing"|"20220928143957"|"AA00011"|""
"S043246"|"Interests / Hobbies"|"Taekwondo, Rugby, Fencing"|"20220928143835"|"AA00011"|""
"S043246"|"Relatives / Friends Studying in UK"|"Yes"|"20220928144042"|"AA00011"|""
"S043246"|"Relatives / Friends act as Guardian in UK"|"Yes"|"20220928144049"|"AA00011"|""
"S043260"|"Relatives / Friends Studying in UK"|"Yes"|"20221005144506"|"AA00011"|""
"S043261"|"School Preferred"|"Harrow School UK"|"20221005150442"|"AA00011"|""
"S043268"|"Relatives / Friends Studying in UK"|"Yes"|"20221007103030"|"AA00011"|""
"S043279"|"Location Preference"|"south"|"20221008101820"|"AA00088"|""
"S043290"|"Interests / Hobbies"|"羽毛球，鋼琴，薩克斯風"|"20221008144414"|"AA00011"|""
"S043309"|"Location Preference"|"LONDON, BRIGTHON"|"20221012113457"|"AA00011"|""
"S043309"|"Other Requirement"|"BOARDING"|"20221012113457"|"AA00011"|""
"S043309"|"Studying in UK School"|"SISTER"|"20221012113457"|"AA00011"|""
"S043307"|"Relatives / Friends act as Guardian in UK"|"Yes"|"20221012123048"|"AA00011"|""
"S043308"|"Relatives / Friends act as Guardian in UK"|"Yes"|"20221012135313"|"AA00011"|""
"S043317"|"Character"|"Our son is a performer and he likes to recite paragraphs from story books and perform them. One of the ways Alen retains information from books is by acting and performing it as a play."|"20221013173513"|"AA00011"|""
"S043318"|"Special Talents"|"Gain more exposure"|"20221014102323"|"AA00011"|""
"S043318"|"Relatives / Friends Studying in UK"|"Yes"|"20221014100923"|"AA00011"|""
"S043318"|"Relatives / Friends act as Guardian in UK"|"Yes"|"20221014100930"|"AA00011"|""
"S043319"|"Relatives / Friends Studying in UK"|"Yes"|"20221014112939"|"AA00011"|""
"S043346"|"Relatives / Friends Studying in UK"|"Yes"|"20221020100306"|"AA00011"|""
"S043349"|"Relatives / Friends Studying in UK"|"Yes"|"20221020163947"|"AA00011"|""
"S043349"|"Relatives / Friends act as Guardian in UK"|"Yes"|"20221020163953"|"AA00011"|""
"S043350"|"Relatives / Friends Studying in UK"|"Yes"|"20221021120025"|"AA00011"|""
"S043359"|"English Standard"|"abover average"|"20221024163414"|"AA00088"|""
"S043359"|"Special Talents"|"outgoing, academic"|"20221024163443"|"AA00088"|""
"S043360"|"School Preferred"|"Wycombe, CLC, Benenden, Downe"|"20221025104543"|"AA00088"|""
"S043370"|"English Standard"|"average"|"20221028163355"|"AA00011"|""
"S043383"|"Preferred School Type"|"co-ed"|"20221031164726"|"AA00011"|""
"S043389"|"Relatives / Friends Studying in UK"|"Yes"|"20221104140209"|"AA00011"|""
"S043389"|"Relatives / Friends act as Guardian in UK"|"Yes"|"20221104140216"|"AA00011"|""
"S043400"|"School Applied Before"|"Hampton School,Dulwich school,Abingdon school"|"20221111100432"|"AA00011"|""
"S043400"|"Reasons to Study in UK"|"become more independent"|"20221111100534"|"AA00011"|""
"S043404"|"Interests / Hobbies"|"國畫/潛水"|"20221111161945"|"AA00011"|""
"S043415"|"Relatives / Friends act as Guardian in UK"|"Yes"|"20221117171103"|"AA00011"|""
"S043417"|"Relatives / Friends act as Guardian in UK"|"Yes"|"20221117182500"|"AA00011"|""
"S043418"|"Relatives / Friends act as Guardian in UK"|"Yes"|"20221118115109"|"AA00011"|""
"S043446"|"Special Talents"|"broaden horizon, enhance social skills and foster independence."|"20221128171021"|"AA00011"|""
"S043446"|"Relatives / Friends act as Guardian in UK"|"Yes"|"20221128170955"|"AA00011"|""
"S043448"|"Relatives / Friends act as Guardian in UK"|"Yes"|"20221128175406"|"AA00011"|""
"S043449"|"Character"|"dancing , Clarinet"|"20221129170004"|"AA00088"|""
"S043451"|"Relatives / Friends Studying in UK"|"Yes"|"20221130110322"|"AA00011"|""
"S043473"|"Preferred School Type"|"CO-ED"|"20221213101122"|"AA00088"|""
"S043473"|"Location Preference"|"CO-ED"|"20221213101133"|"AA00088"|""
"S043473"|"Relatives / Friends Studying in UK"|"London"|"20221213101046"|"AA00088"|""
"S043474"|"Preferred School Type"|"London"|"20221213151438"|"AA00088"|""
"S043474"|"Relatives / Friends Studying in UK"|"Mayfield School"|"20221213151655"|"AA00088"|""
"S043475"|"School Preferred"|"Shrewsbury, king school Canterbury , and IB school"|"20221213154931"|"AA00088"|""
"S043478"|"Relatives / Friends Studying in UK"|"Yes"|"20221216112054"|"AA00011"|""
"S043345"|"Interests / Hobbies"|"Painting, singing, table tennis"|"20221020095425"|"AA00011"|""
"S043345"|"Character"|"Love to learn, diligent, accommodating"|"20221020095445"|"AA00011"|""
"S043345"|"School Preferred"|"Headington School"|"20221020095507"|"AA00011"|""
"S043504"|"Relatives / Friends Studying in UK"|"Yes"|"20230103110133"|"AA00078"|""
"S043516"|"Interests / Hobbies"|"畫畫，跳舞(Jazz)"|"20230104113305"|"AA00011"|""
"S043516"|"Special Talents"|"跳舞"|"20230104113305"|"AA00011"|""
"S043516"|"Character"|"活潑好動，願意作出新嘗試"|"20230104113305"|"AA00011"|""
"S043508"|"Relatives / Friends Studying in UK"|"Yes"|"20230104142403"|"AA00011"|""
"S039218"|"Relatives / Friends Studying in UK"|"Yes,"|"20230104150229"|"AA00011"|""
"S043518"|"Interests / Hobbies"|"drawing, basketball, 畫畫，籃球，田徑"|"20230109173503"|"AA00011"|""
"S043518"|"Relatives / Friends Studying in UK"|"Yes"|"20230109173631"|"AA00011"|""
"S043519"|"Character"|"活潑開朗，愛表達"|"20230109175403"|"AA00011"|""
"S043519"|"Relatives / Friends Studying in UK"|"Yes"|"20230109175451"|"AA00011"|""
"S043527"|"Relatives / Friends act as Guardian in UK"|"Yes"|"20230112164257"|"AA00011"|""
"S039309"|"English Standard"|"above average"|"20191221153046"|"AA00088"|""
"S039309"|"Interests / Hobbies"|"tennis, playing cello"|"20191221153145"|"AA00088"|""
"S043553"|"Location Preference"|"GREATER LONDON"|"20230127100340"|"AA00088"|""
"S043553"|"Reasons to Study in UK"|"BETTER HIGHER EDUCATION CHOICES"|"20230127100340"|"AA00088"|""
"S043560"|"Relatives / Friends act as Guardian in UK"|"YES"|"20230131100400"|"AA00088"|""
"S043562"|"School Applied Before"|"Concord, Tonbridge, Trinity School Croydon"|"20230131163145"|"AA00088"|""
"S043575"|"Special Talents"|"1)Harp (passed G5 with merit ABRSM) in 2022, currently working on G7"|"20230208143326"|"AA00011"|""
"S043575"|"Relatives / Friends act as Guardian in UK"|"Yes"|"20230208143454"|"AA00011"|""
"S043575"|"Relatives / Friends act as Guardian in UK"|"Yes, My elder brother (Ayden’s Uncle)"|"20230208143724"|"AA00011"|""
"S043673"|"Relatives / Friends Studying in UK"|"Yes"|"20230310140520"|"AA00011"|""
"S043673"|"Relatives / Friends act as Guardian in UK"|"Yes"|"20230310140527"|"AA00011"|""
"S043675"|"Interests / Hobbies"|"singing, dancing, drawing, swimming, basketball, violin"|"20230310174236"|"AA00011"|""
"S043682"|"School Preferred"|"Tonbridge, Oundle, Sevenoaks, Radle, Winchester"|"20230314103222"|"AA00088"|""
"S043686"|"Character"|"Mee is an art girl. She loves singing, and takes part in school choir. She also likes to make ceramic handcrafts, she's able to make cups and dishes by herself.  She likes swimming, badminton and design."|"20230316124639"|"AA00088"|""
"S043687"|"School Preferred"|"Dragon ,summer fields, Cothill House, Ludgrove Rokeby"|"20230316144854"|"AA00088"|""
"S043695"|"Relatives / Friends act as Guardian in UK"|"Yes"|"20230320095323"|"AA00011"|""
"S043703"|"Interests / Hobbies"|"average"|"20230325132955"|"AA00088"|""
"S043709"|"Relatives / Friends Studying in UK"|"Yes"|"20230325154340"|"AA00011"|""
"S043726"|"Relatives / Friends Studying in UK"|"Yes"|"20230330170317"|"AA00011"|""
"S043726"|"Relatives / Friends Studying in UK"|"Yes, Valerie wong, Epsom college"|"20230330170354"|"AA00011"|""
"S043726"|"Relatives / Friends act as Guardian in UK"|"Yes"|"20230330170323"|"AA00011"|""
"S043739"|"Relatives / Friends Studying in UK"|"Kingston Grammar School,  Catham School, CLC"|"20230411111705"|"AA00088"|""
"S043699"|"Interests / Hobbies"|"Dance and biology"|"20230419141925"|"AA00011"|""
"S043801"|"Relatives / Friends act as Guardian in UK"|"Yes"|"20230504110346"|"AA00011"|""
"S043817"|"Interests / Hobbies"|"READING, MUSIC (PERCUSSION, VOCAL, PIANO), ART, TENNIS & SWIMMING"|"20230510144929"|"AA00011"|""
"S043817"|"Other Requirement"|"IB SCHOOL"|"20230510144929"|"AA00011"|""
"S043817"|"Special Talents"|"MUSIC"|"20230510144929"|"AA00011"|""
"S043826"|"Interests / Hobbies"|"Dancing, Music and Cello"|"20230518104951"|"AA00011"|""
"S043827"|"Learning Difficulties"|"Yes"|"20230518111513"|"AA00011"|""
"S041691"|"English Standard"|"above average"|"20210805103533"|"AA00011"|""
"S043832"|"Relatives / Friends act as Guardian in UK"|"Yes"|"20230520162935"|"AA00011"|""
"S043823"|"Location Preference"|"Beneden"|"20230522104951"|"AA00011"|""
"S043835"|"Relatives / Friends act as Guardian in UK"|"Yes"|"20230522155421"|"AA00011"|""
"S043847"|"Relatives / Friends Studying in UK"|"Yes"|"20230529101749"|"AA00011"|""
"S043847"|"Relatives / Friends act as Guardian in UK"|"Yes"|"20230529101757"|"AA00011"|""
"S043848"|"Relatives / Friends Studying in UK"|"Yes"|"20230529102845"|"AA00011"|""
"S043856"|"Interests / Hobbies"|"quiet, introvert"|"20230605153836"|"AA00011"|""
"S043860"|"Relatives / Friends Studying in UK"|"Yes"|"20230608102507"|"AA00011"|""
"S043871"|"Character"|"pleasant, 开朗，热情"|"20230610182521"|"AA00011"|""
"S043875"|"Interests / Hobbies"|"ABOVE AVERAGE"|"20230613145347"|"AA00088"|""
"S043881"|"Relatives / Friends act as Guardian in UK"|"Yes"|"20230615104100"|"AA00011"|""
"S043986"|"Preferred School Type"|"BOYS"|"20230616140029"|"AA00011"|""
"S043891"|"Relatives / Friends act as Guardian in UK"|"Yes"|"20230621144520"|"AA00011"|""
"S043896"|"Relatives / Friends act as Guardian in UK"|"Yes"|"20230626121224"|"AA00011"|""
"S043897"|"Relatives / Friends Studying in UK"|"Yes"|"20230626122606"|"AA00011"|""
"S043897"|"Relatives / Friends act as Guardian in UK"|"Yes"|"20230626122614"|"AA00011"|""
"S043898"|"Location Preference"|"Yes"|"20230626174955"|"AA00011"|""
"S043870"|"Preferred School Type"|"NO PREFERENCE"|"20230610103452"|"AA00088"|""
"S043915"|"Relatives / Friends Studying in UK"|"Yes"|"20230707154626"|"AA00011"|""
"S043911"|"Character"|"Elia is a principled learner full of curiosity and interested in exploring new knowledge and activity. She shows deep interest in writing stories and drawings; while she shares equal"|"20230705120801"|"AA00011"|""
"S043911"|"Relatives / Friends Studying in UK"|"Yes"|"20230705120957"|"AA00011"|""
"S043911"|"Relatives / Friends Studying in UK"|"Yes, The Abbey School - Reading (Yr 4),"|"20230705121246"|"AA00011"|""
"S043911"|"Relatives / Friends act as Guardian in UK"|"Yes"|"20230705121005"|"AA00011"|""
"S043923"|"Relatives / Friends Studying in UK"|"Yes"|"20230712141239"|"AA00011"|""
"S043930"|"Relatives / Friends Studying in UK"|"Yes"|"20230715155739"|"AA00011"|""
"S043017"|"Interests / Hobbies"|"Coding, STEM, Piano, Violin, Computer games"|"20220727135730"|"AA00011"|""
"S043017"|"Character"|"Outgoing"|"20220727135730"|"AA00011"|""
"S043935"|"School Preferred"|"Rugby school"|"20230720131811"|"AA00011"|""
"S043942"|"Character"|"OUTGOING"|"20230720101939"|"AA00011"|""
"S043942"|"Guardian in UK"|"COUSIN LIVING IN SURREY"|"20230720101939"|"AA00011"|""
"S043942"|"Interests / Hobbies"|"READING, COMPUTER GAMES"|"20230720101939"|"AA00011"|""
"S043942"|"Character"|"Outing"|"20230720141335"|"AA00011"|""
"S043942"|"Other Requirement"|"BOARDING SCHOOL"|"20230720101939"|"AA00011"|""
"S043942"|"Preferred School Type"|"BOYS"|"20230720101939"|"AA00011"|""
"S043942"|"Reasons to Study in UK"|"WISH TO ATTEND UK UNIVERSITY IN THE FUTURE"|"20230720101939"|"AA00011"|""
"S043942"|"School Applied Before"|"ETON, WINCHESTER"|"20230720101939"|"AA00011"|""
"S043942"|"School Preferred"|"TONBRIDGE"|"20230720101939"|"AA00011"|""
"S043942"|"Special Talents"|"GIFTED PROGRAM"|"20230720101939"|"AA00011"|""
"S043943"|"Learning Difficulties"|"Yes"|"20230724143026"|"AA00011"|""
"S043944"|"School Applied Before"|"Harrow"|"20230724183248"|"AA00011"|""
"S043944"|"Relatives / Friends Studying in UK"|"Yes"|"20230724183032"|"AA00011"|""
"S043920"|"Interests / Hobbies"|"music"|"20230708152555"|"AA00011"|""
"S043919"|"Interests / Hobbies"|"music"|"20230708151558"|"AA00011"|""
"S043965"|"Relatives / Friends Studying in UK"|"Yes"|"20230804111620"|"AA00011"|""
"S043965"|"Relatives / Friends act as Guardian in UK"|"Yes"|"20230804111626"|"AA00011"|""
"S043975"|"English Standard"|"average"|"20230807164220"|"AA00011"|""
"S043989"|"Relatives / Friends act as Guardian in UK"|"Yes"|"20230810142515"|"AA00011"|""
"S043990"|"Relatives / Friends act as Guardian in UK"|"Yes"|"20230810143458"|"AA00011"|""
"S044012"|"Character"|"ACTIVE AND OPEN MINDED"|"20230812182604"|"AA00011"|""
"S044001"|"Relatives / Friends act as Guardian in UK"|"Yes"|"20230814104225"|"AA00011"|""
"S044008"|"Relatives / Friends Studying in UK"|"Yes"|"20230816114039"|"AA00011"|""
"S044010"|"Preferred School Type"|"NO PREFERENCE"|"20230705172041"|"AA00011"|""
"S044003"|"Relatives / Friends act as Guardian in UK"|"Yes"|"20230815120716"|"AA00078"|""
"S043989"|"Character"|"happy"|"20230817164151"|"AA00011"|""
"S044022"|"Interests / Hobbies"|"cello grade 7, school orchestra, en"|"20230819112249"|"AA00011"|""
"S044027"|"Relatives / Friends Studying in UK"|"Yes"|"20230821104619"|"AA00011"|""
"S044027"|"Relatives / Friends act as Guardian in UK"|"Yes"|"20230821104626"|"AA00011"|""
"S044029"|"Reasons to Study in UK"|"I would like to apply the same school my buddy schoolmate Henry Liang has applied."|"20230821111148"|"AA00011"|""
"S044029"|"School Preferred"|"1. Concord College"|"20230821111230"|"AA00011"|""
"S044029"|"Relatives / Friends act as Guardian in UK"|"Yes"|"20230821111106"|"AA00011"|""
"S044042"|"English Standard"|"average"|"20230825155056"|"AA00011"|""
"S044043"|"Relatives / Friends Studying in UK"|"Yes"|"20230825160837"|"AA00011"|""
"S044051"|"Interests / Hobbies"|"My entrepreneurial journey began with opening a music store called ""Epoch,"" which started from my passion for nostalgic songs and evolved into a successful venture. By 2022, Epoch's annual sales had exceeded 250 thousand"|"20230828182015"|"AA00011"|""
"S044054"|"Character"|"CHEERFUL, DILIGENT"|"20230830101232"|"AA00011"|""
"S044054"|"Interests / Hobbies"|"PIANO, RUNNING, FOOTBALL"|"20230830101232"|"AA00011"|""
"S044059"|"Relatives / Friends Studying in UK"|"Yes"|"20230830142601"|"AA00011"|""
"S044064"|"Interests / Hobbies"|"above average"|"20230831103958"|"AA00011"|""
"S044064"|"Relatives / Friends Studying in UK"|"Yes"|"20230831104143"|"AA00011"|""
"S042713"|"Relatives / Friends act as Guardian in UK"|"Relatives staying in UK"|"20230901160736"|"AA00011"|""
"S044083"|"Relatives / Friends act as Guardian in UK"|"Yes"|"20230904181355"|"AA00011"|""
"S044085"|"Relatives / Friends Studying in UK"|"Yes"|"20230906160708"|"AA00011"|""
"S044086"|"Location Preference"|"Brighton"|"20230906162237"|"AA00011"|""
"S044086"|"Relatives / Friends Studying in UK"|"Yes"|"20230906162244"|"AA00011"|""
"S044086"|"Relatives / Friends act as Guardian in UK"|"Yes"|"20230906162250"|"AA00011"|""
"S044085"|"Reasons to Study in UK"|"option as she goes into secondary"|"20230906160814"|"AA00011"|""
"S044090"|"School Applied Before"|"Cardiff Sixth Form College"|"20230908153530"|"AA00011"|""
"S044090"|"Relatives / Friends Studying in UK"|"Yes"|"20230908153156"|"AA00011"|""
"S044090"|"Relatives / Friends act as Guardian in UK"|"Yes"|"20230908153204"|"AA00011"|""
"S044093"|"Relatives / Friends act as Guardian in UK"|"Yes"|"20230908170338"|"AA00011"|""
"S044113"|"Relatives / Friends act as Guardian in UK"|"Yes"|"20230913135752"|"AA00011"|""
"S044139"|"Relatives / Friends Studying in UK"|"Yes"|"20230918173121"|"AA00011"|""
"S044139"|"Relatives / Friends act as Guardian in UK"|"Yes"|"20230918173128"|"AA00011"|""
"S044147"|"Received News from AA"|"YES"|"20230922181647"|"AA00107"|""
"S044149"|"School Preferred"|"GIRLS"|"20230923124748"|"AA00107"|""
"S044187"|"Interests / Hobbies"|"ABOVE AVERAGE"|"20230923130818"|"AA00107"|""
"S044189"|"School Preferred"|"Rodean"|"20230923164954"|"AA00107"|""
"S044152"|"Relatives / Friends Studying in UK"|"Cousin Joyce - Queen Mary University of London
Cousin Karin - Bournemouth University 
Cousin Cody - University of Sheffield 
Best Friend Sean Flynn - primary school in Edinburg"|"20230926132715"|"AA00107"|""
"S044157"|"Know AA From"|"Past experience"|"20230929124932"|"AA00107"|""
"S044162"|"School Preferred"|"GIRLS"|"20231003171147"|"AA00107"|""
"S044167"|"Relatives / Friends Studying in UK"|"Yes"|"20231004172715"|"AA00011"|""
"S044167"|"Relatives / Friends act as Guardian in UK"|"Yes"|"20231004172721"|"AA00011"|""
"S044168"|"Relatives / Friends act as Guardian in UK"|"Yes"|"20231004174059"|"AA00011"|""
"S042584"|"Interests / Hobbies"|"Reading, Science, Computer coding"|"20220402115548"|"AA00088"|""
"S042584"|"Character"|"Easy going, Cheerful"|"20220402115548"|"AA00088"|""
"S044276"|"Relatives / Friends act as Guardian in UK"|"Yes"|"20231101145427"|"AA00011"|""
"S044291"|"Preferred School Type"|"GIRLS, Co-ED"|"20231110172033"|"AA00107"|""
"S044325"|"Interests / Hobbies"|"PIANO, KRAV MAGA"|"20231115102652"|"AA00011"|""
"S044325"|"Religion Requirement"|"PROTESTANT"|"20231115102652"|"AA00011"|""
"S044325"|"English Standard"|"ABOVE AVERAGE"|"20231115102652"|"AA00011"|""
"S044299"|"Interests / Hobbies"|"Skiing,  Wakesurfing, Guzheng"|"20231117172744"|"AA00107"|""
"S044296"|"Interests / Hobbies"|"music"|"20231115100053"|"AA00011"|""
"S044296"|"School Applied Before"|"Charterhouse: Home, Sevenoaks School"|"20231121182451"|"AA00107"|""
"S044296"|"School Preferred"|"Charterhouse , Sevenoaks School, Uppingham"|"20231121182534"|"AA00107"|""
"S044296"|"Reasons to Study in UK"|"Be more mature and independent, social skills imporvement and transfer from IB curriculum, A-Level"|"20231121182707"|"AA00107"|""
"S044296"|"Interests / Hobbies"|"Violin (ABRSM G8), Paino (G5), Code/Stem"|"20231121182201"|"AA00107"|""
"S044308"|"Relatives / Friends Studying in UK"|"Yes"|"20231124160537"|"AA00011"|""
"S044317"|"Relatives / Friends Studying in UK"|"Yes"|"20231127102739"|"AA00011"|""
"S044324"|"Character"|"self motivated, conscientious, thoughtful and observant, a bit introverted"|"20231201114928"|"AA00107"|""
"S043766"|"Character"|"Outgoing, very sporty"|"20230420160441"|"AA00011"|""
"S044354"|"School Applied Before"|"Sevenoaks, Oundle, Rugby and etc."|"20240102125127"|"AA00107"|""
"S044354"|"School Applied Before"|"Sevenoaks, Oundle, Rugby and etc."|"20240102125127"|"AA00107"|""
"S044356"|"Other Requirement"|"want to check for Boarding School for both Wayne and Valarie."|"20240102161443"|"AA00107"|""
"S044368"|"Other Requirement"|"Not Boarding School, will stay with family"|"20240111153044"|"AA00107"|""
"S044367"|"Reasons to Study in UK"|"Moving to UK"|"20240111153400"|"AA00107"|""
"S044368"|"Reasons to Study in UK"|"Moving to UK"|"20240111153058"|"AA00107"|""
"S044368"|"Location Preference"|"Oxford"|"20240111152919"|"AA00107"|""
"S044371"|"Relatives / Friends act as Guardian in UK"|"My niece attends Kingston Grammar School"|"20240112150910"|"AA00107"|""
"S044371"|"Character"|"He is a mature child, with strong academic capabilities.  He is also good at sport, and has been selected for the school Fobisia sports team to participate in the international competition later in the year in Thailand. Otto  plays the trumpet and participates in the school orchestra and had a leading role in last year's school musical even though only in Year 4 at the time."|"20240112150658"|"AA00107"|""
"S044371"|"Character"|"He is a mature child, with strong academic capabilities.  
He is also good at sport, and has been selected for the school Fobisia sports team to participate in the international competition later in the year in Thailand. 
Otto  plays the trumpet and participates in the school orchestra and had a leading role in last year's school musical even though only in Year 4 at the time."|"20240112154119"|"AA00107"|""
"S044371"|"Character"|"Mature child, with strong academic capabilities, good at sport, and has been selected for the school Fobisia sports team to participate in the international competition later in the year in Thailand. 
Otto plays the trumpet and participates in the school orchestra and had a leading role in last year's school musical even though only in Year 4 at the time."|"20240112154218"|"AA00107"|""
"S044374"|"English Standard"|"EXCELLENT"|"20240115150713"|"AA00107"|""
"S044374"|"Character"|"creative, shy, quiet"|"20240115150729"|"AA00107"|""
"S044371"|"Character"|"Mature child, with strong academic capabilities, good at sport, and has been selected for the school Fobisia sports team to participate in the international competition later in the year in Thailand. Otto plays the trumpet and participates in the school orchestra and had a leading role in last year's school musical even though only in Year 4 at the time."|"20240112154245"|"AA00107"|""
"S044371"|"Character"|"He is a mature child, with strong academic capabilities.  He is also good at sport, and has been selected for the school Fobisia sports team to participate in the international competition later in the year in Thailand. Otto  plays the trumpet and participates in the school orchestra and had a leading role in last year's school musical even though only in Year 4 at the time."|"20240112160613"|"AA00107"|""
"S044371"|"Character"|"He is a mature child, with strong academic capabilities.  
He is also good at sport, and has been selected for the school Fobisia sports team to participate in the international competition later in the year in Thailand. 
Otto  plays the trumpet and participates in the school orchestra and had a leading role in last year's school musical even though only in Year 4 at the time."|"20240112160656"|"AA00107"|""
"S044371"|"Reasons to Study in UK"|"Excellent educationExcellent education"|"20240112150844"|"AA00107"|""
"S044371"|"Character"|"He is a mature child, with strong academic capabilities.
He is also good at sport, and has been selected for the school Fobisia sports team to participate in the international competition later in the year in Thailand.
Otto plays the trumpet and participates in the school orchestra and had a leading role in last year's school musical even though only in Year 4 at the time."|"20240112160825"|"AA00107"|""
"S044371"|"Character"|"He is a mature child, with strong academic capabilities. He is also good at sport, and has been selected for the school Fobisia sports team to participate in the international competition later in the year in Thailand. Otto plays the trumpet and participates in the school orchestra and had a leading role in last year's school musical even though only in Year 4 at the time."|"20240112161153"|"AA00011"|""
"S044371"|"Character"|"He is a mature child, with strong academic capabilities.<br>He is also good at sport, and has been selected for the school Fobisia sports team to participate in the international competition later in the year in Thailand.<br>Otto plays the trumpet and participates in the school orchestra and had a leading role in last year's school musical even though only in Year 4 at the time."|"20240112162307"|"AA00011"|""
"S044371"|"Character"|"He is a mature child, with strong academic capabilities.

He is also good at sport, and has been selected for the school Fobisia sports team to participate in the international competition later in the year in Thailand.

Otto plays the trumpet and participates in the school orchestra and had a leading role in last year's school musical even though only in Year 4 at the time."|"20240112162526"|"AA00011"|""
"S044815"|"Relatives / Friends Studying in UK"|"Yes"|"20240606164606"|"AA00011"|""
"S044543"|"Max Budget per Term"|"55000"|"20240611110055"|"AA00107"|""
"S044813"|"English Standard"|"average"|"20240615105136"|"AA00011"|""
"S044371"|"Character"|"He is a mature child, with strong academic capabilities. He is also good at sport, and has been selected for the school Fobisia sports team to participate in the international competition later in the year in Thailand.
Otto plays the trumpet and participates in the school orchestra and had a leading role in last year's school musical even though only in Year 4 at the time."|"20240112162700"|"AA00011"|""
"S044379"|"Relatives / Friends Studying in UK"|"Yes"|"20240117103706"|"AA00011"|""
"S044379"|"Relatives / Friends act as Guardian in UK"|"Yes"|"20240117103713"|"AA00011"|""
"S044395"|"School Preferred"|"Whitgift School
St Paul's School"|"20240201100414"|"AA00011"|""
"S044415"|"Relatives / Friends Studying in UK"|"Yes"|"20240207123102"|"AA00011"|""
"S044480"|"Relatives / Friends Studying in UK"|"Yes"|"20240219111618"|"AA00011"|""
"S044480"|"Relatives / Friends act as Guardian in UK"|"Yes"|"20240219111640"|"AA00011"|""
"S044481"|"Relatives / Friends act as Guardian in UK"|"Yes"|"20240219112834"|"AA00011"|""
"S044484"|"Max Budget per Term"|"30000"|"20240222112942"|"AA00107"|""
"S044484"|"School Preferred"|"Kent college Canterbury"|"20240222113014"|"AA00107"|""
"S044484"|"Reasons to Study in UK"|"Having friends"|"20240222113032"|"AA00107"|""
"S044488"|"Reasons to Study in UK"|"Broaden knowledge"|"20240222181446"|"AA00107"|""
"S044524"|"Other Requirement"|"ADHD, Dyspraxia"|"20240227105948"|"AA00107"|""
"S044527"|"Relatives / Friends Studying in UK"|"Yes"|"20240228143903"|"AA00011"|""
"S044527"|"Relatives / Friends act as Guardian in UK"|"Yes"|"20240228143922"|"AA00011"|""
"S044529"|"Special Talents"|"Piano-grade 5 theory with distinction, currently learning grade 6"|"20240228165639"|"AA00011"|""
"S044545"|"Other Requirement"|"Fun (with various activities and excursions + English) 
1 - 2 weeks Summer Cources
Sports & Recreation
Residential"|"20240305101701"|"AA00107"|""
"S044549"|"Relatives / Friends act as Guardian in UK"|"Yes"|"20240306163146"|"AA00011"|""
"S044550"|"Relatives / Friends Studying in UK"|"Yes"|"20240306164016"|"AA00011"|""
"S044555"|"Character"|"PLEASANT"|"20240307160548"|"AA00011"|""
"S044555"|"Guardian in UK"|"UNCLE"|"20240307160548"|"AA00011"|""
"S044555"|"Interests / Hobbies"|"PIANO, SPORTS, SPANISH, FRENCH"|"20240307160548"|"AA00011"|""
"S044555"|"Location Preference"|"PREFERABLY CLOSE TO LONDON"|"20240307160548"|"AA00011"|""
"S044555"|"School Applied Before"|"ETON, WELLINGTON COLLEGE, WINCHESTER COLLEGE"|"20240307160548"|"AA00011"|""
"S044549"|"Relatives / Friends act as Guardian in UK"|"Yes, cousin who studied in Harrow London before and graduated 2017, Dexter Wan Ho Fung,"|"20240306163403"|"AA00011"|""
"S044556"|"Relatives / Friends Studying in UK"|"Older sister studying in Uni of Glasgow, friends studying in boarding schools in Wiltshire and Buckinghamshire"|"20240308110908"|"AA00107"|""
"S044556"|"Relatives / Friends Studying in UK"|"Older sister studying in Uni of Glasgow, 
friends studying in boarding schools in Wiltshire and Buckinghamshire"|"20240308164104"|"AA00082"|""
"S044562"|"Max Budget per Term"|"5000"|"20240309180721"|"AA00011"|""
"S044562"|"Relatives / Friends Studying in UK"|"Yes"|"20240309180655"|"AA00011"|""
"S044582"|"School Preferred"|"Bedford , Warwick , King’s , Eastbourne"|"20240312161854"|"AA00107"|""
"S044582"|"Interests / Hobbies"|"Playing table tennis , soccer"|"20240312161740"|"AA00107"|""
"S044662"|"Interests / Hobbies"|"打籃球，音樂，畫畫"|"20240411154603"|"AA00107"|""
"S044662"|"Character"|"好 動，但唔主動同人溝通"|"20240411154612"|"AA00107"|""
"S044670"|"Interests / Hobbies"|"Football
Sport
Gym"|"20240413110225"|"AA00107"|""
"S044670"|"Reasons to Study in UK"|"To not do IBs"|"20240413110418"|"AA00107"|""
"S044619"|"Preferred School Type"|"co-ed"|"20240327154810"|"AA00011"|""
"S044690"|"School Preferred"|"Brighton College at Kensington"|"20240423145149"|"AA00107"|""
"S044690"|"Other Requirement"|"直升中學"|"20240423145043"|"AA00107"|""
"S044693"|"Special Talents"|"singing"|"20240425144231"|"AA00011"|""
"S044695"|"Relatives / Friends act as Guardian in UK"|"Yes"|"20240426104536"|"AA00011"|""
"S044709"|"Relatives / Friends Studying in UK"|"Yes"|"20240503101938"|"AA00011"|""
"S044709"|"Relatives / Friends act as Guardian in UK"|"Yes"|"20240503101945"|"AA00011"|""
"S044710"|"Relatives / Friends Studying in UK"|"Yes"|"20240503151253"|"AA00011"|""
"S044710"|"Relatives / Friends Studying in UK"|"Yes, sister, UCL - Master of Speech Therapist gradruated"|"20240503152249"|"AA00011"|""
"S044710"|"Relatives / Friends act as Guardian in UK"|"Yes"|"20240503151300"|"AA00011"|""
"S044724"|"Character"|"Friendly, Easygoing, Kind, Generous"|"20240509111038"|"AA00107"|""
"S044770"|"Interests / Hobbies"|"Golf"|"20240527180455"|"AA00011"|""
"S044771"|"School Preferred"|"Tonbridge, Winchester, Brighton; applied for Eton already"|"20240528100350"|"AA00107"|""
"S044777"|"Character"|"Jonas is a friendly and hard working boy.   He is quite disciplined.   For the leadership role at school he is the one wanted to try.   He can be quiet and focus all on his reading . 

He does not like loud environment."|"20240531113953"|"AA00107"|""
"S044777"|"Interests / Hobbies"|"He is one of the student leaders in his grade. 
Jonas enjoys music he is one of band player in his class.  He finished his grade 5 piano exam.

Jonas school badminton team member.  He represents ISF and attended primary Interschool badminton competition.   In addition,  he is also school team
Member of both Wushu and Tai Chi school teams"|"20240531113942"|"AA00107"|""
"S044777"|"Relatives / Friends Studying in UK"|"Eldest sister Jaimie Leung master program at UCL

2nd sister Jasmine Leung is heading to UK in sept to UAL"|"20240531114120"|"AA00107"|""
"S044777"|"Relatives / Friends Studying in UK"|"Eldest sister Jaimie Leung master program at UCL

2nd sister Jasmine Leung is heading to UK in sept to UAL"|"20240531114211"|"AA00107"|""
"S044787"|"Relatives / Friends Studying in UK"|"Yes"|"20240605105212"|"AA00011"|""
"S044789"|"Relatives / Friends Studying in UK"|"Yes"|"20240605182214"|"AA00011"|""
"S044790"|"Relatives / Friends act as Guardian in UK"|"Yes"|"20240606100743"|"AA00011"|""
"S044790"|"Character"|"Shy and reserved,"|"20240606100130"|"AA00011"|""
"S044712"|"Interests / Hobbies"|"Playing football, singing"|"20240504105821"|"AA00011"|""
"S044850"|"School Preferred"|"Harrows / tombridge"|"20240629113637"|"AA00107"|""
"S044857"|"Character"|"外向 热情"|"20240702182304"|"AA00107"|""
"S044857"|"Special Talents"|"高尔夫"|"20240702182318"|"AA00107"|""
"S044884"|"English Standard"|"excellent"|"20240706115704"|"AA00011"|""
"S044884"|"Preferred School Type"|"Co-ed"|"20240706120036"|"AA00011"|""
"S044884"|"Relatives / Friends Studying in UK"|"Yes"|"20240706115800"|"AA00011"|""
"S044884"|"Relatives / Friends act as Guardian in UK"|"Yes"|"20240706115807"|"AA00011"|""
"S044900"|"Relatives / Friends Studying in UK"|"Yes"|"20240711144706"|"AA00011"|""
"S044900"|"Relatives / Friends act as Guardian in UK"|"Yes"|"20240711144713"|"AA00011"|""
"S044903"|"Interests / Hobbies"|"Double Bass, high jump"|"20240713151606"|"AA00011"|""
"S044903"|"Relatives / Friends Studying in UK"|"Yes"|"20240713151659"|"AA00011"|""
"S044903"|"Relatives / Friends act as Guardian in UK"|"Yes"|"20240713151712"|"AA00011"|""
"S044905"|"Relatives / Friends Studying in UK"|"Yes"|"20240715121515"|"AA00011"|""
"S044914"|"English Standard"|"average"|"20240718143214"|"AA00011"|""
"S044933"|"Interests / Hobbies"|"Violin, Volly ball"|"20240805143347"|"AA00011"|""
"S044943"|"Relatives / Friends act as Guardian in UK"|"YES"|"20240813112128"|"AA00107"|""
"S044945"|"Preferred School Type"|"Direct Subsidy"|"20240815103912"|"AA00107"|""
"S044950"|"School Preferred"|"Chaterhouse"|"20240816164746"|"AA00107"|""
"S044973"|"Relatives / Friends act as Guardian in UK"|"Yes, Liverpool University"|"20240823103726"|"AA00011"|""
"S044983"|"Location Preference"|"Co-ed"|"20240826153139"|"AA00011"|""
"S044992"|"School Preferred"|"QE、king’s centurbury  Oundle"|"20240830111718"|"AA00011"|""
"S045043"|"School Preferred"|"Top 50,  Caterham, Bromsgrove"|"20240903153446"|"AA00107"|""
"S045007"|"Relatives / Friends Studying in UK"|"Yes, I’ll accompany Alicia to the UK"|"20240904150427"|"AA00011"|""
"S045021"|"Interests / Hobbies"|"science，航空"|"20240909142846"|"AA00011"|""
"S045022"|"Relatives / Friends Studying in UK"|"Yes"|"20240909143723"|"AA00011"|""
"S045032"|"Relatives / Friends Studying in UK"|"Yes"|"20240913104410"|"AA00011"|""
"S045033"|"Preferred School Type"|"BOYS"|"20240913111952"|"AA00107"|""
"S045033"|"School Preferred"|"Magdalen College (Oxford), Oxford International College, Bedford Modern School (BMS)
day school"|"20240913114336"|"AA00107"|""
"S045036"|"Character"|"sporty"|"20240913123107"|"AA00011"|""
"S045054"|"Interests / Hobbies"|"cheerful"|"20240916141911"|"AA00011"|""
"S045054"|"Interests / Hobbies"|"Cheerful, Independent"|"20240916141922"|"AA00011"|""
"S045057"|"Character"|"pleasant"|"20240916151441"|"AA00011"|""
"S045057"|"Other Requirement"|"school in good academic level"|"20240916151707"|"AA00011"|""
"S045059"|"English Standard"|"average"|"20240916174624"|"AA00011"|""
"S045059"|"Interests / Hobbies"|"Piano/Singing/Golf/Drawing/Table Tennis"|"20240916174619"|"AA00011"|""
"S041675"|"English Standard"|"Excellent"|"20210803145110"|"AA00078"|""
"S045072"|"Relatives / Friends Studying in UK"|"Yes"|"20240919154824"|"AA00011"|""
"S045075"|"Relatives / Friends Studying in UK"|"Yes"|"20240920110927"|"AA00011"|""
"S045081"|"Relatives / Friends Studying in UK"|"YES"|"20240921182118"|"AA00107"|""
"S045084"|"Relatives / Friends Studying in UK"|"Yes"|"20240921185055"|"AA00107"|""
"S045094"|"Relatives / Friends Studying in UK"|"Yes, Friends (College St, Winchester SO23 9NA, United Kingdom), Relative (College St, Winchester SO23 9NA, United Kingdom)"|"20240925145228"|"AA00011"|""
"S045127"|"Relatives / Friends act as Guardian in UK"|"Yes"|"20241007105634"|"AA00011"|""
"S045127"|"Location Preference"|"London / Oxfordshire / Wiltshire"|"20241007105751"|"AA00011"|""
"S045128"|"Relatives / Friends act as Guardian in UK"|"Yes"|"20241007110856"|"AA00011"|""
"S045134"|"Relatives / Friends Studying in UK"|"The school name is Haileybury."|"20241008124128"|"AA00107"|""
"S045197"|"Other Requirement"|"near Golf course"|"20241025133155"|"AA00107"|""
"S045198"|"Relatives / Friends Studying in UK"|"Cousin Yr 9 @ Wellington"|"20241025170431"|"AA00107"|""
"S042710"|"School Preferred"|"Eton College, Winchester College, Clifton College and Canford School"|"20220503101830"|"AA00088"|""
"S045222"|"School Preferred"|"Wycombe Abbey, Badminton School,"|"20241106161534"|"AA00107"|""
"S045222"|"School Applied Before"|"St Swithun's School"|"20241106161542"|"AA00107"|""
"S042608"|"English Standard"|"AVERAGE"|"20220329145717"|"AA00088"|""
"S045228"|"Character"|"OUTGOING"|"20241112115851"|"AA00107"|""
"S045228"|"Guardian in UK"|"AUNT"|"20241113114118"|"AA00011"|""
"S045228"|"Interests / Hobbies"|"SPORTS, ART & CRAFTS"|"20241112115843"|"AA00107"|""
"S045228"|"Religion Requirement"|"NO RELIGION"|"20241112115952"|"AA00107"|""
"S045228"|"Studying in UK School"|"COUSIN"|"20241113114118"|"AA00011"|""
"S045235"|"Interests / Hobbies"|"Horse back riding, ice-skating"|"20241118104001"|"AA00107"|""
"S045243"|"Interests / Hobbies"|"Fencing, swimming, reading, playing piano and basketball"|"20241119162201"|"AA00107"|""
"S045243"|"School Preferred"|"Harrow UK"|"20241119162222"|"AA00107"|""
"S044176"|"Location Preference"|"PREFERABLY WITHIN 2-HOUR TRAVEL DISTANCE FORM LONDON"|"20231006102239"|"AA00107"|""
"S045290"|"School Preferred"|"Harrow School"|"20250109110816"|"AA00011"|""
"S045292"|"Relatives / Friends Studying in UK"|"Yes"|"20250111155438"|"AA00011"|""
"S045292"|"School Preferred"|"NO PREFERENCE"|"20250111155903"|"AA00011"|""
"S045308"|"Character"|"outgoing"|"20250124152227"|"AA00107"|""
"S045335"|"Special Talents"|"As a parent I went to boarding via academic Asia"|"20250218110258"|"AA00107"|""
"S045350"|"School Preferred"|"TONBRIDGE SCHOOL"|"20250222095500"|"AA00011"|""
"S045349"|"Other Requirement"|"Prefer limits on devices"|"20250222121712"|"AA00107"|""
"S045378"|"English Standard"|"about average"|"20250313112458"|"AA00011"|""
"S045394"|"Learning Difficulties"|"Yes"|"20250321112043"|"AA00011"|""
"S045397"|"School Preferred"|"Brighton College,"|"20250324120412"|"AA00011"|""
"S045414"|"Location Preference"|"Preferably not more than 25k per year"|"20250327140548"|"AA00011"|""
"S045570"|"Relatives / Friends act as Guardian in UK"|"Sister"|"20250610105343"|"AA00097"|""
"S045570"|"Relatives / Friends act as Guardian in UK"|"Elder sister"|"20250610105401"|"AA00097"|""
"S045617"|"Relatives / Friends Studying in UK"|"Brother is doing AL at Abingdon School"|"20250620115220"|"AA00144"|""
"S045635"|"Relatives / Friends Studying in UK"|"Brighton College or related school"|"20250623163828"|"AA00144"|""
"S045652"|"Relatives / Friends Studying in UK"|"Cousin studying at Stephen Perse at Cambridge |
We have relatives in Cambridge and Norwich who can act as guardian"|"20250627173808"|"AA00144"|""
"S045705"|"Preferred School Type"|"Wellington, Tonbridge"|"20250725105835"|"AA00144"|""
"S045784"|"Interests / Hobbies"|"Basketball and coding/robotics"|"20250804163746"|"AA00144"|""
