"school_id"|"banktype"|"currency"|"bankname"|"bankacc"|"bankaddress"|"ibankacc"|"swift"|"sortcode"|"ibanno"|"remarks"|"lastupdate"|"staffid"|"billingname"
554|"All"|"GBP"|"Royal Bank of Scotland"|"11927778"|"Long Eaton branch"|"GB14RBOS16242111927778"|"RBOSGB2L"|"16-24-21"|"GB14RBOS16242111927778"|""|"20130528115936"|"AA00025"|""
554|"All"|"GBP"|"Royal Bank of Scotland"|"11927778"|"Long Eaton branch"|"GB14RBOS16242111927778"|"RBOSGB2L"|"16-24-21"|"GB14RBOS16242111927778"|""|"20130528120120"|"AA00025"|""
241|"All"|"GPB"|"Lloyds TSB Bank Plc"|"00399567"|"Cornhill North, Ipswich, Suffolk, IP1 1DG"|""|""|"30-94-55"|""|""|"20130525"|""|""
286|"All"|"GPB"|"Lloyds TSB Bank Plc"|"1896528"|"9 High Street, Yeovil , Somerset, BA20 1RN"|""|"LOYDGB21208"|"30-99-98"|"GB46LOYD30999801896528"|""|"20130525"|""|""
452|"All"|"GBP"|"Barclays Bank Plc"|"60178691"|"Knightsbridge Business Centre, PO Box 32014, London, NW1 2ZG"|""|"BARCGB22"|"20-06-05"|"GB36BARC20060560178691"|"1. Please state the student's full name or the invoice number as the reference. 2. Make sure you pay all bank charges so that St Bede's receives the full amount."|"20130525"|""|""
433|"All"|"GBP"|"Lloyds Bank"|"49338960"|"Shaftesbury School – Barton Hill House Disbursement account"|"GB48 LOYD 3097 4149 3389 60"|"LOYDGB21063"|"30-97-41"|"GB48 LOYD 3097 4149 3389 60"|"All future payments for the Disbursement account should be sent to this account.  If you have already sent funds to the NatWest Bank account please do not worry as this account will remain open until the end of August."|"20130719095316"|"AA00025"|""
22|"All"|"GBP"|"National Westminster Bank Plc"|"44547307"|"44 High Street, Oakham Rutland LE15 6NZ"|""|"NWBKGB2L"|"01-06-34"|"GB98NWBK01063444547307"|"Please remember to include as much detail as possible in the narrative section to ensure that the correct pupil account is credited (for example: Account Ref: SMITH/7023)."|"20130525"|""|""
115|"All"|"GBP"|"Barclays Bank Plc"|"00519286"|"28 Regent Street, Swindon, Wiltshire, SN1 1QB"|"Christ College Brecon"|"BARCGB228018"|"20-84-58"|"GB67BARC20845800519286"|""|"20130525"|""|""
302|"All"|"GBP"|"National Westminster Bank Plc"|"08164312"|"Market Place, Loughborough, Leicestershire, LE11 3NZ"|"Loughborough Grammar School"|""|"60-14-10"|"GB28NWBK60141008164312"|""|"20130525"|""|""
409|"All"|"GBP"|"National Westminster Bank Plc"|"05008204"|""|"The Corporation of Rossall School"|"NWBKGB2L"|"60-08-26"|"GB65NWBK60082605008204"|""|"20130525"|""|""
11|"All"|"GBP"|"Lloyds TSB Bank Plc"|"00497125"|"Shrewsbury Pride Hill Branch, PO Box 6, 1 Pride Hill, Shrewsbury, Shropshire, SY1 1DG"|"Shrewsbury School"|"LOYDGB21301"|"30-97-62"|"GB94LOYD30976200497125"|""|"20130525"|""|""
638|"All"|"GBP"|"National Westminster"|"57036373"|"Bournemouth Branch"|"White House Guardianships"|"NWBKGB2L"|"51-81-20"|"GB86NWBK5181205703 6373"|""|"20130823150816"|"AA00025"|""
433|"All"|"GBP"|"Lloyds Bank"|"49338960"|"Shaftesbury School – Barton Hill House Disbursement account"|""|"LOYDGB21063"|"30-97-41"|"GB48 LOYD 3097 4149 3389 60"|"All future payments for the Disbursement account should be sent to this account.  If you have already sent funds to the NatWest Bank account please do not worry as this account will remain open until the end of August."|"20130719095349"|"AA00025"|""
89|"Course"|"GBP"|"Barclays Bank Plc"|"90225762"|"The Old Bank, High Street, Lewes, East Sussex, BN7 2JP"|"Burgess Hill School for Girls No 4 Account"|""|"20-49-76"|""|""|"20130525"|""|""
136|"Course"|"GBP"|"Lloyds TSB Bank Plc"|"03331173"|""|"Dauntsey School"|"LOYDGB21202"|"30-92-63"|"GB87LOYD30926303331173"|"Could you please ensure that the transaction includes the name of the pupil concerned, this will enable the Accounts Department to identify the payment when it is received. Thank you."|"20130525"|""|""
107|"Course"|"GBP"|"Allied Irish Bank"|"1302 7585"|"9 Waterloo Road, Wolverhampton, WV1 4NB"|"Chase Academy Ltd"|"AIBKGB2L"|"23-85-85"|"GB30AIBK23858513027585"|"Please make sure you write the student's name on the transfer document so that fees can be allocated to the correct account."|"20130525"|""|"Chase Grammar School"
507|"Course"|"GBP"|"Lloyds TSB Bank Plc"|"02178912"|"64 Fore Streetm Trowbridge, Wilts, BA14 8EU"|"Stonar School"|"LOYDGB21205"|"30-98-75"|"GB92LOYD30987502178912"|""|"20130525"|""|"Stonar School"
303|"Course"|"GBP"|"National Westminster Bank Plc"|"67743811"|"5 Broad Street, Wokingham, RG40 1AX"|"Luckley-Oakfield School"|"NWBKGB2L"|"60-24-21"|"GB61NWBK60242167743811"|""|"20130525"|""|"Luckley House School"
547|"Course"|"GBP"|"Barclays Bank Plc"|"80772208"|"Farnham, Surrey"|"The Royal School"|"BARCGB22"|"20-31-06"|"GB75BARC20310680772208"|""|"20130525"|""|"Royal School Haslemere"
547|"Course"|"GBP"|"Barclays Bank plc"|"93367665"|"Farnham, Surrey"|"The Royal School Haslemere"|"BARCGB22"|"20-31-06"|"GB80 BARC 2031 0693 3676 65"|""|"20131210104043"|"AA00025"|""
337|"Course"|"GBP"|"National Westminster Bank Plc"|"44562985"|"44 High Street, Oakham Rutland LE15 6NZ"|"Oakham School General Fund"|"NWBKGB2L"|"01-06-34"|"GB03NWBK01063444562985"|""|"20130525"|""|"Oakham School"
373|"Course"|"GBP"|"National Westminster Bank Plc"|"80810012"|"169 Victoria Street, London, SW1E 5BT"|"The Royal Foundation of Grey Coat Hospital (QAS Account)"|"NWBKGB2L"|"51-50-14"|"GB30NWBK51501480810012"|"Please give the name of the girl on all correspondence"|"20130525"|""|"Queen Anne's School"
373|"Course"|"GBP"|"Natwest Bank"|"8081 0012"|"169 Victoria Street SW1E 5BT"|"The Royal Foundation of Grey Coat Hospital (QAS Account)"|"NWBKGB2L"|"51-50-14"|"GB30NWBK51501480810012"|""|"20131212140841"|"AA00038"|""
373|"Course"|"GBP"|"National Westminster Bank Plc"|"80810012"|"169 Victoria Street, London, SW1E 5BT"|"The Royal Foundation of Grey Coat Hospital (QAS Account)"|"NWBKGB2L"|"51-50-14"|"GB30NWBK51501480810012"|"Please give the name of the girl on all correspondence"|"20131212141022"|"AA00038"|"Queen Anne's School"
377|"Course"|"GBP"|"Yorkshire Bank"|"25467810"|"46 Coney Street, York, YO1 9NQ"|"Queen Margaret's School York Ltd"|"YORKGB21994"|"05-09-84"|"GB98YORK05099425467810"|""|"20130525"|""|"Queen Margaret's School"
213|"Course"|"GBP"|"Barclays Bank Plc"|"20470929"|"8 Market Place, Kettering, Northants, NN16 0AX"|"United Church schoolbank Trust Hampshire Collegiate"|"BARCGB22"|"20-45-77"|"GB12BARC20457720470929"|""|"20130525"|""|"Hampshire Collegiate School"
213|"Course"|"GBP"|"Barclays Bank Plc"|"20470929"|"8 Market Place, Kettering, Northants, NN16 0AX"|"United Church schoolbank Trust Hampshire Collegiate"|"BARCGB22"|"20-45-77"|"GB12BARC20457720470929"|"Reg Fees and Deposit only"|"20140109163856"|"AA00025"|"Hampshire Collegiate School"
524|"Course"|"GBP"|"HSBC"|"81781235"|"17 North Street, Taunton, Somerset TA1 1NA"|"Taunton School (TISC)"|"MDLGB2112B"|"40-44-04"|"GB15MIDL40440481781235"|""|"20130525"|""|"Taunton School"
40|"Registration Fee"|"GBP"|"Barclays Bank Plc"|"70307807"|"8 Market Place, Kettering, Northants, NN16 0AX"|"Ashford School"|"BARCGB22"|"20-45-77"|"GB43BARC20457770307807"|"Please include the PUPIL NAME on the transfer reference"|"20130525"|""|"Ashford School"
40|"Deposit"|"GBP"|"Barclays Bank Plc"|"90576506"|"8 Market Place, Kettering, Northants, NN16 0AX"|"Ashford School"|"BARCGB22"|"20-45-77"|"GB61BARC20457790576506"|"Please state 'ASH' followed by PUPIL NAME on the transfer reference"|"20130525"|""|"Ashford School"
507|"Course"|"GBP"|"Lloyds Banking Group"|"59597468"|"-"|"NACE Educational Services Limited – Stonar School"|"-"|"30-96-96"|"-"|""|"20131101181708"|"AA00025"|""
58|"Course"|"GBP"|"National Westminster Bank Plc"|"06607578"|"199 High Street, Berkhamsted, HP4 1AW"|"Berkhamsted School"|"NWBKGB2L"|"60-02-21"|"GB64NWBK600221066075"|""|"20130525"|""|"Berkhamsted School"
641|"Course"|"GBP"|"Lloyds TSB Bank Plc"|"00871833"|""|"Westbourne School"|"LOYDGB21553"|"30-96-52"|"GB88LOYD30965200871833"|""|"20130525"|""|"Westbourne School"
101|"Others"|"GBP"|"Lloyd TSB"|"41362860"|"514 Cowbridge Road East, Victoria Park, Cardiff, CF5 1BL"|"Ayass Ltd"|"LOYDGB21454"|"30-98-94"|"GB43LOYD30989441362860"|"For Summer Course"|"20140220095236"|"AA00025"|""
554|"Course"|"GBP"|"Royal Bank of Scotland"|"11927778"|"Long Eaton branch"|""|"RBOSGB2L"|"16-24-21"|"GB14RBOS16242111927778"|""|"20130528120211"|"AA00025"|"Trent College"
21|"Course"|"GBP"|"National Westminster Bank Plc"|"04275977"|"Churchill Square, 56 Churchill Square, Brighton BN1 2ES"|"Brighton College"|"NWBKGB2L"|"01-01-23"|"GB66NWBK01012304275977"|"To assist us with tracing your payment, when making a bank transfer, please use the child's full name and date of birth as the ‘Transaction Reference or Payment Details'."|"20130525"|""|"Brighton College Services"
89|"Course"|"GBP"|"Barclays Bank Plc"|"90225762"|"Barclays Business Banking, Sussex & Gatwick Team, PO Box 165, 90/92 High Stree, Crawley, BX3 2BB"|"Burgess Hill School for Girls No 4 Account"|"BARCGB22"|"20-49-76"|"GB38 BARC 2049 7690 2257 62"|""|"20130831102102"|"AA00025"|"Burgess Hill School For Girls"
53|"Course"|"GBP"|"Barclays Bank Plc"|"50526223"|"73-75 Calverley Road, Tunbridge Wells, Kent, TN1 2UZ"|"Beechwood Sacred Heart School"|""|"20-88-13"|"GB03BARC20881350526223"|"Please state the pupil's name"|"20130525"|""|"Beechwood Sacred Heart"
20|"Course"|"GBP"|"Lloyds TSB Bank Plc"|"00070500"|"City Office"|"City of London Freemen's School Fees Account"|""|"30-00-02"|"GB04LOYD30000200070500"|""|"20130525"|""|"City of London Freemen's School"
55|"Course"|"GBP"|"National Westminster Bank Plc"|"09821392"|"Hove Town Hall Branch, 103 Church Road, Hove, BN3 2BF"|"Bellerbys Educational Services Ltd"|""|"53-61-02"|""|""|"20130525"|""|"Bellerbys College"
694|"Course"|"GBP"|"Barclays Bank plc"|"93284301"|"9-11 St Andrews Street, Cambridge CB2 3AA, UK"|"Bell Educational Services Ltd"|"BARCGB22"|"20-17-19"|"GB08BARC20171993284301"|""|"20140324133515"|"AA00044"|""
686|"Course"|"GBP"|"Barclays Corporate Banking"|"60274054"|"PO Box 165, Crawley, RH10 1YX"|"Collyer’s College Account"|"BARCGB22"|"20-42-58"|"GB06 BARC 2042 5860 2740 54"|""|"20140322100150"|"AA00044"|""
251|"Course"|"GBP"|"HSBC"|"90010103"|"HSBC Bank, Central Hall, Westminster, London SW1P 3AS"|"Kent College Pembury"|"MIDLGB2110E"|"40-02-06"|"GB25MIDL40020690010103"|""|"20130525"|""|"Kent College (Pembury) Enterprises Limited"
413|"Course"|"GBP"|"Barclays Bank Plc"|"00775142"|"1 North End, Croydon, Surrey, CR9 1RN"|"Russell School Trust"|"BARCGB22"|"20-24-61"|"GB73BARC20246100775142"|""|"20130525"|""|"Ballards Services Ltd"
413|"Course"|"GBP"|"Barclays Bank"|"00775142"|"1 North End, Croydon, Surrey, CR9 1RN"|"Russell School Trust"|"BARCGB22"|"20-24-61"|"GB73BARC20246100775142"|""|"20140403150108"|"AA00044"|"Ballards Services Ltd"
103|"Course"|"GBP"|"HSBC"|"62474581"|"60 Queen Victoria Street, London, EC4N 4TR"|"Caterham School Ltd Re Fees account"|"MIDLGB2141W"|"40-05-30"|"GB94MIDL40053062474581"|""|"20130525"|""|"Caterham School"
312|"Course"|"GBP"|"Barclays Bank Plc"|"40624128"|"6 Clarence Street, Kingston. Surrey. KT1 1NY."|"Marymount International School"|"BARCGB22"|"20-46-73"|"GB33BARC20467340624128"|""|"20130525"|""|"Marymount School Enterprises Ltd."
208|"Course"|"GBP"|"Barclays Bank Plc"|"60426717"|"Holt Branch, 17 Market Place, Fakenham, Norfolk, NR2I 9BE"|"Gresham's School"|"BARCGB22"|"20-30-81"|"GB33BARC203081604261 17"|"Please ensure all transfers use the pupil's name as a reference"|"20130525"|""|"Gresham's"
208|"Course"|"GBP"|"Barclays Bank Plc"|"60426717"|"Holt Branch, 17 Market Place, Fakenham, Norfolk, NR2I 9BE"|"Gresham's School"|"BARCGB22"|"20-30-81"|"GB33BARC20308160426717"|"Please ensure all transfers use the pupil's name as a reference"|"20140408122451"|"AA00044"|"Gresham's"
377|"Course"|"GBP"|"Yorkshire Bank"|"25467810"|"46 Coney Street, York, YO1 9NQ"|"Queen Margaret's School York Ltd"|"YORKGB21994"|"05-09-94"|"GB98YORK05099425467810"|""|"20131219102514"|"AA00025"|"Queen Margaret's School"
435|"Course"|"GBP"|"Lloyds TSB Bank PLC"|"01884627"|"75 Cheap Street, Sherborne, Dorset   DT9 3BD"|"SHERBORNE SCHOOL"|"LOYDGB2L"|"30-99-98"|"GB12 LOYD 3099 9801 8846 27"|"Recognised Credit Card (VISA, MASTERCARD, AMEX).  
Please note there is a 4% surcharge if paying by credit card.

***PLEASE QUOTE THE STUDENT’S NAME ON ALL PAYMENTS***"|"20140114153835"|"AA00025"|""
136|"Course"|"GBP"|"Lloyds TSB Bank Plc"|"03331173"|"38 Market Place, Devizes Wiltshire, SN10 1JD"|"Dauntsey School"|"LOYDGB21202"|"30-92-63"|"GB87LOYD30926303331173"|"Could you please ensure that the transaction includes the name of the pupil concerned, this will enable the Accounts Department to identify the payment when it is received. Thank you."|"20130903114915"|"AA00025"|"Dauntsey's School"
634|"Course"|"GBP"|"Co-operative Bank"|"68461429"|"Po Box 82, 118/120 Colmore Row, Brimingham, B3 3BA"|"Lucton School"|"CPBKGB22"|"08-90-01"|"GB65CPBK08900168461429"|""|"20130525"|""|"Lucton School"
412|"Course"|"GBP"|"HSBC"|"71599682"|"8 Victoria Street, London, SW1H 0NJ"|"Royal Hospital School"|"MIDGBL22"|"40-07-13"|"GB40MIDL40071371599682"|""|"20130525"|""|"Royal Hospital School"
150|"Course"|"GBP"|"Barclays Bank Plc"|"90330965"|"37 Milsom Street, Bath, BA1 1DN"|"Downside Abbey Trustees"|"BARCGB22"|"20-05-06"|"GB44BARC20050690330965"|""|"20130525"|""|"Downside School"
150|"Course"|"GBP"|"Barclays Bank Plc"|"90330965"|"37 Milsom Street, Bath, BA1 1DN"|"Downside Abbey Trustees Registered"|"BARCGB22"|"20-05-06"|"GB44BARC20050690330965"|""|"20140415132356"|"AA00044"|"Downside School"
628|"Course"|"GBP"|"Lloyds TSB Bank Plc"|"03235008"|"82 High Street, Lewes, East Sussex, BN7 1XW"|"St. George's England"|""|"30-95-01"|"GB42LOYD30950103235008"|""|"20130525"|""|"Buckswood St George's England"
288|"Course"|"GBP"|"Lloyds TSB Bank Plc"|"00914215"|"21 High Street, Ascot, Berkshire, SL5 7JE"|"Licensed Victuallers' School"|"LOYDGB21248"|"30-90-24"|"GB96LOYD30902400914215"|""|"20130525"|""|"Licensed Victuallers' School"
211|"Course"|"GBP"|"Lloyds TSB Bank Plc"|"00096360"|"18 Monnow Street, Monmouth NP25 3XH"|"Haberdashers' Monmouth School for Girls"|"LOYDGB21493"|"30-95-71"|"GB46LOYD30957100096360"|""|"20130525"|""|"Haberdashers' Monmouth School for Girls"
211|"Course"|"GBP"|"Lloyds TSB Bank Plc"|"00096360"|"18 Monnow Street, Monmouth NP25 3XH"|"Haberdashers' Monmouth School for Girls"|"LOYDGB21493"|"30-95-71"|"GB46LOYD30957100096360"|"[17May14] Payment with either ‘Haberdashers’ Monmouth School for Girls’ or ‘HMSG’ is acceptable by the bank. School usually finds it easier for parents to just write ‘HMSG’"|"20140517100134"|"AA00044"|"Haberdashers' Monmouth School for Girls"
316|"Course"|"GBP"|"National Westminster Bank plc"|"05105625"|"55 The Broadway, Mill Hill, London, NW7 3WF, England"|"Mill Hill School"|"NWBKGB2L"|"60-14-27"|"GB10NWBK60142705105625"|""|"20140522171832"|"AA00044"|""
602|"Course"|"GBP"|"National Westminster Bank Plc"|"89276353"|"30 Church Street, Malvern, WR14 2AY"|"Hekmat Kaveh T/A The Abbey College TAC"|"NWBKGB2L"|"53-81-33"|"GB87NWBK53813389276353"|""|"20130525"|""|"Abbey College, Malvern"
687|"Course"|"GBP"|"Co-operative Bank"|"65029437"|"91 George Street, Croydon CR0 1LD"|"The Whitgift Foundation"|"CPBK GB22"|"08-90-79"|"GB77 CPBK 0890 7965 0294 37"|"Ref: W5003 - plus full name of the applicant (for Entrance account)"|"20131107171237"|"AA00025"|""
383|"Course"|"GBP"|"Lloyds TSB Bank Plc"|"00699634"|"5 The Square, Wimborne, Dorset, BH21 3AE"|"Quest Guardians Ltd"|"LOYDGB21400"|"30-99-68"|"GB90LOYD30996800699634"|""|"20130525"|""|"Quest Guardians"
100|"Course"|"GBP"|"Barclays Bank Plc"|"10257311"|"32 Bridge Street, Banbury, Oxfordshire OX16 8PS"|"Canford School Limited"|"BARCGB22"|"20-03-84"|"GB95BARC20038410257311"|"Please quote Student's name as a reference for our Finance Department to recognise the transfer when it comes in, and could you also please ensure that bank charges for the transfer are not deducted from the full GBP200. (This happens quite a lot and causes our Finance people a bit of bother!)"|"20130525"|""|"Canford School"
248|"Course"|"GBP"|"National Westminster Bank Plc"|"32106211"|"Tavistock Branch, Bedford Square, Tavistock, Devon, PL19 0AQ"|"Kelly College Bursars Account"|"NWBKGB2L"|"60-21-49"|"GB56NWBK60214932106211"|"Please quote your name"|"20130525"|""|"Kelly College"
136|"Course"|"GBP"|"Lloyds TSB Bank Plc"|"03331173"|"38 Market Place, Devizes Wiltshire, SN10 1JD"|"Dauntsey School"|"LOYDGB8721202"|"30-92-63"|"GB87LOYD30926303331173"|"Under ‘Reference’ please quote the parent account number on the bottom left corner of the invoice
(eg ABCD10). For international bank transfers, please ensure that all bank transfer charges are paid locally.

Could you please ensure that the transaction includes the name of the pupil concerned, this will enable the Accounts Department to identify the payment when it is received. Thank you."|"20140410181154"|"AA00044"|"Dauntsey's School"
670|"Course"|"GBP"|"Clydesdale Bank PLC"|"20316463"|"35 Regent Street, London, SW1Y 4ND"|"Discovery Summer Ltd."|"CLYDGB21647"|"82-04-03"|"GB18CLYD82040320316463"|""|"20130525"|""|"Discovery Summer"
496|"Course"|"GBP"|"National Westminster Bank Plc"|"22595813"|"York Street, Clitheroe, Lancashire, BB7 2DN"|"Stonyhurst"|"NWBKGB2L"|"01 02 14"|"GB16NWBK01021422595813"|""|"20140722114355"|"AA00044"|""
36|"Course"|"GBP"|"Lloyds TSB Bank Plc"|"01697259"|"99-101 South Road, Haywards Heath, West Sussex, R16 4ND"|"Ardingly College Ltd, Scholar's Account"|"LOYDGB21173"|"30-18-30"|"GB03LOYD30183001697259"|""|"20130525"|""|"Ardingly College"
435|"Course"|"GBP"|"Lloyds TSB Bank PLC"|"01884627"|"75 Cheap Street, Sherborne, Dorset   DT9 3BD"|"SHERBORNE SCHOOL"|"LOYDGB2L"|"30-99-98"|"GB12 LOYD 3099 9801 8846 27"|"Recognised Credit Card (VISA, MASTERCARD, AMEX).  
Please note there is a 4% surcharge if paying by credit card.

***PLEASE QUOTE THE STUDENT’S NAME ON ALL PAYMENTS***"|"20140410133608"|"AA00044"|""
345|"Course"|"GBP"|"Barclays Bank Plc"|"10679259"|"Po Box 422, 1 Church Street, Peterborough, PE1 1QR"|"Oundle School Fees in Suspense"|"BARCGB22"|"20-67-37"|"GB30BARC20673710679259"|"Please make sure you quote your child's name so that we know the payment is from you."|"20130525"|""|"Oundle School"
248|"Course"|"GBP"|"National Westminster Bank Plc"|"32106211"|"Tavistock Branch, Bedford Square, Tavistock, Devon, PL19 0AQ"|"Mount Kelly Foundation"|"NWBKGB2L"|"60-21-49"|"GB56NWBK60214932106211"|"Please quote your name"|"20140715102024"|"AA00044"|"Kelly College"
375|"Others"|"GBP"|"-"|"-"|"-"|"-"|"-"|"-"|"-"|""|"20141002231243"|""|"Queen Elizabeth’s Academy Trust"
381|"Course"|"GBP"|"HSBC"|"20019968"|"Victoria Street, Westminster, London SW1H 0NJ"|"Queenswood School Ltd"|"MIDLGB2110E"|"40-02-06"|"GB40MIDL40020620019968"|""|"20130525"|""|"Queenswood"
13|"Course"|"GBP"|"Lloyds TSB Bank Plc"|"00734106"|"12 Swan Street, Warwick, Warwickshire, CV34 4BJ"|"Warwick School"|""|"30-99-15"|""|"Please ensure the parents put the boys name on the transfer. Please allow GBP 20 as the bank charges in the UK."|"20130525"|""|"Warwick School"
78|"Course"|"GBP"|"Barclays Bank Plc"|"60208426"|"Solent and Dorset Business Centre, PO BOX 612, Ocean Way, Ocean Village, Southampton, SO14 6ZP"|"Brockenhurst College"|""|"20-53-53"|"GB34BARC20535360208426"|"Please include reference such as students name for processing purposes. Please ensure that the amount you pay includes all charges for transmission, both in your own country and in the UK. (GBP 20 bank charges) (26.02.09)"|"20130525"|""|"Brockenhurst College"
30020|"Course"|"GBP"|"Lloyds TSB Bank plc"|"00088500"|"University of Cambridge Branch, PO Box 1000, BX1 1LT"|"St. Andrew’s Tutorial Services Ltd trading as Select English Ltd"|"."|"30-91-56"|"GB06LOYD30915600088500"|""|"20141121133911"|"AA00032"|""
30020|"Course"|"GBP"|"Lloyds TSB Bank plc"|"00088500"|"University of Cambridge Branch, PO Box 1000, BX1 1LT"|"St. Andrew’s Tutorial Services Ltd trading as Select English Ltd"|"LOYDGB21018"|"30-91-56"|"GB06LOYD30915600088500"|""|"20141121134238"|"AA00032"|""
30020|"Course"|"GBP"|"Lloyds TSB Bank plc"|"00088500"|"University of Cambridge Branch, PO Box 1000, BX1 1LT"|"St. Andrew’s Tutorial Services Ltd trading as Select English Ltd"|"LOYDGB21018"|"30-91-56"|"GB06LOYD30915600088500"|""|"20141121134404"|"AA00032"|"Select English Ltd"
377|"Course"|"GBP"|"Barclays Bank PLC"|"13049779"|"25 James Street, Harrogate, HG1 1QX"|"-"|"BARCGB22"|"20-03-53"|"GB98BARC20035313049779"|""|"20180112105815"|"AA00078"|""
30020|"Course"|"GBP"|"Lloyds TSB Bank plc"|"00088500"|"University of Cambridge Branch, PO Box 1000, BX1 1LT"|"St. Andrew’s Tutorial Services Ltd trading as Select English Ltd"|"LOYDGB21018"|"30-91-56"|"GB06LOYD30915600088500"|""|"20141121134550"|"AA00032"|"Select English Ltd"
652|"Course"|"GBP"|"Barclays Bank Plc"|"50223050"|"PO Box 95, 1 North End, Croydon CR9 1RN"|""|"BARCGB22"|"20-24-61"|"GB07BARC20246150223050"|"*For payments made directly to school bank account, please ensure parents give the student's name as a reference*"|"20130525"|""|"Cambridge Tutors College"
509|"Course"|"GBP"|"Lloyds TSB Bank Plc"|"02760046"|"41 Courtenay Street, Newton Abbot, Devon, TQ12 2QW"|"Stover School Association"|"LOYDGB21078"|"30-96-06"|"GB95LOYD30960602760046"|""|"20130525"|""|"Stover School"
655|"Course"|"GBP"|"Barclays Bank Plc"|"50449849"|"2 Carfax, Horsham, RH12 1DN"|"Christ's Hospital"|"RCGB22"|"20-42-58"|"GB57BARC20425850449849"|""|"20130525"|""|"Christ's Hospital"
455|"Course"|"GBP"|"Barclays Bank Plc"|"20395730"|""|""|""|"20-41-12"|""|""|"20130525"|""|"St. Francis' College"
30011|"Course"|"GBP"|"."|"."|"."|"Duff Miller and Company (London Tutors) Ltd"|"."|"."|"."|""|"20141217182248"|"AA00032"|"Duff Miller"
30011|"Course"|"GBP"|"Lloyds TSB Bank Plc"|"00407402"|"PO Box 1000, BX1 1LT"|"Chelsea Independent College Ltd"|"LOYDGB21027"|"30-95-74"|"GB13-LOYD-3095-7400-4074-02"|""|"20141217182139"|"AA00032"|"Chelsea Independent College"
30011|"Course"|"GBP"|"Lloyds TSB Bank Plc"|"00406805"|"PO Box 1000, BX1 1LT"|"Lansdowne Tutors Ltd"|"LOYDGB21027"|"30-95-74"|"GB30-LOYD-3095-7400-4068-05"|""|"20141217183233"|"AA00032"|"Lansdowne College"
30011|"Course"|"GBP"|"Lloyds TSB Bank Plc"|"00406805"|"PO Box 1000, BX1 1LT"|"Lansdowne Tutors Ltd"|"LOYDGB21027"|"30-95-74"|"GB30-LOYD-3095-7400-4068-05"|""|"20141217183421"|"AA00032"|"Lansdowne College"
51|"Course"|"GBP"|"Co-operative Bank"|"65060072"|"London City Office, 80 Cornhill, London EC3V 3NJ"|"The Harpur Trust"|"."|"08-02-28"|"."|"Swift code: CPBKGB22"|"20141218172121"|"AA00032"|"Bedford School Study Centre (BSSC)"
426|"Course"|"GBP"|"Barclays Bank Plc"|"90542725"|"Po Box 6, Portsmouth, PO6 3DH"|"Saint Michael's College (Tenbury) Limited"|""|"20-69-34"|"GB72BARC20693490542725"|""|"20130525"|""|"Saint Michael's College"
288|"Course"|"GBP"|"Lloyds TSB Bank plc"|"37250968"|"-"|"LVS Ascot"|"LOYDGB21653"|"30-63-54"|"GB90 LOYD 3063 5437 2509 68"|"The remittance advice should always to sent to the School Fee Administrator with full payment details"|"20140425170733"|"AA00044"|""
17|"Course"|"GBP"|"Lloyds TSB Bank Plc"|"03788725"|"21 High Street, Colchester, Essex CO1 1DU"|"lchester Royal Grammar School"|"LOYDGB21115"|"30-92-16"|"GB72LOYD30921603788725"|"Please put down student's name as remarks and any bank charges are responsible by the remitter."|"20130525"|""|"Colchester Royal Grammar School"
17|"Course"|"GBP"|"Lloyds Bank PLC"|"39603560"|"27 High Street, Colchester, Essex, CO1 1DU"|"Colchester Royal Grammar School"|"LOYDGB21115"|"30-92-16"|"GB93 LOYD 3092 1639 6035 60"|""|"20150109103043"|"AA00032"|"Colchester Royal Grammar School"
17|"Course"|"GBP"|"Lloyds Bank PLC"|"39603560"|"27 High Street, Colchester, Essex, CO1 1DU"|"Colchester Royal Grammar School"|"LOYDGB21115"|"30-92-16"|"GB93 LOYD 3092 1639 6035 60"|""|"20150109103703"|"AA00032"|"Colchester Royal Grammar School"
50|"Course"|"GBP"|"HSBC"|"92732971"|"12 All Hallows, Bedford, MK40 1LJ"|"The Harpur Trust"|"MIDLGB2102H"|"40-10-02"|"GB60MIDL40100292732971"|""|"20150126183237"|"AA00032"|""
50|"Course"|"GBP"|"Co-operative Bank"|"65060072"|"London City Office, 80 Cornhill, London, EC3V 3NJ"|"The Harpur Trust R/C No. 1066861"|"CPBKGB22"|"08-02-28"|"GB62CPBK08022865060072"|"Please quote in your transfer instructions: 1. The name and initials of your son, 2. Your own name and initials, 3. That the transfer is in connection with Bedford School. Please send a copy of your bank instructions with the relevant paperwork without this we will not confirm receipt of the payment."|"20130525"|""|"Bedford School"
50|"Registration Fee"|"GBP"|"Co-operative Bank"|"65060072"|"London City Office, 80 Cornhill, London, EC3V 3NJ"|"The Harpur Trust R/C No. 1066861"|"CPBKGB22"|"08-02-28"|"GB62CPBK08022865060072"|"Please quote in your transfer instructions: 1. The name and initials of your son, 2. Your own name and initials, 3. That the transfer is in connection with Bedford School. Please send a copy of your bank instructions with the relevant paperwork without this we will not confirm receipt of the payment."|"20130525"|""|"Bedford School"
50|"Course"|"GBP"|"HSBC"|"92732971"|"12 All Hallows, Bedford, MK40 1LJ"|"."|"MIDLGB2102H"|"40-10-02"|"GB60MIDL40100292732971"|""|"20150126183404"|"AA00032"|"Bedford School"
628|"Course"|"GBP"|"Lloyds TSB Bank Plc"|"03235008"|"82 High Street, Lewes, East Sussex, BN7 1XW"|"St. George's England"|"LOYDGB21103"|"30-95-01"|"GB42LOYD30950103235008"|"Please make sure the STUDENT'S NAME is clearly marked on the bank transfer.
Please make sure you pay ALL the transfer charges so that the college receives the full amount of the payment due."|"20140422133118"|"AA00044"|"Buckswood St George's England"
628|"Course"|"GBP"|"Lloyds TSB Bank Plc"|"03235008"|"82 High Street, Lewes, East Sussex, BN7 1XW"|"St. George's England Ltd"|"LOYDGB21103"|"30-95-01"|"GB42LOYD30950103235008"|"Bank transfer:
- Please make sure the STUDENT'S NAME is clearly marked on the bank transfer.
- Please make sure you pay ALL the transfer charges so that the college receives the full amount of the payment due.
Cheque: 
- A cheque in UK £ Sterling please make payable to St George’s England"|"20150127161448"|"AA00032"|"Buckswood St George's England"
628|"Course"|"GBP"|"Lloyds TSB Bank Plc"|"03235008"|"82 High Street, Lewes, East Sussex, BN7 1XW"|"St. George's England Ltd"|"LOYDGB21103"|"30-95-01"|"GB42LOYD30950103235008"|"Bank transfer:
- Please make sure the STUDENT'S NAME is clearly marked on the bank transfer
- Please make sure you pay ALL the transfer charges so that the college receives the full amount of the payment due
Cheque: 
- A cheque in UK £ Sterling please make payable to St George’s England"|"20150127161511"|"AA00032"|"Buckswood St George's England"
39|"Course"|"GBP"|"National Westminster Bank Plc"|"14608375"|"14 - 16 Haymarket, Leicestershire, LE1 3NT"|"Ashby Upper School"|""|"60-60-06"|"GB79NWBK60600614608375"|""|"20130525"|""|"Ashby School"
39|"Course"|"GBP"|"National Westminster Bank Plc"|"47114207"|"54 Market Street, Ashby de la Zouch, Leicestershire, LE65 1BB"|"Ashby School"|"NWBK GB 2L"|"60-01-20"|"GB76 NWBK 6001 2047 1142 07"|""|"20150128141827"|"AA00032"|"Ashby School"
36|"Course"|"GBP"|"Lloyds TSB Bank Plc"|"01697259"|"99-101 South Road, Haywards Heath, West Sussex, R16 4ND"|"Ardingly College Ltd, Scholar's Account"|"LOYDGB21173"|"30-18-30"|"GB03LOYD30183001697259"|""|"20140905131643"|""|"Ardingly Projects Ltd"
40|"Deposit"|"GBP"|"Barclays Bank Plc"|"70307807"|"8 Market Place, Kettering, Northants, NN16 0AX"|"Ashford School"|"BARCGB22"|"20-45-77"|"GB43BARC20457770307807"|"Please include the PUPIL NAME on the transfer reference"|"20140124104516"|"AA00025"|"Ashford School"
40|"Registration Fee"|"GBP"|"Barclays Bank Plc"|"90576506"|"8 Market Place, Kettering, Northants, NN16 0AX"|"Ashford School"|"BARCGB22"|"20-45-77"|"GB61BARC20457790576506"|"Please state 'ASH' followed by PUPIL NAME on the transfer reference"|"20140124104520"|"AA00025"|"Ashford School"
30011|"Course"|"GBP"|"Lloyds TSB Bank Plc"|"00406805"|"PO Box 1000, BX1 1LT"|"Lansdowne Tutors Ltd"|"LOYDGB21027"|"30-95-74"|"GB30-LOYD-3095-7400-4068-05"|""|"20141218114716"|"AA00032"|"Astrum Education - Lansdowne College"
328|"Course"|"GBP"|"National Westminster Bank Plc"|"33489750"|"5 Market Place, Chesterfield, S40 1TJ"|"Mount St Mary's College"|"NWBKGB2L"|"60-40-09"|"GB48NWBK60400933489750"|""|"20130525"|""|"Mount St Mary's College"
9|"Course"|"GBP"|"Barclays Bank Plc"|"60797049"|"1 Churchill Place, Canary Wharf, London, E14 5HP"|"Lancing College"|"BARCGB22"|"20-65-82"|"GB31BARC20658260797049"|""|"20130525"|""|"Lancing College"
18|"Course"|"GBP"|"National Westminster Bank Plc"|"05509483"|"Cheap Street, Sherborne, Dorset, DT9 3BH"|"Sherborne School for Girls"|"NWBKGB2L"|"60-19-12"|"GB02NWBK60191205509483"|"Please make sure pupils full name is listed as a reference when transferring the money."|"20130525"|""|"Sherborne School for Girls"
18|"Registration Fee"|"GBP"|"National Westminster Bank Plc"|"05509483"|"Cheap Street, Sherborne, Dorset, DT9 3BH"|"Sherborne School for Girls"|"NWBKGB2L"|"60-19-12"|"GB02NWBK60191205509483"|"Please make sure pupils full name is listed as a reference when transferring the money."|"20151009115323"|"AA00044"|"Sherborne School for Girls"
30025|"Course"|"GBP"|"."|"."|"."|"."|"."|"."|"."|"Ross Moss

Experio Life Ltd
---------------------------
rob@experiolife.com
T. +44 (0) 203 553 5700
F. +44 (0) 203 553 5701
---------------------------
Admin Office
PO Box 55, The Street, Furneux Pelham
Herts. SG9 0LJ
UK"|"20151031103155"|""|"Admin Office, PO Box 55, The Street, Furneux Pelham,  Herts. SG9 0LJ"
591|"Course"|"GBP"|"HSBC"|"90010251"|"-"|"-"|"MIDLGB2110E"|"40-02-06"|"GB06MIDL40020690010251"|""|"20151126165903"|"AA00044"|""
4|"Course"|"GBP"|"Lloyds TSB Bank Plc"|"00144268"|"49 High Street, Godalming, Surrey GU7 1AT"|"Charterhouse"|"LOYDGB21195"|"30-93-49"|"GB54LOYD30934900144268"|""|"20130525"|""|"Charterhouse"
4|"Course"|"GBP"|"Lloyds TSB Bank Plc"|"00144268"|"49 High Street, Godalming, Surrey GU7 1AT"|"-"|"LOYDGB21195"|"30-93-49"|"GB54LOYD30934900144268"|""|"20151203130420"|"AA00007"|"Charterhouse"
340|"Course"|"GBP"|"HSBC"|"81174312"|"114 High Streetm Stourbeidge, DY8 1DZ"|"Old Swinford Hospital"|"MIDLGB2111T"|"40-43-17"|"GB02MIDL40431781174312"|""|"20130525"|""|"Old Swinford Hospital"
261|"Course"|"GBP"|"National Westminster Bank Plc"|"59601906"|"49 North Street, Taunton, Somerset, TA1 1NB"|"King's College Guaranteed Place Account"|"NWBKGB2L"|"60-80-06"|"GB47NWBK60800659601906"|""|"20130525"|""|"WST Enterprises Ltd"
1|"Course"|"GBP"|"National Westminster Bank Plc"|"61580430"|"11 Market Place, Abingdon, Oxon, OX14 3HH"|"Abingdon School"|"NWBKGB2L"|"60-01-01"|"GB52NWBK60010161580430"|"Please allow GBP 15 as bank charges for TT"|"20130525"|""|"Abingdon School"
261|"Course"|"GBP"|"National Westminster Bank Plc"|"59601906"|"49 North Street, Taunton, Somerset, TA1 1NB"|"King's College Guaranteed Place Account"|"NWBKGB2L"|"60-80-06"|"GB47NWBK60800659601906"|"20151230: Billing name was WST Enterprises Ltd, changed to King’s Schools Taunton Ltd"|"20151230182815"|""|"King’s Schools Taunton Ltd"
262|"Course"|"GBP"|"."|"."|"."|"."|"."|"."|"."|""|"20160122102845"|""|"see King's College, Taunton"
320|"Course"|"GBP"|"National Westminster Bank Plc"|"57977259"|"Address 96 Terminus Road, Eastbourne, East Sussex, BN21 3AA"|"Moira House School"|"NWBKGB2L"|"52-41-00"|"GB35NWBK52410057977259"|""|"20130525"|""|"Moira House School"
62|"Course"|"GBP"|"HSBC"|"2374110"|"PO Box 160, Guildford, Surrey GU1 3YU"|"Bishopstrow College"|"MIDLGB2104L"|"40-22-26"|"GB36MIDL40222602374110"|"Advice to Payee: [Name of student]"|"20130525"|""|"Bishopstrow College"
576|"Course"|"GBP"|"Barclays"|"90576506"|"-"|"UCST"|"BARCGB22"|"20-45-77"|"GB61 BARC 20457790576506"|""|"20130823095333"|"AA00025"|"Bournemouth Collegiate School"
493|"Course"|"GBP"|"National Westminster Bank Plc"|"60837829"|"19 High Street, Heathfield, East Sussex TN21 8PL"|"St. Leonards-Mayfield School"|"NWBKGB2L"|"60-10-30"|"GB30NWBK60103060837829"|""|"20130525"|""|"St Leonards - Mayfield School"
493|"Course"|"GBP"|"National Westminster Bank Plc"|"60837829"|"19 High Street, Heathfield, East Sussex TN21 8PL"|"St. Leonards-Mayfield School"|"NWBKGB2L"|"60-10-30"|"+)7H01)="|""|"20160419104326"|"AA00044"|"St Leonards - Mayfield School"
493|"Course"|"GBP"|"National Westminster Bank Plc"|"60837829"|"19 High Street, Heathfield, East Sussex TN21 8PL"|"Mayfield School"|"NWBKGB2L"|"60-10-30"|"GB30NWBK"|""|"20160419104401"|"AA00044"|"St Leonards - Mayfield School"
681|"Course"|"GBP"|"Lloyds TSB Bank Plc"|"00197303"|"Corn Street, PO Box 1000, Bristol, BX1 1LT,"|"Hartpury College"|"LOYDGB21017"|"30-00-01"|"GB88LOYD3000010019733"|""|"20130525"|""|"Hartpury College"
413|"Course"|"GBP"|"Barclays Bank"|"00775142"|"1 North End, Croydon, Surrey, CR9 1RN"|"Russell School Trust"|"BARCGB22"|"20-24-61"|"GB73BARC20246100775142"|"[3Apr14] include the reference shown on school invoice on the reverse"|"20140403150938"|"AA00044"|"Ballards Services Ltd"
286|"Course"|"GBP"|"Lloyds TSB Bank Plc"|"1896528"|"75 Cheap Street, Sherborne, Dorset, DT9 3BA"|"St Antony's Leweston School Trust"|"LOYDGB21208"|"30-99-98"|"GB46LOYD30999801896528"|""|"20130529104746"|"AA00025"|"Leweston School"
11|"Course"|"GBP"|"Svenska Handelsbanken AB (publ) - (Handelsbanken)"|"56384182"|"Svenska Handelsbanken AB (publ)"|"Shrewsbury School"|"HANDGB22"|"40-51-62"|"GB98HAND40516256384182"|"When making such payments, we would be greatful if you could use either your son or daughters account number (on school bill) or ffamily name with inital as the payment reference."|"20130816100637"|"AA00025"|"Shrewsbury School"
65|"Course"|"GBP"|"Allied Irish Bank"|"00668165"|"Bristol Branch, 19 Whiteladies Road, Clifton, Bristol, BS8 1PB"|"Blundell's School"|"AIBKGB2L"|"23-84-80"|"GB59AIBK23848000668165"|""|"20130525"|""|"Blundell's School"
304|"Course"|"GBP"|"Lloyds TSB Bank Plc"|"00005122"|"48 Belle Vue Terrace, Malvern, Worcestershire, WR14 4QG"|"Malvern College"|"LOYDGB21139"|"30-95-41"|"GB98LOYD30954100005122"|""|"20130525"|""|"Malvern College"
674|"Course"|"GBP"|"-"|"-"|"-"|"-"|"-"|"-"|"-"|"Finance Office, The Priory Federation of Academies, c/o The Priory City of Lincoln Academy, Skellingthorpe Road,  Lincoln,  LN6 0EP"|"20170601194016"|""|"Finance Office, The Priory Federation of Academies, c/o The Priory City of Lincoln Academy,"
493|"Course"|"GBP"|"National Westminster Bank Plc"|"60837829"|"19 High Street, Heathfield, East Sussex TN21 8PL"|"Mayfield School"|"NWBKGB2L"|"60-10-30"|"GB30NWBK"|""|"20160420103748"|""|"?? need check w/school_St Leonards - Mayfield School"
71|"Course"|"GBP"|"National Westminster Bank Plc"|"33043299"|"Leatherhead Branch, 1 Bridge Street, Leatherhead, Surrey, KT22 8BT"|"Box Hill School"|"NWBKGB2L"|"60-12-36"|"GB49NWBK60123633043299"|""|"20130525"|""|"Box Hill School"
262|"Course"|"GBP"|"see King's College, Taunton"|"."|"."|"."|"."|"."|"."|""|"20160122102914"|""|"see King's College, Taunton"
587|"Course"|"GBP"|"Barclays Bank plc"|"10616664"|"Barclays Bank PLC, Barclays Corporate Banking, 90/92 High Street, Crawley, West Sussex, RH10 1BP, UK."|"The Malden Trust Ltd"|"BARCGB22"|"20 – 12 – 75"|"GB05 BARC 2012 7510 6166 64"|""|"20170801102924"|"AA00032"|""
52|"Course"|"GBP"|"National Westminster Bank Plc"|"74401092"|"13 Broad Street, Leominster, Herefordshire, HR6 8BZ"|"Bedstone Educational Trust Ltd"|"NWBKGB2L"|"53-70-12"|"GB94NWBK53701274401092"|""|"20130525"|""|"Bedstone College"
380|"Course"|"GBP"|"HSBC"|"40010146"|"22 Victoria Street, Westminster, London, SW1H 0NJ"|"Queen's College, Taunton"|"MIDLGB2110E"|"40-02-06"|"GB06MIDL40020640010146"|""|"20130525"|""|"Queen's College"
30017|"Others"|"GBP"|"Santander UK PLC"|"01433059"|"Santander UK PLC, Bridle Road, Bootle, Merseyside, L30 4GB, UK"|"Gabbitas Educational Consultants Ltd."|"ABBYGB2LXXX"|"09-07-20"|"GB67ABBY09072001433059"|"Please use your invoice number or surname as a reference for any bank transfers. Please also make sure that you pay any bank charges, so that we receive full payment of our invoice."|"20170801111647"|"AA00032"|""
30017|"Others"|"GBP"|"Santander UK PLC"|"01433059"|"Santander UK PLC, Bridle Road, Bootle, Merseyside, L30 4GB, UK"|"Gabbitas Educational Consultants Ltd."|"ABBYGB2LXXX"|"09-07-20"|"GB67ABBY09072001433059"|"Please use your invoice number or surname as a reference for any bank transfers. Please also make sure that you pay any bank charges, so that we receive full payment of our invoice."|"20170801111647"|"AA00032"|""
415|"Deposit"|"GBP"|"First Trust Bank"|"50290750"|"English Street"|"The Royal School Armagh"|"FTBKGB2B"|"GB27 FTBK 9381 6550 2907 50"|"93-81-65"|"For Refundable Deposits/Application Fees - Current CR Interest a/c"|"20170812112323"|"AA00032"|""
483|"Course"|"GBP"|"Barclays Bank Plc"|"20774782"|"17 High Street, Ascot SL5 7DZ"|"St George’s School Ascot Trust Ltd"|"BARCGB22"|"20-02-53"|"GB08BARC20025320774782"|"Please use your daughter's name as a reference for the payment."|"20130525"|""|"St George's School - Ascot"
373|"Course"|"GBP"|"Natwest Bank"|"8081 0012"|"169 Victoria Street SW1E 5BT"|"The Royal Foundation of Grey Coat Hospital (QAS Account)"|"NWBKGB2L"|"51-50-14"|"GB30NWBK51501480810012"|""|"20131212141035"|"AA00038"|""
55|"Course"|"GBP"|"National Westminster Bank Plc"|"09821392"|"Hove Town Hall Branch, 103 Church Road, Hove, BN3 2BS"|"BELLERBYS EDUCATIONAL SERVICES LTD"|"NWBKGB2L"|"53-61-02"|"GB94NWBK53610209821392"|""|"20140315110829"|"AA00044"|"Bellerbys College"
103|"Course"|"GBP"|"HSBC"|"30113050"|"60 Queen Victoria Street, London, EC4N 4TR"|"Caterham School Ltd Re Fees account"|"MIDLGB22"|"40-11-60"|"GB93HBUK40116030113050"|""|"20170912151404"|"AA00075"|""
49|"Course"|"GBP"|"HSBC"|"92732971"|"12 All Hallows, Bedford, MK40 1LJ"|"The Harpur Trust"|"MIDLGB2102H"|"40-10-02"|"GB60MIDL40100292732971"|"[12Sep] Please quote in your transfer instructions:
1.	The name and initials of your son
2.	Your own name and initials
3.	That the transfer is in connection with Bedford School

Please send a copy of your bank instructions with the relevant paperwork without this we will not confirm receipt of the payment."|"20170912183207"|"AA00075"|""
182|"Course"|"GBP"|"Bank of Scotland"|"00542378"|"43 Cpmely Bank, Edinburgh, EH4 1AF"|"Fettes College"|"BOFSGB2S"|"80-11-05"|"GB79BOFS80110500542378"|""|"20131010165021"|"AA00025"|""
182|"Course"|"GBP"|"Bank of Scotland"|"00542378"|"43 Comely Bank, Edinburgh, EH4 1AF"|"Fettes College"|"BOFSGB2S"|"80-11-05"|"GB79BOFS80110500542378"|"The preferred method of payment is by direct funds transfer into the College bank account (UK
BACS payment via internet banking or international funds transfer). If making a direct funds
transfer please make sure that the pupil reference number is quoted (2 alpha 4 numeric).
• A cheque can be made payable to Fettes College quoting the pupil reference number on the back
of the cheque and sent to: Accounts Department, Fettes College, Carrington Road, Edinburgh,
EH4 1QX, UK.
• By monthly direct debit through School Fee Plan. Further information regarding the scheme
which involves a consumer credit agreement and an online application form are available at
https://www.myschoolfeeplan.com/fettescollege-eh4."|"20170913194613"|"AA00075"|""
36|"Course"|"GBP"|"Lloyds TSB Bank Plc"|"01697259"|"99-101 South Road, Haywards Heath, West Sussex, R16 4ND"|"Ardingly College Ltd, Scholar's Account"|"LOYDGB21173"|"30-18-30"|"GB03LOYD30183001697259"|"if pay by cheque, should make it payable to ""ARDINGLY COLLEGE"""|"20150216195809"|"AA00007"|"Ardingly Projects Ltd"
36|"Course"|"GBP"|"Lloyds TSB Bank Plc"|"01697259"|"99-101 South Road, Haywards Heath, West Sussex, R16 4ND"|"Ardingly College Scholars Account"|"LOYDGB21173"|"30-18-30"|"GB03LOYD30183001697259"|"if pay by cheque, should make it payable to ""ARDINGLY COLLEGE"""|"20170914160622"|"AA00075"|"Ardingly Projects Ltd"
61|"Course"|"GBP"|"Lloyds Bank"|"00006131"|"20 North Street, Bishop's Stortford, CM23 2LN"|""|"LLOYDGB2L"|"30-90-84"|"GB 83 LOYD 30 90 84 00006131"|""|"20130710152213"|"AA00025"|"Bishops Stortford College"
438|"Course"|"GBP"|"Lloyds TSB Bank Plc"|"01884627"|"75 Cheao Street, Sherborne, Dorset, DT9 3BD"|"Sherborne School Domus"|"LOYDGB21208"|"30-99-98"|"GB12LOYD30999801884627"|""|"20130525"|""|"Sherborne School"
211|"Course"|"GBP"|"Lloyds TSB Bank Plc"|"00096360"|"18 Monnow Street, Monmouth NP25 3XH"|"Haberdashers' Monmouth School for Girls"|"LOYDGB21493"|"30-95-71"|"GB46LOYD30957100096360"|"[17May14] Cheque- Payment with either ‘Haberdashers’ Monmouth School for Girls’ or ‘HMSG’ is acceptable by the bank. School usually finds it easier for parents to just write ‘HMSG’"|"20140517100805"|"AA00044"|"Haberdashers' Monmouth School for Girls"
323|"Course"|"GBP"|"Lloyds TSB Bank Plc"|"00095828"|"18 Monnow Street, Monmouth NP25 3XH"|"Monmouth School"|"LOYDGB21493"|"30-95-71"|"GB54LOYD30957100095828"|"Quoting the pupils name as reference"|"20130525"|""|"Monmouth School"
58|"Course"|"GBP"|"National Westminster Bank Plc"|"06607578"|"199 High Street, Berkhamsted, HP4 1AW"|"Berkhamsted School"|"NWBKGB2L"|"60-02-21"|"GB64NWBK60022106607578"|""|"20140128104046"|"AA00025"|"Berkhamsted School"
211|"Course"|"GBP"|"Lloyds TSB Bank Plc"|"00096360"|"18 Monnow Street, Monmouth NP25 3XH"|"Haberdashers' Monmouth School for Girls"|"LOYDGB21493"|"30-95-71"|"GB46LOYD30957100096360"|"[17May14] Cheque- Payment with either ‘Haberdashers’ Monmouth School for Girls’ or ‘HMSG’ is acceptable by the bank. School usually finds it easier for parents to just write ‘HMSG’"|"20171122213212"|""|"Monmouth School for Girls"
450|"Course"|"GBP"|"Barclays Bank Plc"|"40794104"|"Barclays Corporate, Level 27, 1 Churchill Place, London E14 5HP"|""|"BARCGB22"|"20-06-05"|"GB15BARC20060540794104"|""|"20130525"|""|"Bede's Junior School"
192|"Course"|"GBP"|"Barclays Bank Plc"|"30890340"|"Settle Branch, P.O. Box No. 1, 49 High Street, Skipton, BD23 1DH"|"Giggleswick School"|"BARCGB22"|"20-78-42"|"GB71BARC20784230890340"|"Please always quote either the pupil name or an invoice number"|"20130525"|""|"Giggleswick School"
377|"Course"|"GBP"|"Yorkshire Bank"|"25467810"|"46 Coney Street, York, YO1 9NQ"|"Queen Margaret's School York Ltd"|"YORKGB21994"|"05-09-94"|"GB98YORK05099425467810"|"Please use your (1) Account Number and (2) Pupil Number from your bill as the payment reference so that we can process the payment to your account swiftly."|"20140410112402"|"AA00044"|"Queen Margaret's School"
130|"Course"|"GBP"|"Barclays Bank Plc"|"20157287"|"44-46 Castle Street, Shrewsbury, SY1 2BU"|"The Bell Concord Educational Trust Ltd"|"BARCGB 22"|"20-77-85"|"GB69BARC20778520157287"|""|"20130525"|""|"Concord College"
130|"Course"|"GBP"|"Barclays Bank Plc"|"20157287"|"44-46 Castle Street, Shrewsbury, SY1 2BU"|"The Bell Concord Educational Trust Ltd"|"BARCGB 22"|"20-78-01"|"GB94BARC20780120157287"|""|"20180116101810"|"AA00078"|"Concord College"
7|"Course"|"GBP"|"Barclays Bank Plc"|"70480924"|"Oxford City Branch"|"Headington School Oxford Ltd"|"BARCGB22"|"20-65-18"|"GB67BARC20651870480924"|"Payments should cover the bank's transfer fees in full (approximately ? - ?2), so that the school receives, for example, the full ?25 for registration and ?00 for examination where applicable."|"20130525"|""|"Headington School Services Ltd"
7|"Course"|"GBP"|"Barclays Bank Plc"|"70480924"|"Oxford City Branch"|"Headington School Oxford Ltd"|"BARCGB22"|"20-65-18"|"GB67BARC20651870480924"|"Payments should cover the bank's transfer fees in full (approximately ? - ?2), so that the school receives, for example, the full ?25 for registration and ?00 for examination where applicable."|"20180206180848"|"AA00078"|"Headington School Services Ltd"
58|"Registration Fee"|"GBP"|"National Westminster Bank Plc"|"06607578"|"NatWest, 199 High Street, Berkhamsted HP4 1AW"|"Berkhamsted Schools Group"|"NWBKGB2L"|"60-02-21"|"GB64 NWBK 6002 2106 6075 78"|""|"20171208103546"|"AA00078"|"Berkhamsted School"
115|"Course"|"GBP"|"Lloyds TSB"|"00026567"|"Christ College No 1 Account"|"-"|"LOYDGB21559"|"30-91-16"|"GB97 LOYD 3091 1600 0265 67"|""|"20130730154112"|"AA00025"|"Christ's College Brecon"
115|"Course"|"GBP"|"Lloyds TSB"|"00026567"|"Brecon"|"Christ College No 1 Account"|"LOYDGB21559"|"30-91-16"|"GB97 LOYD 3091 1600 0265 67"|""|"20180221161220"|"AA00078"|"Christ's College Brecon"
115|"Course"|"GBP"|"Lloyds TSB"|"00026567"|"Brecon"|"Christ College No 1 Account"|"LOYDGB21559"|"30-91-16"|"GB97 LOYD 3091 1600 0265 67"|"1)	Payment by direct transfer into Christ College’s bank account
This is the method that we would like to encourage all parents to use.  Our bank details are as follows:
Bank 			Lloyds  
Branch 			Brecon
Sort Code		30 91 16
Account Name		Christ College No 1 Account
Account Number	                00026567
IBAN Number		GB97 LOYD 3091 1600 0265 67
SWIFT/BIC Number	LOYD GB21559

It is essential to quote pupil number as the reference

2)	Payment in Travellers Cheques 
The cheques should be made payable to ‘Christ College, Brecon’.

3)	Payment by Bankers Draft/Cheque
The draft/cheque should be payable to ‘Christ College, Brecon’."|"20180221161704"|"AA00078"|"Christ's College Brecon"
15|"Course"|"GBP"|"Barclays Bank Plc"|"80809381"|"Croydon Business Centre"|"Woldingham School"|"BARCGB22"|"20-24-61"|"GB07BARC20246180809381"|""|"20130525"|""|"Woldingham School"
271|"Course"|"GBP"|"HSBC"|"41339338"|"8 Victoria Street, Westminster, London, SW1H 0NJ"|"Kingsley School Bidford"|"MIDLGB2110E"|"40-02-06"|"GB76MIDL40020641339338"|""|"20130525"|""|"Kingsley School"
251|"Course"|"GBP"|"HSBC"|"90010103"|"HSBC Bank, Central Hall, Westminster, London SW1P 3AS"|"Kent College Pembury"|"MIDLGB2110E"|"40-02-06"|"GB25MIDL40020690010103"|"[3Apr14] Clearly quoting your NAME and REFERENCE. Payment by PC Banking over the Internet should be made similarly"|"20140403103720"|"AA00044"|"Kent College (Pembury) Enterprises Limited"
36|"Course"|"GBP"|"Lloyds TSB Bank Plc"|"01697259"|"99-101 South Road, Haywards Heath, West Sussex, R16 4ND"|"Ardingly College Scholars Account"|"LOYDGB21173"|"30-18-30"|"GB03LOYD30183001697259"|"if pay by cheque, should make it payable to ""ARDINGLY COLLEGE""
Telex: 888301"|"20170914160737"|"AA00075"|"Ardingly Projects Ltd"
36|"Course"|"GBP"|"Lloyds TSB Bank Plc"|"01697259"|"99-101 South Road, Haywards Heath, West Sussex, R16 4ND"|"Ardingly College Ltd, Scholars Account"|"LOYDGB21173"|"30-18-30"|"GB03LOYD30183001697259"|"[6 Apr18] Please make cheques payable to Ardingly College Ltd. (NB. It is expected that payment by cheque will begin to be phased out by 2020 and replaced with bank transfer arrangements.)"|"20180406103242"|"AA00075"|"Ardingly Projects Ltd"
500|"Course"|"GBP"|"National Westminster Bank Plc"|"73326119"|"105 High Street, Winchester, SO23 9AW"|"St. Swithun's School"|"NWBKGB2L"|"55-81-26"|"GB72NWBK55812673326119"|"Please note: For all overseas applicants – all bank charges/fees levied on the transfer must be paid at source."|"20130525"|""|"St. Swithun's School"
500|"Course"|"GBP"|"National Westminster Bank Plc"|"73326119"|"Winchester, Old Branch, 105 High Street, Winchester, Hampshire, SO23 9AW, England"|"St. Swithun's School (Winchester)"|"NWBKGB2L"|"55-81-26"|"GB72NWBK55812673326119"|"Please note: For all overseas applicants – all bank charges/fees levied on the transfer must be paid at source."|"20180410101652"|"AA00078"|"St. Swithun's School"
522|"Course"|"GBP"|"HSBC"|"81781235"|"17 North Street, Taunton, Somerset TA1 1NA"|"Taunton School (TSI)"|"MDLGB2112B"|"40-44-04"|"GB15MIDL40440481781235"|"Please quote invoice number and student reference with all payments. Please note we can not accept cash"|"20130525"|""|"Taunton International Study Centre"
522|"Course"|"GBP"|"HSBC"|"81781235"|"17 North Street, Taunton, Somerset TA1 1NA"|"Taunton School (TSI)"|"HBUKGB4112B"|"40-44-04"|"GB52HBUK40440481781235"|"Account for bank transfer

Please quote invoice number and student reference with all payments. Please note the School do not accept cash"|"20180418103632"|"AA00078"|"Taunton International Study Centre"
522|"Course"|"GBP"|"HSBC"|"81781235"|"17 North Street, Taunton, Somerset TA1 1NA"|"Taunton School Collection Account"|"HBUKGB4112B"|"40-44-04"|"GB52HBUK40440481781235"|"Account for bank transfer

Please quote invoice number and student reference with all payments. Please note the School do not accept cash"|"20180425155921"|"AA00078"|"Taunton International Study Centre"
522|"Course"|"GBP"|"HSBC"|"81781235"|"17 North Street, Taunton, Somerset TA1 1NA"|"Taunton School Collection Account"|"HBUKGB4112B"|"40-44-04"|"GB52HBUK40440481781235"|"Account for bank transfer

Please quote invoice number and student reference with all payments. Please note the School do not accept cash"|"20180425155938"|"AA00078"|"Taunton International Study Centre"
435|"Course"|"GBP"|"Lloyds TSB Bank PLC"|"01884627"|"75 Cheap Street, Sherborne, Dorset   DT9 3BD"|"SHERBORNE SCHOOL"|"LOYDGB2L"|"30-99-98"|"GB12 LOYD 3099 9801 8846 27"|"Recognised Credit Card (VISA, MASTERCARD, AMEX).  
Please note there is a 4% surcharge if paying by credit card.

***PLEASE QUOTE THE STUDENT’S NAME ON ALL PAYMENTS***"|"20140919125541"|""|"Sherborne International"
12|"Course"|"GBP"|"HSBC"|"81504363"|"100 High Street, Tonbridge, Kent TN9 1AN"|"Tonbridge School"|"MIDLGB2159V"|"40-44-20"|"GB85MIDL40442081504363"|""|"20130525"|""|"Tonbridge School"
389|"Course"|"GBP"|"National Westminster Bank Plc"|"52707865"|"Market Place, Loughborough, LE11 3NZ"|"Ratcliffe College"|"NWBKGB2L"|"60-14-10"|"GB34NWBK60141052707865"|""|"20130525"|""|"Ratcliffe College"
15|"Course"|"GBP"|"Barclays Bank"|"80809381"|"Croydon Business Centre, The Croydon Group, PO Box 95, 1 North End, Croydon, Surrey CR9 1RN, UK"|"Woldingham School"|"BACGB22"|"20-24-87"|"GB84 BARC 202487 80809381"|""|"20180308100703"|"AA00075"|"Woldingham School"
509|"Course"|"GBP"|"Lloyds TSB Bank Plc"|"02760046"|"41 Courtenay Street, Newton Abbot, Devon, TQ12 2QW"|"Stover School Association"|"LOYDGB21078"|"30-96-06"|"GB95LOYD30960602760046"|""|"20141124182042"|"AA00032"|"Stover School"
593|"Course"|"GBP"|"HSBC"|"22126532"|"9 The Boulevard,Crawley,West Sussex,RH10 1UT"|"Worth School"|"MIDLGB2167F"|"40-18-22"|"GB26MIDL40182222126532"|""|"20130525"|""|"Worth School"
574|"Course"|"GBP"|"Lloyds TSB Bank Plc"|"02194254"|"31 Fore Street, Taunton, Somerset, TA1 1HN"|"Wellington School"|"LOYDGB21113"|"30-98-45"|"GB86LOYD30984502194254"|"Please use the name of your son/daughter as the bank reference."|"20130525"|""|"Wellington School"
687|"Course"|"GBP"|"National Westminster Bank"|"31105149"|"1 High Street, Croydon, CR9 1PD"|"Whitgift School"|"NWBKGB2L"|"56-00-46"|"GB42NWBK56004631105149"|"Reference:W5003 (plus name of candidate)"|"20140703104928"|"AA00044"|""
37|"Course"|"GBP"|"Lloyds TSB Bank Plc"|"01697259"|"99-101 South Road, Haywards Heath, West Sussex, R16 4ND"|"Ardingly College Ltd, Scholar's Account"|"LOYDGB21173"|"30-18-30"|"GB03LOYD301830016972 59"|""|"20130525"|""|"Ardingly College (Junior School)"
139|"Course"|"GBP"|"."|"."|"."|"."|"."|"."|"."|""|"20141005141919"|""|"Billing Address: Dean Close School, Shelburne Road, Cheltenham, Glos, GL51 6HE"
187|"Course"|"GBP"|"HSBC"|"01511270"|"33 The Borough, Farnham Surrey GU9 7NJ"|"Frensham Heights Educational Trust Ltd"|"MIDLGB22"|"40-21-05"|"GB43MIDL40210501511270"|""|"20130525"|""|"Frensham Heights"
676|"Course"|"GBP"|"HSBC"|"01092901"|"38-40 South Road, Haywards Heath, West Sussex, RH16 4LU"|"Newells School Trust"|"MIDLGB22"|"40-23-27"|"GB36MIDL40232701092901"|""|"20130525"|""|"Handcross Park School"
528|"Registration Fee"|"GBP"|"Lloyds Bank plc"|"00911302"|"130 High Street, Cheltenham, Gloucestershire, GL50 1EW, United Kingdom"|"Cheltenham Ladies’ College Registry Account"|"LOYDGB21054"|"30-91-87"|"GB74LOYD30918700911302"|"20170926:
Please reference registration fee payment in the following format:
‘your daughter’s family name and first name / CLC registration fee’
Account Name: Cheltenham Ladies’ College Registry Account
Sort Code: 30-91-87, Account Number: 00911302, Bank Name: Lloyds Bank plc
Address: 130 High Street, Cheltenham, Gloucestershire, GL50 1EW, United Kingdom
IBAN code: GB74LOYD30918700911302, Swift code: LOYDGB21054"|"20171206113418"|"AA00078"|""
634|"Course"|"GBP"|"Co-operative Bank"|"68461429"|"Po Box 82, 118-120 Colmore Row, Brimingham, B3 3BA"|"Lucton School"|"CPBKGB22"|"08-90-01"|"GB65CPBK08900168461429"|""|"20140411111958"|"AA00044"|"Lucton School"
288|"Course"|"GBP"|"Lloyds TSB Bank plc"|"37250968"|"-"|"LVS Ascot"|"LOYDGB21653"|"30-63-54"|"GB90 LOYD 3063 5437 2509 68"|"The remittance advice should always to sent to the School Fee Administrator with full payment details"|"20141231102144"|""|"LVS Ascot"
101|"Registration Fee"|"GBP"|"HSBC"|"80437581"|"HSBC, 60 Queen Victoria St, London, EC4N 4TR"|"CSFC Ltd"|"MIDLGB22"|"40-11-60"|"GB79HBUK40116080437581"|""|"20180118112256"|"AA00078"|""
367|"Course"|"GBP"|"Barclays Bank Plc"|"80736627"|"36-38 Milsom Street, Bath, BA1 1DW"|"Prior Park College Educational Trust"|"BARCGB22"|"20-05-06"|"GB37BARC20050680736627"|""|"20130525"|""|"Prior Park College"
150|"Registration Fee"|"GBP"|"Barclays Bank"|"90330965."|"-"|"Downside School"|"BARCGB22"|"20-47-06"|"GB59 BARC 2047 0690 3309 65"|""|"20180925093350"|"AA00078"|""
150|"Course"|"GBP"|"Barclays Bank Plc"|"90330965"|"37 Milsom Street, Bath, BA1 1DA"|"Downside Abbey Trustees Registered"|"BARCGB22"|"20-05-06"|"GB44BARC20050690330965"|""|"20140415132443"|"AA00044"|"Downside School"
150|"Registration Fee"|"GBP"|"Barclays Bank"|"90330965."|"-"|"Downside School"|"BARCGB22"|"20-47-06"|"GB59 BARC 2047 0690 3309 65"|""|"20180925093503"|"AA00078"|""
544|"Deposit"|"GBP"|"National Westminster Bank Plc"|"18319831"|"PO Box 6037,186 Brompton Rd, London SW3 1SJ"|"GDST Fees Account"|""|"60-04-04"|""|""|"20130525"|""|"Royal High School"
306|"Course"|"GBP"|"HSBC"|"32613778"|"6 Broad Street, Worcester WR1 2EJ"|"Malvern St James"|"MIDLGB2109U"|"40-47-17"|"GB13MIDL40471732613778"|""|"20130525"|""|"Malvern St James"
306|"Course"|"GBP"|"HSBC"|"32613778"|"6 Broad Street, Worcester WR1 2EJ"|"Malvern St James"|"MIDLGB2109U"|"40-47-17"|"GB50 HBUK 40471732613778"|""|"20181109103844"|"AA00078"|"Malvern St James"
413|"Course"|"GBP"|"Barclays Bank"|"00775142"|"1 North End, Croydon, Surrey, CR9 1RN"|"Russell School Trust"|"BARCGB22"|"20-24-61"|"GB73BARC20246100775142"|"[3Apr14] include the reference shown on school invoice on the reverse"|"20161004214114"|""|"Russell School Enterprises Ltd"
103|"Course"|"GBP"|"HSBC"|"30113050"|"60 Queen Victoria Street, London, EC4N 4TR"|"Caterham School Ltd Re Fees account"|"MIDLGB22"|"40-11-60"|"GB93HBUK40116030113050"|""|"20170912152134"|"AA00075"|""
13|"Course"|"GBP"|"Lloyds TSB Bank Plc"|"00734106"|"12 Swan Street, Warwick, Warwickshire, CV34 4BJ"|"Warwick Independent Schools Foundation"|"LOYDGB21285(BIC)"|"30-99-15"|"GB57 LOYD 3099 1500 7341 06"|"Please ensure the parents put the boys name on the transfer. Please allow GBP 20 as the bank charges in the UK."|"20141018103017"|"AA00032"|"Warwick School"
2|"Course"|"GBP"|"Allied Irish Bank"|"01518054"|"19 whiteladies Road, Clifton, Bristol, BS81PB"|"Badminton School"|"AIBKGB2L"|"23-84-80"|"GB55AIBK23848001518054"|"For internet payment, there will be GBP 4 charge, details pls go to sch website"|"20130525"|""|"Badminton School"
2|"Course"|"GBP"|"Barclays Bank"|"33129640"|"Barclays Bank, 1 Churchill Place, Canary Wharf, London E14 5HP"|"Badminton School Limited"|"BARCGB22"|"20-00-00"|"GB22 BARC 2000 0033 1296 40"|""|"20181221152130"|"AA00007"|""
2|"Course"|"GBP"|"Barclays Bank"|"33129640"|"Barclays Bank, 1 Churchill Place, Canary Wharf, London E14 5HP"|"Badminton School Limited"|"BARCGB22"|"20-00-00"|"GB22 BARC 2000 0033 1296 40"|""|"20181221152152"|"AA00007"|""
59|"Course"|"GBP"|"National Westminster Bank Plc"|"59013869"|"High Street, Cranbrook, Kent, TN17 3EJ"|"Bethany School Limited"|"NWBKGB2L"|"60-06-18"|"GB61NWBK60061859013869"|""|"20130525"|""|"Bethany School"
11|"Course"|"GBP"|"Svenska Handelsbanken AB (publ) - (Handelsbanken)"|"56384182"|"Svenska Handelsbanken AB (publ)"|"Shrewsbury School"|"HANDGB22"|"40-51-62"|"GB98HAND40516256384182"|"When making such payments, we would be grateful if you could use either your son or daughters account number (on school bill) or family name with initial as the payment reference."|"20170119110445"|"AA00007"|"Shrewsbury School"
17|"Course"|"GBP"|"Lloyds Bank PLC"|"39603560"|"27 High Street, Colchester, Essex, CO1 1DU"|"Colchester Royal Grammar School"|"LOYDGB21115"|"30-92-16"|"GB93 LOYD 3092 1639 6035 60"|"Please put down student's name as remarks and any bank charges are responsible by the remitter."|"20150109103722"|"AA00032"|"Colchester Royal Grammar School"
11|"Course"|"GBP"|"Svenska Handelsbanken AB (publ) - (Handelsbanken)"|"56384182"|"Svenska Handelsbanken AB (publ)"|"Shrewsbury School"|"HANDGB22"|"40-51-62"|"GB98HAND40516256384182"|"When making such payments, we would be grateful if you could use either your son or daughters account number (on school bill) or family name with initial as the payment reference."|"20181223162239"|""|"Shrewsbury School_purchaseledger@shrewsbury.org.uk"
389|"Course"|"GBP"|"National Westminster Bank Plc"|"52707865"|"Market Place, Loughborough, LE11 3NZ"|"Ratcliffe College"|"NWBKGB2L"|"60-14-10"|"GB34NWBK60141052707865"|"20180427: If paying fees direct to the School's bank account, please put the pupil’s account number in the reference field on the paying-in slip."|"20180427101007"|"AA00078"|"Ratcliffe College"
211|"Course"|"GBP"|"Lloyds TSB Bank Plc"|"00096360"|"18 Monnow Street, Monmouth NP25 3XH"|"Monmouth School for Girls"|"LOYDGB21493"|"30-95-71"|"GB46LOYD30957100096360"|"[17May14] Cheque- Payment with either ‘Haberdashers’ Monmouth School for Girls’ or ‘HMSG’ is acceptable by the bank. School usually finds it easier for parents to just write ‘HMSG’"|"20171208122125"|"AA00078"|"Monmouth School for Girls"
465|"Course"|"GBP"|"Lloyds TSB Bank Plc"|"00653408"|"95-97 Regent Street, Gonville Place, Cambridge CB2 1BQ"|"St Mary's School, Cambridge"|"LOYDGB21035"|"30-13-55"|"GB03LOYD30135500653408"|"Please ensure the applicants name is quoted as the reference, so that we can match up the payment with the application"|"20130525"|""|"St Mary's School"
480|"Course"|"GBP"|"National Westminster Bank Plc"|"46101667"|"11 The Parade, Canterbury, Kent, CT1 2SQ"|"St. Edmund's School"|"NWBKGB2L"|"60-04-27"|"GB07NWBK60042746101667"|""|"20130525"|""|"St Edmund's School"
302|"Course"|"GBP"|"National Westminster Bank Plc"|"08164312"|"Market Place, Loughborough, Leicestershire, LE11 3NZ"|"Loughborough Grammar School"|"NWBKGB2L"|"60-14-10"|"GB28NWBK60141008164312"|""|"20130801095211"|"AA00025"|"Loughborough Grammar"
302|"Course"|"GBP"|"National Westminster Bank Plc"|"08164312"|"Market Place, Loughborough, Leicestershire, LE11 3NZ"|"Loughborough Schools Foundation"|"NWBKGB2L"|"60-14-10"|"GB28NWBK60141008164312"|"For the payment of fees ONLY"|"20190326113555"|"AA00076"|"Loughborough Grammar"
302|"Registration Fee"|"GBP"|"National Westminster Bank plc"|"08171610"|"135 Bishopsgate London, EC2M 3UR - United Kingdom"|"Loughborough Schools Foundation"|"NWBKGB2L"|"60-14-10"|"GB86 NWBK 6014 1008 1716 10"|""|"20190326114349"|"AA00076"|""
302|"Registration Fee"|"GBP"|"National Westminster Bank plc"|"08171610"|"Market Place, Loughborough, Leicestershire, LE11 3NZ"|"Loughborough Schools Foundation"|"NWBKGB2L"|"60-14-10"|"GB86 NWBK 6014 1008 1716 10"|""|"20190326114405"|"AA00076"|""
302|"Registration Fee"|"GBP"|"National Westminster Bank plc"|"08171610"|"Market Place, Loughborough, Leicestershire, LE11 3NZ"|"Loughborough Schools Foundation"|"NWBKGB2L"|"60-14-10"|"GB86 NWBK 6014 1008 1716 10"|"For Registration fee and Deposit"|"20190326114659"|"AA00076"|""
20|"Course"|"GBP"|"Lloyds TSB Bank Plc"|"00070500"|"City Office, London, United Kingdom"|"City of London Freemen's School Fees Account"|"LOYDGB2LCTY"|"30-00-02"|"GB04LOYD30000200070500"|"[13Mar2014] Please ensure your child's full name is included in the transaction reference."|"20140313183837"|"AA00044"|"City of London Freemen's School"
264|"Course"|"GBP"|"HSBC"|"61362062"|"1 Middle Street, Yeovil, Somerset, BA20 1LR"|"King's School, Bruton"|"MIDLGB2165H"|"40-47-28"|"GB44MIDL40472861362062"|""|"20130525"|""|"King's School Bruton"
139|"Course"|"GBP"|"HSBC Bank plc"|"10292443"|"109 Bath Road, Cheltenham, GL53 7RA"|"Dean Close School"|"MIDLGB2125K"|"40 17 09"|"GB76MIDL40170910292443"|""|"20180518103041"|"AA00078"|"Billing Address: Dean Close School, Shelburne Road, Cheltenham, Glos, GL51 6HE"
140|"Course"|"GBP"|"HSBC"|"10292443"|"HSBC Bank plc, Montpellier, 109 Bath Road, Cheltenham, Gloucestershire GL53 7RA"|"Dean Close School"|"MIDLGB2125K"|"40 17 09"|"GB76MIDL40170910292443"|""|"20130525"|""|"Dean Close School"
177|"Course"|"GBP"|"Lloyds TSB Bank Plc"|"00288101"|"1 West Street, Horsham, West Sussex RH13 6AA"|"Farlington School Trust Ltd"|"LOYDGB21084"|"30-94-41"|"GB61LOYD30944100288010"|""|"20130525"|""|"Farlington School"
380|"Course"|"GBP"|"HSBC"|"40010146"|"22 Victoria Street, Westminster, London, SW1H 0NJ"|"Queen's College, Taunton"|"MIDLGB22"|"40-02-06"|"GB06MIDL40020640010146"|""|"20170815122324"|"AA00032"|"Queen's College"
78|"Course"|"GBP"|"Barclays Bank Plc"|"60208426"|"Solent and Dorset Business Centre, PO BOX 612, Ocean Way, Ocean Village, Southampton, SO14 6ZP"|"Brockenhurst College"|"__"|"20-53-53"|"GB34BARC20535360208426"|"Please include reference such as students name for processing purposes. Please ensure that the amount you pay includes all charges for transmission, both in your own country and in the UK. (GBP 20 bank charges) (26.02.09)

invoice can be emailed to  finance@wess.ac.uk"|"20141117102152"|""|"Billing Address: Brockenhurst College Finance, Redlands, 25 Knyveton Road, Bournemouth,BH1 3QQ,"
532|"Course"|"GBP"|"Barclays Bank Plc"|"50651591"|"London Corporate Banking, 54 Lombard Street, London EC3V 9EX"|"The King's School, Canterbury"|"BARCGB22"|"20-00-00"|"GB13BARC20000050651591"|""|"20130525"|""|"Junior King's School (The)"
30059|"Course"|"GBP"|"HSBC"|"10012637"|"HSBC City Of London 401160, 60 Queen Victoria Street, London, EC4N 4TR"|"Fine Arts College Ltd"|"MIDLGB22"|"40-11-60"|"GB87MIDL40116010012637"|""|"20191112115921"|"AA00078"|""
41|"Course"|"GBP"|"HSBC"|"60116572"|"7 Prospect Crescent, Harrogate, HG1 1RN"|"Ashville College"|"MIDLGB2104P"|"40-23-12"|"GB31MIDL40231260116572"|""|"20130525"|""|"Ashville College"
61|"Course"|"GBP"|"Lloyds TSB Bank plc"|"00006131"|"Bishop's Stortford Branch, 20 North Street, Bishop's Stortford, CM23 2LN"|"Bishop's Stortford College"|"LLOYDGB2L"|"30-90-84"|"GB 83 LOYD 30 90 84 00006131"|""|"20170914185425"|"AA00075"|"Bishops Stortford College"
185|"Course"|"GBP"|"Barclays Bank Plc"|"00111635"|"Suffolk Coastal Group, Market Hill, Framlingham, Suffolk"|"Albert Memorial College Main Account"|"BARCGB22"|"20-98-07"|"GB46BARC20980700111635"|""|"20130525"|""|"Framlingham College"
35|"Course"|"GBP"|"Barclays Bank"|"-"|"1-3 Parliament Street, York, YO1 1XD, UK"|"St Laurence Education Trust"|"BARCGB22"|"-"|"GB49 BARC 2099 1503 7447 95"|"20191126: This account is for parents not using a UK bank account."|"20191126094546"|"AA00078"|""
524|"Course"|"GBP"|"HSBC"|"81781235"|"17 North Street, Taunton, Somerset TA1 1NA"|"Taunton School (TSI)"|"MDLGB2112B"|"40-44-04"|"GB15MIDL40440481781235"|""|"20140117104629"|"AA00025"|"Taunton School"
261|"Course"|"GBP"|"National Westminster Bank Plc"|"59601906"|"49 North Street, Taunton, Somerset, TA1 1NB"|"King's College Guaranteed Place Account"|"NWBKGB2L"|"60-80-06"|"GB47NWBK60800659601906"|"20151230: Billing name was WST Enterprises Ltd, changed to King’s Schools Taunton Ltd
20160122: send all invoices to Anya Rowley, Finance Manager, King's College and King's Hall School, t:  01823 328106, e: afrowley@kings-taunton.co.uk"|"20160122102756"|""|"King’s Schools Taunton Ltd"
261|"Course"|"GBP"|"National Westminster Bank Plc"|"70884811"|"49 North Street, Taunton, Somerset, TA1 1NB"|"King's College Scholars Account"|"NWBKGB2L"|"60-80-06"|"GB06 NWBK 608006 70884811"|"20151230: Billing name was WST Enterprises Ltd, changed to King’s Schools Taunton Ltd
20160122: send all invoices to Anya Rowley, Finance Manager, King's College and King's Hall School, t:  01823 328106, e: afrowley@kings-taunton.co.uk"|"20200108144548"|"AA00078"|"King’s Schools Taunton Ltd"
271|"Course"|"GBP"|"HSBC"|"41339338"|"HSBC Bank, The Peak, 333 Vauxhall Bridge Road, Victoria, London, SW1V 1EJ"|"Kingsley School Bideford"|"HBUKGB4110E"|"40-02-06"|"GB16HBUK40020641339338"|"20180321: For payment reference please give full name."|"20180321175138"|"AA00078"|"Kingsley School"
241|"Course"|"GBP"|"Lloyds TSB Bank Plc"|"00221563"|"Lloyds Chambers, Lloyds Avenue, Ipswich IP1 3HJ"|"Ipswich School"|"LOYDGB21046"|"30-94-55"|"IBAN GB52LOYD30945500221563"|""|"20130528120726"|"AA00025"|"Ipswich School"
241|"Course"|"GBP"|"Lloyds TSB Bank Plc"|"00221563"|"Lloyds Chambers, Lloyds Avenue, Ipswich IP1 3HJ"|"Ipswich School No 1 Account"|"LOYDGB21046"|"30-94-55"|"GB52LOYD30945500221563"|""|"20200123112537"|"AA00078"|"Ipswich School"
551|"Others"|"GBP"|"Lloyds Bank Plc"|"59367260"|"1 Pride Hill, Shrewsbury, Shropshire, United Kingdom, SY1 1DG"|"Thomas Adams School - Boarding House"|"LOYDGB21B83"|"30-97-62"|"GB53LOYD30976259367260"|"20200306: This account is for all monies to be paid into the expenses account. Please quote the student’s name as the reference on the payment."|"20200306123728"|"AA00078"|""
551|"Course"|"GBP"|"Lloyds Bank Plc"|"58364760"|"1 Pride Hill, Shrewsbury, Shropshire, United Kingdom, SY1 1DG"|"Thomas Adams School"|"LOYDGB21B83"|"30-97-62"|"GB91LOYD30976258364760"|"20200306: This account is for termly fees. Please quote the student’s name as the reference on the payment"|"20200306123503"|"AA00078"|""
480|"Course"|"GBP"|"National Westminster Bank Plc"|"08823669"|"11 The Parade, Canterbury, Kent, CT1 2SQ"|"St. Edmund's School"|"NWBKGB2L"|"60-04-27"|"GB03NWBK60042708823669"|""|"20190302131425"|"AA00078"|"St Edmund's School"
271|"Course"|"GBP"|"Barclays Bank PL"|"90041084"|"Barclays Bank PL, Leicester, Leicestershire, United Kingdom, LE87 2BB"|"Kingsley School Bideford"|"BUKBGB22 or BUKBGB22XXX"|"20-17-68"|"GB42BARC20176890041084"|"20180321: For payment reference please give full name."|"20200110180256"|"AA00078"|"Kingsley School"
89|"Course"|"GBP"|"Barclays Bank Plc"|"90225762"|"Barclays Business Banking, Sussex & Gatwick Team, PO Box 165, 90/92 High Street, Crawley, BX3 2BB"|"Burgess Hill School for Girls No 4 Account"|"BARCGB22"|"20-49-76"|"GB38 BARC 2049 7690 2257 62"|""|"20140310122409"|"AA00019"|"Burgess Hill School For Girls"
680|"Course"|"GBP"|"National Westminster Bank Plc"|"16071433"|"85 High Street, Rye, East Sussex, TN31 7JS"|"Earlscliffe"|"NWBKGB2L"|"60-18-09"|"GB07NWBK60180916071433"|"Please make sure the student's name is clearly marked on the bank transfer. Please make sure you pay ALL the transfer charges so that the college receives the full amount of the payment due"|"20130525"|""|"Earlscliffe"
680|"Course"|"GBP"|"HSBC Bank plc"|"11076698"|"60 Queen Victoria Street, London, EC4N 4TR, UK."|"Earlscliffe"|"HBUKGB4B"|"40-11-60"|"GB34HBUK40116011076698"|""|"20200522163815"|"AA00078"|""
676|"Course"|"GBP"|"HSBC Plc"|"60020931"|"38-40 South Road, Haywards Heath, RH16 4LU"|"Newells School Trust Ltd"|"HBUK GB 4194 V"|"40-11-65"|"GB 13 HBUK 40 11 65 60020931"|"Bank:                                HSBC Plc                    Sort code: 40-11-65
Account number:            60020931
Branch:                             Haywards Heath         Account name: Newells School Trust Ltd
Bank Address:                 38-40 South Road       IBAN:    GB 13 HBUK 40 11 65 60020931
Haywards Heath         BIC:  HBUK GB 4194 V
RH16 4LU"|"20180609122237"|"AA00078"|"Handcross Park School"
268|"Course"|"GBP"|"."|"."|"."|"."|"."|"."|"."|""|"20190529231025"|""|"Roffa Limited"
549|"Registration Fee"|"GBP"|"Lloyds Bank plc"|"34647068"|"-"|"The Stephen Perse Foundation"|"LOYDGB21"|"30-13-55"|"GB24LOYD30135534647068"|""|"20190416100027"|"AA00078"|""
549|"Course"|"GBP"|"Barclays Bank Plc"|"53180093"|"9/11 St Andrew's Street, Cambridge, CB2 3AA"|"The Stephen Perse Foundation"|"BARCGB22"|"20-17-19"|"GB05BARC20171953180093"|""|"20130525"|""|"The Stephen Perse Foundation"
373|"Course"|"GBP"|"Natwest Bank"|"8081 0012"|"169 Victoria Street SW1E 5BT"|"The Royal Foundation of Grey Coat Hospital (QAS Account)"|"NWBKGB2L"|"51-50-14"|"GB30NWBK51501480810012"|"Please give the name of the girl on all correspondence."|"20170902143750"|"AA00075"|""
552|"Course"|"GBP"|"Royal Bank of Scotland"|"20393028"|"London City Office, 62/63 Threadneedle Street, London EC2R 8LA"|"Thornton College"|""|"15-10-00"|"GB76RBOS15100020393028"|""|"20130525"|""|"Thornton College"
50|"Course"|"GBP"|"HSBC"|"92732971"|"12 All Hallows, Bedford, MK40 1LJ"|"The Harpur Trust"|"MIDLGB2102H"|"40-10-02"|"GB60MIDL40100292732971"|""|"20150127110506"|"AA00032"|"Bedford School"
125|"Course"|"GBP"|"HSBC"|"92487918"|"62 George White Street, Cabot Circus Bristol, BS1 3BA"|"Clifton College"|"MIDLGB22"|"40-14-13"|"GB66MIDL40141392487918"|"Please ensure that you clearly include the pupil's name in the transaction Reference field so that we can trace and indentify the transaction on receipt."|"20130525"|""|"Clifton College"
16|"Course"|"GBP"|"Allied Irish Bank"|"00415012"|"201/203 The Broadway, Wimbledon, London, SW19 1FF"|"Epsom College"|"AIBKGB 2L"|"23-84-81"|"GB32AIBK23848100415012"|"Examination Fee : GBP 20. To ensure that the funds reach the correct account, it is very important that the candidate's name is quoted as a reference"|"20130525"|""|"Epsom College"
345|"Course"|"GBP"|"Barclays Bank Plc"|"10679259"|"Mortlock House, PO Box 885, Histon, CB4 9DE"|"Oundle School Fees in Suspense"|"BARCGB22"|"20-67-37"|"GB30BARC20673710679259"|"Please make sure you quote your child's name so that we know the payment is from you.

[20Sep14] Amended the address, which before was:  Po Box 422, 1 Church Street, Peterborough, PE1 1QR"|"20140920121947"|"AA00032"|"Oundle School"
532|"Course"|"GBP"|"Barclays Bank Plc"|"50651591"|"1 Churchill Place, London, E14 5HP"|"The King's School, Canterbury"|"BARCGB22"|"20-00-00"|"GB13BARC20000050651591"|"20190924: Old address: London Corporate Banking, 54 Lombard Street, London EC3V 9EX

Reference: (surname of pupil)..../ JKS / Reg (Please ensure the latter part of this reference is included)"|"20190924122059"|"AA00078"|"Junior King's School (The)"
493|"Course"|"GBP"|"National Westminster Bank Plc"|"60837829"|"19 High Street, Heathfield, East Sussex TN21 8PL"|"Mayfield School"|"NWBKGB2L"|"60-10-30"|"GB30NWBK"|""|"20170626125917"|""|"Mayfield School Services Ltd"
103|"Course"|"GBP"|"HSBC"|"30113050"|"60 Queen Victoria Street, London, EC4N 4TR"|"Caterham School Ltd Re Fees account"|"MIDLGB22"|"40-11-60"|"GB93HBUK40116030113050"|"20181205: Acceptance fee payable to ""Caterham School Limited"""|"20181205121314"|"AA00078"|""
472|"Registration Fee"|"GBP"|"Barclays Bank Plc"|"40794104"|"London Medium Business, United Kingdom House, 180 Oxford Street, London, W1D 1EA"|"St Bede's School Trust Sussex"|"BARCGB22"|"20-06-05"|"GB15BARC20060540794104"|""|"20140122115317"|"AA00019"|""
211|"Course"|"GBP"|"Lloyds TSB Bank Plc"|"00096360"|"18 Monnow Street, Monmouth NP25 3XH"|"Monmouth School for Girls"|"LOYDGB21493"|"30-95-71"|"GB46LOYD30957100096360"|"[17May14] Cheque- Payment with either ‘Haberdashers’ Monmouth School for Girls’ or ‘HMSG’ is acceptable by the bank. School usually finds it easier for parents to just write ‘HMSG’"|"20190118223834"|""|"Monmouth School Enterprises Ltd, Almshouse Street, Monmouth, NP25 3XP"
545|"Course"|"GBP"|"Lloyds TSB Bank Plc"|"00060406"|"82 High Street, Rickmansworth, Hertfordshire, WD3 1AG"|"The Royal Masonic School for Girls LTD"|"LOYDGB21023"|"30-96-35"|"GB31LOYD30963500060406"|""|"20130525"|""|"The Royal Masonic School"
30056|"Course"|"GBP"|"Lloyds Bank"|"00732006"|"-"|"King's High Fees Account"|"LOYDGB21285"|"-"|"-"|""|"20201027145451"|"AA00078"|""
576|"Registration Fee"|"GBP"|"Barclays Bank"|"63689018"|"1 Churchill Place, London, E145HP"|"Bright Scholar (BCS) Management Limited"|"BARCGB22"|"20-17-27"|"GB96BARC20172763689018"|""|"20191031112012"|"AA00078"|""
302|"Registration Fee"|"GBP"|"National Westminster Bank Plc"|"08171610"|"Market Place, Loughborough, Leicestershire, LE11 3NZ"|"Loughborough Schools Foundation"|"NWBKGB2L"|"60-14-10"|"GB86 NWBK 6014 1008 1716 10"|"For Registration fee and Deposit"|"20190326114714"|"AA00076"|""
7|"Course"|"GBP"|"Barclays Bank Plc"|"70480924"|"Leicester, United Kingdom, LE87 2BB"|"Headington School Oxford Ltd"|"BARCGB22"|"20-65-26"|"GB31BARC20652670480924"|"Please use the following format for the reference accompanying the online payment:
Daughter’s surname Daughter’s Christian name"|"20180206181039"|"AA00078"|"Headington School Services Ltd"
30043|"Course"|"GBP"|"Bank of China"|"90009819"|"-"|"The National Mathematics and Science College Ltd"|"BKCHGB2U"|"-"|"GB90 BKCH 4050 3790 0098 19"|"Reference: Student's name"|"20210119101211"|"AA00078"|""
29|"Course"|"GBP"|"-"|"13652660"|"-"|"HAFT t/a AGS Boarding"|"LOYDGB21541"|"30 96 02"|"GB43 LOYD 3096 0213 6526 60"|""|"20131210100011"|"AA00025"|""
328|"Course"|"GBP"|"National Westminster Bank Plc"|"33489750"|"5 Market Place, Chesterfield, S40 1TJ"|"Mount St Mary's College"|"NWBKGB2L"|"60-40-09"|"GB48NWBK60400933489750"|""|"20150331191103"|""|"Mount St. Mary's College"
533|"Course"|"GBP"|"Barclays Bank Plc"|"50651591"|"London Corporate Banking, 54 Lombard Street, London EC3V 9EX"|"The King’s School, Canterbury"|"BARCGB22"|"20-00-00"|"GB13BARC20000050651591"|"Reference: (Student's Surname) /Reg"|"20130525"|""|"King's School"
53|"Course"|"GBP"|"Barclays Bank Plc"|"50526223"|"73-75 Calverley Road, Tunbridge Wells, Kent, TN1 2UZ"|"Beechwood Sacred Heart School"|"BARCGB22"|"20-88-13"|"GB03BARC20881350526223"|"Ref: Name of pupil"|"20140313130839"|"AA00044"|"Beechwood Sacred Heart"
62|"Course"|"GBP"|"Lloyds Bank"|"29311168"|"37 Market Place, WQarminster, Wiltshire, BA12 9BD, England"|"Bishopstrow College Limited"|"LOYDGB21294"|"30 99 13"|"GB72LOYD30991329311168"|"Advice to payee:[name of student]"|"20160211180822"|"AA00044"|""
323|"Course"|"GBP"|"Lloyds TSB Bank Plc"|"00095828"|"18 Monnow Street, Monmouth NP25 3XH"|"Monmouth School"|"LOYDGB21493"|"30-95-71"|"GB54LOYD30957100095828"|"Quoting the pupils name as reference"|"20171122213232"|""|"Monmouth School for Boys"
323|"Course"|"GBP"|"Lloyds TSB Bank Plc"|"00095828"|"18 Monnow Street, Monmouth NP25 3XH"|"Monmouth School"|"LOYDGB21493"|"30-95-71"|"GB54LOYD30957100095828"|"Quoting the pupils name as reference"|"20210415150440"|""|"Monmouth School Enterprises Ltd"
676|"Course"|"GBP"|"HSBC Plc"|"60020931"|"38-40 South Road, Haywards Heath, RH16 4LU"|"Newells School Trust Ltd"|"HBUK GB 4194 V"|"40-11-65"|"GB 13 HBUK 40 11 65 60020931"|""|"20200703151923"|"AA00078"|"Handcross Park School"
676|"Course"|"GBP"|"HSBC Plc"|"60020931"|"38-40 South Road, Haywards Heath, RH16 4LU"|"Newells School"|"HBUK GB 4194 V"|"40-11-65"|"GB 13 HBUK 40 11 65 60020931"|""|"20210428170638"|"AA00078"|"Handcross Park School"
534|"Course"|"GBP"|"Handelsbanken"|"69165142"|"Trinity Tower, 9 Thomas More Street, London, E1W 1GE"|"The Leys School"|""|"40-51-62"|"GB20HAND40516269165142"|""|"20130525"|""|"The Leys School"
18|"Registration Fee"|"GBP"|"The National Westminster Bank"|"05509491"|"Cheap Street, Sherborne, Dorset, DT9 3BH"|"-"|"NWBKGB2L"|"60-19-12"|"GB77NWBK60191205509491"|""|"20151009115613"|"AA00044"|""
322|"Course"|"GBP"|"National Westminster Bank Plc"|"57158320"|"15 High Street, Bath, BA1 5AH"|"Monkton Combe School"|"NWBKGB2L"|"56-00-34"|"GB40NWBK56003457158320"|""|"20130525"|""|"Monkton Combe School"
492|"Course"|"GBP"|"Barclays Bank Plc"|"30719617"|"11-13 Queen Street, Ramsgate,Kent CT11 9UP"|"St. Lawrence College"|"BARCGB22"|"20-17-92"|"GB23BARC20179230719617"|"Debit and Credit card also accepted (1.25% surcharge)"|"20130525"|""|"St. Lawrence College"
492|"Course"|"GBP"|"Barclays Bank Plc"|"30719617"|"Leicester, Leicestershire, LE87 2BB, UK"|"The Corporation of St. Lawrence College"|"BARCGB22"|"20-18-00"|"GB84BARC20180030719617"|"Bank transfer
Debit and Credit card also accepted (1.25% surcharge)"|"20210814103733"|"AA00078"|"St. Lawrence College"
130|"Course"|"GBP"|"Barclays Bank Plc"|"20157287"|"44-46 Castle Street, Shrewsbury, SY1 2BU"|"The Bell Concord Educational Trust Ltd"|"BARCGB 22"|"20-78-01"|"GB94BARC20780120157287"|"Please quote the name of student"|"20180116101821"|"AA00078"|"Concord College"
130|"Course"|"GBP"|"Barclays Bank Plc"|"20157287"|"44-46 Castle Street, Shrewsbury, SY1 2BU"|"The Bell Concord Educational Trust Ltd"|"BARCGB 22"|"20-78-01"|"GB94BARC20780120157287"|"Please quote the name of student

Credit card payment method:
Payments can be made using the following link: http://concordcollegeuk.com/about-concord/general/general-payments/"|"20210825181720"|"AA00078"|"Concord College"
258|"Course"|"GBP"|"Royal Bank of Scotland"|"23109401"|"Threadneedle Street  LONDON EC2R 8LA"|"KING EDWARD’S SCHOOL WITLEY"|"RBOSGB2L"|"16-00-15"|"GB23RBOS16001523109401"|""|"20130925171524"|"AA00025"|""
11|"Course"|"GBP"|"Svenska Handelsbanken AB (publ) - (Handelsbanken)"|"56384182"|"Svenska Handelsbanken AB (publ)"|"Shrewsbury School"|"HANDGB22"|"40-51-62"|"GB98HAND40516256384182"|"When making such payments, we would be grateful if you could use either your son or daughters account number (on school bill) or family name with initial as the payment reference."|"20190106151757"|""|"Shrewsbury School"
274|"Course"|"GBP"|"Barclays Bank Plc"|"00997269"|"37 Milsom Street, Bath,BA1 1DA"|"Kingswood School Trustee Limited"|"BARCGB22"|"20-05-12"|"GB49BARC20051200997269"|"Reference: Student name must be stated here (to identify the fee with the correct application)"|"20130525"|""|"Kingswood School"
455|"Course"|"GBP"|"Barclays Bank Plc"|"20395730"|"Barclays Bank Stevenage, North Herts Group, 5-6 High Street, Hitchin, Herts.  SG5 1BJ UK"|"St. Francis’ College Trust"|"BARC-GB-22"|"20-41-12"|"GB85BARC20411220395730"|""|"20141215175337"|"AA00032"|"St. Francis' College"
532|"Course"|"GBP"|"Barclays, London Corporate Banking"|"50651591"|"1 Churchill Place, London, E14 5HP"|"The King's School, Canterbury"|"BARCGB22"|"20-00-00"|"GB13BARC20000050651591"|"20190924: Old address: London Corporate Banking, 54 Lombard Street, London EC3V 9EX

Reference: (surname of pupil)..../ JKS / Reg (Please ensure the latter part of this reference is included)"|"20200924152328"|"AA00078"|"Junior King's School (The)"
330|"Course"|"GBP"|"National Westminster Bank Plc"|"17604052"|"Chelmsford Branch, 4-5 High Street, Chelmsford, Essex, CM1 1FZ"|"New Hall School Trust"|"NWBKGB2L"|"60-05-13"|"GB88NWBK60051317604052"|""|"20130525"|""|"New Hall School Enterprises Ltd"
134|"Course"|"GBP"|"HSBC"|"80010030"|"8 Victoria Street, Westminster, London, SW1H 0NJ"|"Culford School"|"MIDLGB2110E"|"40-02-06"|"GB71MIDL40020680010030"|""|"20130525"|""|"Culford School"
65|"Course"|"GBP"|"Allied Irish Bank"|"00668165"|"Bristol Branch, 19 Whiteladies Road, Clifton, Bristol, BS8 1PB"|"Blundell's School"|"AIBKGB2L"|"23-84-80"|"GB59AIBK23848000668165"|"[20April2017] Please put the student’s name as a reference when you make a transfer."|"20170420110732"|"AA00065"|"Blundell's School"
687|"Course"|"GBP"|"National Westminster Bank"|"31105149"|"1 High Street, Croydon, CR9 1PD"|"Whitgift School"|"NWBKGB2L"|"56-00-46"|"GB42NWBK56004631105149"|"20180508: Ref. P5003W (plus candidate’s name)"|"20180508110140"|"AA00078"|""
687|"Course"|"GBP"|"National Westminster Bank"|"31105149"|"1 High Street, Croydon, CR9 1PD"|"Whitgift School"|"NWBKGB2L"|"56-00-46"|"GB42NWBK56004631105149"|"20180508: Ref. P5003W (plus candidate’s name)"|"20220719145206"|""|"Address to: Whitgift School, c/o John Whitgift Foundation"
78|"Course"|"GBP"|"Barclays Bank Plc"|"60208426"|"Solent and Dorset Business Centre, PO BOX 612, Ocean Way, Ocean Village, Southampton, SO14 6ZP"|"Brockenhurst College"|"BARCGB22"|"20-53-79"|"GB34BARC20535360208426"|"Please include reference such as students name for processing purposes. Please ensure that the amount you pay includes all charges for transmission, both in your own country and in the UK. (GBP 20 bank charges) (26.02.09)

invoice can be emailed to  finance@wess.ac.uk"|"20190717154149"|"AA00078"|"Billing Address: Brockenhurst College Finance, Redlands, 25 Knyveton Road, Bournemouth,BH1 3QQ,"
655|"Course"|"GBP"|"Barclays Bank Plc"|"50449849"|"2 Carfax, Horsham, RH12 1DN"|"Christ's Hospital"|"BARCGB22"|"20-42-58"|"GB57BARC20425850449849"|""|"20141201125049"|"AA00003"|"Christ's Hospital"
655|"Course"|"GBP"|"Barclays Bank Plc"|"50449849"|"2 Carfax, Horsham, RH12 1DN"|"Christ's Hospital"|"BARCGB22"|"20-42-66"|"GB57BARC20425850449849"|""|"20220929164614"|"AA00095"|"Christ's Hospital"
655|"Course"|"GBP"|"Barclays Bank Plc"|"50449849"|"2 Carfax, Horsham, RH12 1DN"|"Christs Hospital School"|"BARCGB22"|"20-42-66"|"GB57BARC20425850449849"|""|"20220929164632"|"AA00095"|"Christ's Hospital"
7|"Course"|"GBP"|"Barclays Bank Plc"|"70480924"|"Leicester, United Kingdom, LE87 2BB"|"Headington School Oxford Ltd"|"BARCGB22"|"20-65-26"|"GB31BARC20652670480924"|"Please use the following format for the reference accompanying the online payment:
Daughter’s surname Daughter’s Christian name"|"20210108162053"|""|"Headington School Oxford Ltd"
177|"Course"|"GBP"|"Lloyds TSB Bank Plc"|"00288010"|"1 West Street, Horsham, West Sussex RH13 6AA"|"Farlington School Trust Ltd"|"LOYDGB21084"|"30-94-41"|"GB61LOYD30944100288010"|""|"20190525120603"|"AA00078"|"Farlington School"
304|"Course"|"GBP"|"Lloyds TSB Bank Plc"|"00005122"|"48 Belle Vue Terrace, Malvern, Worcestershire, WR14 4QG"|"Malvern College"|"LOYDGB2L"|"30-95-41"|"GB98LOYD30954100005122"|""|"20170525111820"|"AA00065"|"Malvern College"
11|"Registration Fee"|"GBP"|"Barclays Bank Plc"|"10979880"|"-"|"Shrewsbury School"|"BARC GB22"|"20-78-01"|"GB91 BARC 2078 0110 9798 80"|"20210915: Please note we have recently changed our Bank Details to Barclays Bank.

Any registration fees recently transferred to us using our old Bank Details (Handlesbanken) will still come through, but we prefer for the new Registration Forms to be used from today."|"20210915173809"|"AA00078"|""
11|"Registration Fee"|"GBP"|"Barclays Bank Plc"|"10979880"|"Barclays Bank PLC, 44-46 Castle Street, Shrewsbury SY1 2BU"|"Shrewsbury School"|"BARC GB22"|"20-78-01"|"GB91 BARC 2078 0110 9798 80"|"20210915: Please note we have recently changed our Bank Details to Barclays Bank.

Any registration fees recently transferred to us using our old Bank Details (Handlesbanken) will still come through, but we prefer for the new Registration Forms to be used from today."|"20221018122105"|"AA00078"|""
534|"Course"|"GBP"|"Svenska Handelsbanken AB (publ)"|"69165142"|"Byron House, Cambridge Business Park, Cowley Roa, Cambridge CB4 0UZ"|"The Leys School"|"HANDGB22"|"40-51-62"|"GB20HAND40516269165142"|""|"20210501004021"|"AA00078"|"The Leys School"
67|"Course"|"GBP"|"Co-operative Bank"|"70138504"|"41 Vicar Lane, Leeds, LS1 6DS"|"Bootham School"|"CPBKGB22"|"08-90-72"|"GB18CPBK08907270138504"|""|"20130525"|""|"Bootham School"
456|"Course"|"GBP"|"Royal Bank of Scotland"|"00255105"|"142/144 Princes Street, Edinburgh, EH2 4EQ"|"St George's School for Girls"|"RBOSGB2L"|"83-51-00"|"GB42RBOS83510000255105"|""|"20130525"|""|"St. George's School For Girls, Edinburgh"
89|"Course"|"GBP"|"Barclays Bank Plc"|"90225762"|"Barclays Business Banking, Sussex & Gatwick Team, PO Box 165, 90/92 High Street, Crawley, BX3 2BB"|"Burgess Hill School for Girls No 4 Account"|"BARCGB22"|"20-49-84"|"GB38 BARC 2049 8490 2257 62"|""|"20200512112806"|"AA00078"|"Burgess Hill School For Girls"
101|"Registration Fee"|"GBP"|"HSBC"|"80437581"|"HSBC, 60 Queen Victoria St, London, EC4N 4TR"|"CSFC Ltd"|"HBUKGB4B"|"40-11-60"|"GB79HBUK40116080437581"|""|"20180904102110"|"AA00078"|""
89|"Course"|"GBP"|"Barclays Bank Plc"|"90225762"|"Barclays Business Banking, Sussex & Gatwick Team, PO Box 165, 90/92 High Street, Crawley, BX3 2BB"|"Burgess Hill School for Girls"|"BARCGB22"|"20-49-84"|"GB02 BARC 2049 8490 2257 62"|"When making a direct payment, please quote the student’s name in the reference field. Please allow for bank charges when making your payment."|"20221105160737"|"AA00078"|"Burgess Hill School For Girls"
10|"Course"|"GBP"|"National Westminster Bank Plc"|"53541243"|"Castle Square, Brighton, BN1 1ES"|"Roedean School"|"NWBKGB2L"|"60-30-09"|"GB46NWBK60300953541243"|""|"20130525"|""|"Roedean School"
493|"Course"|"GBP"|"National Westminster Bank Plc"|"60837829"|"19 High Street, Heathfield, East Sussex TN21 8PL, UK"|"Mayfield School Limited"|"NWBKGB2L"|"60-10-30"|"GB30NWBK 60103060837829"|"Electronic bank transfer details"|"20201007110104"|"AA00078"|"Mayfield School Services Ltd"
208|"Course"|"GBP"|"Barclays Bank Plc"|"60426717"|"Holt Branch, 17 Market Place, Fakenham, Norfolk, NR2I 9BE"|"Gresham's School Fees Account"|"BARCGB22"|"20-30-81"|"GB33BARC20308160426717"|"Please ensure all transfers use the pupil's name as a reference"|"20140409100426"|"AA00044"|"Gresham's"
313|"Registration Fee"|"GBP"|"ce Bank of Scotland"|"00469605"|"St Andrew's Square, Edinburgh"|"Accounts Office, Merchiston Castle School"|"BOFSGB21012"|"80-11-00"|"GB92BOFS80110000469605"|""|"20201112122807"|"AA00078"|""
389|"Course"|"GBP"|"National Westminster Bank Plc"|"52707865"|"Market Place, Loughborough, LE11 3NZ"|"Ratcliffe College"|"NWBKGB2L"|"60-14-10"|"GB34NWBK60141052707865"|"20180427: If paying fees direct to the School's bank account, please put the pupil’s account number in the reference field on the paying-in slip."|"20190118222355"|""|"Ratcliffe Enterprises"
389|"Course"|"GBP"|"National Westminster Bank Plc"|"52707865"|"Market Place, Loughborough, LE11 3NZ"|"Ratcliffe College"|"NWBKGB2L"|"60-14-10"|"GB34NWBK60141052707865"|"20180427: If paying fees direct to the School's bank account, please put the pupil’s account number in the reference field on the paying-in slip."|"20230404114310"|"AA00078"|"Ratcliffe Enterprises"
398|"Course"|"GBP"|"Lloyds TSB Bank Plc"|"00234948"|"14 Castle Street, Cirencester, Gloucestershire GL7 1QJ"|""|"LOYDGB21102"|"30-92-06"|"GB84LOYD30920600234948"|""|"20130525"|""|"Rendcomb College"
611|"Course"|"GBP"|"Barclays Bank Plc"|"20800759"|"Oxford City Office, PO Box 333, 54 Cornmarket Street, Oxford, OX1 3HB"|"St Edward's School"|"BARCGB22"|"20-65-18"|"GB22BARC20651820800759"|""|"20130525"|""|"St. Edward's School"
50|"Course"|"GBP"|"HSBC"|"92732971"|"12 All Hallows, Bedford, MK40 1LJ"|"The Harpur Trust"|"HBUKGB4102H"|"40-10-02"|"GB97HBUK40100292732971"|""|"20200811113545"|"AA00078"|"Bedford School"
330|"Course"|"GBP"|"National Westminster Bank Plc"|"17604052"|"Chelmsford Branch, 4-5 High Street, Chelmsford, Essex, CM1 1FZ"|"New Hall School Trust"|"NWBKGB2L"|"60-05-13"|"GB88NWBK60051317604052"|"Please quote pupil name and Account Reference (found on the invoice Remittance Advice) on all transactions"|"20220401123831"|"AA00078"|"New Hall School Enterprises Ltd"
573|"Course"|"GBP"|"Allied Irish Bank"|"56000196"|"City Office, 9/10 Angel Court, London, EC2R 7AB"|"Wellington College Joint Account"|"AIBKGB2L"|"23-84-82"|"GB16AIBK23848256000196"|"Please quote the pupil name when making payment and allow for bank charges."|"20130525"|""|"Wellington College"
573|"Registration Fee"|"GBP"|"Barclays Bank"|"23163083"|"Leicester, Leicestershire, UNITED KINGDOM, LE87 2BB"|"The Wellington College"|"BARCGB22"|"20-97-74"|"GB 07 BARC 2097 7423 1630 83"|"This is the bank transfer account for the non-refundable Registration Fee.

Parents who live overseas do not have a UK Postal Code and can experience problems in making the payment by credit card.

Please quote student's name as reference."|"20210506180059"|"AA00078"|""
40|"Course"|"GBP"|"Barclays Bank Plc"|"70307807"|"8 Market Place, Kettering, Northants, NN16 0AX"|"Ashford School"|"BARCGB22"|"20-45-77"|"GB43BARC20457770307807"|"Please include the PUPIL NAME on the transfer reference"|"20150224112916"|"AA00044"|"Ashford School"
345|"Course"|"GBP"|"Barclays Bank Plc"|"10679259"|"Mortlock House, PO Box 885, Histon, CB4 9DE"|"Oundle School Fees in Suspense"|"BARCGB22"|"20-67-45"|"GB91BARC20674510679259"|"Please make sure you quote your child's name so that we know the payment is from you.

[20Sep14] Amended the address, which before was:  Po Box 422, 1 Church Street, Peterborough, PE1 1QR"|"20200919120023"|"AA00078"|"Oundle School"
17|"Course"|"GBP"|"Lloyds Bank PLC"|"39603560"|"27 High Street, Colchester, Essex, CO1 1DU"|"Colchester Royal Grammar School"|"LOYDGB21115"|"30-92-16"|"GB93 LOYD 3092 1639 6035 60"|"Please put down student's name as remarks and any bank charges are responsible by the remitter."|"20181223162352"|""|"Colchester Royal Grammar School_Jenny Johns_JJohns@crgs.co.uk"
17|"Course"|"GBP"|"Natwest"|"11645881"|"-"|"The Thinking Schools Academy Trust"|"-"|"60-17-36"|"-"|"Confirmed with CRGS, the bank account is now changed"|"20230816170738"|"AA00078"|""
130|"Course"|"GBP"|"Barclays Bank Plc"|"20157287"|"44-46 Castle Street, Shrewsbury, SY1 2BU"|"The Bell Concord Educational Trust Ltd"|"BARCGB 22"|"20-78-01"|"GB94BARC20780120157287"|"Please quote the name of student

20210825: Credit card payment method:
Payments can be made using the following link: http://concordcollegeuk.com/about-concord/general/general-payments/"|"20210825181736"|"AA00078"|"Concord College"
125|"Course"|"GBP"|"HSBC"|"92487918"|"62 George White Street, Cabot Circus Bristol, BS1 3BA"|"Clifton College"|"HBUKGB4B"|"40-14-13"|"GB06HBUK40141392487918"|"Please ensure that you clearly include the pupil's name in the transaction Reference field so that we can trace and indentify the transaction on receipt."|"20200824141553"|"AA00078"|"Clifton College"
611|"Course"|"GBP"|"Barclays Bank Plc"|"20800759"|"Oxford City Office, PO Box 333, 54 Cornmarket Street, Oxford, OX1 3HB"|"St Edward's School"|"BARCGB22"|"20-65-26"|"GB83BARC20652620800759"|""|"20230414111250"|"AA00078"|"St. Edward's School"
1|"Course"|"GBP"|"National Westminster Bank Plc"|"61580430"|"11 Market Place, Abingdon, Oxon, OX14 3HH"|"Abingdon School"|"NWBKGB2L"|"60-01-01"|"GB52NWBK60010161580430"|"Please allow GBP 15 as bank charges for TT"|"20160105154146"|"AA00038"|"Abingdon School"
4|"Registration Fee"|"GBP"|"Lloyds Bank Plc"|"00144365"|"49 High Street, Godalming, Surrey, GU7 1AT, UK"|"GBC Fees"|"LOYDGB21195"|"30-93-49"|"GB54 LOYD 3093 4900 1443 65"|"For bank transfer of reg fee and deposit. Please state clearly the child's surname for reference purposes"|"20210622172906"|"AA00078"|""
384|"Registration Fee"|"GBP"|"Natwest"|"61594857"|"-"|"Radley College"|"NWBKGB2106M"|"60-01-01"|"GB75NWBK60010161594857"|"20180220: This account is for electronic/BACS transfer"|"20180220150641"|"AA00078"|""
13|"Course"|"GBP"|"Lloyds Bank"|"00734106"|"12 Swan Street, Warwick, Warwickshire, CV34 4BJ"|"Warwick School Fees Account"|"LOYDGB21285"|"30-99-15"|"GB57 LOYD 3099 1500 7341 06"|"Please ensure the parents put the boys name on the transfer. Please allow GBP 20 as the bank charges in the UK."|"20181212094859"|"AA00078"|"Warwick School"
9|"Course"|"GBP"|"Barclays Bank Plc"|"60797049"|"1 Churchill Place, Canary Wharf, London, E14 5HP"|"Lancing College"|"BARCGB22"|"20-65-82"|"GB31BARC20658260797049"|""|"20151003105149"|"AA00038"|"Lancing College"
500|"Course"|"GBP"|"National Westminster Bank Plc"|"73326119"|"Winchester, Old Branch, 105 High Street, Winchester, Hampshire, SO23 9AW, England"|"St. Swithun's School (Winchester)"|"NWBKGB2L"|"55-81-26"|"GB72NWBK55812673326119"|"Please note: For all overseas applicants – all bank charges/fees levied on the transfer must be paid at source."|"20180410101908"|"AA00078"|"St. Swithun's School"
11|"Registration Fee"|"GBP"|"Barclays Bank Plc"|"10979880"|"Barclays Bank PLC, 44-46 Castle Street, Shrewsbury, SY1 2BU"|"Shrewsbury School"|"BARC GB22"|"20-78-01"|"GB91 BARC 2078 0110 9798 80"|"20210915: Please note we have recently changed our Bank Details to Barclays Bank.

Any registration fees recently transferred to us using our old Bank Details (Handlesbanken) will still come through, but we prefer for the new Registration Forms to be used from today."|"20221018122119"|"AA00078"|""
36|"Others"|"GBP"|"Lloyds TSB Bank Plc"|"01697259"|"99-101 South Road, Haywards Heath, West Sussex, R16 4ND"|"Ardingly College Ltd, Scholars Account"|"LOYDGB21173"|"30-18-30"|"GB03LOYD30183001697259"|"[6 Apr18] Please make cheques payable to Ardingly College Ltd. (NB. It is expected that payment by cheque will begin to be phased out by 2020 and replaced with bank transfer arrangements.)

When paying by bank transfer please quote the student’s name."|"20180406103327"|"AA00075"|"Ardingly Projects Ltd"
22|"Course"|"GBP"|"National Westminster Bank Plc"|"44547307"|"44 High Street, Oakham Rutland LE15 6NZ"|"Uppingham School General Fund"|"NWBKGB2L"|"01-06-34"|"GB98NWBK01063444547307"|"Please remember to include as much detail as possible in the narrative section to ensure that the correct pupil account is credited (for example: Account Ref: SMITH/7023).

Account Name: Uppingham School General Fund"|"20130727095523"|"AA00025"|"Uppingham School"
16|"Registration Fee"|"GBP"|"Barclays"|"33012697"|"-"|"Epsom College"|"BARCGB22"|"20-00-00"|"GB36 BARC 200000 33012697"|"Please ensure the applicant's name is quoted as the reference."|"20200915172710"|"AA00078"|""
611|"Course"|"GBP"|"Barclays Bank Plc"|"20800759"|"Oxford City Office, PO Box 333, 54 Cornmarket Street, Oxford, OX1 3HB"|"St Edward's School"|"BARCGB22"|"20-65-26"|"GB83BARC20652620800759"|""|"20230912141128"|"AA00078"|"St. Edward's School"
337|"Registration Fee"|"GBP"|"Barclays Bank"|"43608042"|"10 High Street, Oakham, LE15 6AN"|"Oakham School"|"BARCGB22"|"20-63-74"|"GB90BARC20637443608042"|"Please give your child's name as reference"|"20200626121539"|"AA00078"|""
337|"Course"|"GBP"|"National Westminster Bank Plc"|"44562985"|"44 High Street, Oakham Rutland LE15 6NZ"|"Oakham School General Fund"|"NWBKGB2L"|"01-06-34"|"GB03NWBK01063444562985"|""|"20131211105655"|"AA00025"|"Oakham School"
304|"Course"|"GBP"|"Lloyds TSB Bank Plc"|"00005122"|"48 Belle Vue Terrace, Malvern, Worcestershire, WR14 4QG"|"Malvern College"|"LOYDGB21139"|"30-95-41"|"GB98LOYD30954100005122"|""|"20221014173132"|"AA00078"|"Malvern College"
58|"Registration Fee"|"GBP"|"National Westminster Bank Plc"|"06607578"|"NatWest, 199 High Street, Berkhamsted HP4 1AW"|"Berkhamsted Schools Group"|"NWBKGB2L"|"60-02-21"|"GB64 NWBK 6002 2106 6075 78"|""|"20180220100419"|""|"Berkhamsted School, 6 Chesham Road, Berkhamsted, Hertfordshire HP4 3AA"
337|"Registration Fee"|"GBP"|"Barclays Bank"|"43608042"|"10 High Street, Oakham, LE15 6AN"|"Oakham School General Fund"|"BARCGB22"|"20-63-74"|"GB90BARC20637443608042"|"Please give your child's name as reference"|"20231219112402"|"AA00078"|""
465|"Course"|"GBP"|"Lloyds TSB Bank Plc"|"00653408"|"95-97 Regent Street, Gonville Place, Cambridge CB2 1BQ"|"St Mary's School, Cambridge"|"LOYDGB21035"|"30-13-55"|"GB03LOYD30135500653408"|"Please ensure the applicants name is quoted as the reference, so that we can match up the payment with the application"|"20190210151908"|""|"St Mary’s School Enterprises Ltd"
409|"Course"|"GBP"|"National Westminster Bank Plc"|"05008204"|"National Westminster Bank, Church St, Fleetwood, Lancs"|"The Corporation of Rossall School"|"NWBKGB2L"|"60-08-26"|"GB65NWBK60082605008204"|""|"20130810112728"|"AA00025"|"Rossall School"
125|"Course"|"GBP"|"HSBC"|"92487918"|"62 George White Street, Cabot Circus Bristol, BS1 3BA"|"Clifton College"|"HBUKGB4B"|"40-14-13"|"GB06HBUK40141392487918"|"Please ensure that you clearly include the pupil's name in the transaction Reference field so that we can trace and indentify the transaction on receipt."|"20230909184150"|"AA00078"|"Clifton College"
136|"Course"|"GBP"|"Lloyds TSB Bank Plc"|"03331173"|"38 Market Place, Devizes Wiltshire, SN10 1JD"|"Dauntsey's School"|"LOYDGB8721202"|"30-92-63"|"GB87LOYD30926303331173"|"Under ‘Reference’ please quote the parent account number on the bottom left corner of the invoice
(eg ABCD10). For international bank transfers, please ensure that all bank transfer charges are paid locally.

Could you please ensure that the transaction includes the name of the pupil concerned, this will enable the Accounts Department to identify the payment when it is received. Thank you."|"20140715130852"|"AA00044"|"Dauntsey's School"
313|"Registration Fee"|"GBP"|"ce Bank of Scotland"|"00469605"|"St Andrew's Square, Edinburgh"|"Accounts Office, Merchiston Castle School"|"BOFSGB21012"|"80-11-00"|"GB92BOFS80110000469605"|""|"20230203164441"|"AA00078"|""
1|"Course"|"GBP"|"National Westminster Bank Plc"|"61580430"|"11 Market Place, Abingdon, Oxon, OX14 3HH"|"Abingdon School"|"NWBKGB2L"|"60-01-01"|"GB52NWBK60010161580430"|"Please allow GBP 15 as bank charges for TT
All charges must be paid by the sender"|"20230919103203"|"AA00078"|"Abingdon School"
549|"Course"|"GBP"|"Lloyds Bank plc"|"34647068"|"University of Cambridge, 3 Sydney Street, CB2 3HG"|"The Stephen Perse Foundation"|"LOYD GB 21035"|"30-13-55"|"GB24LOYD30135534647068"|"Please use your CHILD’S NAME as the reference."|"20200707101613"|"AA00078"|""
611|"Course"|"GBP"|"Barclays Bank Plc"|"20800759"|"Oxford City Office, PO Box 333, 54 Cornmarket Street, Oxford, OX1 3HB"|"St Edward's School"|"BARCGB22"|"20-65-26"|"GB 83 BARC 2065 2620 8007 59"|""|"20231206180859"|"AA00078"|"St. Edward's School"
124|"Course"|"GBP"|"Lloyds TSB Bank Plc"|"00045001"|"Blandford Branch, Market Place, Blandford Forum, Dorset, DT11 7EE"|"Clayesmore School Ltd"|"LOYDGB21343"|"30-90-92"|"GB97LOYD30909200045001"|""|"20130525"|""|"Clayesmore School"
337|"Registration Fee"|"GBP"|"Barclays Bank"|"43608042"|"10 High Street, Oakham, LE15 6AN"|"Oakham School General Fund"|"BARCGB22"|"20-63-74"|"GB90BARC20637443608042"|"Please give your child's name as reference"|"20240116154547"|"AA00078"|""
130|"Course"|"GBP"|"Barclays Bank Plc"|"20157287"|"44-46 Castle Street, Shrewsbury, SY1 2BU"|"The Bell Concord Educational Trust Ltd"|"BARCGB 22"|"20-78-01"|"GB94BARC20780120157287"|"Please quote the name of student

20210825: Credit card payment method:
Payments can be made using the following link: http://concordcollegeuk.com/about-concord/general/general-payments/"|"20230905121219"|"AA00078"|"Concord College"
101|"Registration Fee"|"GBP"|"HSBC Bank plc"|"80437581"|"HSBC, 60 Queen Victoria St, London, EC4N 4TR"|"CSFC Ltd"|"HBUKGB4B"|"40-11-60"|"GB79HBUK40116080437581"|"Please put the invoice number as the reference"|"20221216121336"|"AA00078"|""
384|"Registration Fee"|"GBP"|"Natwest"|"49403362"|"-"|"Radley College"|"NWBKGB2L"|"60-01-01"|"GB67NWBK60010149403362"|"20231013: We changed the account details this year so that all admissions and entry fees are paid into the same account, hence the difference on your system.

20180220: This account is for electronic/BACS transfer"|"20231013110730"|"AA00078"|""
676|"Course"|"GBP"|"HSBC Plc"|"60020931"|"38-40 South Road, Haywards Heath, RH16 4LU"|"Newells School Trust Ltd"|"HBUK GB 4194 V"|"40-11-65"|"GB 13 HBUK 40 11 65 60020931"|""|"20210428170652"|"AA00078"|"Handcross Park School"
330|"Course"|"GBP"|"National Westminster Bank Plc"|"17604052"|"Chelmsford Branch, 4-5 High Street, Chelmsford, Essex, CM1 1FZ"|"New Hall School Trust"|"NWBKGB2L"|"60-05-13"|"GB88NWBK60051317604052"|"Please quote pupil name and Account Reference (found on the invoice Remittance Advice) on all transactions"|"20230607154358"|"AA00078"|"New Hall School Enterprises Ltd"
36|"Others"|"GBP"|"Lloyds TSB Bank Plc"|"01697259"|"99-101 South Road, Haywards Heath, West Sussex, R16 4ND"|"Ardingly College Ltd, Scholars Account"|"LOYDGB21173"|"30-18-30"|"GB03LOYD30183001697259"|"20231202: Please send a copy of your bank transaction to the Finance Department at fees@ardingly.com

[6 Apr18] Please make cheques payable to Ardingly College Ltd. (NB. It is expected that payment by cheque will begin to be phased out by 2020 and replaced with bank transfer arrangements.)

When paying by bank transfer please quote the student’s name."|"20231202162602"|"AA00078"|"Ardingly Projects Ltd"
36|"Others"|"GBP"|"Lloyds Bank Plc"|"01697259"|"99-101 South Road, Haywards Heath, West Sussex, R16 4ND"|"Ardingly College Current Account"|"LOYDGB21173"|"30-18-30"|"GB03LOYD30183001697259"|"20231202: Please send a copy of your bank transaction to the Finance Department at fees@ardingly.com

[6 Apr18] Please make cheques payable to Ardingly College Ltd. (NB. It is expected that payment by cheque will begin to be phased out by 2020 and replaced with bank transfer arrangements.)

When paying by bank transfer please quote the student’s name."|"20240719115726"|"AA00078"|"Ardingly Projects Ltd"
9|"Course"|"GBP"|"Barclays Bank Plc"|"60797049"|"1 Churchill Place, Canary Wharf, London, E14 5HP"|"Lancing College"|"BARCGB22"|"20-65-82"|"GB31BARC20658260797049"|"Please use your child's name as a reference"|"20231201142427"|"AA00078"|"Lancing College"
518|"Course"|"GBP"|"National Westminster Bank"|"80810047"|"PO Box 1357, 169 Victoria Street, London, SW1E 5BT, UK"|"United Westminster Schools (SVS Account)"|"NWBKGB2L"|"51 50 14"|"GB55 NWBK 515014 8081 0047"|""|"20220614105031"|"AA00078"|""
