"school_id"|"visitdate"|"lastupdate"|"staffid"|"remarks"|"schoolcontact"|"visitlog"|"result"
2|"20120601"|"20120601132504"|""|"First Visit without $"|""|""|""
634|"20150207"|"20150207131622"|""|"Visit to office:
updates:
will have 26 new ensuite single bedroom in Sep2017"|""|""|""
604|"20150130"|"20150130132404"|"AA00007"|"Visit to Office:
* 2015 is school's 140 years anniversary
* from Sep 2015, established ISC, set up Foundation for 6th Form, recruit boys for Foundation for 6th Form and 6th form.
* school is happy to recruit students with age of 17 years old joining ISC for Foundation for 6th Form. The school prefers them to stay and finish AL but can find another school. Students leaving the school at age 20 is acceptable for this school
* 25% int'l students from 12 countries, currently 5 G fr China, 4 G fr HK. school policy: no more than 8 students from same countries
* currently 200 pupils, max 300
* school arrange airport pickup using a good taxi company
* exeat weekend: can stay in school
* 6th form wear Navy Blue suits purchased from school outfitters
* happy to accept AA test but need to skype"|""|""|""
126|"20150306"|"20150306190947"|"AA00054"|"*Around 40% of the students are going to study in the U.K Boarding School in the coming Sept. 

*Core Subjects are 
       -Maths
       -Business Studies
(One subject for a 2 weeks course/Both subjects for a 4 weeks course)

*Elective Subjects are
        -Literature and Art
        -Psychology
        -General Science
        -Computing and IT 
(2 Subjects for 2 weeks course/4 Subjects for 4 weeks course)

*2-week course fees include Return airport transfer from LHR and BRS. (UM need additional charge GBP55 per student)

*3 Full-day excursions: London, Oxford, Salisbury and Stonehenge 

*2 Half-day excursions: Bath, Cardiff

*Clifton Prep offer free 1-2 taster weeks for ideally Age 11"|""|""|""
517|"20150526"|"20150527214752"|"AA00007"|"By B
- will offer 5 scholarships
- college video will be available and the link can be sent to the parents."|""|""|""
570|"20150602"|"20150602121153"|"AA00007"|"Visit to AA:

- 20-25 Asian at school including HK, Thai, China
-in 2 years sixth form, 2/3 do AL, 1/3 do IB (ie about 100 do AL, 50 do IB)
- in IB, students can do Chinese as First Language & English as second language
- from Sep2015, AL students will do 3 AL, EPQ available, not compulsory
- 1 year GCSE course: will take I/GCSE Eng, Math, 3 sciences, Hist or Geog and own language. The students will take lessons with current Y10 & Y11 students (ie mixing with the British)"|""|""|""
210|"20150518"|"20150521142447"|"AA00049"|"Guildford College
-	25 mins drive to London Heathrow
-	1 hour train to London Waterloo
-	Accommodation: Home stay only
-	Course offered: A-level, A-level plus English, Foundation Year, English Language, Summer English etc
-	Students from 42 nationalities 
-	Offer Agents portal for us to receive latest news, courses information, pictures of the colleges.
-	Living standard in Guildford is high, comparable to London"|""|""|""
69|"20150518"|"20150521142527"|"AA00049"|"The Bournemouth and Poole College
-	1 hour 30 mins to London Heathrow
-	1 hour 40 mins to Central London
-	Accommodation: Home stay, usually 30 mins walk or bus distance

Highlighted courses: University of London International Foundation Programme
-	1 year course
-	Must be 17 years old plus minimum IELTS 6.0 with no less than 5.5 in reading and writing. In addition, you must have no less than 85% grade from your final year of high school.
-	Fees £16,960
-	For Sep 2014 entry: total 12 students (4 students progress to UCL, including LSE)
-	For more details: http://www.thecollege.co.uk/international/courses/international-foundation.html"|""|""|""
18|"20150606"|"20150606185307"|""|"Meeting with Sherborne Girls: 

Application Procedure:
Y7,8,12: apply 1 year ahead.
Y9: apply 2 years ahead. 
Y10: check vacancy with school first, normally, school will not have places for Y10

Interviewing in HK:
School will come to HK in Oct/Nov to interview applicants and conduct music audition:
For Y9 (2 years ahead) : interview first, then school will encourage or not for registration, then file in reg form and fee, attend UKiset, then school will offer or not. If offered, it is a firm place. Student will take setting exam paper 1 year ahead.
For Y7, 8 ,10, 12 : UKiset is not compulsory. But helpful to have UKiset 
For Y7,8,12: interview, then school will encourage or not for registration, then file in reg form and fee and attend school entrance exam.
For Y10: pls check place first, if school can consider, arrange student to interview, then school will encourage or not for registration, then file in reg form and fee and attend school entrance exam.
Scholarship for Year 9: it is possible for school to commit swimming and music scholarship 2 years ahead. But for academic scholarship exam, it will take place in Jan before the entry in Sep. (see below for scholarship)
Any students interested to apply for music scholarship and want to attend audition when school is in HK in Oct/Nov. Students details have to be sent to the school by end of Sep. 


Scholarships:
Each student can apply 2 scholarships at the same time, cannot be more than 2. 
1.	Swimming scholarship (a type of sports scholarship): available for Y7,8,9,10,12. But Y10 will be harder to be awarded as scholarship is normally not available for Y10. If your Y10 student want to apply swimming scholarship, this student has to have national times (times: tbc). Head of school said, in the UK, there aren’t many academic schools with good swimming, SG is one of them. Each student will have 14-16 hours training per week.
2.	Organ scholarship (a type of music scholarship): available for Y7,8,9,10,12. But Y10 will be harder to be awarded as scholarship is normally not available for Y10. If you have a good pianist for Sep2015 entry, you can try, minimum G8+ for 6th form, G6+ for lower form. The scholarship will be ranging from 10-15%, if need more, can apply for bursary. The student will have 3 free music lessons per week with 2 instruments free. 
3.	Academic scholarship: available Y7,9,12. 

Reform of AL:
From Sep2015, sixth former will take 3 AL and EPQ, school will not arrange students to take AS exam at the end of first year. For students taking F.Math, they can do 4 AL. 

Head’s words:
Currently, 93% of students are boarders. Most of the pupils in the school are local British. She admitted that there aren’t many international students in her school now. In Sep 2015, there are only 2 HK girls joining Y9. The school is concerned that they should provide a global environment in the school but the school is very popular among UK market especially for Y9."|""|""|""
602|"20160122"|"20160125204546"|"AA00007"|"* 100 people attends academic course
* 80-85% Intl student
* staff: student ratio: 1: 3
* IELTS: 5.5 Al, 5.0 foundation, 4.5 GCSE (guideline only, no need students to actually take IELTS)
* as at today, 4-5 HK, 5-6 mainland
* dress code: black suits"|""|""|""
115|"20160212"|"20160212172606"|"AA00029"|"-Founded in 1541 by Henry VIII
-19% Oversea students in the whole school, HK Biggest group, followed by German.
-Majority of the boarders are Local British, most of the boarders are full boarders.
-School is strong in History, Maths, Art, Drama, Photography and Music.
-There are 5 senior boarding houses in the whole school. Junior boarding houses opened in 2014.
-Brecon is the nearest town which has cinema, cafe, shops and supermarkets.
-The school is three hours' drive from London Heathrow, school offers airport transfers for students to/from Heathrow only.
-Junior boarders share a room in 3, Senior boarders share in 2, boarders get a single room with a sink in final year.
-School has own guardianship arrangement and can recommend local host families for international students. Guardianship fee is around GBP350 per year.
-School fees including EAL lessons- students get 4x 35mins EAL lessons per week during first year. Students can always attend EAL lessons within school hours without extra charges.
-There are 24 Oxbridge placements in the last 10 years."|""|""|""
28|"20160218"|"20160218102019"|"AA00029"|"Location: Yorkshire Area West 	   					Board Age: 11-20
School type: Co-ed 	      							

School:
-	1779
-	2 hours to London
-	10 mins from train station
-	Minibus from airport
-	Hostel, nearby for family to stay while visiting
-	25% international in boarding school
-	New 6th Centre, library and sport hall
-	No more than 20 students in each class
-	No sat school but have enrichment
-	3-4 excursions 
-	Entrance exam : Eng & Math + skype interview even Sixth form
-	23 nationalities , 30-35 HK students
-	50+ activities  (Leadership day, field trips, dance, gymnastics, aerobics, silversmithing, drama, art, textiles, DT, IT, model railway club, cyber club, swing band, ensembles, choirs, orchestra, cookery)
-	EFL, Dyslexic Support, Autism Resource

Academic:
-	Students study 3 subjects in Sixth Form
-	Offers Scholarship ( Academic, Music, Drama, Sport, Art)
-	GCSE: English, Mathematics, Science, and four option subjects (Art and Design (Fine Art) ,Design and Technology (Resistant Materials), Drama and Theatre Arts , Food Preparation and Nutrition, Music, Physical Education)
-	Alevel: Psy, PE, Design & Technology, Drama & Theatre Studies, Economics, Business Studies
-	1 year IGCSE, IELTS
-	2 or 3years A level
-	International Centre (IC)
-	
Boarding:
-	2 boarding houses ( 1Girl and 1Boy)
-	Most boarders share a bedroom with one or two other students.
-	Resident staffs are available at all times and other staffs, including the Head and Deputy Head, live on site
Sport:
-	Strong Squash 
-	onsite table tennis Academy (top 10 in under 15; top 5 in under 14)
-	Major :football, hockey, netball, tennis, rounders, swimming and athletics
-	basketball, badminton, table tennis, volleyball, squash, fitness training and fencing"|""|""|""
511|"20160218"|"20160223105508"|"AA00054"|"Strathallan School
Est 1913
Co-ed
505 Pupils : 348 Boarders
153 Acres

	16% international student
	6 student from HK/China at the moment
	Saturday school – 1/2 day
	Aged 9-13 Junior House – shared dorm with 4 pupils
	Year 10 boys onward will have a single room
	Year 9 girls onward will have a single room
	CCF - Navy and Army
	3 Girl Houses 
	4 Boy Houses
	1 Junior House
	All teacher live onsite
	Buddy system


	Offers Scottish High and GCSE/Alevel
	EAL included in the fee 

	Each year the choir sings to the Queen
	Very strong in sports – Under 16 Champion in Boys Scottish Rugby League – Under 18 Girls Scottish Hockey league 

	New Dance and drama studio opened this year

	Sibling discount – 5-10%

	Own entrance test – happy to look at UKiset too. 
	Offers Scholarship in Art, Music, D.T, Sports, Carol and academi. No need to fly to UK for assessment.

	Small charge for airport pick up

	Partnership with Bishopstrow - For students who is not as strong in english."|""|""|""
146|"20160314"|"20160314170433"|"AA00029"|"Location: Dover, Kent	   								Board Age: 11-18
School type: Co-ed 	      						

School:
-	1871
-	Traditional School , old school, family school
-	Focus on polite, teaching people behavior 
-	420 – 440 students
-	Class size:
	GCSE: no more than 15 students
	AL: no more than 8 students
-	High leave teaching, close relation with teachers & students
-	25 % international, mostly from EU, few Asian, Russian 
-	Strong EAL, free of charge , new ISC Centre 
-	Skype interview with Headmaster
-	On top of 6-7hours per week for EAL
-	No exeat and sat school but busy
-	1 hours train to London, 1hours and 40 mins to Heathrow
-	Free shuttle bus airport pick up 
-	IDEALS:
	I = International, many day people and boarder join together
	D= Democracy, School counselor, student counselor 
	E= Education, give achieve in academic 
	A= Adventure, play sport, music, good choir and house music competition  
	L= Leadership, how to be a good leader, how to support each other
	S= Service, Service to each other, looking at each other
-	New art centre and multiple centre
-	Uniform purchase online
-	Scholarship offer
	Music: 10% deduction/free lesson
	Academic: Academic entrance paper
	Offer Scholarship for Y7/Y9/Y12, Also may consider Y10 application 
-	Over 50 activities are available during lunch breaks and after school.

Academic:
-	2015 ALevel: A*- A =36%
-	Alevel: 4 subjects for AS then focus 3 subjects 
-	Subjects Choice: BTecs in Sport and Physical Education, Health and Social Care as well as Travel and Tourism. ALevel subjects include Maths, Further Maths, Design Technology, Textiles, Chemistry, French, Spanish, Physics, Biology, Music, English, Economics, Art, Information Communication Technology, History, Geography, Geology and Drama
-	Leavers 2015: 90% of pupils go to the University of their Choice
-	University destinations: Imperial College, London School of Economics, Edinburgh, Bath, Exeter, Southampton, Royal Holloway, Royal College of Music

Boarding:
-	Vertical boarding house
-	All boarding houses are mixture of day and boarding students 
-	2 Boys and 2 girls’ boarding house 

Sport: 
-	main sports: Football, Hockey, Netball, Rounder, Tennis and crickets
-	Cross-country popular and successful and main sport
-	Aerobics, basketball, sailing with Dover Sailing club, Swimming at a local pool
-	Sport compulsory up to sixth from and most carry on after that"|""|""|""
652|"20160511"|"20160511135026"|"AA00029"|"Cambridge Tutors College
-	1958
-	Small - below 200 students 
-	Focusing academic, mainly A level, GCSE
-	London 15 mins by train
-	No need wear uniform 
-	More adult experience 
-	85% International ( Mostly Chinese) 
-	University Destination : Oxford, Cambridge, UCL, LSE, Imperial, Warwick, Bristol, Durham
-	Parent portal: weekly test result, attendance
-	34 countries 
-	Class size: 1:6
-	Personal tutor system , 1 on 1 
-	No Guardian
Academic:
-	A –Level course ( 18 months and 2 years) 
-	Pre sixth GCSE course
-	Pre sixth Foundation course
-	Three A-Level programme
-	Facilitating Subject ( Not including Econ )  
-	Free EAL 
Accommodation:
-	Homestay
-	Boarding house 
Sport
Football, basketball, badminton, table tennis and tennis.
Activity
Ice skating, tenpin bowling ,visits to the theatre, The Duke of Edinburgh’s Award, Debating, Physics Olympiad, Biology Olympiad,"|""|""|""
288|"20150430"|"20160414183237"|"AA00039"|"Consultant's visit: 

Campus Location:
The school is located in Berkshire. The nearest station is Ascot, less than an hour from London Waterloo. The school is about 15mins away from the station for a taxi. 

Campus:
The campus is around 30 acres. Teaching blocks are concentrated with each other. 
The reception is just next to the school gate.

Accommodation:
There are 4 boarding houses. Boarding is organised by age-group – small shared bedrooms for the younger girls, moving to twin rooms further up the school. The boarding environment of the lower form students is very nice. The rooms are very spacious.

Facilities:
The school contains a 25-metre indoor swimming pool, theatre with hi-tech lighting, a recording studio, sports facilities including 4 tennis courts, a gym and a rock climbing wall. There is an all-weather sports pitch at school.

Suitable For:
Average academic result students and those who need to build up self-confidence.

NOT Suitable For:
Academic student, high requirement for school activities and academic result

AA Comment:
This is a non-selective school. There are not many Chinese students at school.
The reception area is very bright and decent. However, the interior of the school is a bit old and refurbishment is required."|""|""|""
11|"20160503"|"20180322181013"|"AA00042"|"Consultant's visit by Flora 03052016
Campus Location
Shrewsbury School is situated in Shrophire, to the northwest of Birmingham. As there is no direct train service to this location, one has to change train in Birmingham in order to get there. The train journey takes about 2 hours 45 mins. To reach the toun centre, however a 10 mins walk is required from Shrewsbury train station, whereas a 15 mins ride by taxi is needed in order to get from Shrewsbury train station to the institute.

Campus

-150 acres, red bricked buildings, lots of greens

Accommodation
A total of 9 boarding houses and 2 day houses can be found within the school campus. I was taken on a tour to the “School House” right next to the main school. The boarding house system is described as a vertical one which implies that one can find all year groups boarders under the same roof.
The school house can accommodate a total of 84 boarders spreading over a building 5 storeys high.
	
For lower form boarders, they can share a room with a minimum of two and a maximum of 5 occupants. No desk can be found in the room however to ensure that studying activities are confined to the study room. In order words, the sleeping room sole purpose is only meant for resting. 
The 6th formers, nonetheless, are entitled to have the privileges of staying alone in single rooms of their own. They enjoy more privacy.

I was also shown to a place called” Emma Darwin Hall” which incidentally is a boarding house for girls. Everything there was nice, brand new and modern. Here, one can enjoy the convenience of having desks to work and above all, elevators for climbing staircases instead. 

Facilities

- The resourceful library is well-stocked with materials of all kinds of tranquil and cosy environment make one feels like reading at home. 
- The Economics and Science building is a newly completed classroom block which looks a bit more modern in comparison to the order surrounding building complex.
- Sport is highly valued here in Shrewsbury School. Football is the most popular sport pursued by the majority of the students who find it most enjoyable with the numerous up-dated facilities available. 
Rowing has become a big sport here at Shrewsbury School too. The rowing teams here as can be expected, quite sizable in nature.
Other sports like Rugby, netball, fencing, badminton, basketball, rickets, and hockey also constitute part of the regular school curriculum. 
There is also an indoor swimming pool and a gym to cater for the needs of those who care to shape –up their bodies.
-A new design and technology centre was opened in September 2016 within the school campus. The building is new and modern with plenty of pupils’ works. Good DT!
-In addition, a new academic hall has recently been put into service as well. (just opened in 2015)
-Standard of Art is really impressive. Exhibits of the pupils’ Art works are displayed for appreciation.
-The school chapel is well-decorated with tinted-glasses, which makes the whole place look solemn yet colourful. 
-Pupils have their meals at a central dining hall. (I had my lunch there, foods-wide range, taste ok…)
- School will provide coach service for international students with small fees from Heathrow to Shrewsbury School on the first day/last day of term. 

General
-	School can prepare students for “SAT”
-	If students want to apply for sport scholarship, need to fly to the UK to do fitness test+ test 2 sports
-	6th formers can choose their tutor by their own tutor by their own, good relationship between tutors and students ie they go cinema, students will go to tutor’s house to sleepover, they meet at least 3-4 times a week
-	Big subjects at Shrewsbury: Maths, Bio, Chem, Physics, Econ, Eng, History"|""|""|""
247|"20160616"|"20160616121734"|"AA00029"|"College was founded in 1968, and it has more than 20 years’ experience in taking oversea students.
It has around 1800 students in the whole school, around 100 are oversea students-30  are from HK and 40 are from China. The rest of the oversea students are from Russia, EU countries etc.
It is located in Scunthrope- 2 hrs’ train from London and around 2 hrs’ drive from Manchester airport.
Home stay only and accommodation arrangements are arranged by the College. 
Usually one student in household and all students have their own single room. 
Offers self-catering or half-board accommodation. 
The College is 40 mins away from Sheffield-nearest town.
It offers 2 years A Level course and will offer 1 year Foundation programme in 2017 (for international students only).
The school has more than 50 AL subjects offered for students and also offers 11 B-tech subjects too. 
There are two major streams for the foundation programme:
1.	Maths and Science stream
2.	Business and Finance stream.
The foundation is equivalent to 3 A Level subjects and the College does not have any restrictions in UK University applications (apart from Oxbridge which do not accept foundation results.) students apply uni via UCAS too.
The College is also able to help with oversea uni applications. They have a supporting team for uni applications. 
The College also offers mentors for international students and to support their studies.
The College ranked top 10 in UK in 2015 and there are 92 Sixth Form government colleges in UK.
Course fee: GBP9250 per year for AL course; for BC and EU passport holders- GBP3000 per year.
Foundation course: GBP12000 per year.
Accommodation: GBP115 per week (catered); GBP80 per week (self-catering.)
Tuition fees include several items, eg: airport pickups, college’s supports, IELTS preparation lessons-2 lessons per week etc.
College also offers OEA discount for HK families.
School counsellors and nurses are available during College hours. An 24 hrs emergency number students can contact any time if needed. 
No uniform required in the College.
The international students in the college achieved 70% A*-B in 2015."|""|""|""
575|"20161019"|"20161127165128"|"AA00007"|"550 students in senior
160 students in junior
51% Day 49% boarders
19.5% Intl students~25 nationalities"|""|""|""
257|"20150427"|"20160412115046"|"AA00039"|"Consultant's visit: 

Campus Location:
The school is 25 mins away from the nearest station – St Neots. The station is very small and there is a taxi station outside the train station. Regular service connects with St Neots and London King’s Cross station every day. It takes less than an hour to reach King’s Cross.

Campus:
The school is located in the village. The surroundings are residential areas.
The school will organise shuttle buses to send the boarders to Cambridge in weekends.

Accommodation:
There are 2 boarding houses which are located on the same street just opposite the school gate. Each boarding house has around 35 students. They are all share rooms from 2 to 4 persons. The rooms are quite spacious and they are clean and tidy. Bathrooms are newly refurbished. Students are allowed to go back to the boarding house for snacks during free time or lunch time. Relationships of the boarding housemasters and students are very close.

Facilities:
The school is about 190 acres, combined with modern and traditional buildings. 
The main school is located in the Kimbolton Castle where the headmaster office located. The castle was mostly used for teaching as well. Students who studies humanities subjects are having their lessons inside the castle. 

New science block is under construction and will be opened in September 2015. This includes 12 science laboratories and five new Maths classrooms (linking to three existing ones). It additionally houses a Digital Learning classroom, ICT server rooms, a greenhouse and technician areas. 
Teaching are not only limited inside the classrooms but also the big grassland in the main campus. Different groups of students are having their lessons during the visit.

Suitable For:
Students who are not afraid to talk to strangers and would like to be studying in a down to earth environment.

NOT Suitable For:
Students who are very shy. 

AA Comment:
It is very impressive with the interaction between local and overseas students. They are all very nice and chatting with each other during breaks and lunch time.
Lunches are served with hot food with many options. Students are very well-disciplined and very polite. The atmosphere of the school is very lively."|""|""|""
245|"20160628"|"20160628162155"|"AA00007"|"message from college: for Sep2016 entry, as at today, only 6 HK and 3 macau students"|""|""|""
549|"20150427"|"20160412123941"|"AA00039"|"Consultant's visit: 

Campus Location:
Stephen Perse Sixth Form College is located near the City of Cambridge. It is about 20mins walk from the Cambridge station. Unlike the Junior and Senior School, the Sixth Form College is allocated separately on the other side of the Cambridge University Botanic Garden.

Campus:
The school is near the residential areas and the sports ground of the school. Most students live in town. Some activities or language lessons may be arranged in the Senior School after school, school will provide regular shuttle buses to transfer the students.

Accommodation:
Students have to arrange home stay on their own

Facilities:
School facilities are all very modern. The school has also rent another building as a new teaching block–The Shaftesbury Building which is just opposite the school main building. Conference rooms and school library has also been set up in the new building. Students can have lunch at the canteen and will be asked to pay for meals as taken.

Suitable For:
Students with good academic result
Independent student with good spoken English

NOT Suitable For:
Students who are shy and relying on others

AA Comment:
The facilities of the school are very modern and the students are all very independent. Staffs and tutors are very friendly and always willing to help even after school, they are happy to stay behind and have private tutorial."|""|""|""
140|"20150429"|"20160414112152"|"AA00039"|"Consultant's visit:

Campus Location:
Dean Close School is located in Gloucestershire. The nearest train station is Cheltenham Spa which is around 5 mins taxi ride or 10 mins walk from the school. There are several direct trains each day from London Paddington Station and the journey is about 2hr long.

Campus:
The School is divided into pre-prep, preparatory and senior schools located on separate but adjacent sites outside Cheltenham town centre. Most of the school buildings are enclosed with each other while the Sports Center and the School Shop is on the other side of the school site.

Accommodation:
There are 3 girls’ and 3 boys’ boarding houses. They are organised in vertical system. Two of the boarding houses are for sixth formers only. I’ve visited one of the girls’ boarding house – Shelburne. It is a building with four floors. It is very close to the rugby pitch, near the exit of the school. The interior of the house is very modern and girlish style. There is a long corridor for each floor with around 20 rooms on each floor. Walls are painted in yellow, orange and pink colour for each room. Most of the girls are sharing in 4 beds in a room. The 4th form and 5th form girls will be sharing in triple or twin beds in a room. Upper sixth students can be arranged for a single room. The rooms are spacious and tidy. There is a lift inside the house. Suitcases can be kept inside the room. Another boys’ boarding - Brook Court House is located near the Music School of the school. It is a building with 2 floors only with traditional boarding house settings. Students are allowed to come back during break and lunch time. Relationships of students and the boarding housemaster are quite close. 

Facilities:
The facilities of the school are quite modern. The school especially focuses their resources on Drama and Art. There are 10 drama productions every year on average, from whole school musicals to pupil-produced plays. 

Suitable For:
Family who want good pastoral care with modern facilities of the school

Not Suitable For:
Family who look for school with traditional style and buildings


AA Comment:
The interior design and setting of the boarding house are very nice. The school is very concern about the pastoral care and guardian issue of students. In order to help the new students to settle down well, induction week will be arranged at the beginning for September."|""|""|""
7|"20180806"|"20180807103520"|"AA00061"|"201806 Visited by Battie:

A meeting with Headington School

Note from Helen Miller:

Interesting visit in the light of ongoing discussions re exclusivity but after our initial discussions, in a very noisy Sixth Form common room, the mood did lighten up.
-	Some more issues with regard to untidy uniform and they are also reviewing their policy.
-	Some very impressive facilities.
-	Planning for no exeats as from September 2019.
-	Exploring different options re guardianship.
-	Had a visit from Mark Taylor earlier in the year for advice re visas.
-	Currently have 7 applications for every place.
-	Incredibly competitive at Sixth form level.
-	Looking to provide better guidance for girls on whether to opt for A level or IB.
-	Lunch was taken in the school dining room and was quite good."|""|""|""
140|"20160427"|"20180531150238"|"AA00054"|"Consultant's Visit made on 27th April 2016 By Leon

Dean Close School

Campus Location
Dean Close School located in Cheltenham which is around 2-2.5 hours away from centre London. The school is very close to Cheltenham Spa train station, only 10 mins walk.

It is very close to town centre too, most students will talk to town during the weekend. It takes around 15-30 mins to walk to town.

Traffic is quite busy outside the school campus.

Campus
It is an enclose campus school. But there's one public road separate the school into two parts.

School ground has been taking care very well. I wouldn't say the campus is huge, I think it is rather small compare to most school in the U.K. Nursery, reception and junior school are location in the school campus too.

Buildings are close together and really easy to get to even the sports hall that is across the road. However Shelburne house, a girls' boarding house is located on the other end of the school campus and it could take up to 10 mins to walk to the school's main area.

Campus ground maintenance is excellent. . The school was founded in 1886.

Accommodation
Visited 2 boarding houses, one boys and one girls.

Tower  house, a boys' boarding house that is located in the main building. Nothing special, quite tidy. There's sky TV and Xbox in the common room which the boys can play on them after school. Each boys are assigned to a duty during the week, for example tidy up the common room. Around  4-6 people share one room. There's also a dry room in the house for boots and trainers. Housemaster seems very nice and students are welling to speak to him too.

Shelburne house a girl house, it takes around 7 mins from main school. It is across the road. The building is very modern and tidy. Most room are twin room and it is semi en-suite as the bath room shared by 2 rooms. Rooms'v view are fantastic, most of them are facing the school's main sport pitch. Each term girls need to change room and 6th formers need to do their own laundry. The house is separated into year group and each floor was painted in different colour. Junior must go to dining hall for foods but 6th formers can cook their own dinner or order take away but must need permission from matron or house mistress.

During the weekend students go to town centre. School also organise trips too, for example they love going to “Jumptastics” a trompoline park in gloucester.

Facilities
Theres an indoor swimming pool with diving board.
School farm to train students' responsibility.

Gym is a bit old fashion. Sports hall is alright.
Shooting range
Dance studio – open during the weekend too.
Got to say the library is very nice, plenty of study spaces. They have a 2nd floor and also a 6th form study room which is for 6th formers only.


General
I think the school is very family style and down to earn. I can feel the school's team spirit when walking through the school. Students seems more straight forward with well manners. Not many chinese and I think it is suitable for students who need more attention and would like to experience the British culture.    

Although the school doesn't has spectacular buildings.  I can feel the teachers have heart to teach and respect students a lot too.

I think drama, music and art is a big thing too at school."|""|""|""
313|"20180726"|"20180806162730"|"AA00061"|"201806 Visited by Battie:

•	Central Dining 
•	Y 9,10 boarding house dorm 4-6
•	20 max per class 
•	For science, 14-15 per class
•	Chem department, there is a room at the corner of the classrooms so that head of Chen can stay and hear teachers teach and help to improve the teaching if need 
•	New head: Jonathan Anderson
•	DT, robot engineering 
•	Spanish and Mandarin are popular 
•	Boarding house: horizontal, a bit small for Y9 & 10, there are housemaster, Assistant housemaster and they are residential, will introduce housemother 
•	Laidlaw: all ensuite, 6th 
•	House meeting, come back to house for break and lunch, 7-9pm work in room, Sat AM lesson, PM fixtures 
•	Laundry done in campus
•	Pringle House, when Full 25-30
•	5 residential L6 boys, tuck and WiFi are monitored, cook food at house, electric devices are collected at the end of the day
•	Exeat: cannot stay

Feedback from students, met 3 boys
•	Happy 
•	Sunday activity 
•	Social, 充實
•	Caring teachers, make sure students understood 
•	16/class
•	Y10: 8 share, bed, desk, cabinet, prep at bedroom for 2 hours
•	Apple classrooms 
•	All homework done in iPad
•	Parents to buy iPads 
•	Food need to improve 
•	Housemaster: 唔體諒
•	Not sufficient time for boarders
Eg
•	iPad has problems, has to report to housemaster, housemaster forgot to help, boarder
went direct to IT a few days later, remember they all have to use iPad to do homework 
•	Boarders hope he can be more caring
•	Saturday night, bulk went off, need wait till Monday to get repaired 
•	Haircut: did not mention need to book appointment one week in advance
•	Boarders want to check exam schedule, housemaster got into temper when boarders chased for answers 
•	Boarders’ comment: quite forgetful 
•	End of term: did not prepare pockets money 
•	This housemaster started in Sep2018 but good at organising activities

Note from Helen Miller:

Good to meet the Hunters for supper – again, lovely respect for Battie and so pleased we managed to meet up with them before they retire after 20 years at Merchiston.  Not fully retiring as “helping” with the opening of their new school in China which they did not seem overly enthusiastic about!  New Headmaster joining from Worksop College.

-	Dorms for up to 8 boys at junior level.
-	We both noticed that the Junior Housemistress carried on taking us to our next appointment when we all distinctly heard a loud bang which she did not investigate.
-	Great to see my ex pupil Danny who is Housemaster of the Sixth Form House and I am absolutely sure he would run a good house.
-	Bit concerned after Battie’s chat to her boys.
-	Did not feel hugely excited about the visit."|""|""|""
182|"20180721"|"20180806162759"|"AA00061"|"201806 Visited by Battie

From the head:
•	Best all round, full boarding 
•	All boarders are full, compulsory stay in weekends 
•	25% international, 1/2 expatriates 
•	37 nationalities
•	Many choristers join Fettes for Fettes choral tradition 
•	Full of energy 
•	40% IB
•	AL has more independent study time
•	There will be a Fettes China, owner of country club and Bright Scholars 
•	Engage the community as a whole 
•	Easy to access
•	Heart of culture 
•	University lecturer 
•	100 acres
•	Outdoor life
•	Scottish traditional bonding 
•	The school has the Harry Potter feel
•	90 people who plays pipe band, pipe music is strong 

Boarding 
•	8 houses
•	4 B 4 G
•	Vertical Y9-12
•	Y13 is in separate house , a new building 

School buildings 
•	Art
•	Language 
•	Math

•	10-15 students taking GCSE mandarin 
•	Also provide IB and AL mandarin for non natives, for native, early morning lesson 
•	Non native, Pre U mandarin 
•	IB language A and AL mandarin for native 
•	Chess, art, lots of activities 
•	MUN available after 5th form 
•	2 FT mandarin teachers 1 Assistant 
•	Music: concert every wed 
•	Dining hall: all meals in dining hall
•	PST team
•	Loving your mind
•	Tuesday, Thursday, Saturday: games day
•	Sunday evening chapel 
•	6th can go out on Saturday night 
•	Sat AM lessons
•	Students are encouraged to build confidence with different activities 
•	Student guide: no accent
•	4 million’s Westwood
•	Girl house newest 2012
•	Girls are back to house for break after breakfast 
•	55-60 per house 
•	Library in house 
•	3-4 share> 2 share>Y12, 2 shares or single > Y13 single ensuite
•	Matron will check room and make comments 
•	Each year group has its own lounge 
•	Boy: Moredun oldest house .. a bit smelly 
•	58
•	Y9: 9 shares 
•	Y10: 3 shares 
•	Y11: 2 shares
•	Y9-11: same floor 
•	L6: single and can do laundry themselves 
•	Day and boarders: same house
•	Residential matron
•	Tutor in house
•	House gym 
•	Friendly students 
•	Y9 : Prep downstairs, supervised by prefect
•	6th Form has own common room

Note from Helen Miller:

Undoubtedly impressive.   Has a much better reputation now – 20 years ago it was turned around and numbers started to rise again + major investment in recent years as boarding houses, in particular, badly needed refurbished.
-	Impressive girls boarding house and nice housemistress.
-	Boys boarding still needs upgrading and housemaster a little dull.
-	Got the sense that the Headmaster was a bit busy so only gave us a very specific amount of time – a good Head can be busy and still make you feel very important and welcome!  Rather condescending towards Battie which I did not really like and a little dismissive of other schools which is something a Head should never do.
-	Admissions and marketing staff very welcoming and genuinely pleased about the visit.
-	“Culture of Kindness”
-	Voted top Scottish school by the Inspectorate.
-	“Best all round school” in Scotland
-	Commitment to remain full boarding.
-	25% of boarders are overseas but half of them are expat.
-	37 nationalities.
-	In the heart of a cultural capital with the outdoors on the doorstep."|""|""|""
524|"20180802"|"20180806163246"|"AA00061"|"201806 Visited by Battie:

•	500 Senior
•	Food: awards of variety and using own/ local products 
•	Taunton cider: apple industry 
•	5 houses 
•	3B 2G
•	Visited Fair water house: boys 
•	Laundry done for students 
•	American style kitchen
•	Supervised prep from 6-8pm
•	6th Prep: in own room or library 
•	Each house has housemaster and Assistant housemaster and each student has a tutor, has cleaning ladies but no matron
•	Central medical centre 
•	60 boarders in Fairwater: 4,3,2 share
•	Other houses have 40 boarders 
•	Wearfield G houses 40 boarders ??
•	Vertical Y9-10: 4 share U6: single
•	No names on door
•	4 boys share a toilet 

Visited Woodyer Girls house
•	2 shares and U6 single

•	Good career guidance 
•	Guardians UK on campus 
•	Guvvy: Sixth form centre 
•	Leavers wall
•	4 x 3D printers 
•	DT strong 
•	Students produce electronic cars: rank 4th in the country 
•	Ikea: a student is given scholarship and provided university education 
•	Link to Formula One: open door to student
•	Psychology: 6th form 8/ class
•	70%AL 30%IB
•	IB getting more popular 
•	School has own drivers and van
•	Encourage each student try new things 
•	Drama, CCF_3, Duke of Edinburgh 
•	Day House
•	2 pools
•	Rowing is strong 
•	Climbing wall 
•	Indoor crickets and tennis 
•	Tuesday and Thursday PM: sports 
•	Sat AM lessons: finished at 12.35
•	No exeat 
•	Met Students: Andy and Fred U6 students 
•	Fred: recommended by cousin to join this school, when visited, impressed by head, European boy
•	Andy: mainland Chinese boy, did not visit school, his cousin visited, he joined school with his cousin 
•	School arranged to pair up with buddy normally an older student 
•	Students are never alone
•	Guardians do airport pick up 
•	50 nationalities 
•	Fred: 12 boarders in same year group, only 1 British 
•	22% international 
•	6th Higher percentage: 50% international 
•	250 Sixth formers: 50% boarders, most are Full boarders 
•	Over 200 senior boarders
•	Food: can take as much as you want, self serve 
•	School chef: all staff employed by school 
•	MUN
•	Sports: very active
•	Fred’s comment: 
•	Make good friends in house
•	Good house system 
•	Academically, finish syllabus in Feb/March
•	School arranged a concert for AA in chapel:
                Student performers:
•	Mainland Chinese: violin, Bach concerto
•	Singing
•	Clarinet


TSI
•	80 pupils, 55 Boys 32 Girls
•	70% will move into sixth form in main school 
•	Pupils are taught separately from main school 
•	1B 1G house
•	Girls wear long skirts
•	High teachers ratio
•	1:3
•	8-14, 14-16
•	14-16: 80 pupils 5-10% first language 
•	1-2 years GCSE: 60 pupils 
•	Qualified EFL teachers for each student 
•	Specialist teachers
•	TSI integrate with main students 

•	House system: horizontal 
•	100 clubs
•	House system: 
•	6 day and 6 boarding 
•	House singing
•	House competition 
•	Comment from TSI head: British students are lucky to have TSI international students 

•	Senior can walk to town
•	Good balance 
•	Yellis test at the beginning 
•	Monitor every 3 weeks then 1 month
•	Grades: Red>Amber>Green
•	Parents portal
•	Check efforts every 3 months 
•	Lunch time activities 
•	Mountain biking 
•	Student: school encourage to bring laptop
•	Homework can be done on laptop or write
•	Badminton and basketball are active
•	Art also
•	20 IGCSE offers
•	29 nationalities 
•	DT and Art not in TSI, other than that all subjects are taught in TSI
•	Girls house: 1,2,3 share, look new

Note from Helen Miller:

Impressive overnight stay at the Castle hotel which is a lovely hotel for visiting families and agents and it is only a five minute drive from the school – very good food too!  Warmest of welcomes from Nadine and Lisa who were waiting to greet us when we arrived.  All staff obviously thrilled that Battie was visiting and they hosted a very good formal lunch and presented gifts which was very nice.
-	Good Heads for both the School and the International School and they seemed to work very well together.
-	“Best of both worlds”.
-	One of the longest established International Schools.
-	Good integration between School and IS with, typically, about 30 moving over to the School’s Sixth Form each year.
-	Excellent Patron’s Programme which seems to have got off to a good start – plans for more funding in the future."|""|""|""
271|"20160707"|"20160707195312"|"AA00007"|"Consultant visit by Battie: 20160509

Campus Location:
By train: Normal route advised by school is to take train from London Paddington to Taunton then 1 hour drive to Bideford 
School does airport pick up from heathrow, about 4 hours drive.
The campus is located in rural area. 15 mins walk to a small area with sufficient supplies like bank, supermarket…

Campus:
Small campus, the white building is the main building, school buildings are close by, easy access to each other. 
Construction of Buildings are in different style, does not feel a consistency in designing as a whole.
Hilly campus, you could feel that you are walking up and down all the times

Accommodation:
2 boys boarding houses : Y7-10, Y11+, (B was not shown Boys houses)
1 girls house: traditional house with green in front, view from house is spacious and green, lower form students shared room, sixth form has single rooms. Spaces are just about sufficient, B felt there should be more spaces as the school is located in rural area.
B was told heat and water are sufficient

Food:
Comment from students: sufficient but no so tasty. 

Facilities:
Varies
Some labs are newish and look clean and tidy, some are worn out. Access to buildings are with keys.
Subjects classrooms mix in different buildings, 
Wifi: not strong, but school said  it will improve in 4 weeks time


School emphasize on its caring, individuality, alternative subjects like food tech, sports, where these subjects will score UCAS points to help students to get into university.

AA comment:
Students tour guide: Lucia li and Macro. 
They are praised by teachers as good students in school, Lucia said she did not only make friends with Asian, she has lots  of friends from other countries.
B spotted that most of Asian stick with each other
Lots of Asian
When B walked through the library, B heard some swear word from HK students (as the swear word is in Cantonese), this is B's first time hearing swear word in school visit. It seemed that they are not mixing with other students, B saw a British boy  trying to pick on an Asian boy in the library
Saw boy and girl sitting very close with each other in corners
The school is looking to survive, head is retiring. B thinks the school is finding it difficult to recruit students. Major competitor is West Buckland. 
Students seemed not as well mannered"|""|""|""
4|"20150428"|"20160414115115"|"AA00039"|"Consultant's visit:

Campus Location:
The nearest station of the school is Godalming. It is about less than an hour from London Waterloo.

Campus
The school occupies a large site in excess of 200 acres and located on the slope. The original neo-Gothic school building comprises the four ‘old houses’ and the eight ‘new houses’ . 

Accommodation:
Students are divided amongst the twelve boarding Houses. The original three – Saunderites, Verites and Gownboys (where scholar lives and entitled to wear gown), known as the Block Houses, together with one other, Girdlestoneites – are grouped at the centre of the School and are collectively known as the ‘Old’ Houses. 
Seven Houses – Lockites, Weekites, Hodgsonites, Daviesites, Bodeites, Pageites and Robinites are called the ‘New’ Houses.  
A sixth form House, Fletcherites, is opened in 2010. Fletcherites is a mixed boarding House for sixth formers only and all the First Year Specialists (Year 12) in this House are new to the School. The boys and girls have shared common rooms and other facilities, with separate residential accommodation.

The other eleven Houses have sixth form year groups of approximately two thirds boys and one third girls. The girls spend the working day as an integral part of their House and return to their Halls of Residence at the end of the evening
Students have their lunch and dinner at school in the central dining hall.

Facilities:
The sporting facilities are impressive and include: the Queen's Sports Centre; athletics track; three all weather Astro pitches; flood lit tennis courts; fives, racquets and squash courts; and The Halford Hewitt Golf Course. The Halford Hewitt Golf Course is a 9-hole, par 34 course occupying approximately 30 acres of the Charterhouse campus. The Queen's Sports Centre has an indoor swimming pool, multi-use sports hall, climbing wall and a well-equipped fitness gym. Art Center and Music block are very outstanding as well. Pupils regularly perform in ten minute recitals during quarter (the morning break), and there is a host of choirs and ensembles: Chapel Choir, Chamber Choir, Symphony Orchestra, String Orchestra, Jazz Band and Brass Ensemble and Concert Band. School Shop and School Library are huge. Students can visit the library anytime and opened till night time.

Suitable For:
Students who are looking for traditional school.
All-rounded and outgoing students with good academic result.
Wide interests and willing to commit and participate in different sports and music activities.

NOT Suitable For:
Shy students, only focus on work, not sociable

AA Comment:
A very busy school! Every student has their own schedule after school. Sports and music activities are everywhere in the school. School buildings are very traditional and historical while inside are very modern and well equipped. It's a bit messy for the boys' boardng rooms perhaps they are too busy for their work. The reception and main office are very busy as well, full of appointments with every potential families for school visit every hour."|""|""|""
196|"20150429"|"20160414155022"|"AA00039"|"Consultant's visit: 

Campus Location:
The nearest train station is Cheltenham Spa. There are several direct trains each day from London Paddington Station and the journey is about 2hr long. The College is 20 mins taxi ride from the station.

Campus:
Cheltenham Campus is mainly for Sixth Form students. There is a Cheltenham Fashion Academy, the commercial Food Central Cheltenham Restaurant and GC Gym at the site. A new library and the international student hub will be set up in Sep2015.

Courses available in Cheltenham include A Levels; Apprenticeships; Catering and Hospitality; Construction and Building Services; Counselling; ESOL, EFL and CELTA; Fashion; Independent Living; Early Years; IT and Computing; Languages; Sport; and Teacher Training.

Accommodation:
Students have to arrange homestay on their own

Facilities:
The school buildings are very modern. There is a tuck shop located on the second floor and a new school library, international support center and gym room located on the ground floor. There is a canteen located at the very end of the building. Students can have lunch at the canteen and will be asked to pay for meals as taken.


Suitable For:
Sixth form students or students from age 16-18 who would like to continue their studies for higher level.
Independent and mature students, students who want more freedom and personal time

NOT Suitable For:
Students look for boarding settings, need close monitoring

AA Comment:
The campus and facilities are very new and modern. Students are all very independent and mainly study foundation course and languages in the College. Students usually left school after lessons finishes. School offers membership for Gym room. Lunches serve with salad bar, hot dishes, desserts, vegetarian food etc for every staffs and students. The school also offers barbeque food outside the canteen."|""|""|""
16|"20150428"|"20160414155155"|"AA00039"|"Consultant's visit: 

Campus Location:
The school is 15 miles away from London. There is a regular train service from Victoria and Waterloo to Epsom. Epsom is located on the slopes of Epsom Downs in Surrey, which is 10 mins away from Epsom Station.

Campus:
The campus is around 85 acres. Teaching blocks are concentrated with each other while most of the boarding houses are allocated on the other side of the campus. The campus is very well-organised, grouping with different sectors and departments.

Accommodation:
There are 8 boarding houses including 5 boys’ boarding houses and 3 girls’ boarding houses. Boarding is organised by vertical system except the White House - Boarding house for sixth form girls. Most of the boys’ boarding houses are newly refurbished. Students are sharing in to twin rooms and then singles further up the school.  It is all very modern and pleasant, with plenty of shared common-room space and good bathrooms. Students are welcome to return to the boarding house anytime during day time.

Facilities:
The school buildings and grounds appear very traditional, but inside everything is up-to-date and very well-kept. Everything is smart and clean. Facilities are very nice including indoor swimming pool, gymnastic room, CCF training site etc. The School Shop is really big. Students can nearly purchase all essential things inside the shop.

Suitable For:
Students who are looking for school with many activities and like to do sports. They do different sports every term. The school do twice afternoon sports within a week.

NOT Suitable For:
Students who only interested in work.

AA Comment:
The campus and facilities are extremely nice and modern. The school offers a lot of sport activities in the afternoon. Students are very busy after lunch and you can feel the environment of the school is very energetic. The school has Saturday School in the morning and Chapel on Sunday. Lunches serve with salad bar, hot dishes, desserts, vegetarian food etc for every staff and student. A very decent school."|""|""|""
381|"20121207"|"20160422145841"|"AA00007"|"Consultant's visit (Natalie Webber): 

Campus Location:
The school’s postal address is Hatfield, but it is actually nearer to Potters Bar, from which a £5 taxi ride takes one to the school.  Potters Bar is about 35 miles from Heathrow, about 45 – 50 minutes by taxi.
Taxi from Heathrow, or Airport Express to Paddington, and on to Potters Bar by Underground and mainline train.  This public transport journey is a bit complicated and girls apparently always choose to share cars.

Campus:
This is a rural school, set in the countryside about 2 miles from Potters Bar, but local buses are frequent and the school appeared to have a whole fleet of  mini-buses constantly running in and out.

Accommodation:
Boarding is organised by age-group – small shared bedrooms for the younger girls, moving to twin rooms and then singles further up the school.  It is all very modern and pleasant, with plenty of shared common-room space and good bathrooms.  50% of the 400 girls are boarders and flexi-boarders are also provided for, a great improvement on many girls’ schools these days, where boarding is very very small

Facilities:
This is a school which is clearly well-supported by a Foundation Fund!   The buildings and grounds appear very traditional, but inside everything is up-to-date and very well-kept.  Language labs, science labs, new theatre – everything is smart and clean.  Computer facilities are everywhere, the library has a good balance of books/computers.

General:
Examinations:    The school offers only A levels at present.
Uniform:   	        A reasonably short uniform list.  Girls change into home clothes at the end of the school day and the uniform itself is realatively simple. Grey skirts and purple shirts and sweaters. Sixth Form girls wear their own clothes (smart jackets and skirts or trousers!)
Admission:           Via the school’s own entrance tests

Suitable For:
Reasonably academic girls – feeder schools in Hong Kong include St Mary’s Canossian, Marymount and Maryknoll.  The atmosphere is very warm and very tolerant, so most girls would thrive here.

NOT Suitable For:
Girls only interested in work.
Girls who are very, very shy.  The school is very buzzy and a desperately shy girl might feel overwhelmed at times.

AA Comment:
It is nearly 20 years since I last visited Queenswood and it has transformed itself in that time! It is now a modern, lively school with a population of girls who are very polite, but extremely outgoing and lively."|""|""|""
30021|"20160811"|"20160814184307"|"AA00007"|"there are 5 golf course 
golf scholarship is available
All students will take golf in PE lesson"|""|""|""
103|"20140307"|"20160907124033"|"AA00029"|"Location
Situated in Caterham, which is around 50 minutes’ train from London and costs around GBP7 for a single ticket. 
It takes 5 minutes’ taxi from the train station to the school. It is also a walkable distant-around 20 minutes. I took taxi from train station to the school and walked back to the train station after the school visit as the weather was very nice.

Campus
It is an enclosed campus with most of the buildings built close to each other-apart from the girls boarding house, girl boarders require to walk around 10 minutes from the main school and the boarding house is situated on a hillside. 
The buildings are a bit worn out, the best looking part in the whole school would be the reception.

Accommodation
There are only two boarding houses-one boy and one girl boarding house.
The boys boarding house is situated on the second floor of the main building. There is a stair case next to the reception to go up to the boys boarding.
I visited the Year9 and Year10 rooms only, around 3-4 boys sharing one room. Some beds are bunkbeds and most of the rooms are actually pretty spacious. 
Showers and bathrooms are quite clean.
Girls boarding house is situated on a hillside, you will go pass a sports hall while walking to the girls boarding house.
It is a house with 2 floors, quite cozy but rooms are generally quite small. Younger boarders share a room in 3-4, Sixth formers sharing a room in two, some get single room. The boarding house is quite tidy, the housemistress’s office is right next to the main door so that she knows who is entering the boarding house-quite safe.

Facilities
I would say the facilities are generally quite worn out, especially the DT, Music and Science blocks. Some of the wallpapers are coming off. It gave me a sad and depressing feeling while I was visiting these departments.
I did not have a chance to visit the sports hall, so cannot see the standard of the sporting equipment.
The Sixth Form centre is quite small and very crowed during break/lunch time, but students seemed Okay with it.

March 2014 by Peony"|""|""|""
471|"20160728"|"20160728191533"|"AA00007"|"Consultant's visit 20160516

St Andrew’s Prep is the feeder school of Eastbourne College

Campus Location
Eastbourne is 1.5 hours by train from London Victoria, St Andrew’s Prep is less than 10 min drive from Eastbourne Station.

Campus 
The school is adjacent to Eastbourne College which is located near town, surrounded by residential area, hotel and art centre. School located near seaside and the lovely pier and sea. The school is within 10 min walk to town centre.

Accommodation
1 boarding house only. some rooms, 4 share a room.
Some have bunk beds, some 2 share. Condition is good with sufficient spaces. 

Facilities
New sports hall in construction, after completion, there will be sports hall and dance studio. The tennis and netball courts will be re-fenced.

Academic:
No Sat AM school

AA comment:
B went to see the school around 5.30pm, all day pupils have gone, there are some boarders doing cooking. It seemed that there are many Asian boarders."|""|""|""
687|"20140307"|"20160907124114"|"AA00029"|"Whitgift School

Location
The school is situated in South Croydon. School suggests visitors to take trains from London to East Croydon as South Croydon is a small train station which does not operate many trains to/from London.
East Croydon train station is a much bigger and busier train station. It takes around 30 minutes to/from London, train fare is around GBP7 (single ticket).

Campus
The campus is situated next to the residential areas. Campus is quite big but some of the buildings are a bit far from the main school campus-eg the drama and music block.
The boarding house is very close to the main building. The campus is en-closed.

Accommodation
The school has one boarding house only and was opened in 2013.
The boarding house is in modern style and most of the boys share an en-suite room in two. Sixth Formers are able to have a single en-suite room. 
The major colour in the room is blue and there are school crests printed on the carpets too.
All showers offer powerful shower heads-Val said they are very comfortable, better than the one she has at home!
As there are not many boarders stay in the weekend, the boarding staffs usually arrange bbq during Sundays if weather is good. There is a garden right outside the boarding house.
The boarding house will launch a machine to register boarders with their fingerprints, should be ready in 2014, September. 

Facilities
The school has a standard Olympic standard indoor heated swimming pool for students to use in all seasons. The school also have kept some animals in a little farm-eg peacocks, flamingos, kangaroos etc for students to study them.
There is a bush maze right outside the drama block too. 
Facilities are excellent, the school is still planning to develop more buildings or may be a boarding house?

General
I enjoyed my visit at Whitgift School. I can feel that the teachers are really taking good care of their students. During break/lunch time, the teachers stay in their subject classrooms so that students can go in anytime when they have problems with their school works. However, there is one point to note:
I asked the Head boy who showed me around during the school visit whether Croydon is a safe town for our students to visit during weekends, he said that South Croydon is safe as it is a residential area, people are usually come from middle class. However, East Croydon is a developing commercial area which students should stay away from at night. He lives in Croydon himself and said that he heard several crimes happened at East Croydon during these years- we might need to ask students to stay away from East Croydon at night.

Suitable For
High achiever in academic

Not Suitable For
Students who are looking for full boarding experience.

March 2014 by Peony"|""|""|""
7|"20140307"|"20160907124200"|"AA00029"|"Headington School

Location
The school is situated in Oxford. Very close to Oxford Train Station-around 15-20 minutes’ drive from the school to the train station. Oxford is around 1 hour away from London via train. Train fare is GBP25 (single ticket).

Campus
It looks the same as what they show you on school’s website-a huge historical building. But when you go inside the school, the rest of the buildings are in modern style. Campus is enclosed and the buildings are built very close to each other.

Accommodation
I visited Davenport and Celia Marsh boarding houses.
Davenport gives you a cozy and home-like atmosphere. It is the boarding house for the Year9-11 girls. Most of the girls sharing in 3-4. The housemistress seems to be very caring and know her girls well.
Celia Marsh is the Sixth Form boarding house, most of the Sixth formers share a room in two and inly the Head girl, prefects are being given a single room. The twin room is very small, it fits two single beds, two desks and two wardrobes and no more room for students to store their belongings.

Facilities
Facilities are fine, the drama and music theatre is newly built. Sporting facilities are well kept and organized. The canteen is a bit small and students take turn to have lunch. Usually Sixth Form and Year11 girls eat the first round and then the rest have their lunch 30 minutes later. The food is nice but the HK girls seemed not very happy with the food. They only ate some veggies and small portion of meat and finished their meal in 15 minutes. I asked for their opinion in school food, they all replied “bad” and the bigger girls would go back to their house to cook noodles afterwards…

General
Before I visited Headington School, I would imagine its atmosphere would be quite posh, like a traditional girls boarding school. However, I saw many girls running around in the campus and shouting to each other. It seems that they are all very happy and the school rules are not that strict. 
I can also see that most of the Hong Kong girls are sticking with each other, not quite engaging with the British students.
Suitable For
Students who want to focus on Academic.

Not Suitable For
Students who want to have experience in learning the British Culture and to make friends with British students or to have a full boarding experience-most of the Local boarders would go back home during weekends. 


March 2014 by Peony"|""|""|""
472|"20160513"|"20160728205446"|"AA00007"|"Consultant's visit: Visited by Battie  20160513

Campus Location:
Train from  London Victoria to Polegates  is 1 hour journey, then 10 mins by car. 
Campus:
Visitor arrives at the gate of the campus, collect badge then walk to the main building, the walk is about 5 mins. Partially enclosed campus. No shops around. The school is located in rural area. 
Special Features:
Animal Management Centre: it is a department in school keeping all sorts of small animals, like reptiles, snakes…

Accommodation:
Boarding Houses: 3 boys 2 girls
2 boys houses and  2 girls houses are newly refurbished.
1 boys house is a bit old. 
Arrangement of house: Vertical
Only very few single rooms, sixth form also needed to share

Facilities:
Excellent sports facilities
Classrooms not so new
There are construction going on in the school

Academic:
No sat lessons
Good EAL support, teachers are very passionate about teaching EAL. They provide a good system of learning, there are different level of reading students are recommended to follow over the course. 
Head of Math is very passionate,  there are 7 Oxbridge in 2016. The school is confident that there will be 20 Oxbridge in 2017. Not only Asian does F.Math, many British and European does F.Math. 
For AL, school recommends 3 AL, F.Math is the 4th subject for bright students only, all sixth form will do EPQ
School has their own “Bede’s Diploma”  for sixth form to start in Sept 2016, (details not very solid at the moment)
Art is good, strong at ceramic 
Pastoral Care:
Individual attention is high, students  have lots of opportunity to explore themselves

AA comment:
B spotted that girls wear very short skirts.
Sixth form uniform seemed not consistent
B felt this is an uptrending school 

Suitable for:
Students are willing to work hard but not doing so well in HK system, need encouragement 
Students enjoy sports. 
Students whose academic result is average in HK but wish to be vet.

Not Suitable for: students wishing big name schools"|""|""|""
58|"20160520"|"20160728205550"|"AA00007"|"Consultant's visit by Battie: 20160520

Campus Location:
Train from London Euston to Berkhamsted  is under 30 mins, the school is located just 5 mins walk from the station.

Campus:
Town School 
The school is within 5 mins walk from the town, admission department where head’s office is located lies alongside the High Street. Further up to the back of the admissions office is the girl school and accommodation. The campus is blended with new and old buildings. 

Accommodation:

Most of the rooms have 2 beds, full boarder normally enjoy the room with a flexi or weekly boarder, there are many ensuite rooms available Rooms are spacious and clean. 

Facilities:
New Art department is very impressive

Central Dining

Academic:
No sat lessons

Pastoral Care:
Sixth formers have plenty of freedom, they can even quit meals and go to town for food.

AA comment:
Only work with AA in HK.  
AA student Matthew TAM studies art in Berkhamsted and will join Central St Martin in Sep 2016. 
The school works with Michael Couch. If we have students reside in China but apply through AAHK, the school still treats the students as AA students.
Weekends can be quite quiet, it is better for HK students to join in sixth form, if lower form, they may find it very boring. 

Suitable for:
Sixth form students who only want to achieve good result and don’t mind quiet weekends.

Not Suitable for:
students prefer school with huge campus and lots of activities and boarders"|""|""|""
159|"20160516"|"20160728210607"|"AA00007"|"Consultant's visit on 20160516 by B

Campus Location
Eastbourne is 1.5 hours by train from London Victoria, Eastbourne College is less than 10 min drive from Eastbourne Station. 

Campus 
The school is near town, surrounded by residential area, hotel and art centre. School located near seaside and the lovely pier and sea. Seaview is available from school buildings. The school is within 10 min walk to town centre.

Accommodation
2 Girls and 3 Boys : Vertical 
Y9 : double room
Y10: double or single
Y11+: single 

Facilities
a huge infrastructure called Project 150 is undergoing and will finish in Sep2017. After the project completed, there will be 32 state-of-the-art classrooms; a sports centre the equal of any in the region; a very large dining hall with function rooms and café; a three-storey pavilion; a foyer attached to the College theatre, a reception area, a new school shop and plentiful social and exhibition space.

There is a new music centre called Birley already in use, School rep said that Singing is strong at school. 

Academic:
Sat AM school

Student comments:
Good heating in school 
Food is sufficient. Can get second
Laundry done through 6th Form
Wifi all through, do not switch off

Activities
school is proud to have 350 pupils attending CCF.
50 pupils received gold awards for Duke of Edinburgh.
There is a Professional club  with 18 holes golf courts nearby which includes a 9 holes. 
3 tennis players in school reach national level

AA comment:
It feels like there are more white faces in school

Suitable for: students prefer living near town and city life, with not many Asian 
Not Suitable for: students aiming for huge campus and big name schools."|""|""|""
21|"20160513"|"20160729134343"|"AA00007"|"Consultant's visit 20160513 By Battie

Campus Location:
Brighton is 1 to 1.25 hours train from London Victoria. Brighton College is within 30 min walk to Brighton town centre. Taxi from Brighton train station to school is under 10 minutes

Campus:
6 acres
Feel like a college in an university town, main buildings are all historical buildings situated in a quad
Front of the campus are boarding houses and the Admission office and headmaster’s office.
Back of the campus are teaching block and fields.
the size of the school is small 

Facilities:
In general, facilities are newish
New music school is impressive. Recital room is best acoustic

Accommodation:
Boarding House System: Vertical
5 boarding houses:
2 girls: dorm in Y9, double or 3 to share from Y10,  single room in Y13
2 boys: dorm in Y9, double in Y10, Y11,12,13 will likely have single room

Academic:
No sat AM school 
Activities are compulsory on sat 

AA comment: 
HK students complained heat is not sufficient at night in winter. Go off at10pm. Cold in midnight. This situation even happened in new house which is only 3 years old
Activities are compulsory on sat, students don’t like it
Abraham house. Boiler so old. Needed to renew


Suitable for:
Students only aim for academic result, prefers near town and don’t like too much activities

Not suitable for:
Students aiming huge campus with plenty of activities in weekend"|""|""|""
373|"20160514"|"20160728210920"|""|"Consultants’ visit on 20160514

Campus Location:
School is located in Caversham, near Reading, drive from Heathrow is 45 mins
10 min drive to Reading station

Campus: 
35 acres, located near residential area, easy access to town centre. School fields are surrounded by school buildings.

Accommodation:

4 boarding houses:

2 Lowers boarding houses: max 3 people share a room
1 Lower sixth house – single or double, all ensuite
1 Upper sixth house – single or double, need to share bathroom and toilet 

Good conditions and spacious
Common rooms are spacious and there are plenty of desktop in the house.
Cosy and homely environment

Facilities:
Classrooms are spacious and well equipped with interactive white board, good conditions
6th form centre in construction, hopefully it will be ready in Sep2016.

Academic:
No Sat school
School has clinics for subjects, students are welcome to attend the clinics when teachers are around to help

Pastoral Care:
Students can go to town nearby or Reading, no need permission for it.
But if students want to go to London, school requires parents’ consent

Food: 
Central dining
Dining hall looks new and clean


B’s comment:
I visited the school on Saturday morning, nothing much going on.  School mainly wants me to have a meeting with them about recruiting students in HK.
B’s General feeling is that there are not many Asian in the school, the school head and staff are warm and friendly.

Suitable for: students seeking for warm and friendly environment, school which is easy access to London but in a safe environment. 
Not suitable for: students seeking for big name schools with active weekend programme."|""|""|""
2|"20160505"|"20180322181459"|"AA00042"|"Consultant's visit by Flora 05052016

Badminton School is located within a safe and residential area in Bristol. It takes around 1.5 hours from Heathrow, the school is 30 mins away from Bristol International Airport. There are a few shops within 5-8 mins walk from the school.

Badminton School has three age-based boarding houses

-The self-contained Sixth Form centre has study-bedrooms for all boarders, together with computer facilities and attractive recreation areas. 
-can accommodate 90 girls
-Upper sixth formers have their own study-bedroom with sink
-hv kitchen where they can get some social life
-Sixth form day girls have study rooms here and share the recreational facilities during the school day

-Sanderson House opened in 2008, it is a big housex2 house mistress, can accommodate 96 girls here is a modern boarding house designed for Y9-Y11 with excellent study and social facilities 
-Y9-Y10 Max 4 in a room
-Y11 2-3 share a room
-the furniture are brand new 
-hv elevator 

-Bartlett House 
A homely and cosy junior boarding house, can accommodate 30 girls, which situated right next to the main school for Y5-Y8 
-home from home atmosphere with rooms accommodating between 3-4 girls
-share room up to 6 students with the same year
-has its own common rooms equipped with games, DVD and Wii 
-no desks in the room

I see the boarding areas a secure, warm , clean and comfortable environment for girls. Computers and wireless access are available in all the houses enabling boarders to make contact with families and friends.

Badminton School offers good facilities to students. The size of the campus is not big but it gives a homely and vibrant feel. As I walk around the school, I see good relationships between girls as well as between girls and teachers. 
The quality if pastoral care is excellent, the staffs give individual support to students.
When I look into the classrooms, pupils’ attitude to learning are excellent. They were very focused in their individual tasks. 
I was told by a student that teachers at Badminton School have excellent subject knowledge. And teachers offer a great deal of help beyond the classroom. 

Facilities
-The school has an outstanding and creative sky-lighted Arts centre , a wide range of Art on display 
- Fully equipped Science centre and Music school with its own recording studio. Sport facilities include a 25m indoor swimming pool, 7 tennis courts and netball courts, and fitness suite.
-Gymnasium is marked out for volleyball and badminton. Can also be used for sports such as fencing, dance, basketball and yoga.
-An advantage of the school’s location in Bristol is that students also have easy access to other facilities for more specialist sport for example riding and climbing.
-School Hall. A beautiful hall which seats up to 250 people for performance space or dance hall.
-The music and drama departments provide the pupils with many opportunities for public performance
-There are many visitors and speakers come to the school to speak to pupils
-Dining hall offers a wide range of dishes and healthy options to students"|""|""|""
192|"20180726"|"20180806162926"|"AA00061"|"201806 Visited by Battie:

•	In a valley
•	Open campus
•	Retired valley (active, walking)
•	Ethos: participation, have a go, drama, music and sports
•	Everyone involved 
•	Respect and understand others, understand why they want to do
•	Everyone plays one team sports 
•	Sport day: everyone takes part
•	360 pupils seniors 80-90 junior
•	Strong CCF
•	New Gym and drama
•	Boarding House: Vertical
•	Girls 70 boarders 
•	Visited Style House
•	Can go back to house for break
•	Residential tutor 
•	While B visited the house, music is on, quite noisy 
•	Uniform shop in campus 
•	6th: suits
•	Y10& 11: 2 shares
•	Shampoo left in bathroom 
•	Y9: 4 share
•	L6 & U6: single

Per Vien (AA student)
•	There are 2 HK Girls and 5 HK boys
•	A lot of mainland 
•	Sat AM lessons 

Boy house: Parley House
•	A bit smelly 
•	Y9: 3 share
•	Head boy: ensuite 
•	Matron does amendment in 1/2 hour
•	Good bonding culture 
•	A bit old and messy 
•	50% boarders stay in weekends 
•	Pool: 20 metres
•	Pupils can join Settle United for football
•	Old gym now dance studio 
•	Art: residential artist
•	Art studio: music is on while B visited, quite relaxed 
•	Residential drama 
•	DT: very creative 
•	School is moving to iPad for lessons 
•	School teachers write GCSE drama curriculum 
•	Sarah Fox, opera singer is OG
•	school hope to: bring potential out from each child, all pupils participate in school, participation is key to school 
•	HK families: want more care
•	Creative: strong 
•	Astronomy: school has observatory 
•	Teacher gives pupil one to one help 
•	Theatre: local students can use, 250 seats
•	6th form centre: career guidance office 

Note from Helen Miller:

This was our first school visit south of the Border and the weather continued to be fantastic with lovely sunshine and warm temperatures.  I have known Giggleswick for over 30 years and have visited on a couple of occasions.
-	“Participation for All”.
-	All felt a little flat really and we seemed to be waiting around quite a lot.
-	A little disappointed with Head in that he did not seem to recall that I had spent quite a bit of time helping him with his marketing planning and it was only three years ago!
-	Distinct casual manner from students who even seemed a little unruly on a couple of occasions, namely in the Library area and outside when we were on our way to the boarding house.
-	Very good Art and Technology.
-	Impressive Sixth Form Centre and Theatre.
-	Strange decision by admissions staff not to engage re AA student who is clearly not happy at all at the school – Battie to investigate further.
-	Disappointing that they had made no provision for a packed lunch when they knew we were not able to stay for lunch."|""|""|""
342|"20180726"|"20180806163210"|"AA00061"|"201806 Visited by Battie:

•	High church

•	Mainland Chinese remain stable
•	HK students dropped 
•	Music tour to HK in 2017
•	A staff can speak Mandarin 
•	Reception in 2017 with head
•	Y12 and 9 Sep 2018 vacancy 
•	60% Full boarders 
•	Weekly and flexi coming in 2019
•	250 pupils 50% boarders 
•	Coed upto Y8
•	Y7&8 overlap senior and prep
•	Y7-13, separate boarding house
•	12 mainland 
•	3 HK
•	25% international, 14 nationalities 
•	Sat AM lessons till 12.20
•	6 Full days programme 
•	Sunday activities: outings
•	Weekly boarders return on Sunday 

USP:
•	Closely net community 
•	Size of school 
•	Everyone know each other by staff and students 
•	Class size small
•	Balance 
•	Creative

•	2014, 2015, 2016: AL , GCSE, Pre-U Art, Top in country 

•	EFL group includes ESOL, IGCSE, free group but 1 to 1 will charge
•	9 holes golf course in school 
•	100 acres
•	Art: in house artist was a teacher of St Bees
•	Rugby strong and big
•	Campus: calm
•	Classrooms are in good condition 
•	5 boarding houses, 4 senior 1 junior 
•	Day and boarder mix in house

•	Science: double and separate available 
•	GCSE Religious Studies, Catholic syllabus, all students do exam 
•	Shooting range in school 
•	Rowing is big
•	School have boat house
•	Have indoor real tennis court Royal family Prince Edward come to play
•	Central dining hall
•	Fingers print lock in house
•	5th and 6th - single + sink 
•	Roll call at morning, lunch and night
•	Y9+: do laundry themselves 
•	Houses are vertical
•	Single/ 2/4 share
•	Sports centre : open to public 
•	Students said good afternoon and smile
•	Pool: 4x25m
•	3 indoors squash courts
•	Gym: exercise classrooms 
•	6 tennis courts 
•	Enclosed campuses 
•	Head boy: from Y7, English dad, Chinese mum
•	Teachers live in school 
•	School finishes 6pm
•	Met some coloured boys at common room in boarding house 
•	FABER

Note from Helen Miller:

This very much had an “old school” feel.  Up to now have relied on traditional recruitment methods and have obviously not needed to “sell” themselves.  With numbers of 250, it would appear they are waking up to realise that they will need to sharpen up if they want to stay in the market.  They have a lot to learn and are way behind the competition in terms of strategies, particularly international strategies.

-	Nice setting with boarding accommodation close to the main school buildings.
-	“High” church feel – only really appropriate for Catholic families.
-	Good location – M4 corridor and only 45 minutes from Heathrow.
-	Quality Art Department with best results in the UK for the last three years – has to be a major selling point.
-	Host joint events with Queen Anne’s which is closest girls’ school.
-	Introducing weekly boarding option in 2019 for local boys but will only mean allowing them to go home on a Saturday night as they would have to return on the Sunday evening – committed to having Saturday school."|""|""|""
430|"20221124"|"20221126124241"|"AA00007"|"20221124: From Helen

Just thought I would send you a summary of my visit to Sedbergh School yesterday.  It is actually 10 years since I was last at the school and it was good to meet up with a few familiar faces.  David Milner, the Director of Marketing & Admissions , met me when I arrived and I then had a meeting with the Deputy Head, Dr Jenny Burns, who joined the school in 2021 from Durham School.  The Headmaster sent his best wishes and was sorry he wouldn’t see me but he was in London at a fundraising event.

Two Hong Kong pupils accompanied me on a tour of the school.  Fione and Isaac are both 14 years old and joined the school last year in Year 9.  Fione is a little quiet but a very nice girl and she particularly enjoys her Art and Design - told me she would probably stay for the Sixth Form and she seems happy and settled.  Isaac seemed a bit more ambitious and very confident – he said his mother is a Barrister and his father a Specialist Surgeon – he said he would probably go on to another more academic school for the Sixth Form which was interesting.  Fione’s three words to sum up the school were:  Family/Sporty/Tiring and Isaac’s were:  Family/Care/Sympathy.  Good to see that they both said Family and I do think this could partly be because the school has retained the house dining system – there are only five schools left with this system in the UK as it is much more expensive than having central feeding.  I do feel it does, however, create a family atmosphere when you have all your meals in your boarding house.

It was raining quite heavy during my tour and I did not see as much as I would have liked.  The sports facilities are very good and the Hurst Centre that was opened three years ago has a multi-functional sports hall that converts for formal occasions and has seating for 1,000 – it also houses a fitness centre and very nice hospitality facilities.  The next major development is a Design/Computing and Technology Centre which will be built for September 2025.  The main school building has been refurbished and there is a very nice entrance and reception area for visitors.  The general classroom areas that I visited remain very much the same.  I only visited the communal areas of one of the boys houses which has had some refurbishment but did not see any bedrooms.  I had lunch on one of the girls houses and the food was good – I did ask to see some of the girls bedrooms and they are fine but I did think they were particularly messy and untidy.  I have read the Inspection Report from February this year and the school meets all the necessary regulations but interestingly states that the boarding accommodation is “adequate”.  I did speak to David Milner about this when I met him for coffee before I left.  I told him that I had recommended the refurbishment of the boys houses 10 years ago – he said that work was very much ongoing but with such large properties that were constantly in use it was a long process.  I asked him to send me some images as I had not seen any of the rooms during my tour.

The school is doing well and the boarding houses are full – they have been granted an increase in their numbers for next year.  I really did not see any other pupils from China as I toured the school and Fione and Isaac are the only ones from Asia on their houses.  I feel that the main reason for this, especially for the market, is that Sedbergh is still not recognised as an academic school and pupils really do need to want to embrace sport and outdoor life as part of their education.  I did discuss this with David and he fully understands.  The positive is that at the weekends the school remains full and very busy – they have refused to go down the flexi/weekly boarding route and it does seem to have paid off.  Out of 550 pupils, they only have 20 day pupils and they are the children of staff and some local scholars from the State schools in the area.

Sedbergh would really like to be part of the next physical  AA event and they have built up a good reputation for their sport in HK.   I said I would pass on this message to you and they said they would be thrilled if they were invited.  For HK families with very bright, studious children Sedbergh is not an option.  If there are families, however, with children who enjoy their sport and the outdoors and are average academically then they would certainly be getting a British boarding school experience and plenty of fresh air!!  Interesting to note that Fione said her parents chose Sedbergh so she would have the opportunity to be much more active than she had been in HK and she would be more healthy.  Isaac also said that he thought he was a bit of a wimp before joining Sedbergh and he now felt more resilient after being so active!

In summary, Sedbergh is a very busy bustling school but I still maintain that it is best suited to students who have quite strong personalities and who enjoy being very active.  I think it is quite a hard environment and more gentle students might struggle with the rough and tumble.  The housemistress that I had lunch with was going wild water swimming in the afternoon (in November!!) with pupils – I rest my case!!!!!!!!"|""|""|""
384|"20160511"|"20160728211116"|"AA00007"|"Consultant's visit: Visited by Battie  20160511
 
Campus Location:
Radley Station is within 15 mins walking distance to Radley College. Train from London Paddington to Radley take 58 min but need to change at Didcot Parkway. Alternatively, direct train from London Paddington to Oxford then half hour taxi. Drive from Heathrow takes 1 hour. 
Radley is a village, nothing much to shop, nearby town is Abingdon

Campus:
Huge! Enclosed campus.
700 acres. Registrar told me that it is very easy to remember because the school has 700 students, so 700 acres for 700 students. But I found the web stated 800 acres.
Buildings are close to each other. Most of them are what we call the ""Red Bricks"" buildings. 

Special features:
Don : school staff (tutor, teacher...etc)
Cocoa : an evening gathering in each social, Cocoa takes place every night
Uniform: All students wear gown to school

Accommodation:
Boarding House is called ""Social"", 10 Socials, each is differentiated by colour. The boarding system is Vertical, Y9 live in cubicles. Y10+ has single room. 
Cocoa Room: a don on duty will be in Cocoa Room in each house with biscuits and snacks for Cocoa. Boys can come and go as they wish. Cocoa ends at 10.30pm when boys go to bed. 
Single room is equipped with bed, desk, wardrobe and the style is very much like ikea. 

Facilities:
Sports: 9 hole golf courses, indoor swimming pool, Gym.
Teaching block: there is a huge building block like Tulou (土樓)

Academic:
School provides Sat AM lessons 
From previous exam results, at AL, more people took Eng Lit, Geog, Govt & Politics, Hist then Bio, Chem, Phys. 

AA comment:
According to the Registrar, the school is not intending to recruit a lot of overseas students, it is likely that overseas students will be the only one in that year group from the country in the Social.
The school will look for high calibre, mainly scholarship applicants.

Suitable for: 
All round, good English, self-driven, confidence, willing to immerse in school life, will not feel uncomfortable with only white faces.

Not Suitable for: timid and shy boy with weak English and confidence"|""|""|""
475|"20160511"|"20160728211224"|"AA00007"|"Consultant's visit 20160511 by B

Campus Location: 
Train from London Paddington to Oxford is 1 hour. St Clare is located north of Oxford,  15 mins drive from Oxford town centre or train station. 

Campus:
The college buildings lie along a street, one would not say the college has a campus as such. The college is formed by 28 buildings on a posh area of Oxford. Most of the buildings are red bricks buildings with some modern ones.

Accommodation:
Students taking Pre IB are accommodated in new modern building blending with a heritage building
Room facilities are in excellent condition. The view from the rooms is just amazing.
The accommodation is located along the busy road but the rooms are facing inside where environment is peaceful and quiet. I can hear bird sings.

Facilities: 
The library looks newish.
Atmosphere
Very international, lots of mixed nationalities and they do mix!
Met 2 clever students in random. They aim for medicine. Their EPQ project is impressive. They are researching for natural cure. 

AA comment:
Met a mainland Chinese girl at library, she said she enjoyed the course and the life as there are more freedom. Fee is not cheap but well spent. 
If students are thinking of doing foundation, they will be much more benefit studying in St Clare as they will meet more students from different countries rather than lots of Asian.

Suitable for:
Students not looking for traditional school environment.  Don’t mind lots of overseas students, but the overseas are not mainly Asian. The good thing of going to St Clare is that students can get to know friends from lots of different countries.

Not Suitable for:
students aiming huge campus and more British in school"|""|""|""
577|"20160509"|"20160728211337"|"AA00007"|"Visited by Consultant Battie: 20160509

Campus Location:
Train from London Paddington station to Exeter then change at Exeter to Barnstaple. Drive from Barnstaple station to school take about less than 30 min. 

Campus: 

The school is located in rural area and it is an enclosed campus,  you do feel like being in the middle of no where. The enclosed campus is a combination of a mix of old and new buildings. New buildings are art building (including art, DT, drama), Sixth Form house and common room, Sport centre, Library. 
New buildings are very impressive, modern style with lots of spaces and high technology. Each building is easy access to each other. 

Accommodation
1 Lower G: 35-40
1 Lower B: 35-40
Sixth form : 2 wings (B 35 G 35)
Sixth Form: The Parker's, day sixth form are allowed in Parker's in day time, but only confined to the common area in ground floor. The are separate girls wing and boys wing

Facilities:
New buildings are impressive
Wifi all around, switch off at night. 

Food: 
According to the students, the food quantity is sufficient, students are allowed to take second or third but not tasty

Airport pick up: school assists with airport pickup

Suitable for:
students prefer quiet and peaceful place school where teachers are friendly and helpful. looking for good art departement. But the school's academic is good, they do not take anyone, they are getting more selective these few years. 

Not suitable for: students aiming for city life and near London

AA only: 

School arranged AA students meeting with B : 6 students, 2 sixth forms and 4 lowers, 2 G 4 B, general feeling:
Like the school
Feel teachers are helpful
Food : so so
Weekend activities a bit boring, most of them said they have settled well 
No bullying
No racial discrimination

General feeling of B: 
Most of the pupils are white faces, not many Asian faces. 
Tour guide were two white guy but not so sociable 
Students are well mannered and in one class all students stood up when we entered"|""|""|""
36|"20160519"|"20160729132617"|"AA00007"|"Consultant's visit: Visited by Battie 20160519

Campus Location:
Nearest train station is Hayward Heath, journey from London Victoria to Hayward Heath takes 42 mins. Drive from Hayward Heath to Ardingly College takes 10 mins. Hayward Heath is a small town with sufficient shops and restaurants to support the residents. 

Campus: 230 acres
A combination of traditional and modern buildings. Picturesque View from main buildings. 

Wifi available 
Prep School located in the same campus as the senior, Prep School students are in green uniform. 


Accommodation:
Boarding House System:

Vertical Y9 - Y12: stay in same house, 2 students share a room
2 Girls House (1 Day 1 boarding) 4 Boys House (1 Day,2 boarding, 1 day & flexi)
Upper Sixth Form House (Woodard) : newly furbished, new and spacious. Co-ed boarding  
No full boarders in prep school

Sports:
Football major



Academic:
no sat AM lessons

Visa:
must go through Mark Taylor, all parents are charged GBP500. 
AA cannot help with visa application

Feedback from students:
Boarding houses are warm in winter, Food is good, teachers are caring and able. There are subjects clinics which help students who have difficulty in their work. 

AA Only:
Registrar has comments about AA test, she felt it is too easy.
According to the head, there are 90 places each year for Y9 entry, 45 are reserved for Prep School students. 45 open to others. Each year, head will save 12 places for Y10 entry, this is school policy. Entry in L6 is very competitive. 
In senior school, students wears a light green tweed coat, B felt it is very classy.
The present head wishes to push academic to higher level, his aim is to become Brighton College....

Suitable For:
students prefer location not too far from London but in a safe town with good facilities

Not Suitable For:
poor academic students and shy"|""|""|""
110|"20140307"|"20160907124235"|"AA00029"|"Cheltenham College

Location
The school is around 2 hours’ train from London Paddington. There is a direct train from Paddington Station and it costs around GBP35 for the train ticket. The school is very close to Cheltenham station, only around 5 minutes’ drive. Sam told me that it takes around 15-20 minutes if you walk from the station to the school.

Campus
The school has two parts, Senior School and the Junior School and with one public road separates the two schools.
The senior school campus is huge with a big grass field. The campus is an en-closed campus. All the buildings are quite close to each other.

Accommodation
I visited the girl’s boarding house which was built in 2013. The main colour of the boarding house is blue and there are many Penguin soft toys in the boarding house as decoration. It gives the boarding house a marine style. Sixth Form girls have their own room with en-suite facilities. Students in lower forms share a room in two and sharing one toilet in four.
The boys in Year9-10 live in a big dormitory-around 8-10 students in one dormitory. Each boy has a bed, one wardrobe, one small desk and a drawer unite, with a curtain separating them in between.  
A small pantry with a toaster, microwave and a kettle is available right outside the boys’ dormitory in case they are hungry at night.

Facilities
Facilities are excellent and the science block is newly renovated. The laboratories are modern and very clean too.
I did not visit the sports hall but can see from the outside that the sporting equipment is very organized and welly kept.
Art facilities are excellent too, students produce high standard of art works and some of them are being displayed in the art corridor. 

General
I really enjoyed my visit at Cheltenham College, it is the best school I have visited so far. Students are well-mannered and they stood up when they saw a member of staffs coming into their common room-even after school’s hour.
Hong Kong students are integrated very well with local British students. I did not hear any Chinese/Cantonese being spoken in the school. They even communicated with each other in English. The school staffs know their students very well and they greeted each other when passing by in the campus.

Suitable For
For students who have high level of spoken English and enjoy extra-curricular activities. Willing to be an all-rounder. 


Not Suitable For
Quiet students who focus on academic achievements only.

AA Comment
An ideal British boarding school, I guess HK parents would like the school if they visit the school.


March 2014 by Peony"|""|""|""
373|"20160620"|"20160802145403"|"AA00007"|"20160620: School visit to AA

School:
-	1894 
-	Easy access to London, Reading and Oxford by train, within 30mins
-	Good caring and pastoral
-	No sat school but have activities programme on Sat (Apps Workshop, Silk Painting and felt making, cookery etc.)
-	Sixth form can go to town or London/Oxford/ Reading alone
-	Staff accompany students aged 11-16 when they need to go out  
-	Activities: Fitting centre, hiking, ball room dancing, ice-skating, skiing
-	Sunday activities: Harry Potter Tour, fashion show, Ice Skating, bowling, cinema, etc.
-	Wi-Fi access, but limited.
-	not many international students
-	Can arrange airport transfer, 25mins drive to Heathrow Airport T5
-	New – Sixth Form centre, entry Sept 2016.
-	New – Music Centre coming soon
-	EAL need extra charges  
-	NO SAT preparation for student
-	Sixth form enrichment ( public speaking, debating, joint event with boys)
-	Encourage students to attend PE and do sport
-	2 registration nurses at school and 1 assistant
-	Every girl has tutor
-	Class size, 1:12
-	Core values : Trust ,Respect, Honest, Tolerance, Compassion 
-	University Destination: Oxford, Bristol, Exeter, Durham

Academic:
-	GCSE: A* 28%, A*/A 63%, A*-C 97%
-	Offer 1 Year GCSE course
-	Alevel: A* 21%, A*-A 50%, A*-B 77%
-	A-level new subjects: Econ, Psy, Phil, government politic
-	Subjects will be changed. It depends on students’ demand
-	For Mandarin, school can offer 1:1 teaching in need, they have Mandarin teacher 

Boarding:
-	4 Boarding houses – Every boarding house has sitting room and common room 
(2 houses for 11-16; 1 house for lower sixth; 1 house for upper sixth)
-	Own laundry for sixth form students.

Sport:
-	Mainly- Lacrosse
-	Tennis, netball, fencing, polo, horse riding, rowing (2 clubs and just 15 mins),"|""|""|""
30021|"20160429"|"20180531144334"|"AA00054"|"Consultant's Visit made on 29th April 2016 By Leon

Rockport School

Campus Location
Rockport School is located in Holywood which is around 10 mins away from Belfast City Airport. There's also a train station near the school and it takes around 15 mins to town.

It is situated in a beautiful land near the seacoast.
Campus
It is an enclose campus school. The College was founded in 1906.

The school campus is beautiful, you can see the sea from most of the places around school.

Maintenance is excellent with lots of green areas. Junior school is also located within the campus.
Accommodation
They only have one boarding house. Girls in one wing and boys in the other wing.

A very family cosy style. Very clean and tidy. Boys get an xbox and ps4. Most of them share with 4-5 people. Some senior student has their own room.

Most of the room can see the sea.

Facilities
Sports hall  - nothing special. Old style.

Really nice pitches and a running/walking track.

Golf Academy 5 miles away from the school.

2 Dyslexia Specialist

Going to develop a new dining hall in the future.

A very nice chicken farm.   


General
I think the school is very family a like. Student have really good manner. They will say good morning when teacher walk in to the classroom. They will stop and speak to teacher and greet, sometime talk about life.  

It is definitely a very caring place, it is perfect for student who need extra attention. Only 4-6 Chinese at the moment. A good place to learn english and experience the Brit/Irish culture."|""|""|""
94|"20180401"|"20180401175010"|""|"Visit to Office: 08/Nov/2017

AL. Jan start 5 terms- start in Jan 2018
25 students do AL per yr, 10-12 eligible Oxbridge 4or5 to Oxbridge, 40% successful rate
more British, 40% int't 60% local
New House . Newly built, 30 beds
4 houses: 2 mixed 1 B, I G
£ 15000-19000
Max 8 class size
Boarding: 60% intl 40% British stay in weekends
GCSE 2yr
Leonard Scholars 8 students event, workshop, seminar by Camb U, learn from environment:8 students (50 % scholarship, eligible for 14 yrs old+), the course is creative & exciting, mixed nat, All aim to go to Camb ideally, 50% include accommodation fee First intake in Sep 20l8
School has 164 total, AL: 25, Gcse: 50, Pre-programme .1yr AL: 20+
Nat mix: 25 nat
China. l0-12 Niigeria : 10 Thai : 6 Malaysia.. 4
EU : 25 HK: 2
5 term AL: start Jan 2018 New Course"|""|""|""
110|"20160427"|"20180531150343"|"AA00054"|"Consultant's Visit made on 27th April 2016 By Leon

Cheltenham College

Campus Location
Cheltenham College located in Cheltenham which is around 2-2.5 hours away from centre London. The school is not far away from Cheltenham Spa train station, around 20 mins away by foot.

It is very close to town centre too, most students will talk to town during the weekend. It takes around 5-10 mins to walk to town.

Traffic is quite busy outside the school campus.

Campus
It is an enclose campus school. But there's one public road separate the school into two parts.

School ground has been taking care very well. Junior school is on the school campus too.

Buildings are close together. Neat and tidy school campus. School is full of recency building; King George IV Era style. Sports field maintenance is excellent. . The school was founded in 1841.

Accommodation
Visited a girl hous.

Westal house, a girls' boarding house that is located across the road from the main building. It is a very new boarding house which was built in 2013. Most of the room are en-suite. There's a store room for sports kit and trainers. Also a piano/mac room in the house.

Some rooms are share with 4 people which are for lower form. A very caring housemistress. CCF seems like a big thing in the school. Every was getting reeady for CCF during the visit. Compulsory for year 10 students.


Facilities
Career advise department

A very modern sports hall.

Shooting range.  

Dance and drama studio.

Dining hall is very nice. Lots of fruits for students to grab and go.

  


General
I think the school is busy all the time. Loads of activities, CCF – can choose from Army, Navy and Royal air force. The school is very organise, very support which lots of staffs on site. For example career advise dept, invite Cheltonian for lecture talk. Can organise LAMDA exam for drama students.

Definitely a very nice place to study in suitable for students who are little bit more independent and determine to get good result.

I think drama, music and art is a big thing too at school."|""|""|""
136|"20160429"|"20180322180936"|"AA00042"|"Consultant's visit by Flora 29042016
Campus Location
Dauntsey’s School is situated in the village of Wiltshire. 
Nearby station is Westbury (25 mins away from the school). There is a direct train from Westbury to London Paddington. It takes around 1.5 hours. 

Accommodation
There are 5 boarding houses and 7 day houses. 
Lower school houses- 3 day houses,1 boarding houses-Manor (off-campus)
Upper school houses-2 day houses and 2 boarding houses for Boys, 2 day houses and 2 boarding houses for Girls
Every pupil joins either a boarding or day house, which are co-educational in the Lower School (ages11-13) and single sex in the Upper school (ages 14-18). 

The Manor is co-educational house. The boys and girls accommodation is on separate floors. It is a fabulous Victorian mansion set in 65 acres of grounds and ancient woodland. The house can accommodate approx. 70 lower school boarders. It is a very caring and friendly “home from home” atmosphere. As well as a large array of indoor leisure facilities, outside there are tennis courts, a seven-hole golf course. Boarders will have many activities and competitions in the Manor grounds.
Boarders will have breakfast and supper here and then walk with a group of 3 or take mini bus to the school.

Fitzmaurice (Upper school boarding, Boys 14-18 years)
Fitzmaurice is one of the two boys’ upper school boarding house at Dauntsey’s. The house accommodates around 60 boys, with each sixth former having his own room. 
For lower form boarders, they shared a room with 2-4. 

Evans (Upper School boarding, Girls 14-18 years)
The house has 36 single room and 12 double rooms is of high quality. Sixth formers can have ensuite bedroom. The rooms are bright and spacious. For lower form boarders, they shared a room with 2-4. 

Each house is run by a housemaster or housemistress and a team of tutors who take a close and active interest in pupils’ academic and social development, as well as encouraging them to make the most of the activities on offer. A student team in each house organises a range of activities and event throughout the year. There’s always something going on, from outdoor movie nights, themed parties, high teas, trips to the theatre, bowling etc.
Boarders and day pupils are fully integrated. Day pupils also benefit from the many events and opportunities on offer beyond the school day to which they are always welcome. Boarders often make friends with local day pupils, and are able to invite them to stay at no cost, in their boarding house at the weekend. 

Facilities
-Sport plays an important role in the school and pupils are expected and encouraged to take an active part. Sporting opportunities are everywhere. Major sports include basketball, football, cricket, hockey, netball, rugby and tennis. 
Excellent sport facilities including 8 rugby/football pitches,2 hockey pitches, 7netball/tennis courts, a huge sport hall, heated swimming pool, 2 squash courts 

-Tuck shop. Pupils can buy snacks, drinks. Cyber Café is next door, pupils keen to catch up with friends here and test the latest and hottest in computer games!

-Dining. There are always choices of two hot courses, with a vegetarian option available. Daily Salad bar offers many options! Homemade soups, hot and cold dessert, fresh fruit, yogurt etc…

-Good Art department. There is the exhibition area in the central of the Art block which hosts a wide range of pupils and guest artist’s works. Art teacher is very supportive. I can see it’s a stimulating and encouraging environment to work in. 

-Music is equally strong at Dauntsey’s. Around 400 pupils taking lessons in 20 different instruments. Pupils are participating in many concerts, competitions and master classes. 

-6 to7 drama productions every year and a major dance showcase, there is plenty of opportunity offer to pupils studying at Dauntsey’s


General
School uniform is worn by all pupils from the first to the fifth form. Sixth form pupils can wear smart casual. They are not expected to wear school uniform but their dress and appearance should be in a style that would be appropriate in a formal business environment. 
-16 pupils in GCSE class
-Max. 12 pupils in AL class
- EAL is included"|""|""|""
58|"20160522"|"20180322180721"|"AA00042"|"Consultant's visit by Flora 
Campus Location
Berkhamsted School has an innovative “diamond” structure that combines both single sex and co-educational teaching. The children are taught separately from 11-16 at Berkhamsted Boys & Berkhamsted Girls, before coming back together again in a joint 6th form Berkhamsted Sixth. 
The school is just located 40 mins from central London by train. Students can take 5 mins walk from the school to the town centre.


Accommodation

Two boarding houses are located adjacent to the main school building. In order to get to these places, boarders are required to walk for approx. 5 -10 mins crossing a couple of traffic lanes on the way. 

Boys and Girls are accommodated in a separate house but very close to each other, only within 1-2 mins walk of each other.
-most of the students have ensuite rooms
-the rooms are well- furnished 
-the standard of accommodation is high, decoration is modern
-toilets are perfectly okay
-Lower 6th – shared rooms Upper 6th –Single room

-Since the boarding no. is small at Berkhamsted, the school has 9 day houses and every boarder belongs to 1 day house also

Facilities
-	A large 500 seats professional style theatre, well equipped facilities which host professional music and drama productions.
-	40 acres playing fields
-	Sport centre
-	25m heated swimming pool
-	2 Fitness rooms
-	Tennis courts
-	Nice classrooms and laboratories, all equipped with latest technologies 
-	There have been many developments in campus. A new block containing classrooms, a 300 seat dining room, DT classrooms including a new room for food technology. The new building also including a quiet working areas for 6th form and a small chapel
-	EFL is included in the fees
-	6th former- no uniform but navy dark suit
-	Offer 27 AL subjects ie. Photography, no food tech but sch has good facilities, students can join after school club
-	School second hand shop- second hand uniform can be purchased though the shop. All uniforms are still in good condition

General
I would say the quality of the boarding houses and general facilities are quite high and I have a feeling that 6th formers are quite prestige at the school as they actually can go everywhere/ blocks, only lower need to pay attention to B/G blocks
-Probably most suitable for 6th formers who tend to need less occupation at weekends. Students who speak good level of Eng.
-Not suitable for those who wanting a full boarding school."|""|""|""
197|"20160429"|"20180322180859"|"AA00042"|"Consultant's visit by Flora 29042016

Godolphin School is one of the oldest girls’s boarding school in the UK (the school is ard 300 year-old!) The school is located on a hill to the east of the city of Salisbury with a lovely view of the cathedral. It is a town school. It is about 1.5 hours from London to Salisbury by train and just a 5-10 mins walk from Salisbury town centre. 

Godolphin has one junior boarding house (7-12 years) and two senior boarding houses (13-16 years). 
-normally 4-6 girls share a big bedroom
Sixth form centre comprises 2 boarding houses with common rooms, kitchens and relaxation areas. Houses accommodate both Upper and lower Sixth boarders and also day girls. There is a range of single and double study bedrooms for the boarders and each day girl has her own individual work area in the Centre. The school ensures that all the girls are fully integrated.
Each sixth former belongs to the same small tutor group for both her lower and upper sixth year so that her tutor can get to know her well and can guide her in her academic work and oversee her progress.
-There is no central dining room- even day girls will allocate to a houses and everyone who belongs to the house eats all meals there (I was told by a 6th form HK student that the food at Godolphin is excellent, especially the breakfast! They have Green Monday as well)
-6th formers can choose to have single or share bedrooms
-all rooms are bright and bathrooms are clean
-boarding facilities provide a warm environment in which the girls can work, relax and socialise 
-all boarders benefit from an extensive programme of activates for everyday of the week and weekend

Facilities
The playing fields are on-site however the sport hall is off-campus. I haven’t visit the sport hall but was told that it is easily accessible. Girls can join regular yoga, fitness and relaxation session held in the Sixth form Centre. There are many sporting options available at Godolphin: netball, hockey cross-country, swimming, tennis, cricket, fencing, basketball, volleyball etc. 

The Sixth form centre included facilities such as IT suites, conference room, relaxation suites and a Sixth Form Centre Café which they serve Costa drinks. 
Art has a huge and impressive building bursting with stunning work.  
There are so many opportunities to lean different things and to be ready for whatever you want to do after school. 
All of the girls and staff at the school belong to one of three houses. These houses come together for competitive purposes in activities ranging from debating, drama to sport."|""|""|""
130|"20160503"|"20180322181039"|"AA00042"|"Consultant's visit by Flora 03052016
Campus Location
Concord College has 77 acres campus and set in safe and beautiful English countryside. It is an international co-educational boarding and day college providing education for 13-19 year-old students. 

Accommodation

Concord College has 17 boarding houses within its campus. Girls and boys have separate accommodation and most have individual rooms. Each of the residences is overseen by a house parent who takes responsibility for student welfare and the students quickly feel at home with their “extended family” 
-	Lower form –single room, share bathroom
-	6th form- Y12 single room, share bathroom, Y13 single room, ensuite

Facilities
- Laboratories (4 physics, 4 Bio, 4 Chem and 1 General Science)
-Two sport halls are open after school and in the evening 7 days/week
-There is a huge range of sporting activities available that included archery, badminton, basketball, netball, squash, water polo, football, weight training and horse riding etc.
-3 tennis courts
-Golf court on site
-Music- Individual instrumental lessons are available on most orchestral instruments. There are many weekly music clubs that students can join, together with a wide variety of opportunities to perform. There are also opportunities to join Shrewsbury Symphony Orchestra or Shropshire Youth Orchestra and perform with talented musicians from the local area. The College will also encourage talented students to enter for regional or national level music competitions.
-Flexibility – day students can arrive at Concord at 8am before breakfast and leave at 10pm after evening activities or alternatively attend lessons and leave at the end of the school day
-students are tested weekly on a SAT morning. This provides students with the chance to reinforce and affirm their learning every week and helps to ensure that the exam room “holds no fears” by the end of the year
-On arrival, all students are further tested 
-EAL is included in the fees (unless 1:1)
- Students can choose to stay in the College during half term and exeat however must leave the College during Xmas and Summer
-Library has ard 7000 books. It opens 7 days/week until 10pm. There has 60 computers, music library, DVD borrowing facility
-Internet is not permitted through the College network between 12 midnight to 6am to encourage students to sleep well each night 

General

-85% international students (15% mainland Chinese), 42 nationalities, 15% British
-50% boys 50% Girls (Slightly more)
- Strong in Maths & Science
-No uniform for anybody"|""|""|""
545|"20160504"|"20180322181232"|"AA00042"|"Consultant's visit by Flora 04052016

Campus Location

Covering a total area of over 350 acres, RMS is located within easy access from the heart of London City. It is well-connected by the tube system. To get there, one can get on a faster train which runs from Marylebone to Rickmansworth in 20 mins. The school is then a short walk of 10-15 mins from the train station.

Apart from its ease of accessibility, the historical school premises offer a unique landscape design and tranquil environment conducive to a perfect learning atmosphere. 

Campus

The layout of the campus is rather unique and beautifully design. The boarding house and the prep department are arranged in a perfect semi-circle. The two ends are linked up by the main building of classrooms, In fact, it is only here that one can expect to find the longest classroom corridor in the whole of Europe, rather unusual but impressive!

Green areas can be found almost everywhere around the campus. 

Chapel is impressive! Interestingly, one student whom I talked to told me that a number of teachers had actually held their wedding ceremonies in the school chapel!

Accommodation

The 5 boarding houses currently operating provided fully-furnished yet spacious bedrooms to all boarding pupils who desire a cosy living condition. 
Starting from Sept 2016 onwards, however, the 5 boarding houses will be re-organized into 3 categories instead. 
Pupils in Year9 and 10 will share a room with room-mates 2 to 3. Those in Year 11, with 1-2, whereas Year 12 pupils will have the advantage of staying in a single room on their own.
To make living less monotonous, however rooms swapping would be implemented at the end of each school-term. It should be emphasized that in order to cultivate their independency as well as more enjoyable, Year 13 pupils are entitled to have access to a bigger kitchen which enable them to prepare their own foods on their own, hence, they might choose not to have their meals at the dining hall. 


Facilities

A well-equipped sports centre is established which offers all-round gymnastic-trainings. In essence the institute has been renowned for its outstanding gymnastic team for decades. Other popular facilities found include bicycle-tracks, squash counts and an indoor swimming pool. In addition, for tennis enthusiasts, a total of 14 tennis courts is available. Last but not least, one other special feature is the presence of a modern dance studio. 
Instead of the commonly used long-tables, round ones have been used instead which make the setting seen more like a “high school musical”!
I enjoyed my lunch provided by the school canteen together with several other RMS pupils during the visit and they unanimously told me that they really liked the food served there!  


General

-Art & textile, history and Geo are popular in GCSE
-RMS offer 32 subjects at AL
-Geo is very popular in AL
-GCSE class size –max. 18
-20 HK/ 6 mainland Chinese"|""|""|""
322|"20160505"|"20180322181401"|"AA00042"|"Consultant's visit by Flora 05052016

Campus Location
Monkton Combe School is set in a beautiful countryside just a mile from Bath. The senior school lies in the heart of the village of Monkton Combe. There is a train service from London Paddington to Bath Spa. When arrive at the train station, one can take taxi to the school as it should take you about 10 mins. 
 

Accommodation
Monkton Combe School has 7 boarding houses: 4 boys’ and 2 girls’. 
I only saw one girls’ house.
Clarendon (Girls boarding house)
-can accommodate 60 girls
-warm and welcoming atmosphere
-rooms are spacious with sink 
-Y9/10 share room
-Y11 single room
-Y12 share room (will help them settle quickly into their first year away from home ) 
-Y13 single room
The accommodation is clean and well-furnished. Sufficient toilet and washing facilities are available. 
Boarders area bale to launder their own clothes if they choose.
Boarders are provided with lockable drawers for secure storage.
A wide range of clubs and activities is available in the evenings and at weekends.
My student expressed satisfaction with the balance between activity and free-time at weekends.


Facilities
Good facilities including sports centre, an outdoor swimming pool, rugby/cricket/hockey pitches, tennis court, well equipped gym…
Rowing is a big sport, there is a river and boat house situated not far away from the school. The school boat club completes at local events in Bath/Bristol, regionally in Cardiff and nationally (Olympics) as well. 
-New and modern music school, music classrooms have advanced facilities 
-Lovely and new Art & design department. Good art department, very impressive work being done 
-Classrooms are bright and clean, equipment are new and modern
- The school shop sells toiletry and stationary items, two local shops are within walking distance 



General
-Around 25 HK students, 5 in each year group
-15 nationalities
-have Sat morning school, every sat afternoon there is a fill programme of sporting activities which follow on after morning lesson, pupils are busy at the weekends!
-Buddies system (a pupil who will show them the ropes and support them in those first few weeks when everything is so unfamiliar )
-Offer a range of 27 subjects at AL
-5 oxbridge offer in 2015 

AA Comment
My student said she was well cared at Monkton Combe. She has opportunities to take positions of responsibility ie house prefect"|""|""|""
655|"20160506"|"20180322181614"|"AA00042"|"Consultant's visit by Flora 06052016

Campus:
Christ’s Hospital is based in Horsham, West Sussex. Train journey from London Victoria to Christ’s Hospital is less than an hour.
-CH is a campus school, everything is on-site, very attractive modern buildings, lot of greens, great sport fields, impressive!
-99% boarders, a very small minority of day pupils
-ard 11 % overseas 

Uniform:
Students wear a long overcoat, breeches (for boys), long pleated skirts (for girls) and yellow socks. The uniform is provided by the school and students need to return the uniform to the school when they leave.
-higher than 24degree can take off the jacket but not usual

Accommodation:
-18 boarding houses in total, there are 8 boarding houses for girls and 8 for boys, from the ages of 11-17 years
-approx 45-50 pupils live in each house
- 2 upper sixth boarding houses, approx. 75 pupils each house
-boarding houses are well organized, cleaned and maintained. 
-House events are an important aspect of boarding life. House-based activities take place every Wed evening and most Sat evenings
-Most of the pupils and teachers live on-site, teachers will come back to the school to meet with students


Facilities:
-The dining hall is spacious, Harry Potter style, I had lunch there, there was plenty of choice
-Modern sports centre, membership is available for nearby residents.
-Indoor swimming pool,21 grass pitches, 7 netball courts, 16 tennis courts, 12 cricket squares, fitness suite, dance studio…
-music school has facilities including 25 practice rooms, a fully equipped recording studio, music library, band room. Students can compose music using computer.
-art school
-The theatre – as a space for teaching drama and presenting school productions. The theatre can seat an audience of up to 500, the theatre offers many configurations to both performers and audience alike and can be used as a “thrust”, “end on” or “in the round” space. These variations of seating and auditorium layout allow the theatre to take on a different atmosphere depending on the demands of the show being presented. Nevertheless, CH has its own box office, productions are open to the public and tickets can be purchased online
-Library looks bright, new and nice
-Sat morning school is compulsory 
-Strong in Math, Eng, History, Science
-EFL is included in the fess for overseas"|""|""|""
472|"20160522"|"20180322181852"|"AA00042"|"Consultant's visit by Flora on 06052016

Campus

-set in 140 beautiful acres, located in the village 
-situated in a countryside
-not an enclosed campus, a carriage way run through the centre dividing the campus in two half 
-total pupils 750, over 300 of students boarding at 5 boarding houses (3 Boys & 2 Girls)


Accommodation

-each boarding house can accommodate 60-80 boarders
-all houses have common rooms and kitchen
-Boarding facilities are modernized and bedrooms are spacious and nice
-For lower form boarders, they can share a room with a max. of 5 occupants
-For 6th formers, they will have either double or single room
-Boarders will have house lunch once or twice a week in order to strengthen the relationships between boarders


Facilities


The school facilities included an indoor swimming pool, 12 sports fields, 5 tennis courts, squash courts, fitness studio, practice golf course, huge sport hall etc. 
-	There are 100+ different activities on offer “ Choice” is a big thing at Bede’s 
Strong Art department ,also offer photography, media, film studies, theatre studies as AL subjects
Media centre-use “Mac” computers

-	Dance- The Legat School aims are develop the creative learning of talented young people who aspire to have a career in the performance arts industry
Contemporary Dance and Ballet are the core dance styles at Legat 
Students can take AL dance in the 6th form and GCSE dance in fifth form
Students can continue with their RAD qualifications at Legat
Year Events: Performing Arts celebration, Legat Showcases, Legat Choreographic competition
Stage and backstage-professional

-	Dining hall looks modernized and nice
-	Sixth form centre is building


General
-	Maths is good and is popular in AL 
-	Football is the big sport at Bede’s 
-	Bede’s run minibus to Eastbourne/Brighton once a week, the journey takes ard 20-30mins
-	Boarders have Sat morning school. However, for day pupils, they can choose to attend sat sch or not
For boarders, Sat morning school is not compulsory, but students need to sign up to do something, ie can stay boarding house to do prep.

-	HK/ Chinese = 40 pupils Y12-ard 18 HK/Chinese

Bede’s offer Pre-6th course started from 2009.
Students live in the same boarding houses, take part in the same co-curricular activities and enjoy all of the same activities as every other pupils at Bedes but experience special, intensive lessons on core subjects : English Language, Math and Science 
Every pupil on the Bede’s 6th form programme takes 5 full GCSE subjects. The 5 core subjects are Art and Design, Econ, English language, Math, Science. During the rest of the school timetable, pupils are as far as possible to enabled to experience a number of other humanities subjects for which they are not formally assessed and do not receive GCSE certificates. The course available may vary from year to year ie. computing, DT, Geog, Home economics and Media studies. 


Suitable For
Outgoing and active students with medium academic standards
Students looking for a strong art or performing art department"|""|""|""
12|"20160426"|"20180531144133"|"AA00054"|"Consultant's Visit made on 26th April 2016 By Leon

Tonbridge School

Campus Location
Tonbridge School located in Tonbridge, Kent. Around 1-1.5 hours away from cental London.
It takes around 10 mins walk to local Tonbridge shops.  A busy road outside the school. School is very famous locally, in a safe area. School was founded in 1553.
The school is a member if the Eton Group.

Campus
Like all the other school with a very British traditional main building. It is an enclosed campus school. However some boarding houses are located outside the school.  The school is very posh and prestige with a astonish sports hall with an indoor swimming pool and athletes track.

I can tell by the rugby pitches and fields that the School has been taking care very well by the maintenance team.


Accommodation
Visited 1 boarding houses, School house. It is the oldest boarding house in the school.
Building is very old but inside it is very modern. Around 4-6 boys share one room. Some are twin and single room. However I think there're not enough showers in the house only one or two shower on each floor also the water is very weak.

Seems every one mixed in very well. Vey family style too. Novis students need to go up and down and ring the bell each morning for morning call.

There's a dry room for boots and sports gear.  Each students have a pigeon hole for letters and message card from school staff.

Wifi is available


Facilities
Climbing wall and swimming pool inside the sports centre. A very modern 5 courts multi sports hall. Olymipic standard athletics track. Australian olympic team hired the place for training in London 2012.

Library for some major subjects, especially science subjects.

The school has everything, it is kind of perfect to me.
-Digital Computing suite
-Photo studio
-Dark room
-Theatre

School shops has almost everything that you need in a school. Clothes, stationaries, poster... etc



General
I think Tonbridge School is a very upbeat school. Students seems smart, confident and well educated.  Everyone are very nice and supportive too, although they are a prestige school but it is definitely not snobbish at all.  I think it is suitable for all rounded students with excellent academic.  School staffs are very helpful and friend, willing to talk to me and explain to me what they were doing even they in the middle of their lesson."|""|""|""
22|"20180802"|"20180806163051"|"AA00061"|"201806 Visited by Battie:

•	Town School
•	House
                d Meadhurst, Uppingham’s first boarding house
•	Visited Farleigh
•	Guided by Marcus LAM (AA) from St Paul coed, acquire British accent, he admitted his friends also noticed
•	Y9&10: dorm 7x 2 beds
•	Y11: individual rooms 
•	Girls: skirts too short
•	Visited Constables Girls House
•	Breakfast and Tea: eat with same year group
•	Lunch: eat with mixed year group 
•	Aim to improve confidence for students to speak to different people with different age groups 
•	Y9: study and sleep separately, 2 share a study
•	Study Door will open during prep time
•	6th form take prep
•	Change rooms every 6 weeks
•	L6: single + sink
•	Y9: rooms 2,4,4 share 
•	20 mins walk to hockey pitch
•	Music schools : hear lots of music, music is strong 
•	Woodwind/ brass/drum & rock
•	Plenty of music practice rooms
•	Music scholars does Community service, play music 
•	Theatre share with state 
•	U6 are allowed 2 alcoholic drinks 
•	Sports centre: share with public
•	Swimming pool: 6x25 m lanes
•	3 indoors squash courts
•	Uniform: hot day: white shirt and grey trousers 
•	Helen comment: girls skirts too short, boys did not tuck in shirts 

Uppingham arranged a few AA students for a lunch meeting 
•	Ian, Henry, a VSA boy, 2 boys and 2 girls 
•	Good feedback from Ian and VSA boy
•	Nathan a bit odd

Note from Helen Miller:

This visit, I have to say, was a little disappointing for me but there is no denying that it is a top school.
-	Very warm welcome by Charlie Bostock and his staff who were obviously thrilled that Battie was visiting.
-	Ambitious Head with many plans for the future – went to China for discussions about opening one school and there would now appear to be three opening.
-	Some students looked very untidy and several girls’ skirts were unacceptably short in my view and some girls had several holes in their tights.  Interesting that the uniform is currently under review.
-	Boarding house refurbishment programme in place and it is needed in some areas.  Junior boys still in dorms of 10 which is now very rare.
-	In house catering undoubtedly creates a “family” atmosphere but some students do have a good 20 minute walk for every meal.
-	Some stunning facilities – Science and Art."|""|""|""
456|"20180726"|"20180726182115"|"AA00061"|"St. George's School For Girls, Edinburgh_School Visit_201806_Visited by Battie:

•	48 boarders 
•	1/2 international 
•	Head of Boarding was a HK student 
•	Student voice is valued
•	City boarding experience 
•	100 girls in weekends for matches
•	Rich culture life
•	MUN
•	Build up discussion interest
•	6th: academic lecture and exchange lectures 
•	oxsbor: big question 
•	Pick a question, for and against discussion 
•	Think beyond the box
•	Advanced Higher: a bit more broad than AL
•	Prepare SAT, but not an exam centre
•	Flexibility of subjects AH & H
•	Mandarin available 
•	Girls can choose any subjects 
•	No blocking system 
•	HPQ & EPQ
•	HPQ: 50 options, 60 hours 
•	CSE: 18 per class
•	Bio is popular 
•	Uniform: plain top (student’s choice) and school skirts, not consistent, 6th has nail polish, rings
•	No sat school 
•	Lots of sports: hockey, lacrosse, tennis, athletes, judo, marital arts, fencing 
•	12 tennis courts 
•	Art for P6
•	Music is huge
•	20 mins walk to Princes St
•	15 mins drive to airport 
•	b heard 2 putonghua students around the campus
•	Secured campus 
•	Not many Asian faces
•	Breakfast and meals at boarding house
•	Y11-13: can keep device
•	1-4 shares, all do own laundry 
•	2 houses
•	Prep at house: younger girls 6.30pm+
•	Older girls: Prep at room
•	HOME FOR GIRLS
•	U6: singles, 2 x double room 
•	No exeat
•	Half term in May can stay at school 
•	5 mins walk to houses 

Lower school:

•	10-13 years old ( P6, Remove Y7, L4 Y8) in P6: teachers teach most of the subjects: specialist teacher: science and art, a PE teacher and class teacher 
•	7+: secondary education: separate teachers, more classrooms 
•	Lunch at senior campus 
•	P6: French or Spanish, alternative 
•	Y7: continues the language 8 weeks , taste of mandarin, German, Spanish, French, Latin
•	Y8: pick 2 languages 
•	Can have native mandarin 
•	DT And computer 
•	Food technology 
•	3 P6 classes

Note from Helen Miller:

Felt the staff really did go the extra mile for our visit and could not have been more helpful, especially when we had to change our departure time and they had a taxi waiting to take us back to our hotel.
-	Head was Deputy at Wycombe Abbey.
-	Follow the English curriculum as well since 2013.
-	Small boarding – 48 at present and the Head of Boarding is a HK girl.
-	Participate in the MUN (Model United Nations).
-	Academic Lecture “Oxplore” – the big question.
-	Independent research work – scholarship awarded for final year.
-	Exposure to Mandarin at junior level and they can choose at GCSE level."|""|""|""
191|"20180721"|"20180806162638"|"AA00061"|"201806 Visited by Battie: 

•	1741
•	2300 pupils 
•	Hall: 1500 pupils
•	18 gpi outdoor education 2 work after exam
•	Close working with people together 
•	235 5th, 210 return for 6th
•	Well lit
•	20 years development programme in place
•	6th year common room
•	S6 scribly duty
•	Mandarin is big, 5 mandarin FT teachers, 2-3 Mandarin teachers teach in other schools including
•	state schools, mandarin is offered from 1st - 6th years 
•	Friendly staff, smile when met us
•	International flavour: Hamilton exchange programme and more Germany, Spain, Australia and Canada 
•	Fee is low
•	Ensure international experience 
•	Sport centre open in 2012
•	IB art is popular 
•	Game designing 
•	Graduate helps junior students, Art MA BA students 
•	Pipe Clarsach
•	200 seats recital theatre 
•	Aim 2415 in total in future 
•	Boarding house offsite in 2020

Note from Helen Miller:

Really like the Headmaster and his wife – made us very welcome and lovely respect for Battie.  Lots of plans for the future and major building programme starting summer 2018 – a 4 year plan.
-	Joining BSA in August 2018.
-	Working with Studylinks which is the most northern of the guardianship agencies.  Seem to like Angela Fan and her daughter Ailie.
-	Domestic boarders planned for 2019 and international possibly in 2010.
-	Mention of international scholarships and discounted places.
-	5 Mandarin teachers who also provide service to state schools."|""|""|""
316|"20160428"|"20180531144724"|"AA00054"|"Consultant's Visit made on 28th April 2016 By Leon

Mill Hill School

Campus Location
Mill Hill School located in Greater London which is around 8 miles to inner London. It is a lot easy if travel by tube then car as the traffic in London is really bad.  

It is situated in a quiet residential area in London.

Campus
It is an enclose campus school. The College was founded in 1804.

Mill Hill international is not in the main campus, it takes around 10 mins walk from the main school.

The school is not that massive. A very nice stoneground in front of the main building. Plenty of field for students to play football or mucking around.

Accommodation
Visited one boarding house.

Burton Bank house is a mixed house with vertical house system. For Year 9-10 around 4 student share one dorm and for year 11-13 student, they have their own room.  The house is a bit old seems like it need a little bit of renovation.

I heard that the TV room will be renovate this summer. Matron seems very nice. Table tennis and a pool table with plenty of sitting space.


Facilities
Sports hall facilities and swimming is really old.

Really nice rugby and football pitch.

Favell Building was built in 2007 with lots of modern classrooms

Science school in a big building.

Hockey and tennis court.

Studio theatre.
  
General
I think the school is very busy. People running around everywhere.   Students seems happy however Chinese students tend to stick together a lot.

I will definitely not recommend Mill Hill international to H.K students as it will never mixed in with the British."|""|""|""
313|"20160425"|"20180531144814"|"AA00054"|"Consultant's Visit made on 25th April 2016 By Leon

Merchiston Castle School

Campus Location
Merchiston Castle school located 15-20 mins away from Edinburgh town centre. There's a tesco ½ miles away from the school. Bus No.10 to town centre.
School is very famous locally, in a very safe and quiet area. School bought the “Colinton House” the main building and moved to current location in 1930. .  

Campus
A very quiet area with historical building on site, neat and tidy enclosed campus. I can tell the school has been taking care of the school ground very well. Junior school is located on the same campus only 3 mins walk from “Colinton House”. Loads of green spaces for student to use, these included rugby and football pitch.  Golf academy is 2 miles away. Nice boarding and learning area with adequate facilities to accommodate all students

Accommodation
Seen two boarding house, a junior house  and a senior house. Junior house is called “Pringle House” with Vertical house system. It is for aged 7-12 boys. A very family-like environment with loads of sun light. Seems very clean and tidy. Lots of cleaner who seems very friendly are doing their job during the visit. Around 8-10 students share 1 room. Matron will bake a cake for each student for their birthday.

I've also visited a senior school called “Charmers West” with horizon house system. It is for aged 15-15 boys”. Like to have a room in a room style therefore seems quite a lot of student to share one big dormitory. Each term they will change room and every two years they will change house. I don't many chinese on site. Around 10 of them in total that I have walked pass. Common room with huge spaces with many sitting areas, table tennis table.  

Wifi is available
Mobile is allowed, depends on their age but need to hand it in for lightout.  

Facilities
Tennis and Golf are very strong at Merchiston.

3 outdoor tennis courts with high quality floodlighting are located onsite.
The 18 holes Kings Acre Golf Course is 2 miles away from the school.

Music room and recording studio seems a bit old and simple.
Chapel is nice but nothing special. Typical chapal with an Organ.

Sportshall seems a bit old too.

Nice school farm with mainly chickens and turkeys. They are for biology classes.
Snakes and other inserts in the science laboratories.

General
I think Merchiston Castle school is a quiet school. Students seems smart, friendly and polite. Staffs and students are very down to earth, all seems well educated.  It is an academic school with some good facilities for their students and an encouraging studying environment. Merchiston Castle School has a strong link with St. George's school for girls. They produce drama performance and organize some activities together."|""|""|""
9|"20160426"|"20180531145629"|"AA00054"|"Consultant's Visit made on 26th April 2016 By Leon

Lancing College

Campus Location
Lancing College is located on a 500 acres British rural area. The school was built on the hill. You can see the impressive cathedral very far away.    It is nearly Lancing village.
It takes around 1.5-.2hours drive from central London. Lancing village is not close to the school, it takes around 1 hour walk to the shops.

School has their own private hill, a very safe and quiet area.

Campus
I've got to say that the cathedral really is amazing. It is a Gothic Revival style. However according to the school that the chapel is not finish building yet as the school doesn't has enough money to continue to build it.  It is an enclosed campus school with many greenfield surround the college. Buildings are very historical. Classrooms are not very modern too.

Campus ground maintain “ok” only front pitch and entrance is alright but some area seems a bit messy and muddy. The school was founded in 1848.

Accommodation
Visited 2 boarding houses, one boys and one girls. Most houses are located in the main building.
I love the boarding house style very much as it is very “Victorian Era” type of interior design. Wooden door and stairs. Not many students share one room even for Year 9 students. Around 2-3 students share a room.

Pool table and plenty of hanging out area. In both boys and girls' house.
Most rooms view are facing the main court of the college. Not exactly many but quite a lot Chinese in the school but seems like mixing with British students in the house.

Students get to use the study room in the house for prep time too.

Facilities
For boys major sports are Football, Hockey and Cricket.
For girls major sports are Hockey, Netball and Rounders.

Theres a 25M indoor swimming pool.
School farm to train students' responsibility.

Squash Court
Eton 5
School said they are planning to build a equestrian centre and should be done in 2017.
Art department is the newest building in school, it was built in 1999.
DT department was built in 1992.


General
I love Lancing school's building very much, Henry VI building style like Eton College.  Students seems very active and sporty.  Students seems very politeness when we meet in the boarding house. Willing to talk about their life and seems do have a good relationship with others and school staffs.   School is a bit old, not so modern but this is the type of school that I would say is not too commercial and a proper British Public school.

Art and D.T department is very nice, seems their Art is quite strong."|""|""|""
6|"20180430"|"20180531145729"|"AA00054"|"Consultant's Visit made on 30th April 2016 By Leon

Harrow School

Campus Location
Harrow School is located in Harrow on the Hill which is around 30 mins to inner London by tube. Harrow on the Hill station is about 1 mile away which take 10 mins to walk to.

There's a main busy street (High Street) through out the school. Harrow School's building surrounded this street.

Campus
Harrow School is a town school. The School was founded in 1243. Royal Charter was grated in 1572.

The school campus is spectacular. The campus is huge, covered half of the area of Harrow on the hill.  As the school expended massively during Victorian Era, you can see Red Brick buildings are everywhere

Maintenance is amazingly great, school ground is so neat and tidy.

Accommodation
Visited Moreton house house, a boarding house that is located on the high street.

This house looks like a normal residential house. The house isn't that big, there's a library and a pool table. The house is a bit old, most of the room are twin room.

There's also a shoe polish machine, I can tell that they take care of their appearance very well.

The housemaster, Mr Evans is very funny with a good sense of humour. He handled it really well when some parent asked him some questions in a really bad attitude.

Boys seems really confident and proud of themselves when showing us around the house. Really helpful too, keep asking us if there's anything we would like to know.
There's a nice green garden behind the house.


Facilities
Ryan Theatre – a very modern theatre

Own observatory with telescopes and cameras.

Climbing wall

Modern language building

2 Authorise school uniform shop and 1 School “The Hill Shop”

  



General
The school is definitely posh but I really don't they are snobbish at all. Most students are really polite. Staff are really friend and helpful.

I really like all the buildings in Harro. A wide range of history of the school, students are proud of the school, with many Harrow tradition.

It is suitable for students who are academic excellent but also with lot of interest as the school provides loads of societies. It will definitely give them a busy life."|""|""|""
182|"20160425"|"20180531145841"|"AA00054"|"Consultant's Visit made on 25th April 2016 By Leon

Fettes College

Campus Location
Fettes College  located 15-20 mins away from Edinburgh town centre. Local people pronounce it as “Fattys College”.
A busy road outside the school. School is very famous locally, in a safe area. School was founded in 1870.

Campus
An astonish historical building on site, neat and tidy enclosed campus. The main building is a french Loire Chateau style.  The school is very posh and very Harry Potter style alike inside the main building.

Junior school is located on the same campus only 3 mins walk from the main building. Loads of green spaces for student to use, these including rugby cricket and football pitch.  There's also a outdoor swimming pool.

Accommodation
Visited 3 boarding houses, a boys' house,a girls' house and a mixed 6th form house.

Visited Kimmerghame house. It is a boys' house. Around 6-14 year 9-10 students share a dormitory which is a lot to me. For senior students around 4-6 people share a room. Each student has their own study room which is located in a quite area in the boarding house.  Shower is very old but will refurbish this summer 2016.

College East a girls' house. It is located in the main building with a very tradition Hogwarts alike stairs to talk up to the house. Loads of sitting areas with nice sofas. Headmistress seems very caring and friendly. Willing to listen and answered my queries. Around 4-7 students share a room with shared bathroom.

For upper 6th students they will move to an upper sixth form mixed house “Craigleith House” most rooms are single on suite room. Students need to use their finger print to get into the building. It is very modern, est. in 2007. Pretty much like a university halls of resident style.

Wifi is available

Facilities
Climbing wall near sportshall.  

Outdoor tennis courts
9 holes Golf Course on site.

Music and art facilities is very modern. Lots of sun light in the building.

Chapel is nice but nothing special. Typical chapal with an Organ.



General
I think Fettes College is a busy school. Students seems smart and confident. House staffs and teachers are nice and supportive too.  However reception and admissions seems a bit snobbish and full of themselves.  It is an academic school with some good facilities for their students and an encouraging studying environment. The school is very posh, suitable for students who would like to mixed in with the upperclass people.  Well mannered student but a bit over reacted when greeting each others."|""|""|""
300|"20180726"|"20180806162825"|"AA00061"|"201806 Visited by Battie:

•	13 German plays golf 
•	55 pupils in golf academy, some may try College golf in US
•	Y8-13: 400
•	Y1-7: junior 180
•	Y7+ boarding 
•	Y7: 1 or 2 boarders only (Full boarders)
•	95% Full boarders are 6th form 
•	50% stay in weekends (full or 3 days flexi)
•	Sat AM lessons 
•	Golfers are members of 3 clubs locally 
•	Day finished at 4pm
•	Activities finished at 7pm
•	6 houses 3B 3G
•	2 6th houses for each gender
•	1 junior house 
•	BIG family 
•	SMALL school
•	BIG ambitions 
•	Chapel can cater all students 
•	Steinway school with 12 pianos 
•	Uniform: no tie
•	6th form G wear same uniform but different blazer
•	Junior house: Y8-11 44
•	Prep : phone not allowed 
•	3 floors with lift
•	3-4 share 
•	F5 single
•	Double: 3/4/5 form
•	L6 have duty for kitchen
•	Food is good
•	New gym near G house 
•	Golf Academy and G house outside the campus 
•	Golf is available for P1 to 6th
•	The only indoor golf academy in Europe 
•	4 PGA professional coaches 
•	Teach 260 students per week 
•	Dance studio: lots of dance activities and shows 
•	Choir Singing in chapel every week
•	Music is compulsory in third and fourth form
•	Recording studio
•	Concert hall
•	Music competition, other schools use theatre 
•	School house. Day house connect through tunnel

Note from Helen Miller:

A bit of a little gem really – a Pandora’s box!  We were welcomed very warmly and it was much more than I expected.  A collection of many individual buildings, all painted a mustard colour, revealed some impressive facilities.  

-	Very nice Head and his wife who served tea in their house – homemade biscuits!
-	55 students in the Golf Academy – 10 are girls.
-	Most sophisticated golf technology studio in Europe which is attracting a good mix of nationalities.
-	4 full-time PGA golf professionals.
-	260 pupils receive golf tuition each week.
-	Good boarding facilities and personable housemistress who had worked in the UAE and returned to the UK.
-	12 Steinways.
-	“Small school – big ambitions”."|""|""|""
154|"20160428"|"20180531150038"|"AA00054"|"Consultant's Visit made on 28th April 2016 By Leon

Dulwich College

Campus Location
Dulwich College located in Greater London which is around 5 miles to inner London. It is a lot easy if travel by tube then car and the traffic in London is really bad.  

It is situated in a quiet residential area in London. People around that area seems like travel by bike.

Campus
It is an enclose campus school. But need to cross a road for the sports centre. It is a member of the Eton Group. The College was founded in 1619 but it was re-establish in 1870. The main building is a north italian of the 13 century style.

The ground is so nice with lots of green spaces.


Accommodation
Visited one boarding house.

Blew house is a 6th form house for year 12-13 students. All rooms are en-suite single study bedroom. During the visit most of the boys were sleeping and it was already school time. Seems like everyone is from Hong Kong. The staff asked them to tell me about their life in Dulwich, they seems really annoyed and refuse to speak.
I can hear them speaking cantonese and swearing in almost every sentence.

Definitely not mixing in with British students. Some boys do their own laundry but they can choose, if they want the school can do it for them.


Facilities
A very modern sports hall with electronic entrance.
Gym's facilities is a bit old.
Swimming pool is very modern.
A nice huge athlete track.
Shooting range.
Humanities subject building is very modern.

D.T and Art Dept are massive. I would say the machines for D.T are excellent."|""|""|""
30000|"20160429"|"20180531150433"|"AA00054"|"Consultant's Visit made on 29th April 2016 By Leon

Campbell College

Campus Location
Campbell College is located in Belfast which is around 10 mins away from Belfast City Airport. There's also a train station near the school and it takes around 15 mins to town.

It is surrounded by the local residential area.

Campus
It is an enclose campus school. The College was founded in 1894.

The school campus is very traditional British style. Fireplace everywhere. It reminds me of some old British Hong Kong government building.

Maintenance is great for the Rugby and hockey pitches. It is very easy to get around, buildings are really close to each others.

Accommodation
Visited school house and a new 6th form boarding house which opened in 2016.

The school house is split into three section, Junior boys, Senior Boys and Yr 14 students. Around 4-6 students share a dormitory for junior. Year 11 onward have their own student bedroom.

It is a boy school but the school has a strong link with Strathearn School and offer boarding for their 6th form girls. The new 6th form boarding house is very modern, all room are en-suite. Each student will get a electronic access card and they need this to get into the house. It will also record their location so it is impossible for them to hide in their room and skip a lesson!



Facilities
Swimming pool is really old. Like the 70-80s style.

Gym is old but there's a trainer to give instruction to students.

Shooting range

Cookery classrooms

Drama Studio

  



General
I think the school style is a bit cold. I don't think teachers has really close relationship with the students. A bit hierarchy feeling.

I really like the building and boarding facilities. I think it is very traditional british style. Most floor are not covered by carpet, it is mainly wooden floor.

With this price, I think it is definitely worth it. Lots of activities, CCF, Judos, Archery, Golf, Tennis, Shooting, Music workshop... etc"|""|""|""
268|"20180614"|"20180806163341"|"AA00061"|"20180614 Visited by Battie:

•	4 times a week in Cathedral 
•	Rochester Cathedral 
•	Choristers 
•	3 times service per week 
•	Mon, thur, fri
•	Thought of the day
•	Carol service is important 
•	Cathedral: established in 604
•	King’s scholar: On the foundation 
•	26 grammar schools around Rochester, very competitive 
•	Friday: CCF_3
•	Richard Watts- Queen stayed in Satis House
•	Charles Dickens was educated in the school 
•	Sports centre outside school about 8 min drive, school has coach to sports centre
•	It’s town town school 
•	Sports centre: dual use, school and public 
•	School has priorities to use sports centre 
•	Gym 
•	5 badminton courts, not many sports centre has 5 courts
•	Can do blaze skater
•	Indoor hockey 
•	Basketball courts 
•	Cricket, football, basketball, volleyball, badminton 
•	Pool on school site
•	Hockey pitch belong to a premier club, level of hockey is high
•	Head Girl plays hockey for Scotland 
•	Walking netball: national recognition 
•	More sports after school in the future 
•	7 outdoor tennis courts 
•	5 outdoor netball courts 
•	Under 11: national regional
•	120 pupils play netball
•	Tennis: elite programme, take course, development pathways, ranking
•	LTA: competitions 
•	Sports scholarship available: video and Skype
•	Team GB: hockey 
•	Tennis coach: level 4
•	Specialist sports for different sports
•	Rowing is strong
•	Individual sports programme for each student 
•	Student arrange transportation to sports centre with house mistress 
•	Met with Jerry, AA student 
•	U6, treasure most the relationship with housemistress and the warm support from teachers 
•	The Vines, Vineyard for Monks
•	Visited school house: boy 
•	All meals are at house
•	Weekends: girls come to boys house to eat 
•	School also offers black tie dinner 
•	Laundry is in house 
•	HK boy Edmund led chapel once, good experience 
•	Housemistress: always there for the boys
•	Boys have lots of friends and do little TV
•	The housemistress in Boys house is very good, called Lisa
•	1,2,3 share, no more than 3
•	Y11+: Prep at room
•	Y10<: supervised prep downstairs 
•	Librarian speaks mandarin 
•	4x25 m lanes
•	Girls house
•	Younger : Y10<: supervised prep downstairs 
•	Finishing board
•	BSA ISI
•	L6: 6th ensuite, most ensuite 
•	Toilets and showers: plenty to share
•	Encourage bring laptop, no iPad allowed 
•	11pm WiFi off
•	Younger G: hand in device at night 
•	Y11+ can keep the device

Note from Helen Miller:

Another very excited group of staff who were delighted to see Battie.  New Head not yet appointed following Jeremy Walker’s move to St Peter’s York – Sue Webb promised to let me know as soon as there was any news.
-	Lovely Cathedral which is very much part of school life.
-	“Not just a school for musicians”
-	Fairly widespread site.
-	Transport needed to take advantage of sports facilities.
-	Care taken to accommodate any sporting talents with local clubs.
-	Caring House staff."|""|""|""
260|"20250213"|"20250214191555"|"AA00115"|"2025-02-13 
School Delegate - Mr. Vlad Butin visit AA Visit

Location & Accessibility
Small boarding school in Oxford
5–6 minutes by car from the Kingham station
Direct train available from Oxford

Student Population
Total pupils: 330
Boarders: 40% (approx. 130 boarders)
40% girls, 60% boys
75% British students, 15% International

Facilities
25m Professional swimming pool and a brand-new gym
Newly built Maths and Science block
7 Family-style boarding houses
No more than 28 students per house
Sixth-form students have single rooms

Academic & Extracurricular
American program available → Students can graduate with two certificates
Not many Asian students enrolled
Open to students of all nationalities (case-by-case basis)
BTEC Courses Available:
Animal Management
Farm Management
Swimming is highly popular → Professional swimming courses available
Strict mobile phone policy → Phones not allowed at night

Admissions Process
Application form submission
CAT4 test
English assessment
Interview with the Headmaster
School report (mandatory)

International Students
Approx. 10 students from Mainland China
Approx. 10–12 students from Hong Kong"|""|""|""
256|"20180726"|"20180806162907"|"AA00061"|"201806 Visited by Battie:

•	No exeat
•	Reduce number of each nationalities 
•	16-17 nationalities 
•	Max 20% overseas 
•	Mainly full boarding 
•	Flexi available 
•	Busy weekend 
•	No sat morning lessons
•	Revision lessons on Saturday during exam period 
•	Saturday: AM sport PM activities 
•	One big trip each term 
•	Sunday: chill out 
•	10 mins walk to shop
•	Perth is the nearest town
•	Horse riding on campus
•	3 activities per week 
•	After 4.10pm, activities 
•	Art is excellent, individuality and wonderful piece of work 
•	Music: want all students to play 2 instruments, all can try 5 then pick 2
•	All instrumental teachers are employed by school
•	Encourage engage in school art and music
•	52 clubs and activities, including robotics club
•	New science centre, 5 new laboratory 
•	Keen on math and science 
•	65.5% study STEM subjects at university 
•	In 2018, 7 go to university in England, other stay in Scotland 
•	School has students received scholarships from St Andrew’s for Bachelor and Master, students go to Dundee for medical, science, dentistry 
•	Exchange school in India

Boarding house
•	4 houses
•	Math: lots of math challenges 
•	Student guide: Andrea (HK SPSS) and Canna (Scotland Highland)
•	U6 & L6: boarding house G, Barat 
•	Single rooms
•	Condition: well kept
•	6th: do laundry compulsory 
•	L4: share

•	Sports Hall: 4 badminton courts and climbing wall
•	Pool: 4 x 25 lanes
•	8 tennis courts 
•	Own equestrian centres in campus 
•	Great architecture buildings 
•	Feel like a family 

Note from Helen Miller:

Met with the Head and the Bursar.  Found the Head a little stern on first meeting her but she did warm up as the conversation progressed – obviously quite a capable woman.  Very nice site with a calming feel.  I have visited a couple of times and I do think it is quite a nice campus.  Not sure how easy it is for them to keep their numbers – one source has told me they are not using one of their boarding houses at present.

-	Told the nationality mix was improving as they had previously had too many Mexicans which not many schools can say has been their problem.
-	Try to maintain 20% overseas.
-	Only school in Scotland with its own Equestrian Centre which has around 16 own ponies.
-	Strong Art.
-	New Science Centre with 65.5% going on to STEAM undergraduate courses.
-	Head of Music insists two instruments by Year 9 and no part-time music teachers.
-	Exchange with a school in India."|""|""|""
591|"20180802"|"20180806162955"|"AA00061"|"201806 Visited by Battie:

•	Sports centre, exam on, cannot see
•	School deliberately separate Chinese into different classes
•	L6 small class size
•	Theatre: 240 seats 
•	Drama studio for practice 
•	Day house: 60 pupils 
•	6th : suits G must wear skirts 
•	Miller House: G, Horizontal 
•	Clean toilet, washing brush is out
•	2 shares
•	6th can do one laundry
•	80-85 boarders: 55% Boys 45% Girls 
•	Boy house: school supply bedding but can bring their own 
•	DT/6th form centre in one building 
•	good bio teacher 
•	Excellent career guidance 
•	Boarding: family feel

Talked to head:
•	Teaching and learning 
•	Make junior curriculum more interesting 
•	AL: stick to it
•	Keep school same size
•	Prep school - important to senior school 
•	Boarding max: 100 
•	Provide really caring boarding 
•	Day places are on waiting list 

5 mins to airport 
•	Apperly Bridge station: just opposite to school
•	School arrange airport pick up
•	
•	AA New website: features of the school and weekend activities 

Student guide:
•	Issy and Owen

Note from Helen Miller:

Simon Vernon was clearly thrilled that we were visiting and showed Battie huge respect which was really nice.

-	Very nice, down to earth Head, who was a pupil at the school.
-	Small boarding community but obviously well looked after.
-	Well maintained boarding accommodation.
-	Good transport links and a dedicated transport coordinator.
-	Sporting reputation.
-	Battie concerned about electricity pylon on the edge of the school campus."|""|""|""
554|"20180802"|"20180806163015"|"AA00061"|"201806 Visited by Battie:

•	Make sure international students are arranged activities when asked

•	Welcome AA warmly, save a car park for AA, meeting in a spacious traditional room with huge round table 

•	Admissions ask all students to fill in the “getting to know you form”, want to get to know the students, when meet them, school know the students a bit to have conversations, can take better care of them

•	Boy and girls houses are in Main building

•	Senior house: Y11-13
•	Food: sufficient 
•	All staff eat at dining hall
•	Central dining 
•	Y7-9: will learn food and nutrition starting from Sep18
•	25 new international student from 14 nationalities 
•	Has own dark room
•	Art is excellent 
•	Offer AL photography 
•	5 min walk to Long Eaton. 
•	20 min drive to Nottingham 
•	Theatre: 300 seats 
•	8 tennis courts 
•	6th centre: has library, classrooms and café
•	Pool: 4x 25 m lane
•	Secured campus
•	Boarders can use gym equipment with supervision 
•	Day : finished 5.30pm
•	Career guidance in library 
•	Chapel once a week
•	School has chaplain 

Boarding house:
•	Martin’s Y11-13(Girls)
•	36 G boarders from Y11-13, only 1 HK
•	Laundry: can do their own or school does
•	Most are double or single
•	U6 has single 
•	A bit smelly in toilet 
•	Student guide: AA students Mandy and Kenneth
•	Mandy is cheerful and more outspoken 

•	More investment in boarding in future 
•	Hockey is strong and attract European 
•	Thai Lecture theatre 

Head’s view on international school:
•	Distractions for Trent
•	No plan for international school 
•	Worries on boarding
•	 Don’t think they are the same experience 
•	Potential fright to UK boarding school

•	Goby CHAN: AA student, really good at Art, artwork in headmaster room 

Note from Helen Miller:

This was an interesting visit for me because of the appointment of Jeremy Hallows as the new Deputy Head.  Current Deputy, Paul Taylor going to Worksop College as their Head is moving to Merchiston.  I did some consultancy work for Trent on international recruitment in 2009 but had not visited since then.
-	Only visit where AA was welcomed with a personalised greeting in the Car Park.
-	Nice Head who did seem very genuine and he confirmed they were not opening a school in China when Battie asked the question!
-	Boarding now much more serious but still developing.
-	Recognition of commitment to good pastoral care with appointment of Justine Cook as Liaison Officer."|""|""|""
380|"20180613"|"20180806162456"|"AA00061"|"20180613: visited by Battie

•	House in school 
•	Lunch on, and cannot take photo of the dining hall
•	Have food consular 
•	Enclosed campus 
•	Easy access
•	6th : tie and formal
•	Y7-9: yellow skirts 
•	Music: grand piano 
•	Queen’s Hall: theatre 300 seats, open to public 
•	Student guide: Caitlin AA student
•	Feedback from Caitlin:
•	Easy to settle 
•	School wants students think out of the box
•	Drama: 3 productions a year
•	Performing Arts : excellent 
•	Students involved in voice 
•	Art and photography/ drama
•	Friendly staff 
•	House: Day and boarding 
•	6th form: classrooms and lock rooms, specialists teaching assistants 
•	6th form admissions: it’s an old parent, loving it
•	6th centre: slience room/ work room with air conditioner 
•	Common Room is huge
•	6th form : stay there in day time
•	Pre-prep school on campus with fence around the area
•	Visited Hutton House
•	L6 share, U6 single
•	Lower: 4 or 5 share
•	Laundry: optional, school does or students 
•	House prefect in charge prep
•	No sat lessons 
•	EAL: Do IELTS

Note from Helen Miller:

Good visit which had been organised by Jo Chester who unfortunately had to leave after welcoming us as her mother had had a fall and was taken to hospital.
-	Fairly compact site.
-	Lovely HK girl who gave us a tour of the school with acceptable skirt length!
-	Extremely enthusiastic Head of Drama who showed us videos of recent productions.
-	Head of Geography leaving to go to Haileybury in Kazakhstan for his last two years.
-	Very good meeting with Dr Earps over tea before leaving – she is impressive."|""|""|""
593|"20180615"|"20180806162316"|"AA00061"|"Visited By Battie on 15 June 2018

•	Mandarin SL possible in future 
•	Eng (B)
•	AL 55% IB 45%
•	Findings: less able do better in IB then AL
•	AL+EPQ (optional) like CAS opportunity 
•	Y9: MidYIS, CAT4, determine target grades, expect students to achieve 1 grade more, give grades every 5 weeks
•	Value added grade: aim to +1
•	Good predicted grades for U6
•	Prepare SAT, not SAT exam centre 
•	10% go to UCL in 2017
•	More German students
•	25% international 
•	Worth colour: Cambridge blue
•	School will extend Girls house, school encounters pressure on Girls boarding place 
•	6th girls popular 
•	Boys boarding Full Sep18
•	620 pupils in Sep2018 
•	Sport pitch development 
•	New art school last year
•	Archie, a boy from HK, and a fencer, he is the only boy in his year group 
•	8 tennis courts 
•	500 acres 
•	500 sheeps
•	Enclosed campus 
•	House: St Mary, Girls house
•	Vertical, under 100 just 1 girls house
•	Matron: cover till 6pm
•	Y11: 2 shares ensuite, good condition and wide corridor 
•	Y10 & 9: 2 shares, smaller room, no desk 
•	6th : single
•	6th uniform: suits 
•	Not many Asian faces
•	Boy house: 52-53 boarders Y9-13
•	All Housemasters are teachers
•	Y9&10: devices collected, cabinet has chargers
•	Bell for lessons
•	Smart uniform 
•	Friendly L6
•	Y9&10: 4 share
•	Clean and good condition, toilet are clean
•	Y12&13: need to clean their own room
•	Laundry done by school 
•	Friendly students say hi 
•	Sports centre: fencing available 
•	No pool
•	Swimming at K2 leisure centre outside school, K2 is Olympic size 
•	No athletic track
•	Art building 
•	Photography suite with dark room
•	Theatre: 200 seats 
•	Campus: quiet and peaceful 
•	Chapel: monthly AM assembly 
•	Monday and Wednesday: tutor
•	Sunday church compulsory 
•	2 monks live in campus 
•	Each house has a chaplain 
•	Central dining
•	All meals are in dining hall 
•	Met Kenneth and Archie: 
•	Feedback: in general, ok, small class, more German, 5 pupils in chem class in L6
•	L6: 20 boarders only 2 British
•	Food: sufficient, not tasty 
•	Teachers are nice, pupils are friendly, Asian really is minority
•	Enclosed campus
•	Helen gave big tick to uniform 
•	Well mannered students 
•	School measures value added

Note from Helen Miller:

Probably the most pleasant surprise for me.  Warm welcome from Gordon Pearce which was nice as I have always found him a little cold.  Lucy Garrard joined us on arrival but was a little reserved.  Impressive Academic Deputy who would be an asset in HK. Taken round the school by a very nice ex parent who had three children at Worth.
-	Stunning campus
-	Did not have such a “High” church feel as Oratory although Monks do still live on the site.
-	During the tour the students were probably the most engaging of all the visits.
-	Uniform was the smartest on the tour.
-	Good facilities but no swimming pool – students taken to local pool which is only five minutes drive.
-	Good girls accommodation – impressive entrance named after a certain Mr Lamb  - Battie suggesting it was possibly one of 500 sheep that are in the school grounds!!"|""|""|""
511|"20180802"|"20180806162847"|"AA00061"|"201806 Visited by Battie:

•	11% 50 pupils are sportsmen
•	100% upper 5th represent sport for school 
•	90% 6th represent sports for school 
•	School is involved in research projects with Aberdeen University professor who is a parent on sports and University admission, the parent is a professor in sports 
•	Participate in ECA and team sports, 80% more earnings and early promotions 
•	School governor is Glasgow university international admissions
•	Introduce immersion course, improve grades, interest from China and Mexico 
•	EFL: qualifies teachers 
•	Wednesday, kilts day or national dress day
•	Student guides: Shirley and Sarah 
•	Duncan Scott: swimming 
•	4 x 25 lanes
•	Good swimming coach 
•	Boy: rugby and hockey
•	Girl: hockey and netball
•	Boarding house 
•	3 G 4 B
•	3rd G has own room
•	4th B has own room 
•	Serious pipe music
•	Central dining: food well fed, student can give comment, you say we did 
•	Prefect asks why you don’t finish food
•	Band perform at lunch
•	There are teachers lounge 
•	Sat AM lessons
•	Chapel once a week
•	Teach RE
•	Wilson Hall, sports hall
•	Indoor tennis, 9 outdoor tennis courts 
•	Math , 6 classrooms 

Boarding House:
•	Woodland G, the oldest house
•	All boarders have own room 55-60, vertical
•	Friendly staff and student, do say Hi to us!
•	Uniform in good condition 
•	Housemaster: NZ not so good, Canadian ok
•	3rd: Prep at house
•	6th: use laundry facilities 
•	School won U18 Scottish club final rugby 2018
•	3rd: 2-3 shares
•	Other years groups: single
•	Parn Law, play music to us, want to do music at university but very strong in rugby
•	Electric devices are kept for 3rd
•	9 holes golf course
•	Healthy house

Note from Helen Miller:

Impressive site which looked stunning in the beautiful Scottish sunshine.  Nice reception area with tartan carpets to reinforce where we were!  Extremely enthusiastic Head who cannot fail to make you listen to him – seems full of energy and determined to put Strathallan on the map as a leading boarding school. 
-	Mentioned that they were working closely with Northampton University to get teachers from the south of the UK to Scotland.  
-	Head is heavily involved with both the BSA and HMC and will Chairman (I think) in 2020.
-	National dress worn on a Wednesday – whatever the nationality.
-	Interesting board in the dining room:  “You said/We did”.
-	Shame the meal we were served was really not very good at all and the presentation was poor.
-	Lovely impromptu piece played on the piano by impressive young man – he will go far!
-	Wonderful taxi service by Margaret who seems to really care about the students she meets at the airport and she looked after us really well."|""|""|""
78|"20181116"|"20190103162247"|"AA00032"|"20181116 Presentation at AA

- Government School
- Tuition fee (only) at about GBP 9,500 per annum
- In a small town within New Forest National Park (Very safe)
- 15 mins to the closest city, 90 mins to central London
- Class size: 17-22 per class
- Chinese students: 20 from mainland, 5 from HK
- Aim: Build an international learning environment, school against big group of single nationality
- To apply: UKVI Test at approved centre / IELTS Centre (Should have more than 5.0 in each test)
Also need to submit: 1.) Personal statement + 2.) Copy of passport + 3.) Academic Reports from the past 2 yrs
- Extracirricular activies: Twice a week (Optional but encouraged)

Courses and Exams:
- Offers A-levels and Foundation courses
- For A-Levels: Need to do 3 subjects minimum not including Chinese (And for gifted students: can do extra EPQ)
- Chinese A-Levels in Mandarin
- For Foundation: Collaborate with universities like Reading and Bournemouth etc. 100% progression rate (guaranteed)
- Foundation at Brock's advantage over uni: Cheaper (GBP 19,000), pro-active extra support for students, more flexible (students can choose to apply which uni and change their minds), UCAS guidance provided within college.
- STEP and AEA exams available especially for Oxbridge Maths applicants
- Free Aspire tests
- 47 A-Levels subjects available (66% got A* to B grades) 
- If the student has an EU passport then they can do a 1 year intensive GCSE (5 subjects).
- Non- EU passport holders can do our Pre A Level Plus course which is 6 months (September or January start dates). 
- GCSE subjects will be covered and an INTERNAL examination given. Subjects covered are maths, combined science, business and accounting.



Host Families:
- All from local areas
- School directly in charge of and responsible for host arrangement and selection (not outsourced)
- High satisfaction rate from students (>85%)
- 2 meals (breakfast and dinner) provided during weekdays. Recommend students to bring GBP 5 for lunch.
- 3 meals provided on holidays
- Rates/price depends on commuting time (NOT distances)
- Price range: GBP 6,600-7,500 (Price INCLUDES travel pass) 
- Accommodation on first-come-first-serve basis
- No extra guardian required for students"|"MURPHY Melissa"|""|""
