"school_id"|"infotype"|"info"|"lastupdate"|"staffid"|"remarks"|"ssyear"
457|"Others"|"Direction to College:
Parents can travel to any of the following Portsmouth Stations:
• Fratton Station
• Portsmouth & Southsea Station
• Portsmouth Harbour
Parents should then get a taxi to the school from the taxi rank outside the stations.
This is probably the easiest way to get to St John’s. [02 March 2012]


The dress code for Sixth form is ""smart business dress"" so a suit for Boys (with tie) and smart skirts, trousers and jackets for Girls. Most students do wear dark colours but there is some flexibility for sixth form students. Some boys wear brown, grey or beige suits and the girls sometimes like to wear colourful blouses with theirs. [02 July 2011]

* For overseas boarders, a deposit of ?660 is payable. Of this, ?660 will be offset against the child's final term's fees and ?,000 will be refunded after the pupil's final term at the college, subject to any outstanding charges - but not at any other time. (07.04.09)

Uniform requirements for Sixth Formers
Sixth Form students at St John's College do not wear school uniform. However, students must wear smart formal outfits during the school day. Students should dress in a manner appropriate to a professional place of work.
Denim and similar materials are not permitted in the attire of our students during the academic day.

Suits 
White or plain coloured shirts 
Ties 
V necked plain jumpers if required 
Dark rain or waterproof jacket (a warm garment is recommended for the winter) 
Brown or black leather shoes 
Suitable clothes/shoes to be worn in the sports hall 
Swimming trunks 
sports equipment (such as a tennis racquet will be useful) 
Gum shields will be needed for anyone involved in contact sports. 
(19 Aug 08)


70% of pupils from GCSE to A-level
100% 6th form leavers go on to higher education
Max Class Size: 24 (Yr7-11), 15 (6th form) 
(25 Apr 08)
access to the internet is not available in individual rooms but there is access in each house via school computers
Duvet and pillow are provided by school (July 08)"|"20130111111532"|"AA00032"|""|""
642|"WIFI, ICT, Computer"|"[31 Aug 2013]
There is wireless access around the whole school, giving internet, Skype and other web based application access.

There are no requirements for any versions of windows/Mac/Linux to work with our system. We will however been limited in helping if the laptop is not in English."|"20130831100259"|"AA00025"|""|"2013-14"
21|"Long Weekend Arrangement"|"Cannot Stay"|"20130723170000"|""|""|"2013-14"
110|"Others"|"Bed measurements	                   Fitted sheet	   Flat sheet          Duvet over
UK Single
90 cm × 190 cm (35 in × 75 in)	90 × 190 × 20 cm	180 × 260 cm     135 × 200 cm"|"20130724095907"|"AA00025"|""|"2013-14"
607|"Name Tages"|"[2011] when make name tapes, no need to put down name of house, only need the student's name"|"20130724114022"|"AA00025"|""|"2011-00"
101|"Extra Charges"|"4) Cleaning Fee : All rooms are cleaned once a week. 
a. Laundry is not included – machines are provided in the laundry room which you have to pay for
b. Uniform can be washed and dried."|"20130727115803"|"AA00025"|""|"2013-14"
687|"HK Parent's Contact"|"Steffan Siu Long Yin"|"20130801095702"|"AA00025"|""|"2013-14"
139|"Uniform"|"This can all be bought on site from the School School.  Kate Wood runs the shop and she can be reached at; kwood@deanclose.org.uk.  The shop runs by appointment.  It is closed at the moment but it re-opens at the end of August."|"20130730110159"|"AA00019"|""|"2013-14"
88|"HK Parent's Contact"|"[3 Jun 2010]
SID1778 PUN(POON) I Cheng, Gabriela 

[3 Jun 2010]
SID1778 PUN(POON) I Cheng, Gabriela"|"20121126183410"|"AA00032"|""|""
423|"Half Term Arrangement"|"Can stay half term and exeat, pls read school arrangment sheet at server"|"20130723170000"|""|""|"2013-14"
423|"Holiday Arrangement"|"[7 Aug 2013] Pupils should arrive on either the day prior to the start of term, or early in morning on the first day of term (many of our pupils from Hong Kong arrive on the flights which arrive around 0530 on the first day of each term, and this can be accommodated without any difficulty.  Return flights should be booked for the day upon which ewe break up.  Again, if pupils are travelling on an 18-0- hours (or thereabouts) flight, then this is not a problem. 

For this September's arrival, if possible, Destiny should aim to arrive in time to attend an induction afternoon, which takes place on the afternoon of the 3rd September.  If he is able to arrive at LHR around 0530 then this would be absolutely fine."|"20130807154938"|"AA00025"|""|"2013-14"
250|"Others"|"[13 Jul 2013]  All students are issued with Macbooks (everywhere is wifi)"|"20130713100236"|"AA00025"|""|"2013-14"
597|"Holiday Arrangement"|"[9 Aug 2013] students attending the pre-sessional week need to arrive between 9am and 5pm on Tuesday 27th August."|"20130809100449"|"AA00025"|""|"2013-14"
472|"Uniform"|"[15 May 2013] St Bede’s School operates an online Uniform and Sportswear service with www.schoolblazer.com"|"20130515171703"|"AA00025"|""|"2013-14"
110|"Others"|"Bed measurements	                   Fitted sheet	   Flat sheet          Duvet over
UK Single
90 cm × 190 cm (35 in × 75 in)	90 × 190 × 20 cm	180 × 260 cm     135 × 200 cm

student only required to bring the duvet, duvet cover and pillow and pillow case as we can provide sheets, if the family prefers."|"20130724095938"|"AA00025"|""|"2013-14"
534|"Hotel / B&B"|"The Garden House hotel, Granta place, Cambridge (Sep 2006 update)
tel: 44 1223 259 988 fax: 44 1223 316605
reservations.cambridgegarden@moathoushotels.com
GBP 200 for family room

The Crowne Plaza, Downing Street, Cambridge
tel: 44 8704 009180 fax: 44 1223 464440
reservations-cambridgecp@ichotelsgroup.com
GBP 140 -180 for famiy rm

The Royal Cambridge Hotel, Trumpinton St, Camb
tel: 44 1223 351 631 fax: 44 1223 352 972
royalcambridge@forestdale.com
GBP 165 for family rm

The Lensfield Hotel, 53 Lensfield Rd, Camb
tel: 44 1223 355017 fax: 44 1223 312022
reservations@lensfieldhotel.co.uk
GBP 135 for family rm

The Gonville hotel, Gonvill Place, Camb
tel: 44 1223 366 611 fax: 44 1223 315 470
info@gonvillehotel.co.uk
GBP 150 per family rm

B&B information
The Tourist Office, Wheeler St, Cambridge
Tel: 44 1223 322 640 fax: 44 1223 463 385
Tourism@cambridge.gov.uk"|"20121128173648"|"AA00032"|""|""
30001|"Accommodation"|"Host Family & Residential"|"20130702122522"|"AA00025"|""|"2013-14"
517|"Accommodation Remark"|"Hall of Residences (FE/TC)
Host Family (FE/TC)

(19 Mar10)
Lewes has a higher proportion of Hong Kong and Chinese students. Lewes is popular with international students as there is a high level of pastoral support, and a diverse community of international students in Lewes."|"20130111134552"|"AA00032"|""|""
55|"Accommodation"|"Boarding"|"20130111134042"|""|""|"2013-14"
2|"Website"|"http://1234567.890.com.hk"|"20120525155444"|""|""|" "
23|"Alternative Pickup"|"Transfer: Taxi pick up from Heathrow or Gatwick costs GBP 85-90 or alternative is take the coach from heathrow (GBP15) or Gatwick(GBP20) to centre of Oxford, then take taxi to school (GBP 6)"|"20121126100219"|"AA00032"|""|" "
394|"Teacher/Pupil Ratio"|"1:8"|"20140215110243"|"AA00025"|""|"2013-14"
431|"Admission Procedures"|"[26 Jul 2013] In many cases you kindly send us screening reports before sending an application for registration and ask us if we will accept the registration.  However, we will always accept applications that are received by the registration deadline (two years ahead for Year 9; one year ahead for Year 7).  There is therefore no need to send the screening report ahead of the application form.  Indeed it would be very helpful if you could send your screening report and the application form and registration fee all at the same time, ahead of the registration deadline."|"20130726142120"|"AA00025"|""|"2013-14"
431|"Admission Procedures"|"[22 Aug 2013] For future reference, please note that there is no need to send through the screening test papers that you ask candidates to complete. All that is of interest to us is the most recent report and personal statement.

[26 Jul 2013] In many cases you kindly send us screening reports before sending an application for registration and ask us if we will accept the registration.  However, we will always accept applications that are received by the registration deadline (two years ahead for Year 9; one year ahead for Year 7).  There is therefore no need to send the screening report ahead of the application form.  Indeed it would be very helpful if you could send your screening report and the application form and registration fee all at the same time, ahead of the registration deadline."|"20130822095856"|"AA00025"|""|"2013-14"
272|"Accommodation"|"Boarding"|"20130111134042"|""|""|"2013-14"
208|"Long Weekend Arrangement"|"Cannot Stay"|"20130723170000"|""|""|"2013-14"
101|"Holiday Arrangement"|"[11 Apr 2013]
Accommodation during holidays is provided except summer break, you do not need to pay extra. During Half Term meals are also provided (if revision classes are taking place). During Christmas and Easter Holidays accommodation is provided but no meals. During Summer Break there is accommodation available but at an extra cost of approximately £125.00 / week for a cluster room and £149.00 / week for a Studio Flat. This fee does not include meals."|"20130411100219"|"AA00025"|""|"2012-14"
4|"Accommodation Remark"|"[2 Dec 2011]
 boarding; host family (FE/TC)
 All Sixth Form boys have single rooms"|"20121127153325"|"AA00032"|""|""
678|"Accommodation"|"Boarding"|"20130111134042"|""|""|"2013-14"
48|"Accommodation"|"Boarding"|"20130111134042"|""|""|"2013-14"
129|"Accommodation"|"Boarding"|"20130111134042"|""|""|"2013-14"
315|"Accommodation"|"Boarding"|"20130111134042"|""|""|"2013-14"
16|"Joining Pack"|"[26 Jun 2013]all bedding is provided (duvet, pillow, covers) which are all fire retardant material, so they will not need to bring anything like that with them.  They will, however, need towels and facecloths (I would recommend two sets)."|"20130626103411"|"AA00025"|""|"2013-14"
16|"Joining Pack"|"[26 Jun 2013]Apart from casual clothes and personal items there is really not much they will need to bring. All bedding is provided (duvet, pillow, covers) which are all fire retardant material, so they will not need to bring anything like that with them.  They will, however, need towels and facecloths (I would recommend two sets)."|"20130628110158"|"AA00025"|""|"2013-14"
209|"Accommodation Remark"|"Homestay only"|"20121128121052"|"AA00032"|""|""
336|"Accommodation"|"1) Staying in a family enviroment
2) Hallls of residence
3) Staying with a relatives, friends ot guardian"|"20130628151933"|"AA00025"|""|"2013-00"
153|"Accommodation Remark"|"Host family (FE/TC)"|"20121128104312"|"AA00032"|""|""
527|"Accommodation"|"East Kent College does not maintain halls of residence however we do offer homestay accommodation."|"20130628152326"|"AA00025"|""|"2013-00"
646|"Accommodation"|"Boarding"|"20130111134042"|""|""|"2013-14"
646|"Accommodation"|"Host Family"|"20130702121453"|"AA00025"|""|"2013-14"
68|"Accommodation"|"Boarding"|"20130111134042"|""|""|"2013-14"
30001|"Accommodation"|"Boarding"|"20130111134042"|""|""|"2013-14"
684|"Accommodation"|"Boarding"|"20130111134042"|""|""|"2013-14"
470|"Accommodation"|"Boarding"|"20130111134042"|""|""|"2013-14"
683|"Accommodation"|"Boarding"|"20130111134042"|""|""|"2013-14"
16|"Accommodation Remark"|"[24 May 2012]
Students don't need to bring any bedding; it is all provided"|"20121128105516"|"AA00032"|""|""
16|"Accommodation Remark"|"[26 Jun 2013]Apart from casual clothes and personal items there is really not much they will need to bring. All bedding is provided (duvet, pillow, covers) which are all fire retardant material, so they will not need to bring anything like that with them. They will, however, need towels and facecloths (I would recommend two sets).

 'Information for New pupils and parents 2013' is in server for more details
[24 May 2012]
Students don't need to bring any bedding; it is all provided"|"20130702142240"|"AA00019"|""|"2013-14"
23|"Accommodation"|"Boarding"|"20130111134042"|""|""|"2013-14"
691|"Accommodation"|"Boarding"|"20130111134042"|""|""|"2013-14"
55|"Accommodation Remark"|"[23 Sept 2011]
Hotel in Brighton
the hotel next to the school, the Jury’s Inn. You can book at:
http://brightonhotels.jurysinns.com/?gclid=COyL8vSfxpwCFUQA4wodRlKuIw
The hotel just 2mins walk away from the school.

[29 Aug 2011]
Accommodation List in Brighton
Most parents choose to stay at the hotel next to the school, the Jury’s Inn.
You can book at:
http://brightonhotels.jurysinns.com/?gclid=COyL8vSfxpwCFUQA4wodRlKuIw
The hotel just 2mins walk away from the school

Halls of Residences (FE/TC); Host Family (FE/TC)"|"20121126165106"|"AA00032"|""|""
55|"Hotels & B&B"|"[23 Sept 2011]
Hotel in Brighton
the hotel next to the school, the Jury’s Inn. You can book at:
http://brightonhotels.jurysinns.com/?gclid=COyL8vSfxpwCFUQA4wodRlKuIw
The hotel just 2mins walk away from the school.

[29 Aug 2011]
Accommodation List in Brighton
Most parents choose to stay at the hotel next to the school, the Jury’s Inn.
You can book at:
http://brightonhotels.jurysinns.com/?gclid=COyL8vSfxpwCFUQA4wodRlKuIw
The hotel just 2mins walk away from the school

Halls of Residences (FE/TC); Host Family (FE/TC)"|"20130705105324"|"AA00025"|""|"2011-12"
118|"Accommodation Remark"|"Please refer to server record of International Fees Sheet 2012 for Accommodation"|"20121127155602"|"AA00032"|""|""
30003|"Accommodation"|"Student accommodation"|"20130628152453"|"AA00025"|""|"2013-00"
455|"Airport Pickup Remark"|"[28 Mar 2013] Boarders should always arrive on the INSET Day at the beginning of the Spring and Summer Terms.

The Autumn Term is different as we have two start dates for boarders: 
NEW Boarders should arrive on Tuesday 3rd September (Induction Day on 4th).
CURRENT boarders should arrive on 4th September.
Lessons for everyone on 5th September."|"20130328102621"|"AA00025"|""|"2013-14"
18|"Long Weekend Arrangement"|"Yes"|"20130219114616"|""|""|"2012-14"
21|"Name Tages"|"[17.June.2013]
There is no set format, just the pupil’s full name and maybe their House if they wish."|"20130617173339"|"AA00007"|""|"2013-14"
219|"Accommodation"|"Host Family"|"20130713113442"|"AA00025"|""|"2013-14"
472|"Long Weekend Arrangement"|"Yes"|"20130219114616"|""|""|"2012-14"
464|"Long Weekend Arrangement"|"Yes"|"20130219114616"|""|""|"2012-14"
294|"Accommodation"|"Boarding"|"20130111134042"|""|""|"2013-14"
301|"Accommodation"|"Boarding"|"20121128170426"|"AA00032"|""|""
16|"Airport Pickup Remark"|"[5 Apr 2013] When this is not possible, the pupil may be able to return to the boarding house but must liaise with the Housemaster or Housemistress over timings. They should be asked well in advance of the expected return of the pupil. In addition, it would be very helpful for HMMs if they are informed of the expected time of arrival at the boarding house of the pupil.

[17 Jul 2010]
About GBP32-50 from Heathrow to school"|"20130405104641"|"AA00025"|""|"2013-14"
16|"Guardianship"|"[30 Apr 2010]
We have good connections with Brightworld www.brightworld.co.uk or Sutherland Guardians www.sutherland-education.com"|"20121128105639"|"AA00032"|""|""
101|"Airport Pickup Remark"|"[8 Jan 2013] The College does arrange airport pick from Heathrow at a cost of £195. We provide accommodation during end of term holidays (except summer).
 
[4 Jan 2013] Complimentary airport pickup will be offered on the 7th of September 2013 from Heathrow terminal 3.

[22 May 2012] 
The school organises airport transfers in any London from Heathrow Airport.
 
[17 Jan 2012]
 Complimentary airport pick up on 27th August at either 12 pm or 6pm. Airport Pick Up forms will be sent 3 months prior to the course."|"20130108151732"|"AA00032"|""|""
306|"Admission Procedures"|"(30 Mar 10)
 1. after we have screened the girl and felt she is suitable for MST and the family is interested to apply to your school.
 
2. we will send an email to ask MSJ-Jennifer whether they have any vacancy in that particular year group (at the moment, they can accept 5 enrolments from us for Y9,10,12, Diane-I would like u to talk to all the consultants and gather all the applications and send to Jennifer with the summary of the list of applicants, pls gather all the forms and fees and send together by courier, tks)
 
3. if vacancy is available, we will encourage the girl to complete the reg form and pay the reg fee (preferrably by Tele-transfer)
 
4. we then post/courier(depending on the time of the year) the reg form and fee to MSJ with the pupils information (school reports and any other supporting documents), when the form and fee are sent, send an email to Jennifer with the student name and year group applying for (without attachment of the reg form and fee), so that Jennifer is aware of the application 

5. when Jennifer receives the original reg form and fee, she will then write an email to authorize us to invigilate the exam
 
6. student will then take the exam
 
7. exam papers will be scanned and emailed to you, the originals will be courier/posted to Jennifer
 
8. await result (MSJ will only mark the original papers, so pls make sure the families are aware of the waiting time)"|"20130105121051"|"AA00032"|""|""
44|"Others"|"[23 Aug 2008]
- 100% pass rate on A2 exams for A-level 08 students
- Students can arrive one or two days before the term starts in September."|"20121207153233"|"AA00032"|""|" "
50|"Music Tuition"|"[5 Feb 2009] 
GBP224.4-299.2 (Indv), 100.9-135 (Shared)"|"20121126163854"|"AA00032"|""|" "
50|"Music Instrument"|"[5 Feb 2009] 
Violin - GBP15.7 per term, others GBP46.6 per term"|"20121126163922"|"AA00032"|""|" "
58|"Airport Pickup Remark"|"[1 Nov 2012]
Heathrow - £50 - £100, Gatwick - £80 - £120"|"20121126165920"|"AA00032"|""|""
526|"Long Weekend"|"Yes"|"20130219114616"|""|""|"2012-14"
89|"Airport Pickup Remark"|"[Aug 2007]
Coach from Heathrow"|"20121126183609"|"AA00032"|""|""
55|"Scholarships"|"As a general rule, Bellerbys College is unable to offer student scholarships. However, from time to time, opportunities do arise for students from certain countries to obtain discounts on course fees."|"20121207163308"|"AA00032"|""|""
89|"Airport Pickup Remark"|"[23 Apr 2013] Please note that there will be two days of induction for new boarders before the start of the Autumn Term in September. New boarders are therefore asked to arrive between 13.00 and 18.00 on Monday 2nd September 2013.

At the end of term student will be able to stay in the boarding house until 13.00 on the day after school has finished.

The Boarding Team will arrange a pick-up for student from Heathrow airport. This will be by coach or taxi, depending upon the arrival time

[Aug 2007]
Coach from Heathrow"|"20130423101837"|"AA00025"|""|"2013-14"
188|"6th Form Course"|"A Level"|"20121128112942"|"AA00032"|""|""
528|"Admission Procedures"|"Re: Application form - Please ask the families that are going to leave the Heads Declaration section (section 7) blank to write the reason for this on the form or in an accompanying letter so that the school is aware of the situation."|"20121127154405"|"AA00032"|""|""
172|"Airport Pickup Remark"|"Heathrow:Ã"|"20121128105918"|"AA00032"|""|""
631|"Others"|"there are cut-off times for the Internet/Wifi use at Park House. It’ll automatically shut down at 10.30pm and not come back on until 7am. Also, all student’s notebooks/laptops get ‘collected’ by the Matron in the evening to ensure that none of them is playing on their computers at night. (25 June 2011)"|"20130111120816"|"AA00032"|""|""
549|"Accomodation"|"Home Stay"|"20130617002222"|"AA00007"|""|"2013-14"
262|"Teacher/Pupil Ratio"|"1:8"|"20140215105854"|"AA00025"|""|"2013-14"
101|"Guardianship"|"[01 Feb 2013]
the college is the Guardian for the majority of the students under 18 and so should they fall ill and need to be taken to Hospital at any time the Warden does this. He also stays in the hospital until s/he has been seen by medical staff which can be most of the night depending on the case. Indeed any kind of difficulty including ones which require counselling is attended to. This service will continue as at present. 
Although, our students who are over 18 do not require a Guardian nonetheless they need the same services should they fall ill or have an accident. With the increasing numbers of students and the growing number of happily relative minor incidents which required Hospital visits this year the college has felt the impact on our services and consequently staffing. With an increase in staff commitments there has been a cost implication. 
So from September 2013 onwards there will be a charge of £500.00 per annum for students over 18 year in order to provide this service. 
Should a student decline this option they will need to make their own arrangements; provide their own designated person or Guardian who would undertake to provide them with a comparable assistance. However, in any case, rest assured the college will discharge its duty of care to all its students.

[4 Aug 2011]
 Any student under the age of 18 requires a guardian. 

[13 Aug 2011]
 We require guardians to live within 30 mins travelling time of the college so that they could be quickly available in the event of an emergency. One of the most important roles of a guardian is be a point of immediate, or very quick, contact."|"20130201105952"|"AA00032"|""|""
441|"Airport Pickup Remark"|"[7 Jun 2013] School transport can be arranged with GBP16 for each person"|"20130607164411"|"AA00025"|""|"2013-14"
554|"Holiday Arrangement"|"[10 May 2013] 
We usually invite boarders to return to school around 4pm / 5pm on the evening prior to the start of school. If students arrive in the UK earlier than that then their guardians should be making arrangements to care for them in the interim.

In the very first day of the Induction Week this September however, students can arrive at any time after 8:30am."|"20130510172700"|"AA00025"|""|"2013-14"
524|"Guardianship"|"Taunton Guardians, provided by Taunton School for their students at Senior, Prep and ISC only. Organized by Mrs Jenny Heubert, Guardianship Manager"|"20130109170834"|"AA00032"|""|""
524|"Guardianship"|"Taunton Guardians, provided by Taunton School for their students at Senior, Prep and ISC only. Organized by Mrs Jenny Heubert, Guardianship Manager"|"20130306100820"|"AA00025"|""|"2010-00"
655|"Others"|"[18 NOV 2011] 
Year 10 overseas students do English and Chinese - they do not have to do another modern language but they may choose to do French, German or Spanish additionally if they wish to. 

[18 NOV 2011] 
School are looking at the possibility of the overseas students taking IGCSE in English as a second language as from September 2012. School have only had Hong Kong students this year and those that have come into Year 10 have coped well with the English GCSE. However, School are aware that for some, next year, the IGCSE ESL option might be the right course.
 
[18 NOV 2011] 
School's International Student co-ordinators - Charlotte Mason and James Cherry - who provide an additional line of support for the international students. They hold regular meetings with the students, have a particular eye for their pastoral welfare and can relay back to the academic staff any issues/problems that arise that the students are a bit worried about raising direct with the staff. 

[20 Aug 2011] 
School Activities Short Form:
 MUN stands for ""Model United Nations""
 GIA stands for ""Geographers in Action""
 
[13 Jun 2011] 
GCSE subjs explanation on server
 
[15 Jun 2011] 
Attached is our term dates schedule which shows the induction day on Saturday 3rd September to which all children and their parents will be invited. We are still finalising the programme but, in outline, it will be:
 am arrive in boarding houses; get to know boarding parents; sort out uniform and practicalities:
 1.00pm Headmaster's Reception
 2.00pm Meet academic heads of department, tutors etc 
3.00pm Tours of the school for parents
 4.00pm Tea; parents depart
 All our HK students should have had the attached term dates schedule which (we had hoped) would have put this date into their diaries."|"20121127155509"|"AA00032"|""|""
323|"Others"|"- The boarders arrive on Sunday 31 August and then lessons start the following day. There will be a reception for new parents on Sunday 31 August. 
At the half-term holiday, the boys are supposed to leave the House at 4pm. (If the flights are booked for Friday evening then we arrange for the boys to leave at midday to go the airport and they will miss the last afternoon of School. If their flights do not go until the Saturday, it is normal that the boys would go and stay with their guardian. Occasionally if the Housemaster is in agreement, they can stay in the boarding House, but this cannot be relied upon. (29 May 08)
 
- An additional charge of first bill 100 and is returnable on final bill."|"20130108113712"|"AA00032"|""|""
211|"Airport Pickup Remark"|"[28 Feb 2012]
Yes, we do offer transport from airports to parents of those girls arriving for the first time in September. We charge the cost to the pupils’ school bill.

[Mar 2006]
Access: Train from London to Newport then taxi to School
National Express to Chepstow then taxi to school or route 69 to Monmouth then walk to school
London Paddington train to Newport then taxi to the school. (you can book the taxi in advance - JMC taxi 01600 890 998, bear in mind that the journey is long and cost about GBP 40)"|"20121128134051"|"AA00032"|""|""
575|"Airport Pickup"|"Yes** see consultant comment"|"20130110105300"|"AA00032"|""|""
575|"Hotel & B&B"|"The Canon Grange B&B (www.canongrange.co.uk) is very good, I hear, and a short walk from the school; our local tourist information office (+44 1749 672552), should be able to advise on other local hotels ?there are a number within a short walk of the school to suit most budgets. (18 Sep 08)"|"20130110105308"|"AA00032"|""|""
110|"Hotel / B&B"|"Local Hotels
 
Abbey Hotel, 14-16 Bath parade, Cheltenham, GL53 7HN Tel: 01242 516053
 
Georgian House, 77 Montpellier Terrace, Cheltenham Tel: 01242 515577
 
Hotel Kadinsky, Bayshill Road, Cheltenham Tel: 01242 527788
 
Lypiatt House, Lypiatt Road, Cheltenham Tel: 01242 224994
 
Montpellier Hotel, 33 Montpellier Terrace, Cheltenham Tel: 01242 526009
 
Willoughby House Hotel, 1 Suffolk Square, Cheltenham Tel: 01242 522798"|"20121127154126"|"AA00032"|""|""
214|"No. of Chinese Students"|"[5 Jan 08]
Year 12 Entry is 75 Girls in total .....the breakdown of Girls from United Kingdom and Internationals is listed below ...
>27 from the UNITED KINGDOM
>13 from Hong Kong/ 7 China recruited in Hong Kong
>8 from Germany
>7 from Nigeria
>5 from Russia
>3 from Ukraine
>4 from Brunei
>2 from Switzerland
>3 from Thailand
>2 from Czech Republic
>1 from the USA
[16 June 2012]

About 70% of our sixth form girls are Chinese"|"20121128134742"|"AA00032"|""|""
554|"EFL Cost"|"£20 for 30 minutes
£33 for 50 minutes"|"20140509130118"|"AA00044"|""|"2014-15"
214|"No. of Chinese Students"|"[9 Mar 2013]6th form is 50% Boarding and 50% Day ( long stay 8am to 19.00hrs ) The 50% Boarding is 24 Nationalities. (25% of the Boarders are HK and Chinese )"|"20130319175052"|"AA00025"|""|"2012-00"
322|"Others"|"Internet Access:
 1. Is there Wi-Fi access in the boarding house and in individual room? 
At the moment this is being trialled in 2 boarding houses. Access is in the sixth form rooms at the moment but may be made more widely available soon.
 2. How is the use of internet being controlled? 
The students need to log in to the Wi-Fi as it is on the School Network system and therefore has all the same controls and filters as the school network. There is also a program that picks up any foul langauge and inappropriate material which is easily traced to the students' log in address.
 3. How many computers are there in the boarding houses for students to use, in case they haven’t brought their own laptop with them? 
This varies. In some, there are 8 - 10, in others, they can use the main ICT rooms which have up to 30. There is always one avaiable somewhere if the students have not brought their own.
 [07 Dec 2011]
 
- A sample of joining instruction is kept in master for ref. (8/8/2005)
 - school provides guardian
 - Psychology is only available in AS and No I.T at A level.
 - a spared Yr12 joining pack filed in master (13 Jul 09)"|"20130108113534"|"AA00032"|""|""
36|"OIthers"|"[28 Feb 2013] The decision as to whether students take double or single award Science is made after the ‘mock’ GCSE exams in Year 11. The Head of Science, in consultation with all the Science teachers makes a decision as to which award will get each student the best possible grades."|"20130305114153"|"AA00025"|""|"2012-13"
16|"Airport Pickup Remark"|"[17 Jul 2010]
About GBP32-50 from Heathrow to school"|"20121128105629"|"AA00032"|""|""
549|"Scolarship"|"[3 Nov 12] yes, students must attend the scholarship testing day in Cambridge (November 2012). Alternatively, honorary scholarships can be awarded to overseas students meeting our criteria"|"20130111121933"|"AA00032"|""|" "
2|"Exeat Weekend Arrangement"|"[07 Jul 2009] 
6th form boarders may stay; Year 9 -11 may stay at school but have to pay certain fee"|"20121126154429"|"AA00032"|""|" "
325|"Airport pickup"|"The nearest airport for student to arrive is Manchester - about 1 hour from school. If we send school with student flight details, school will arrange to send a driver to collect the student from the airport. [18 April 2012]"|"20130108113905"|"AA00032"|""|" "
17|"Airport Pickup Remark"|"[3 Nov 2012] 
Free of charge at start of year"|"20121127160850"|"AA00032"|""|" "
577|"Airport Pickup"|"School can arrange coach from Heathrow to West Buckland"|"20130110105540"|"AA00032"|""|" "
17|"Airport Pickup Remark"|"[31 Jan 2013] We will pickup boarders arriving at Heathrow on Monday 2nd September (early morning flights only 0430-0730 approx). There will be no charge.

[3 Nov 2012] 
Free of charge at start of year"|"20130131100627"|"AA00032"|""|" "
101|"Guardianship"|"[4 Aug 2011]
 Any student under the age of 18 requires a guardian. 

[13 Aug 2011]
 We require guardians to live within 30 mins travelling time of the college so that they could be quickly available in the event of an emergency. One of the most important roles of a guardian is be a point of immediate, or very quick, contact."|"20121127152356"|"AA00032"|""|" "
634|"No. of Chinese Students"|"[21 Aug 2012]
about 35 in total"|"20121128164934"|"AA00032"|""|""
61|"EFL"|"[8 May 2007]
Provided (free of charge)"|"20121126170616"|"AA00032"|""|" "
634|"EFL"|"[19 Mar 2010]
The basic termly fee includes two ESL lessons per week"|"20121128164952"|"AA00032"|""|""
323|"Guardianships"|"Use Study Links"|"20130108113652"|"AA00032"|""|""
634|"Airport Pickup Remark"|"[14 Jul 2012]
Free airport minibus transfers are provided for boarders only on designated dates and times between Lucton School and London Heathrow International Airport/Birmingham Airport. Times and dates are saved in file from Server.
Heathrow Airport is at least 3 hours by car from Lucton and Birmingham is approximately 1½ hours.

[11 May 2012]
There will be two buses which will collect pupils from Heathrow Airport on Tuesday 4th September, 2012. The first bus will be at Heathrow from approximately 8:00am to 10:00am and the second from 2:00pm to 4:00pm.
For return journey at the end of term, again there will be two buses for Heathrow Airport, the first leaves Lucton School at 8:00am and the second at 12:00 noon."|"20121128165017"|"AA00032"|""|""
634|"Others"|"[11 May 2012]
School Name Tapes: showing student English name and Last name would be enough and Mrs. Tidd, who will help student with the school uniform can deal with the labelling of the school uniform when the student arrived."|"20121128165055"|"AA00032"|""|""
288|"Accommodation"|"Boarding"|"20121128172958"|"AA00032"|""|""
288|"Accommodation"|"[16 Feb 2013]New sixth form boarding house, single rooms and double rooms available. Wifi in School. Boarders max capacity: 200. Most of their British boarders stay in school over the weekend, they are from families who work in army or embassy, and parents are not living in the UK most of the time

Boarding"|"20130216105455"|"AA00025"|""|"2013-02"
2|"Exeat Weekend Arrangement"|"[12 Jan 2013] Exeat weekends are flexible for sixth formers so they can choose whether to stay in the boarding house

[07 Jul 2009] 
6th form boarders may stay; Year 9 -11 may stay at school but have to pay certain fee"|"20130112120007"|"AA00032"|""|""
330|"No. of Chinese Students"|"10.6% are overseas students; 18 students in Year 12 are Hong Kong and Chinese students (7/10/10)"|"20130108114437"|"AA00032"|""|""
87|"EFL"|"Provided at extra cost"|"20121126183142"|"AA00032"|""|""
87|"EFL Costs"|"GBP100"|"20121126183152"|"AA00032"|""|""
87|"Exeat Charges"|"No charge"|"20121126183131"|"AA00032"|""|""
87|"Exeat Weekend Arrangement"|"Can Stay"|"20121126183122"|"AA00032"|""|""
87|"Others"|"[21 June 2011] Buckswood is now an IB World School, having been authorised to offer the Diploma from September 2011.

Internet access in all rooms"|"20121126183217"|"AA00032"|""|""
87|"No. of Chinese Students"|"50% overseas students"|"20121126183114"|"AA00032"|""|""
167|"Others"|"[31 May 2007]
- Offer 3 years course (Pre-IB + 2 Years IB)
- School is flexible on age"|"20121128105354"|"AA00032"|""|""
167|"6th Form Course"|"A-Level; IB"|"20121128105403"|"AA00032"|""|""
11|"Exeat Weekend Arrangement"|"Various house parents said that students are allowed to remain in school for the exeat (extended coach weekend) but better check with individual houseparent to confirm"|"20130111103922"|"AA00032"|""|""
599|"Hotel & B&B"|"http://www.multimap.com/map/browse.cgi?client=ahotels&local=0&subid=bannerM&lon=1.0574&lat=52.5449&scale=10000&addr1=&addr2=&addr3=&pc=NR189SZ&place=&lang="|"20130110114113"|"AA00032"|""|""
655|"Exeat Charges"|"no extra cost"|"20121127155349"|"AA00032"|""|""
36|"EFL"|"Yes"|"20121126151621"|"AA00032"|""|""
575|"Joining Pack"|"[28 Feb 2013] The induction course is for all new international students and runs from Monday, 2nd September prior to term starting on Thursday, 5th September."|"20130228102004"|"AA00025"|""|"2013-14"
36|"No. of Chinese Students"|"5%"|"20121126151547"|"AA00032"|""|""
36|"Others"|"[10 Jun 2011] Hilton House info on server

- The full-boarding of Ardingly College Jr School (Yr 8 and below) is due to end in Sep 2006. The School will continue with flexi or weekly boarding from then onwards.

45 minutes from London Victoria Station to Haywards Heath Station. Then taxi to the school which cost GBP 10."|"20121207152105"|"AA00032"|""|""
631|"Exeat Weekend Arrangement"|"If student is homestay instead of boarding, they can stay at the host family during half terms. It’s only during Christmas/New Year’s, Easter & summer holidays where students would have to make their own arrangements"|"20130111120748"|"AA00032"|""|""
180|"Others"|"[11 Mar 2008]
For overseas pupils, school also invite them to attend the Learning English for Academic Purposes (LEAP) course which starts on Tues 26th August 08 and runs until school begins. The course fee is GBP495 and this would be added to the first terms bill.

[Dec 2003]
- Occasional Boarding Rate per night @GBP32 for seniors.
- Occasional Boarding Rate per night @GBP25 for prep.
- Do play football, but main sports are rugby, cricket and hockey.
- size of school: 80 acres including prep
- Lower sixth needed to share room (3 or 4 share a room), upper sixth - single room

[6 Jun 2008]: school provided bedding and linens, but pupil can bring their own."|"20121128111431"|"AA00032"|""|" "
185|"Others"|"[Dec 2003]
- Nearest train station: Ipswich Station. Taxi fare from station to school is GBP 22.
- Do play football, but main one is rugby.
- Senior student will do IELTS and will receive 3/4 lessons a week. This is inclusive in the school fees.

[18 Mar 2008]
-Not all students have a single room in the Lower 6th, however Sixth formers do take preference when single rooms become available. Generally Lower Sixth students will share there room with an English day boy."|"20121128112537"|"AA00032"|""|" "
323|"Airport Pickup"|"approx GBP30 on sch arrival day"|"20130108113642"|"AA00032"|""|""
196|"Accommodation"|"[12 Aug 2010]
The halls of residence are self catering only although lunch is available at the college. Alternatively, host families provide breakfast and dinner during the week and all meals at the weekend. Halls of residence do require maturity and independence as students will need to shop, cook and clean for themselves.

The halls of residence rooms are all single. Students can live in either a house which has three bedrooms or a flat which has two bedrooms. Every room is ensuite. Each house and flat has their own kitchen. There is a common area with a pool table, tv etc. The halls are 8 miles from the college. There is a shuttle for the first month from the halls. The students will be given a bus pass which will allow them to travel by bus after the first month. The busses run every ten minutes and it is very easy. Halls are all self catering.

Students can move into the halls from Saturday the 28th August. Students need to be at college on the 1st of September for induction.

[18 Aug 2009]
Accommodation requests (please reply to wendy.clark@gloscol.ac.uk )

Please ensure that all students who have paid their deposit have also completed an accommodation request form. The last two pages of the application form are the accommodation request forms. Please have your students fill these out as soon as possible and return the forms to the school. Fax is fine. Scanned is also fine. This form should be filled out by all students who want accommodation.

If students are interested in halls of residence, please contact Wendy Clark as soon as possible to reserve a place and to complete additional forms."|"20121128114622"|"AA00032"|""|" "
197|"Others"|"For subjects query, please address to Mr. Stephen Loxton (Deputy Head & Director of Studies)

Boarding Information
The expected student population of the First Year (Year 7) in September 2005 will be 55 students and, of those, there will be 11 boarding.

[16 Mar 2009]: pupils are welcome to bring their own laptop to School; there isn't an obligation to purchase one through School and Ithe School campus is WIFI enabled."|"20121128115208"|"AA00032"|""|" "
274|"Guardian"|"[10 Dec 2012]
We are not permitted to recommend Guardians to parents as such, however we do work through AEGIS which is a Guardianship body that has a registered list of those Guardians who meet the accredited standard.  May I request that you view the AEGIS website to look at the list of those Guardianship companies that we work with in order that you may pass this to the parents."|"20121219121538"|"AA00019"|""|" "
257|"EFL Costs"|"[21 Feb 2012]
The EFL fees will depend on whether this is provided as individual or group sessions and the fee structure can be viewed on our website in the admissions section under Learning Support. 

GBP 30 (08)"|"20121128151222"|"AA00032"|""|" "
257|"Others"|"[21 Feb 2012]
We current have 56 full boarding pupils with further flexi boarders (2-5 nights a week). This represents around 10% of the pupils in our Senior School (650). Of these we currently have 11 Chinese and Hong Kong students. We aim to accept a maximum of two girls and two boys of each nationality into each year group with the Sixth Form being the most popular time to join. 

[Aug 2009]
Sxith Form students can buy the vast majority of her uniform in Hong Kong according to the Sixth Form uniform list (basically a plain black business suit). The only part she will need to purchase from schoolblazer (the school shop) is the house sports shirt but she could wait until her arrival in the UK for this if this is more convenient."|"20121128151403"|"AA00032"|""|" "
274|"Guardianship"|"[10 Dec 2012]
We are not permitted to recommend Guardians to parents as such, however we do work through AEGIS which is a Guardianship body that has a registered list of those Guardians who meet the accredited standard.  May I request that you view the AEGIS website to look at the list of those Guardianship companies that we work with in order that you may pass this to the parents."|"20121219121711"|"AA00019"|""|" "
322|"Name Tag"|"[25 May 2012] Any new purchases made during term must be clearly marked wit Woven nametapes. Borders can take these to the Sewing Room.
 Woven nametapes may be ordered from Monkton Outfitters.
 **For details, please refer to K drive."|"20130108113436"|"AA00032"|""|" "
101|"Airport Pickup Remark"|"[22 May 2012] 
The school organises airport transfers in any London from Heathrow Airport.
 
[17 Jan 2012]
 Complimentary airport pick up on 27th August at either 12 pm or 6pm. Airport Pick Up forms will be sent 3 months prior to the course."|"20121127152344"|"AA00032"|""|" "
380|"EFL"|"provided with charge


[3 Nov 12]£1000 PER TERM"|"20130108170021"|"AA00032"|""|" "
400|"Exeat Weekend Arrangement"|"Can Stay"|"20130109105211"|"AA00032"|""|" "
409|"Exeat Weekend Arrangement"|"Can Stay"|"20130109105839"|"AA00032"|""|" "
413|"Exeat Weekend Arrangement"|"cannot stay"|"20130109111348"|"AA00032"|""|" "
419|"Others"|"[22 Feb 2012]
 Student Distribution:
 •50 British students
 •27 Hong Kong students
 •40 Chinese students
 •47 students from a range of other countries including Russia, Ukraine, Argentina
 
Please note that the confirmation fees has increased to GBP3000 at present -- from which GBP2000 will be deducted from the first term account and the remaining GBP1000 will become a deposits. 

School provides all beddings."|"20130109112122"|"AA00032"|""|" "
12|"Name Tages"|"Name tapes should read ?N Y H Tsoi PH? (ie. Initials, Surnames, House initial) A name taping service is available from the School Shop at a cost of ?2.50, if required"|"20130109171615"|"AA00032"|""|" "
573|"Exeat Weekend Arrangement"|"Can Stay"|"20130110105021"|"AA00032"|""|" "
595|"Exeat Weekend Arrangement"|"Overseas can now stay in school for exeats weekend [24 April 2012]
 
School do have exeat weekends but boarders can opt to stay at school and take part in activities, though early booking is essential. Alternatively, international pupils may stay with their guardians or School can arrange a home-stay. [23 March 2012]
 Cannot Stay"|"20130110113527"|"AA00032"|""|" "
302|"Airport Pickup Remark"|"[20 Jan 2012]
We do arrange transfers for the junior boys by arrangement with the Housemaster and there is a modest charge. Others, I can arrange taxi’s to share – for one person on their own it is around £120 – quite expensive, so this is why a shared taxi is better."|"20121128170214"|"AA00032"|""|" "
459|"Sibling Discount"|"v"|"20130111113326"|"AA00032"|""|" "
626|"Sibling Discount"|"A reduction of 40.00 per term is given for the second child, and 45.00 per term for third and subsequent children who also attend St Margaret's
--------------------------------------------------------------------------------"|"20130111120020"|"AA00032"|""|" "
1|"Teacher/Pupil Ratio :"|"1:10"|"20121207135910"|"AA00032"|""|" "
74|"Others"|"[Jan 2006]
- Nearest train station called East Grenstead

- 8 beds in one dorm

- More leavers' destinations in master"|"20121211103747"|"AA00032"|""|" "
493|"Visa"|"Fragomen charge GBP200"|"20200609213501"|"AA00027"|""|"2019-20"
107|"Others"|"[25 Apr 2008]
 25% of 11+ population from HK
 95% of pupils for from GCSE to A-level
 98% of sixth form leavers go on to higher education
 Staff ratio - 1:8
 Max class size: 19 

[30 Jul 2005]
 All teaching will be held in Cannock but Marlborough House in Lichfield will still has boarding facilities. Students boarding there will travel to and from the main campus to study. 

Accelerated A Level Course (1 or 1 1/2 year course) GBP4495 per term.
 
continuing orthodontic treatment:
 The student would have to travel outside of the area to get this treatment which would cost about 25GPB for a taxi each time. The session would last between 20 to 30 minutes each time. With regards to cost they could not give a cost without first looking at the student to see what work needs to be carried out. The impression I have from talking to the Orthodontist is that they do not like to give treatment to anyone already receiving treament from another Orthodonist has they all have different ways of doing things and the treatment could also take up to 18months to complete. There are various dental insurances that they can purchase this is not available through the school only through Private dentists or insurance companies. If the student requires routine dental care, check ups, fillings etc and is under the age of 18 and in full time education they are covered under the NHS, but orthodontic work is only covered if it is necessary, not for cosmetic reasons. I
 
School provides all the beddings."|"20121127153752"|"AA00032"|""|" "
20|"EFL Costs"|"[9 Nov 2011]
 Depends on students' needs 
normally two hours per week. 

[8 Feb 2005]
 Each group has a minimum of 3-4 pupils and the cost is GBP 160 per term."|"20121127155746"|"AA00032"|""|" "
20|"Others"|"[18 Aug 2010]
 Boarders can arrive from 9.00am on the day before term starts.
 
[3 Nov 2003]
 * sample test papers for Year 9 in master file* 

[28 Feb 2005]
 * if applicants sit the test at CLFS, there will be a charge of GBP 40 for the examination fee on top of the registration fee. If applicants sit the tests with us in Hong Kong, the exam fee will be waived."|"20121127155932"|"AA00032"|""|" "
89|"Others"|"[13 Mar 2012]
The school fees will not be published until May 2012.

[1 Sept 2011]
School Invoice Explanation
ASR is the Absence from School Remission Insurance that is entirely optional. It covers periods of absence from School for periods of 5 or more days and requires a Doctor’s certificate as proof of illness.
If no cover for student is required please deduct the amount from the payment.

[22 Jul 2005]
- No boarding places for Year 7 & 8
- Pillow and duvets are provided by the school. Girls only have to bring pillow cases and duvet cover.

[19 Oct 2010]
Currently have 21 boarders in a Sixth Form of 75"|"20121126183653"|"AA00032"|""|" "
130|"Airport Pickup Remark"|"[6 Aug 2010]
 Our staff meeting students in the arrivals lounge at Heathrow terminal 3 between 0600 & 0900 on the morning of 12 September 2010. They will be near to the information desk and carrying a sign with Concord College written on it.
 need to use the free internal passenger transfer service between terminals at Heathrow in order to move from terminal 5 to terminal 3. 

[Aug 2008]
 School has contacted parents directly 

[Nov 2008]
 Coaches and staff will be available at Heathrow airport to meet arrivals on early morning flights (6 to 9am)
 We do not charge for the Airport transfer. 

(Nov 2008)
 Off campus accommodation - Students are taken to and from the accommodation by a mini-bus provided by the College. It is also possible to walk or cycle."|"20121127161249"|"AA00032"|""|" "
135|"Others"|"[15 Nov 2011]
Dallam International Summer School (8 July - 22 July 2012)
The programme is for both boys and girls aged from 12-16 and is aimed at near beginners, intermediate and more advanced students. the cost of a place is GBP1545 and is all inclusive, please kindly email Jane Walton (j.walton@dallam.eu) or telephone 44 (0) 15395 65166 for further enquiry. Detail Information has been uploaded to our server.

[16 Mar 2011]
Email documentation direct to Matron on d.heyes@dallam.eu as School do not offer private medical insurance for students.
A small rural station at Arnside about 3 miles from the school but as it is in a rural situation there are no taxis for hire at the station.
The main line station called Oxenholme (Lake District) on the outskirts of Kendal about 7 miles north of the school. As it is a main line station taxis are readily available for hire.

[15 May 2008]
GBP60 will be credited to the accounts of parents for the following term if payment is made promptly (within a week of the start of each term)."|"20121128101824"|"AA00032"|""|" "
141|"Airport Pickup Remark"|"[4 Nov 2008]
Airport pickup ?charge to Parents
yes, if the student is traveling alone

[22 Jun 2006]
Ashbourne Taxis - 01335 345198"|"20121128103105"|"AA00032"|""|" "
88|"No. of Chinese Students"|"[26 Jan 2011]
For your information we currently have 37 Boys and 40 Girls in our boarding house of which 14 boys and 13 girls are from Hong Kong plus we other overseas students.

[28 Mar 2009]
12 chinese, the chinese girl - 1 in year 8 and 1 in year 9"|"20121126183321"|"AA00032"|""|" "
154|"Admission Procedures"|"[30 Nov 2011]
For Entry in September 2012, school still have a limited number of places available for entry at ages 11, 12, 13, and 16. Please remember that students who wish to register to take the entrance examinations should fill in the relevant registration form and return it with a registration fee of GBP180. Candidates should also send a photocopy of their birth certificate and copies of their latest school reports. Once School receive a registration, they can usually arrange for candidates to take the entrance tests at Academic Asia (there may be a small extra charge for this service). Places are only offered to students who are suceessful in the entrance process.

[15 Nov 2006]
Registration should be sent to Maggie Li - their representative in Hong Kong. Also, they only need to receive, at the start of an enquiry, brief details about the student with a copy of his most recent 2 or 3 school reports. They do not want copies of all the certificates and AA test. If possible they would like us to email details of future candidates rather than by fax. the e-mail is the.registrar@dulwich.org.uk"|"20121128104436"|"AA00032"|""|" "
159|"No. of Chinese Students"|"[20 Dec 2011]
1)Number of Boarders for the whole school 301
2)Number of Hong Kong or Chinese students 25 Chinese, 2 Brit National overseas and 1 HK
3)Number of Hong Kong and Chinese students in Year 9 2 Chinese, 1 HK

[21 Nov 2008]
16 from China and HK, 9 residence is in HK but British. 52 Int'l students in total (approx 8% of total population at the college)"|"20121128104841"|"AA00032"|""|" "
167|"No. of Chinese Students"|"[31 May 2007]
10 HK students

[24 Apr 2004]
23 Chinese Students"|"20121128105232"|"AA00032"|""|" "
28|"EFL Costs"|"[7 Dec 2011] 
EFL charges are currently £500 per term for pupils in Year 7 to 11.
Charges in the Sixth Form are £544 for 2 sessions per week.


[23 May 2009]
Banding A (2 periods per week) GBP544 per term
Banding B (4 periods per week) GBP1088 per term
Banding C (6 periods per week) GBP1632 per term
ESL Charges - Yr 1-5 GBP500 per term
Additional Lessons GBP36 per hour or GBP24 per period
For details, please see ""Policy regarding additional lessons updated"" from the ""School Fee"" folder in our server"|"20121126111525"|"AA00032"|""|" "
78|"Airport Pickup Remark"|"[27 July 2011]
The free pick up service is only available on the 3rd and 4th September on flights before 9am and not on any other time. However we are happy to arrange a taxi pick up service. The fee last year was around £100.

[22 July 2011]
host families will come to the college at approx 11.30 am to collect their students

[4 Feb 2008]
For this Spetember we will offer a free airport pick up from Heathrow on 5th/6th September for the early morning filghts. Induction this year will be on the 7th September. If the students arrive on other days or flights we can arrange a taxi pick up for them and they can share up to 5 passnegers and share the cost. This year I think it will be approx GBP110 from airport to home stay.

[Aug 2008]
Book taxi, contact Helen Herridge (hherridge@brock.ac.uk) They don't organise taxis till 2 days before arrival! no use to call them before that.

[Jan 2009]
Student finishs at around 1pm on 17 Dec 2009. Student can leave in the afternoon. Not much teaching on that day because teachers know international students are packing and leaving."|"20121126180831"|"AA00032"|""|" "
78|"Others"|"[5 Jan 2012]
Families pay the fees according to the instalments due dates. There is only one Invoice for the whole year.

[22 Jul 2011]
Induction day (for students only) to be in college for 9.00 am and finish approx 3.30 pm
Travel passes will be included on the invoices which will be sent out shortly.

[17 Mar 2011]
Brockenhurst Hotels with Similar Rankings
•1. Careys Manor Hotel & SenSpa - 2km SE of The Cloud Hotel
•2. Whitley Ridge Hotel - 5km N of The Cloud Hotel
•3. Rhinefield House - 4km W of The Cloud Hotel
•4. The Cloud Hotel ***
•5. Balmer Lawn - 2km SE of The Cloud Hotel
•6. Country House Hotel New Park Manor - 2km SE of The Cloud Hotel
•7. Forest Park Hotel - 1km SW of The Cloud Hotel
•8. The Watersplash Hotel - 1km S of The Cloud Hotel
•9. Hollands Woods - 7km N of The Cloud Hotel

[17 Jun 2010]
3100 sixth form students

[29 Aug 2012]
All of our host families must offer wireless internet access included in the price.

[2 Jun 2009]
- no need to bring a duvet or bedding this will all be provided. At the international induction day the bank will come into college and will open the bank accounts so she will need to bring her passport with her on that day. We do recommend that all students bring with them a laptop as full internet access is provided in the host families.
f
[13 Jun 2008]: Has a teacher from Beijing teaching Mandarin

[29 Aug 2008]: OEA family, invoice arrangment. The student makes the three payments to the college and the college will issue a personal cheque to the student each term to pay the home stay. Each student pays home stay every four weeks. We don't pay the host families each term in case there is an issue with the student and host and we have to move them, we like to be able to move them in four weeks and not leave it for a term."|"20121126180845"|"AA00032"|""|" "
78|"Others"|"[5 Jan 2012]
Families pay the fees according to the instalments due dates. There is only one Invoice for the whole year.

[22 Jul 2011]
Induction day (for students only) to be in college for 9.00 am and finish approx 3.30 pm
Travel passes will be included on the invoices which will be sent out shortly.

[17 Mar 2011]
Brockenhurst Hotels with Similar Rankings
•1. Careys Manor Hotel & SenSpa - 2km SE of The Cloud Hotel
•2. Whitley Ridge Hotel - 5km N of The Cloud Hotel
•3. Rhinefield House - 4km W of The Cloud Hotel
•4. The Cloud Hotel ***
•5. Balmer Lawn - 2km SE of The Cloud Hotel
•6. Country House Hotel New Park Manor - 2km SE of The Cloud Hotel
•7. Forest Park Hotel - 1km SW of The Cloud Hotel
•8. The Watersplash Hotel - 1km S of The Cloud Hotel
•9. Hollands Woods - 7km N of The Cloud Hotel

[17 Jun 2010]
3100 sixth form students

[29 Aug 2012]
All of our host families must offer wireless internet access included in the price."|"20121211105040"|"AA00032"|""|" "
3|"No. of Chinese Students"|"[Nov 2008]
There are currently 105 Chinese/Hong Kong students in the whole school of which 50 are in Year 12 and 28 are in Year 13."|"20121126181108"|"AA00032"|""|" "
88|"EFL Costs"|"[5 July 2012]
GBP300 for extra English tuition per term

[07 Mar 2009]
Approximately 1 hour of additional EFL tuition is included in the fees per week. If additional support is required this can be arranged at approx ?5.00 per hour."|"20121126183329"|"AA00032"|""|" "
88|"Airport Pickup Remark"|"[21 Aug 2012]
Can arrange pickup for current students, but please check with school before advising family cos this pickup is not a ""standard"" one. NO recommendation for taxi company as well.

[7 Mar 2009]
Taxi fare GBP 75 from Heathrow for single journey"|"20121126183353"|"AA00032"|""|" "
89|"Scholarships"|"[6 Dec 2008]
Candidates not studying GCSE or IGCSE will only be considered if they are able to attend the School in early November to sit the examination and be available for interview? Therefore if the student is able to visit our School to sit the examinations and be interviewed, they can be entered for a scholarship.

[11 Sept 2007]
They offer music scholarship INTO YEAR 9 and 12.
They accept a DVD rather than Vivian attending the music audition in person. The DVD has to be arrived at the school by the middle of December. If you wish to do this, Please let me know ASAP and the admission officer needs to check with the director of music as to what he wants on the DVD."|"20121126183552"|"AA00032"|""|" "
4|"Others"|"[2 Feb 2012]
 Return times for the beginning of term, end of Exeats and Leave Weekends is: Under School 8.30 p.m., Sixth Form: 9.15 p.m. 

As you know, however, at the beginning of term we arrange collection from the airport for Hong Kong pupils arriving on early morning flights, they then get back to school at about 8.30 a.m. and rest in their Houses until the rest of the school returns in the evening. Of course, food is provided for them during the day. This does not happen at the end of Exeats, and pupils who arrive early in the day go to their guardians before coming back to school in the evening.
 
The time for new Year 9 pupils to arrive on their first day (Autumn Term) varies according to which House they are in. In some Houses new Year 9 boys arrive the evening before the first day of term, but most parents will bring their sons over a day or two early in any case to buy uniform etc.
 

11/10/11-Boys from Hong Kong who join in Year 9 have to do 1 year of French (though they may be excused if they need extra help with English). They do not have to do Latin. We do not expect boys to need extra tutoring in French – most Hong Kong boys will give it up after a year and do their other language (Spanish or German) for GCSE.
 
All Carthusians have a personal tutor, and are given plentiful advice about university application from their tutor, Housemaster and the highly experienced staff in the Higher Education and Careers Department.
 ----------------------------------------
 [2 Jun 2009]
 Girls' suits should be bought from the school shop. It is still fine for boys to buy suits, trousers etc in HK. 

- School area: 200 acres. 

- From the beginning of Sept 2003, No more than 1 boy of each year group is assigned the same house.
 
- School tour: Part of the parent tour is with a Sixth Form boy who shows parents round two of the boarding Houses (an 'old' House and a 'new' House) however, families will not meet the Housemasters during the tour. 

- The school provides pillows and can provide blankets if necessary, but most boys prefer to bring a duvet. 

Contact details for the School Outfitters are as follows: 
Telephone: +44 1483 291635 
Fax: +44 1483 291657 
E-mail: retail@charterhouse.org.uk 

[24 Jun 2004]
 Mandarin learning: 
There are two boys who are currently receiving tuition in Mandarin from a Mr Tang. He lives locally and was a member of the Staff here many years ago, but is now retired. He would be willing to give lessons to other boys and this would be arranged through the Head of Modern Languages, Dr B Thurston. The cost is likely to be in the region of GBP20 per hour for individual lesson. If two pupils are taught together, the cost per pupil would come down to about GBP14 per hour. The lessons would be likely to be arranged mid-week unless it suited both Mr Tang and the student. 
The best thing would be for the mother to notify student's Housemaster in advance and then at the start of the new term, he could pass the request on to Dr Thurston who would organise it. 

[27 Jun 2008]
 We run SAT preparation courses on Sundays in the autumn term - Boys do not sit the SAT tests at Charterhouse, but there are centres in Surrey and London where they can. Application can be done via Charterhouse."|"20121127153507"|"AA00032"|""|" "
107|"Airport Pickup Remark"|"[28 Feb 2012]
 Airport transfer costs for this year (2012 - 2013) are currently as follows but may be subject to change:
 Free airport transfers to and from Manchester and Birmingham airports and £90 transfer for Heathrow on the specified boarders arrival and departure days. Airport charges at other times are Birmingham £65, Manchester £110, Heathrow £200. We charge for transfers to and from Gatwick airport at all times, guide price £230. 

[11 Apr 2008]
 Airport pick-up charge: 
offer free transfers on the official arrival and 
> departure days to and from Birmingham and Manchester airports and 
> charge GBP 70 to and from Heathrow. This service at these rates is 
> only available to students who enrol in Chase Academy Guardianship 
> Service. The full taxi fare is charged to students who are not and 
> this is typically GBP 155 from Heathrow, GBP 60 from Birmingham, GBP 90 from Manchester
 > 30 minutes away from Birmingham Int'l airport 
Please contact Linda Davis to arrange the collection."|"20121127153729"|"AA00032"|""|" "
65|"Others"|"[8 Oct 2009]
Blundell's has begun the new academic year with 570 students, of whom only 8% are from overseas and they cover thirteen different nationalities."|"20121126171528"|"AA00032"|""|" "
65|"No. of Chinese Students"|"[5 Sep 2008]
49 Oversea Students (31 boys and 18 girls), 9 HK, 8 German, 4 Chinese"|"20121126171327"|"AA00032"|""|" "
28|"Music Tuition"|"[11 Jul 2008]
50 minute lesson - GBP 30.00
40 minute lesson - GBP 24.00
30 minute lesson - GBP 18.00"|"20121126111551"|"AA00032"|""|" "
29|"Others"|"School fees for 2005/06 - GBP6807 per year"|"20121126150530"|"AA00032"|""|" "
68|"Others"|"[22 Aug 2007]
Internet is not in the rooms in his first year but can be arranged in the Independent house in his second year.
College fees cover all meals - breakfast, lunch & dinner, which are all eaten in the College restaurant (open 7 days a week & at half term). Student doesn't have to pay any more for food. Unless anything has changed this year, fees will also cover half term accommodation - & money is refunded for nights that students don't stay (e.g. if they go to London sightseeing & stay in a hotel or with family friends).

[4 Sep 2007]
If student chooses to stay at Bosworth during Easter or Christmas holidays, this is the only time he will have to pay extra for accommodation, & as the restaurant is closed at these times, one would have to arrange its own meals (usually students stay with others in one of our independent houses if parents permit this).

[31 Jul 2008]
There is no Internet access in hostel's bedrooms.
School close at 7pm, students need to be in bed by 11pm,
The 4 hours for students to do Homework, showers and other things they need to do. Mon, Fri, Sat & Sun evening we arrange students to do sports include Badminton, Volleyball, Tennis, basketball & football. For student of young age, we wake them up in the morning if they are not out of bed by certain time, And we check them by 11pm, making sure they are sleep on time. We clear their room everyday and wash their bedding weekly. Students wash their own clothes, there are wash machine & dryer in the hostel.We will arrange her to register a doctor locally, so if she doesn't fell well we will go and see the doctor with her, and all those services are free.

[26 Mar 2009]
We are looking into providing ensuite facilities within the next year but at the moment could only provide a single room. Each room has it's own wash basin but unfortunately toilets and showers are shared, although cleaned by the cleaners every day!

[26 Aug 2009]
Senior House, which are 4 or 5 students share a house, still college property, we still do all the cleaning and chancing the bedding for them. The only different is it will not have a supervisor there.

[14 Apr 2009]
We providing the bedding (duvet, duvet cover, pillow, pillow case, bed sheets)
So students don't need to bring them and we wash them weekly for the students during term time."|"20121126172417"|"AA00032"|""|" "
603|"EFL Costs"|"Yes, Charged"|"20121126100449"|"AA00032"|""|" "
602|"Admission Procedures"|"school reports and AA's recommandation
18+need IELTS
18-write college's own English test"|"20121126110905"|"AA00032"|""|" "
602|"Exeat Weekend Arrangement"|"no
host family can be arranged for X'mas or Easter"|"20121126110841"|"AA00032"|""|" "
28|"No. of Chinese Students"|"[07 Dec 2011] 
We have 46 students from China/HK – all are boarders"|"20121126111445"|"AA00032"|""|" "
37|"Others"|"[26 Mar 2009] A level and IB students in the Sixth Form is approximately 50:50.

- The full-boarding of Ardingly College Jr School (Yr 8 and below) is due to end in Sep 2006. The School will continue with flexi or weekly boarding from then onwards.

45 minutes from London Victoria Station to Haywards Heath Station. Then taxi to the school which cost ?10.

[5 Jun 2006]: Junior school only takes weekly boarders.
[11 Jul 2006] no internet access in bedroom

Lower Sixth form girls House has very few single rooms, therefore the majority of girls share, some with Day girls and some with other boarders."|"20121126152448"|"AA00032"|""|" "
2|"Password"|"1234567890
Don't use this password
Kidding"|"20120525132943"|""|""|" "
2|"Password 1"|"111111111"|"20120525160553"|""|""|" "
2|"Sup Info"|"New Sup Info"|"20120601132633"|""|""|" "
2|"Unknown"|"Unknown
Unknown
Unknown
Unknown"|"20120525160459"|""|""|" "
2|"Website"|"http://1234567.890.com.hk
123"|"20120601131856"|""|""|" "
617|"Airport"|"provides escorted transport to and from airports at no extra cost to parents"|"20130108115456"|"AA00032"|""|" "
472|"EFL Cost"|"[9 Aug 2013] 
English as an Additional Language
Year 9 Group: 2 hrs per week £455 per term
Year 10 to 11 Group: 5 hrs over 2 weeks £555 per term
Year 12 Group: 6 hrs over 2 weeks £660 per term
Year 13 Group: 4 hrs over 2 weeks £455 per term
Year 13 Group: 5 hrs over 2 weeks £555 per term
Year 13 Group: 6 hrs over 2 weeks £660 per term
One-to-one teaching £50 per hour"|"20130809173558"|"AA00025"|""|"2013-14"
599|"Long Weekend Arrangement"|"Cannot Stay"|"20130723170000"|""|""|"2013-14"
528|"6th Form Requirements"|"[8 Dec 2010]
 In the past we have asked for the qualifications that our candidates have achieved subsequent to their results in our own entrance examinations whether they be GCSEs, IGCSEs, O Levels or HKCEE. We do understand that the system has now changed in Hong Kong and that girls entering the Sixth Form will not now have the HKCEE qualifications. We are increasingly finding that girls from Hong Kong are taking IGCSEs independently which will help with their university application but we will not insist on this as the required study is carried out in their own time. Effectively, the absence of public examinations, the offer will be unconditional."|"20121127154511"|"AA00032"|""|" "
141|"No. of Chinese Students"|"[24 Apr 2012]
Please see the information below showing the number of Hong Kong and Chinese pupils currently attending Denstone College. Total percentage of all overseas pupils is 6.6%, with Hong Kong pupils being 1.5% and Chinese being 1.0% of the total number of pupils in school.
Hong KongChinaCurrent Year groups:
3rd: 2 Hong Kong
4th: 2 China
5th: 3 Hong Kong
Lower Sixth: 4 Hong Kong
Upper Sixth: 4 China
Total: 9 Hong Kong and 6 China
Percentage of pupils: 1.5 from Hong Kong and 1.0 from China"|"20121128102944"|"AA00032"|""|" "
260|"Extras"|"Specific Learning Difficulties Tuition - GBP1320 per term
SpLD - Sixth Form - GBP660 per term (28 Jun 08)"|"20121128155718"|"AA00032"|""|" "
299|"Scholarships"|"[3 Nov 12]
Yes. Academic, Music and Art Scholarships offered to students at Year 9 and Year 12 entry.
By application form. Academic Scholarships based on our scholarship exams, music by reference and dvd of student performing, art by portfolio"|"20121128170857"|"AA00032"|""|" "
9|"Others"|"On a short week-end the pupils stay at the College. It is only on exeat week-ends that they need to stay with guardians. (31 May 08)

VISITS CAN ONLY BE ARRANGED:
On Mondays from 11.30am
On Tuesdays from 9.00am
On Wednesdays from 11.30am
On Thursdays from 11.30am
On Fridays - no visits can be arranged on this day

Extra curricular: do not offer taekwonda (7 Sep 07)

During a short week-end the pupils are allowed to stay at the College because there is Chapel at 10am on Sunday. It usually about 7.45pm on a Sunday that the pupils return.
29.8.12: has saturday school, finish at 12.30pm"|"20121128172128"|"AA00032"|""|" "
1|"Airport Pickup"|"No (Guardian's responsibility)"|"20121207122746"|"AA00032"|""|" "
23|"Others"|"[Aug 2005] 
Full academic students: 100 pupils

[Aug 2005] 
Foundation course: 50 pupils"|"20121126100316"|"AA00032"|""|" "
603|"Airport Pickup Remark"|"[7 May 2007] 
GBP115 for Sep,07 entry, they use PANTHER TAXIS"|"20121126100608"|"AA00032"|""|" "
30|"Others"|"- Senior starts from Year 7, 5 girls in Year 7 including one from Hong Kong
- Lap top is not covered by general insurance. NHS: for medical treatment and Dental only
- SFP= School Fees Protection. BUPA is optional

[23 May 2008]
Places: Lots for Y5-6; Y7-2; Plenty for Y8-Y12 Give direct offers. Not further interview - No
Any test papers for further testing- No. Subject to AA test results
Students applied at Expo will have 15% discount. They can do a good deal especially for Year 5-6
Prepare offer letter on Mon/Tue -They will give offer letters
Check their departure date 27 May 2008
Any Reception - NO
Lower 6: Conditional offer? firm offer
Book a suitable time to meet them and discuss offer on Mon/Tue
They come around 10am on Monday 26 May
Others:- Offer very good special needs to students"|"20121126150825"|"AA00032"|""|" "
32|"EFL Costs"|"[31 May 2007] 
6th form fee included 2 free sessions EFL"|"20121126151045"|"AA00032"|""|" "
36|"Extras"|"Full details in master (2008)
ADDITIONAL EXPENSES

One-off life membership of the
Old Ardinian Society (See below) GBP 25
Friends of Ardingly, (voluntary charge per family) GBP 10 per term

Individual Tuition - Payable in advance:

Instrumental Music Tuition GBP 205 for 10x30 minute lessons
Instrument Hire GBP 45 per term
Special Needs or extra ESL Tuition GBP 17.25 per 30 minute lesson

Personal textbooks purchased for pupils to annotate and keep (e.g. important textbooks for GCSE, IB and A/AS Level studies) are charged at cost price, but normally school textbooks are provided without charge as long as the book is returned unmarked and in good condition, otherwise the book will be charged as an extra at cost price.

There is a termly levy for House Funds of GBP 15 for all Senior School Houses. These funds are given directly to the House Staff to spend on the pupils in their houses.

There is a surcharge of GBP 180 per term for pupils entering the School for the first time at Sixth Form level.

Other items include specific disbursements made on behalf of a pupil, e.g. taxis and other travelling expenses, costs of external trips / expeditions, theatre tickets, individual sports coaching, fees for external examinations, extra individual tuition, damages, postage, telephone charges, etc."|"20121126151725"|"AA00032"|""|" "
36|"Music Instrument"|"[15 Jul 2009] 
GBP46 per term"|"20121126151713"|"AA00032"|""|" "
36|"Music Tuition"|"[15 Jul 2009] 
GBP202 for 10 x 30 minute lessons"|"20121126151658"|"AA00032"|""|" "
482|"Long Weekend Arrangement"|"Can Stay, 6th form boarder can stay with a nominal charge. May stay for half term (about GBP 17.5/night).  Younger oversea boarder are encouraged to go."|"20130723170000"|""|""|"2013-14"
271|"Sibling Discount"|"Where there are at least TWO siblings in the school the fee is discounted by 10% for all but the oldest."|"20140411120932"|"AA00044"|""|"2014-15"
36|"Others"|"[26 Mar 2009] A level and IB students in the Sixth Form is approximately 50:50.

[10 Jun 2011] Hilton House info on server

- The full-boarding of Ardingly College Jr School (Yr 8 and below) is due to end in Sep 2006. The School will continue with flexi or weekly boarding from then onwards.

45 minutes from London Victoria Station to Haywards Heath Station. Then taxi to the school which cost GBP 10.

[5 Jun 2006] Junior school only takes weekly boarders.
[11 Jul 2006] No internet access in bedroom

Lower Sixth form girls House has very few single rooms, therefore the majority of girls share, some with Day girls and some with other boarders."|"20121126151903"|"AA00032"|""|" "
36|"Music Instrument"|"[7 DEC 2012] 
GBP47.5 per term"|"20121207152014"|"AA00032"|""|" "
40|"Others"|"[11 May 2011] 
Sixth form pupils are required to wear a business suit. If students wish to do so, they can purchase a suit from our school uniform supplier, Schoolblazer, as follows:

Navy blue or black suit for the girls (trousers or skirt)
Navy blue suit for the boys (a black suit for boys is currently not available).

Schoolblazer will deliver any items purchased to the school for students to collect on arrival.

For more details please visit www.schoolblazer.com.

[Jun 2010] 
A school duvet and pillow will be provided but the majority of our boarders prefer to buy their own duvet and pillow once they arrive. please provide two named duvet covers and pillowcases.

[Dec 2007]
Name tapes only need include the students name, no other information is required

- most rooms have internet access
- a total of 116 boarders (male and female) of which 56 are from China and 26 are from Hong Kong (14 are British Hong Kong).

[3 Apr 2004] 
The nationalities of our male boarders are as follows: 23 Chinese/Hong Kong. 3 Nigerian. 1 Canadian. 1 Saudi Arabian. 1 German. 1 French. 1 Russian. 1 British.

- The avereage class size in year 10 is 15 students
- The number of students sharing a room i year 10 is 2 or 3.
- The number of computers available at school for internet access is 183
- No I.T subject at A-level
- single ensuite room for upper sixth, lower sixth may have single room if any left from upper sixth. (19.03.08.
- will recruit day boys starting from Sept 2006"|"20121126153512"|"AA00032"|""|" "
41|"Airport Pickup Remark"|"[9 Nov 2011] 
Free of charge

[Aug 2008]
Airport pick-up contact Mr. Neil Cornforth (better email + call him near end of August), Senior Housemaster. He will meet students at Manchester airport."|"20121126153752"|"AA00032"|""|" "
2|"Others"|"[14 May 2011] 
I have been informed by the Bursar that the school does not currently arrange private medical insurance for pupils.

General healthcare in the UK is provided free by the National Health Service (NHS). There is a system of private healthcare which is insurance backed and is provided by companies such as BUPA and AXA PPP, however we are not sure if this is available to individuals who are not British citizens. It may be straightforward for a family to contact a provider directly. In any event, accidents and emergencies would always be dealt with by the NHS. The school has its own Medical Centre which is staffed by qualified nurses and they will typically deal with minor ailments. Sometimes a pupil will be referred to the school doctor who will take further action as appropriate. The school also carries travel insurance for pupils who are travelling on school trips.

Sixth form can do their own laundry. But school will collect beddings for clean once a week.

[26 Aug 2009]: Next open day on Wednesday 7th October for anyone who would like to come and visit the school.

[25 July 2009] Charges for the major options from 1 Sep 2008
[25 July 2009] Music Instrument Lessons GBP 24.5 for 40 mins
[25 July 2009] Music Instrument Hire GBP 34.5 per term
[25 July 2009] Speech and Drama Lessons GBP 24.5 for 40 mins
[25 July 2009] Occasional Boarding - Year 8 and below per night GBP 27.5
[25 July 2009] Occassional Boarding - Year 9 and above GBP 37.5

[25 Jun 2008]- Second hand uniform shop in school - Nearly New Uniform Shop, please contact Claire Milne on 0117 905 5200 to make an appointment.

[23 Aug 2004] - Charge one off fee of GBP80 for laundry

[25 July 2009] - The first term's fees for boarders resident overseas are due 4 months before the start of first term (or on the date of acceptance if later)
[8 Apr 2010] - Parents are reminded that accounts are payable by the first day of each term. A late payment surcharge of 1.00% per month (compound) is chargeable on outstanding debts after the first day of term. Tuition fees, certain standard charges and outstanding deposits are charged termly in advance. All other disbursements/extras are charged termly in arrears."|"20121126154837"|"AA00032"|""|" "
53|"Extras"|"[8 Aug 2003]
- Charge for Linen GBP 30 /term and Laundry GBP 32 / term

[26 Jul 2007]
- Learning Support Individual GBP 15 per lesson, 2 pupils GBP 8 per lessons, group GBP 5 per lesson
- Morrisby test is a compulsory test. It is a series of tests that will help with career guidance and a student's strengths and weaknesses GBP160"|"20121126164844"|"AA00032"|""|" "
2|"Parent / Student Comment"|"[24 Feb 2004]: one of the old parents told me that students should book flights back to HK one day earlier than it is stated in the term date. For example, the term date stated 12/Dec is the end of term, student should book 11/Dec flight to HK because if they fly on 11/Dec, school has transportation to take them to airport, otherwise, if they fly on 12/Dec, they have to pay for taxi."|"20121126154904"|"AA00032"|""|" "
44|"Airport Pickup Remark"|"[Aug 2008] Can arrange taxi transfer - contact Alison Gourmley AGourmley@bathacademy.co.uk

[12 May 2010]
Bristol (GBP 58.00) / Heathrow (GBP 184.00)"|"20121126155820"|"AA00032"|""|" "
44|"Others"|"[23 Aug 2008]
- 100% pass rate on A2 exams for A-level 08 students
- Students can arrive one or two days before the term starts in September.

[15 July 2005]
Bedding will be provided by school.

- Accommodation costs do not include X'mas and Easter holidays. It is not possible to stay at hostel during X'mas but students could stay during Easter holidays (extra charge will be GBP 25 per day in advance). Easy walking distance to college

- All college hostels internet access in the room is free of charge but they need to buy a network card from a local supplier after they arrive to access this. Internet access is also free at the college. Full board accommodation are equipped with TV and DVD player

Students will choose their subjects when they arrive."|"20121126155934"|"AA00032"|""|" "
48|"No. of Chinese Students"|"[15 May 2008]
School recruit 40 girls from overseas

[04 Dec 2007]
About 65-70% of our boarding community is from Asia we have 135 boarders in total across the year groups.

[12 Dec 2007]
We have 803 girls on roll of which 134 are boarders. There are 78 sixth form boarders, spread over Years 12 and 13. Of these 78 sixth form boarders, there are 48 from Asia which incorporates China, Thailand, Vietnam, Brunei, HK etc."|"20121126163413"|"AA00032"|""|" "
482|"Airport Pickup Remark"|"[28 Jun 2013] Regarding begininng of term arrangements.  We do offer an airport transfer for students.  This does involve an additional cost.  From either Heathrow or Gatwick Airports the price is approximately GBP160 one way (airport-school).  However, at the beginning of term we do have several students arriving on either the same flights or flights close together so we operate a sharing system which makes the cost cheaper."|"20130628095634"|"AA00025"|""|"2013-14"
61|"Travel information"|"Heathrow Airport

There are 3 options for travelling from the airport to the College, as follows:

•	By coach (National Express) from Heathrow Airport to Stansted Airport (approx 1½ hours). 
Taxi from Stansted Airport to the College (10 minutes). 

•	By train (Heathrow Express) from Heathrow Airport to Paddington Station (15 minutes).  
Underground train (Tube) from Paddington Station to Liverpool Street Station on the Hammersmith and City Line (30 minutes).  
Train from Liverpool Street to Bishop’s Stortford (40 minutes). 
Taxi to College (5 minutes).

•	By taxi.  Costs approximately £90."|"20130919095328"|"AA00025"|""|"2013-14"
48|"Others"|"[15 May 2008]
In years 10 and 11 (girls aged 14-16) most overseas girls take EAL as an option to receive support for their GCSE subjects, although some prefer to take a full quota of GCSEs and have an EAL lesson at lunchtime at an additional cost to their parents. For all year groups the class sizes are a maximum of twelve students.
In the Sixth Form, four IELTS preparation classes are offered each week. Students who do not require the IELTS for university entrance may choose to have 1 or 2 support lessons each week to help them with language for their A level or IB studies.
The class sizes range from a maximum of fifteen at Sixth Form, to around twenty-one at Key Stage 3 (girls aged 11-14). Excluding weekends, our staff ratio is just under 1:10.
Younger girls will share rooms with two or three others. Girls in exam years (GCSE, Alevel or IB) will either share with one other girl, or have a single room.
New girls usually arrive for 1 2 day induction prior to the start of the Autumn Term to allow for orientation before our other girls return

[19 Aug 2005]
- Year 7: stay in Junior Boarding house which accommodates 11 girls in total, 4 girls in one room
- Students have to bring duvet covers, pillow cases and a hairdryer.
- Second hand uniform shop is available at school"|"20121126163625"|"AA00032"|""|" "
50|"EFL Costs"|"[1 Nov 12]
EFL & Academic Support
Hourly rate per individual lesson £33.00
Autumn(12 weeks), Sprinp(11 weeks), Summer(10weeks)
Individual Lessons
One per week £396.00(12) £363.00(11) £330.00(10)
Two per week £792.00(12) £726.00(11) £660.00(10)
Three per week £1188.00(12) £1089.00(11) £990.00(10)
Four per week £1584.00(12) £1452.00(11) £1320.00(10)
Joint Lessons
One per week £237.60(12) £217.80(11) £198.00(10)
Two per week £475.20(12) £435.60(11) £396.00(10)
Three per week £712.80(12) £653.40(11) £594.00(10)
Four per week £950.40(12) £871.20(11) £792.00(10)

[9 Nov 11] Hourly rate per individual lesson GBP 36. As a rough guide, charges for the 2008 / 2009 academic year vary as follows:
1 individual lesson per week - Ã"|"20121126163831"|"AA00032"|""|" "
50|"Others"|"[8 Jan 2008]
Students allocation: 
In this year's Y12, 49 are doing IB1 and 95 are doing AS overall. All IB1 take Maths of some sort.

Maths:
48 doing AS
plus 9 doing AS Maths and Further Maths
10 doing IB higher
29 doing IB standard
10 doing IB Maths Studies
(No such thing as IB Further Maths)

Physics:
29 doing AS
12 doing IB higher
6 doing IB standard

Chemistry:
28 doing AS
13 doing IB higher
3 doing IB standard

Economics:
36 doing AS
24 doing IB higher
1 doing IB standard

Boarders always come back the day before dayboys do and before lessons begin every term."|"20121126164117"|"AA00032"|""|" "
50|"Admission Procedures"|"DO NOT SEND PILES OF STUDENT INFO TO SCHOO"|"20121126163943"|"AA00032"|""|" "
50|"Others"|"Chinese Lessons: 
Beginners 1 - (40min) GBP4.75, 
Beginners 2/3 - (40mins) GBP6.40, 
GCSE - (60mins) GBP9.25
AS/A2 - (90mins) GBP13.9
Individual tuition - (40mins) GBP50"|"20121207160522"|"AA00032"|""|" "
52|"EFL Costs"|"[26 Jul 2006]
GBP500 per term"|"20121126164534"|"AA00032"|""|" "
52|"EFL Costs"|"Courses on offer:
Intensive Pre-sessional VI Form English course:
£8,300 per term
• One class (maximum 8 students) 6 days a week.
• Intensive EAL lessons (14 periods per week)
• 14 periods per week of curriculum lessons to include L6 Maths
and/or Physics (however subject choice is not critical at this
stage, rather the need to experience “English in lessons” is the
objective).
• Assessment at the end of each term in English
• Progress report is sent to parents.
• Individual subject reports
• Transferral to mainstream school at the start of the next
academic year if they pass FCE (equivalent to IELTS 5.0) in the
end of the year test.
• Full boarding
• Sunday activity programme (additional costs may apply)
• Fees include one FCE or IELTS exam fee
• Focus on improving spoken English before moving into Sixth
Form
• Each week you will have many opportunities to take part in
sporting activities plus music and drama."|"20121207161517"|"AA00032"|""|" "
107|"Airport Pickup"|"[22Mar14] Yes"|"20140322185332"|"AA00044"|""|"2014-15"
53|"Extras"|"[26 Jul 2007]
- Learning Support Individual GBP 15 per lesson, 2 pupils GBP 8 per lessons, group GBP 5 per lesson
- Morrisby test is a compulsory test. It is a series of tests that will help with career guidance and a student's strengths and weaknesses GBP160"|"20121207162058"|"AA00032"|""|" "
55|"Admission Procedures"|"[14 Nov 2008]
Return of deposit:
Refundable deposits are transferred into the student's (or parents) bank account after the student has left the college.
Before students leave the school, they are asked for bank details so that our accounts can arrange for the refund to be made.
It takes upto 29 days after the student has left to receive the money back (assuming there have been no extra charges, such as text books etc... which will be deducted from the deposit and the student alerted).

[18 Mar 2010]
School cannot assess the student using the Academic Asia screening test
When we are assessing a student we require
1 The completed application form (Please ensure all fields are filled out).
2 Secondary School Academic Transcripts
3 (for GCSE student only) Proof of English level or a completed pre-arrival test - We must have the Bellerbys version of this test. For all non-GCSE students - their transcripts are sufficient."|"20121126165204"|"AA00032"|""|" "
55|"Airport Pickup Remark"|"[Aug 2008]
contact Mr. Kieren Griffiths kgriffiths@studygroup.com

[26 Mar 2008]
- Airport transfer is charge is based on the assumption that there will be one student per vehicle. Sometimes during peak season the airport transfer may be shared and there may be 2-3 students per vehicle. If this happens students will be refunded half or two thirds of their airport transfer fee - please ask your student to claim the money from campus after arrival.

[6 Mar 2006]
- recommend students arrive 24 to 48 hrs prior to commencement of their courses
- from Heathrow to: Brighton GBP91 / Cambridge GBP113 / London GBP82 / Oxford GBP113
- from Gatwick to: Brighton GBP61 / Cambridge GBP134 / London GBP93 / Oxford GBP153
- from Stansted to: Cambridge GBP64 / London GBP108"|"20121126165227"|"AA00032"|""|" "
55|"Extras"|"[29 Jul 2010]
students come from about 70 different countries.


The accommodation in homestay and hall of residence is half board. This means 2 meals a day are included in the price.

[29 Aug 2007]
Additional accommodation is charged at GBP33.14 a day during vacation periods such as Christmas, Easter and Summer holiday"|"20121126165130"|"AA00032"|""|" "
247|"School Web Agent Login"|"Web: http://jlcparentportal.leggott.ac.uk
Username: AcademicAsiaHK
Password:438JzyhE"|"20150306163335"|"AA00003"|""|"2015-16"
55|"Scholarships"|"[26 Mar 2008]
A-level scholarships for students with outstanding HKCEE re sults. We expect these type of students will be aiming for top 5 universities in the UK so don't forget to remind them that 11 Bellerbys College graduates entered University of Cambridge in 2007, a further 7 were accepted into Imperial College and another 11 were accepted into London School of Economics.

Kindly be noted the additional information for A-level Scholarship:

- Open to all HK agents
- For students entering a 5 or 6 terms A-level programme at Bellerbys
- For students commencing A-levels in September 2008 or January 2009
- Students to be selected on their academic achievement
- Scholarships are GBP1,600/term (or GBP9,600 in total) for students achieving all As & Bs for key subjects OR
- GBP800/term (or GBP4,800 in total) for students achieving all Bs and Cs for key subjects
- Students may also require an interview where they will need to demonstrate their overall academic and extra-curricular excellence
- Scholarships are awarded based on final HKCEE results but conditional scholarships can be awarded earlier"|"20121126165147"|"AA00032"|""|" "
55|"Scholarships"|"Can I get a scholarship to study at Bellerbys College?
 
As a general rule, Bellerbys College is unable to offer student scholarships. However, from time to time, opportunities do arise for students from certain countries to obtain discounts on course fees."|"20121207163236"|"AA00032"|""|" "
57|"Scholarships"|"[4 Sept 2003]
School offer Lower School Academic, Music, Art, DT and Sports Scholarsips for Year 9 students. These exams are always take place at Beneden at the beginning of the Spring term and the closing date for entry is Monday 1 Dec 03.
The Beneden Hong Kong trust offers academic scholarships especially for students living in Hong Kong. To obtain more information about these please contact Ms Priscilla HO, Secretary to Mr Michael LEung on tel 24237712 or fax: 24804628. These scholarships are always advertised in the local H.K. newspapers."|"20121126165413"|"AA00032"|""|" "
58|"Others"|"[12 Jun 2009]
- Uniform can be obtained from www.schoolblazer.com

[26 Mar 2011]
Pat said boarders can return to boarding house from Thursday (1st sept11). There will be induction program on the Friday (2nd Sept11) and activities over the weekend.

[13 Jan 2009]
It is usual for boarders to return to the boarding house the evening before term commences in the Hilary and Trinity Terms. In the Michaelmas Term the boarding house does not open until the Sunday evening prior to the Monday start of term. Any Y12 student wishing to attend the Friday induction morning the week before is very welcome to do so but must make their own arrangements for the Friday and Saturday nights.

[6 Jun 2007]
Programme for new Lower 6 formers:
8.30 a.m. Students (in school uniform) meet in House rooms
8.45 a.m. Introductory talk by Mr Hartley and the Principal
9.00 a.m. Timetable instruction
10.00 a.m. - 10.30 a.m. Coffee
10.30 a.m. - 12.30 p.m. Induction sessions
12.30 p.m. Tour of the school for new students

Students may leave once course/timetable have been finished.

Obviously boarders are welcome to join in the above, but if they cannot they will have the opportunity to consult with their Head of House on Monday 10 September. Unfortunately, no boarding facilities are available until the evening of Sunday 9 September.

[31 Mar 2004]
Sixth Form students normally have their own room, but sometimes it is necessary to put two in a room."|"20121126170021"|"AA00032"|""|" "
58|"Parent / Student Comment"|"[24 Oct 2006]
Do not offer Computer Studies at AL.

[13 Aug 2008]
Trains run very frequently from Euston Station in London to Berkhamsted (about 4 an hour) and the journey takes about 35 - 45 minutes. The school and the boarding house are a short walk from Berkhamsted station."|"20121126170048"|"AA00032"|""|" "
71|"Others"|"IB available.
- School does not offer commission on pre-school course.

School Fees for 2005/06 - GBP6945 per term.

uniform shop: contact Meg Pajor on:

Telephone - 0044 1372 385057

E-mail - shop@boxhillschool.org.uk"|"20121126172829"|"AA00032"|""|" "
330|"Long Weekend Arrangement"|"Please note that The Mount School will be closed for the May"|"20130723170000"|""|""|"2013-14"
59|"Others"|"[26 Nov 2011]
Some questions and answers between student and school.
*How is the use of internet being controlled? Is it unlimited access?
>Internet access is controlled. It cuts off at midnight during the week.
*Any Saturday school?
>No Saturday school but there are activities for the boarders.
*When is the dinner time, prep time and light out time?
>Breakfast is 7.45-8.10am / lunch 12.45pm / Dinner is at 5.45pm in the week. Sunday has a brunch at 11am and no breakfast or lunch. Prep in the week is 6.30pm – 8.30pm. No prep on weekends. Students are go to their rooms at 10.45pm. Main lights out at 11pm.
*What is the % getting into university?
>Approximately 85%
*Will Year 12 students be given a single room or do they have to share a room with others?
>Year 12 have single room if in the Orchard but not all year 12 are guaranteed a place in the Orchard. It will be offered to year 13 first.
*Will sixth form students be allowed to go to town after school or during weekend by themselves?
>Students can go to town on the weekend but the housemaster must have written consent for them to go from parents.
*What is the approx. number of Chinese students joining the school this year? And the number of Chinese students who are currently studying in the school?
>At the moment, we only have 3 Chinese students on record to join us in September but this will usually rise during the year. We currently have 29 Chinese students but will be losing 5 of those from our Upper Sixth at the end of the summer term.
*Apart from PE lessons will students be allowed to play sports or use the facilities after school or during weekends?
>Students are encouraged to use the sports facilities as much as possible. There are evening and weekend activities.

[7 Apr 2005]
Boarders cannot stay at the boarding house during half term but they could stay at exact weekend.

[27 Aug 2008]
overseas students can stay at school for home weekends so there is no need for them to go to their guardians."|"20121126170351"|"AA00032"|""|" "
61|"6th Form Requirements"|"[30 Oct 2012]
For Sixth Form entry, the requirements are now:
1) a minimum of either 7B grades at GCSE (or equivalent) or 3A and 2B grades at GCSE (or equivalent)
2) at least a B grade in the GCSE subject (or equivalent) for each A level to be studied;
3) a good disciplinary and attendance record

[26 May 2011]
All applicants are expected to sit our entry tests regardless of the exams they are taking.

If students are taking GCSEs, we make our offer based on the results of the entry tests. The offer is conditional upon the student gaining at least 5 GCSEs at Grade B or above, including at least Grade B in those subjects he/she wants to continue through to Sixth Form. This offer is also subject to a satisfactory reference from his/her school.

[5 Sept 2007]
5 C HKCEE"|"20121126170819"|"AA00032"|""|" "
61|"Others"|"[22 July 2011]
I am writing to let you know that next week I will start looking through new enquiries for Year 9 and Year 12 entry in September 2012. I am sorry to say that we will not be recruiting for Year 10, as our current Year 9 is oversubscribed.

[25 May 2006]
wireless BB at school
boarders can stay during the exact weekend, the charge is GBP 25 per night.

[19 Apr 2008]
School is happy to keep the early arrivals' luggage during summer holiday."|"20121126170749"|"AA00032"|""|" "
61|"Scholarships"|"[16 Sept 2011]
Student’s parents would need to indicate on the application form (tick box at the bottom of page 1) that they would like the student to be considered for an Academic scholarship. Academic scholarships are be awarded on the basis of the candidate’s performance in the entry tests. We do not have separate scholarship papers.

[25 Apr 2007]
For all students: Academic Scholarship: 5-15% for Y9, 10-40% for Y12
Academic scholarship would be awarded on the basis of the entry test results. Music scholarship: Visit College for a music audition, which would be held during the week beginning 3rd March 2008.
Art scholarship: Visit College in March 08 for an art interview, when he will present his portfolio and a set project."|"20121126170712"|"AA00032"|""|" "
575|"Accommodation"|"Boarding"|"20130111134042"|""|""|"2013-14"
61|"Travel information"|"Heathrow Airport

There are 3 options for travelling from the airport to the College, as follows:

•	By coach (National Express) from Heathrow Airport to Stansted Airport (approx 1½ hours). 
Taxi from Stansted Airport to the College (10 minutes). 

•	By train (Heathrow Express) from Heathrow Airport to Paddington Station (15 minutes).  
Underground train (Tube) from Paddington Station to Liverpool Street Station on the Hammersmith and City Line (30 minutes).  
Train from Liverpool Street to Bishop’s Stortford (40 minutes). 
Taxi to College (5 minutes).

•	By taxi.  Costs approximately £90.

Stansted Airport

The most convenient way to travel from the airport to the College is by taxi, which takes about 15 minutes. This will cost approximately £12.00."|"20130919095343"|"AA00025"|""|"2013-14"
11|"Airport Pickup"|"Taxi fare from Heathrow to School
Two local Shaftesbury companies used by our students are 
Country Cars -01747 850950 and
Shaftesbury Taxis - 01747 855009
The cost is usually around £100 [29 August 2011]


Please have a look at ‘Contacts’ and then ‘Coach Routes’ on School's web site. Also please find document from server about the coach service from airports – times will be similar for next year.

Once pupils are in the School travel arrangements are made under the guidance of the pupil’s Housemaster. Most Hong Kong pupils travel via Heathrow. When boys are older they sometimes group together and book a private transfer by taxi. For a single person the cost would be in the region of £130. Parents often accompany their children on their first term, bringing them in September (on the Sunday afternoon) and after that they travel independently. All school uniform can remain at School during the holidays. [11 March 2011]
Shrewsbury's Master in charge of 
Transport, John Balcombe, deal w/ overseas the coach service / only help book private bus approx GBP40 from Heathrow Airport to sch (personally I dont advise student using this service as driver cant confirm the pickup point - Aug 10)"|"20130111104002"|"AA00032"|""|""
74|"Others"|"[13 Sep 2003]
- 20 girls boarders
60 girls at school

[22 Sep 2003]
- Free coach service to London Victoria or Clapham Stations for every exact weekend and half term.

[Jan 2006]
- Nearest train station called East Grenstead

- 8 beds in one dorm

- More leavers' destinations in master"|"20121126173546"|"AA00032"|""|" "
76|"Others"|"[21 Dec 2004]
GBP 5000 when accepting the offer, GBP 4000 will be refunded in the first term's fee and the remaining GBP 1000 will be held until the student left the school.

[17 Apr 2007]
Even our existing boarders have to take away all their possessions so it is not possible for us to make allowances for new boarders."|"20121126173917"|"AA00032"|""|" "
21|"Others"|"[24 Aug 2012]
The following people can help should there be any urgent enquiry about exam results:
The Examinations Office can be reached on mcremona@brightoncollege.net
Mr. Bird can be contacted on abird@brightoncollege.net
Mrs. Riley can be contacted on jriley@brightoncollege.net
Ms. Malloch can be contacted on cmalloch@brightoncollege.net

[19 Aug 2011]
School Visit - typically able to accommodate requests to visit in the 18 months prior to the proposed start date, once the pupil is also registered with us, and we are confident that he or she is at a sufficient academic level to stand a good chance of securing a place.

[27 July 2011]
Based on the reports sent, we would be happy to consider the candidate for a Year 12 boarding place for September 2012 and look forward to receiving the following:-

1) Completed registration form ((the attached form (updated 04/07/2011) is the most current which should be used for all future applicants until further notice; please discard any other forms you have on file)) – please ensure that this form is fully completed, ie. current school details with duration of study (for confidential reference request purposes) and agent contact details (if applicable).
2) £300 registration fee (relevant payment forms attached) – if the payment is made by bank transfer, please ensure that the instructions (on attached form ‘Bank Detail.doc’) are carefully followed to assist us with tracing of payment.
3) Copy of passport (only the Biometrics page is required showing date of birth, nationality, photo, etc)

PLEASE NOTE: TO ENURE THAT A CANDIDATE’S APPLICATION IS DEALT WITH AS EFFICIENTLY AS POSSIBLE, PLEASE CAN YOU COLLECT ALL THE ABOVE INFORMATION (POINTS 1, 2 AND 3) BEFORE SUBMITTING; EVEN IF THIS DELAYS THE APPLICATION SLIGHTLY. UPON RECEIPT OF POINTS 1, 2 AND 3 ONLY THEN WILL THE CANDIDATE BE FORMALLY REGISTERED FOR YEAR 12 ENTRY FOR SEPTEMBER 2012 – YOUR CO-OPERATION WITH THIS MATTER IS GREATLY APPRECIATED.

Upon receipt of the above, the candidate will be required to sit our assessment papers in October at your offices in Hong Kong and we will contact you nearer the time. We will also contact the current school for a confidential reference at that time.

[15 Jan 2011]
Record Oxbridge Results for 2011
School have had some very good news from Oxford and Cambridge. 18 pupils have received offers - which equals the 2009 record - and they will have a further 11 pupils in the Cambridge pool so this number is likely to rise

[3 Nov 2009]
For lower form applications, they are now asking for correct age. 6th form is ok for HK age."|"20121126174254"|"AA00032"|""|" "
577|"Accommodation"|"Boarding"|"20130111134042"|""|""|"2013-14"
250|"Airport Pickup"|"[23 Aug 2013] taxi company recommend by school
Canterbury Cars 01227 453333
Lynx Taxis 01227 464232"|"20130823103756"|"AA00025"|""|"2013-14"
472|"Long Weekend Arrangement"|"[17 Jul 2013] 6th formers should arrive between 4 and 6.

If flight is already booked and it's super early then student will have to spend the day with guardian."|"20130717103355"|"AA00025"|""|"2013-14"
517|"Accommodation"|"[13 Aug 2013] We recommended Pelham House Hotel in Lewes, or the White Hart Hotel in Lewes.  Some of our agents stay at Castle Banks  or 1 Harveys Way, bed and breakfast places in Lewes, you can find them by looking at http://www.lewesbandb.co.uk/lewes-town/"|"20130813104248"|"AA00025"|""|"2013-14"
517|"Accommodation Remark"|"Hall of Residences (FE/TC)
Host Family (FE/TC)

(19 Mar10)
Lewes has a higher proportion of Hong Kong and Chinese students. Lewes is popular with international students as there is a high level of pastoral support, and a diverse community of international students in Lewes.

20130821: College recommend students to pay accomm fee direct to homestay."|"20130821200138"|"AA00007"|""|"2013-14"
517|"Accommodation"|"Hall of Residences (FE/TC)
Host Family (FE/TC)"|"20131011205104"|"AA00019"|""|"2013-14"
50|"EFL Cost"|"[26 Sep 2013]
EFL & Academic Support
Hourly rate per individual lesson  £34.00
                             Autumn          Spring           Summer
                             (12 weeks)    (11weeks)     (10weeks)
Individual Lessons 
One per week       £408.00         £374.00        £340.00
Two per week      £816.00         £748.00         £680.00
Three per week    £1224.00       £1122.00       £1020.00
Four per week     £1632.00        £1496.00       £1360.00
Joint Lessons
One per week      £244.80          £224.40         £204.00
Two per week      £489.60          £448.80         £408.00
Three per week    £734.40          £673.20         £612.00
Four per week     £979.20          £897.60         £816.00"|"20130926170417"|"AA00025"|""|"2013-14"
50|"Airport Pickup"|"[26 Sep 2013] 
Public transport or taxi (School does not provide transfer)"|"20130926170518"|"AA00025"|""|"2013-14"
58|"Airport Pickup Remark"|"[13 Apr 2013] Mr Ben Evers, who runs the boarding house, and he tells me it will be perfectly alright for the students to arrive before 1.00pm. Mr Evers will be there to welcome them upon their arrival.

[1 Nov 2012]
Heathrow - £50 - £100, Gatwick - £80 - £120"|"20130413110511"|"AA00025"|""|"2012-14"
110|"Airport Pickup"|"[27 Sep 2013] 
Nearest Airport: Birmingham, Bristol, Heathrow
Costs will depend on how many pupils needing transfers on any one journey"|"20130927103910"|"AA00025"|""|"2013-14"
250|"Airport Pickup"|"[23 Aug 2013] taxi company recommend by school
Canterbury Cars 01227 453333
Lynx Taxis 01227 464232"|"20130926165002"|"AA00025"|""|"2013-14"
413|"Airport Pickup"|"[24 Oct 2013]

Nearest airport - Gatwick & Heathrow (From GBP60)
Stansted - approx GBP95"|"20131024152924"|"AA00025"|""|"2013-14"
130|"Airport Pickup Remark"|"[6 Aug 2010]
 Our staff meeting students in the arrivals lounge at Heathrow terminal 3 between 0600 & 0900 on the morning of 12 September 2010. They will be near to the information desk and carrying a sign with Concord College written on it.
 need to use the free internal passenger transfer service between terminals at Heathrow in order to move from terminal 5 to terminal 3."|"20121213111724"|"AA00032"|""|""
4|"Accommodation Remark"|"Single room starting from Y10"|"20130622193332"|"AA00007"|""|"2013-14"
11|"Teacher/Pupil Ratio"|"[27 Nov 2013] We have 121 permanent teaching staff"|"20131127170901"|"AA00025"|""|"2013-14"
58|"No. of Chinese Students"|"[18 Dec 2013] 16 male boarders and 16 female boarders are from HK/China (sixth form)"|"20131218134224"|"AA00025"|""|"2013-14"
380|"Long Weekend Arrangement"|"Can Stay, With no extra charges"|"20130723170000"|""|""|"2013-14"
52|"Long Weekend Arrangement"|"Can Stay, With no extra charges"|"20130723170000"|""|""|"2013-14"
3|"Holiday Arrangement"|"[4 Jun 2013] Students can arrive for the international induction at any time during Thursday 29th August but earlier is better than later as there is quite a lot of administration that can be done during the day."|"20130604101602"|"AA00025"|""|"2013-14"
322|"Long Weekend Arrangement"|"[18 Jun 2013] The new boarders are asked for Sunday 1st September for our induction day.  This will be starting at 10.45 am."|"20130618104119"|"AA00025"|""|"2013-14"
58|"Holiday Arrangement"|"[18 Dec 2013]There are no facilities for students to stay in the boarding house outside term time"|"20131218134205"|"AA00025"|""|"2013-14"
577|"Travel information"|"Taxi
As there will be a few of them, perhaps a taxi would be the best option?  The cost of our local driver for a collection from Heathrow is currently £185 for up to four people.  
 
Train
A train from Heathrow to Tiverton Parkway then a taxi from Tiverton will probably cost more.  
 
Coach
The National Express coach from Heathrow to South Molton then a taxi to school is another option.  The fare is around £20 per person and the taxi would be around £20."|"20140115174155"|"AA00025"|""|"2013-14"
599|"Long Weekend Arrangement"|"[18 Jan 2014]
Governors have been considering how to continue to provide these facilities and have concluded that there should be a modest additional charge of GBP300 per term in respect of facilities for international strdents which will be payable from the Summer Term 2013. This charge will include the cost of exeat boarding for all international students who will therefore in future be able to stay at the college during six exeat weekends a year at o addition charge. 

As an interim measure, parents of international students who do not wish to take advantage of any of te addition services provided for them may opt out of the additional charge by giving notice to the Bursar no later than 28h February 2014. This interim measure will apply only for Summer Term 2014. Thereafter, the additional charge will be applied to the accounts of all international students."|"20140118093157"|"AA00025"|""|"2013-14"
13|"Airport Pickup Remark"|"[22 Jan 2014]
The average cost of a taxi (London to Warwick) is approximately £100, although it does vary depending on where in London you need to go.  The cheapest (but reliable) firm that we use is M&P taxis, contact details as follow:

Michael and Paula Williams
mandptaxis@hotmail.co.uk
01264 790804
07988 677072"|"20140122173717"|"AA00025"|""|"2013-00"
197|"Long Weekend Arrangement"|"Can Stay"|"20130723170000"|""|""|"2013-14"
686|"Accommodation"|"HOMESTAY ACCOMMODATION FEES – SEPTEMBER 2013

Cost:		£130 per week for half board accommodation (breakfast and a two course evening meal Monday to Friday, lunch included Saturday and Sunday) 

(If the student returns to his/her home Country for holidays,  the accommodation cost will be reduced to £30 for each week the student is away, half term breaks away from the host’s home are included)  This payment is compulsory, it is non-negotiable.

Payable:		£520 in advance every four weeks direct to Homestay.

First Payment:	£520 – first four weeks accommodation for half board. 
 

Any breakages or damage will be paid for out of the deposit  paid when the students first applied.  A quote for repair or replacement will be requested.

	 
If a student wishes to change accommodation, or a host family wishes the student to leave, this must be notified to the college with at least one month’s notice in writing."|"20140128100816"|"AA00025"|""|"2013-14"
686|"Accommodation"|"[28 Jan 2014]
HOMESTAY ACCOMMODATION FEES – SEPTEMBER 2013

Cost:	£130 per week for half board accommodation (breakfast and a two course evening meal Monday to Friday, lunch included Saturday and Sunday) 

(If the student returns to his/her home Country for holidays,  the accommodation cost will be reduced to £30 for each week the student is away, half term breaks away from the host’s home are included)  This payment is compulsory, it is non-negotiable.

Payable:		£520 in advance every four weeks direct to Homestay.

First Payment:	£520 – first four weeks accommodation for half board. 
 

Any breakages or damage will be paid for out of the deposit  paid when the students first applied.  A quote for repair or replacement will be requested.

	 
If a student wishes to change accommodation, or a host family wishes the student to leave, this must be notified to the college with at least one month’s notice in writing."|"20140128100833"|"AA00025"|""|"2013-14"
686|"Accommodation"|"Host family"|"20130628151645"|"AA00025"|""|"2013-00"
3|"Holiday Arrangement"|"[4 Jun 2013] Students can arrive for the international induction at any time during Thursday 29th August but earlier is better than later as there is quite a lot of administration that can be done during the day.

[11 Jan 2014] At the end of term boarders cannot stay for an extra night at their boarding house.  If they need to spend another night in the UK because of flights, it has to be spent with their guardians.  On occasion it is possible for them to leave earlier than the end of term if they get permission from their houseparent."|"20140111094156"|"AA00025"|""|"2013-14"
13|"Airport Pickup Remark"|"[12 Feb 2014]
Warwick allow new boys and their parents to ride on the coach on Tuesday 2nd Sept from Heathrow. You may want to inform your clients, but please make sure they are aware of below possible cost."|"20140212134350"|"AA00025"|""|"2014-15"
13|"Airport Pickup Remark"|"[12 Feb 2014]
Warwick allow new boys and their parents to ride on the coach on Tuesday 2nd Sept from Heathrow. Please make sure family are aware of below possible cost."|"20140212134432"|"AA00025"|""|"2014-15"
53|"Teacher/Pupil Ratio"|"1:9"|"20121126164707"|"AA00032"|""|""
101|"Airport Pickup"|"[24 Oct 2013]
Nearest airport - Heathrow & Cardiff
One airport pick up is included in the cost"|"20131024122040"|"AA00025"|""|"2013-14"
101|"Airport Pickup Remark"|"[5 Apr 2013]Parents can also board the college coach but will cost £50.00 per person. Only students are complimentary.

[8 Jan 2013] The College does arrange airport pick from Heathrow at a cost of £195. We provide accommodation during end of term holidays (except summer).
 
[4 Jan 2013] Complimentary airport pickup will be offered on the 7th of September 2013 from Heathrow terminal 3.

[22 May 2012] 
The school organises airport transfers in any London from Heathrow Airport.
 
[17 Jan 2012]
 Complimentary airport pick up on 27th August at either 12 pm or 6pm. Airport Pick Up forms will be sent 3 months prior to the course."|"20130405104924"|"AA00025"|""|"2013-14"
655|"Teacher/Pupil Ratio"|"1:9"|"20121127155314"|"AA00032"|""|""
150|"Teacher/Pupil Ratio"|"[27 Sep 2013] 1:6.5"|"20130927104140"|"AA00025"|""|"2013-14"
150|"Airport Pickup"|"[27 Sep 2013] Nearest Airport: Bristol
Heathrow - Downside from £20.00  (on the school minibus) to  £150.00 (a private taxi)"|"20130927104222"|"AA00025"|""|"2013-14"
167|"Teacher/Pupil Ratio"|"1:9"|"20121128105223"|"AA00032"|""|""
196|"Teacher/Pupil Ratio"|"1:20"|"20121128114600"|"AA00032"|""|""
197|"Teacher/Pupil Ratio"|"1:8"|"20121128114951"|"AA00032"|""|""
214|"Teacher/Pupil Ratio"|"1:8"|"20121128134732"|"AA00032"|""|""
248|"Teacher/Pupil Ratio"|"1:10"|"20121128145451"|"AA00032"|""|""
259|"Teacher/Pupil Ratio"|"1:8"|"20121128152337"|"AA00032"|""|""
261|"Teacher/Pupil Ratio"|"1:8"|"20121128153754"|"AA00032"|""|""
262|"Teacher/Pupil Ratio"|"1:8"|"20121128154240"|"AA00032"|""|""
404|"Airport Pickup Remark"|"Nearest airport- Manchester and Leeds"|"20150205145119"|"AA00044"|""|"2014-15"
394|"Airport Pickup Remark"|"[9 Jul 2013] Reed’s is only a further 25 minutes away from Heathrow. If they were going there by train then it is just as easy to get to Cobham/Stoke D’Abernon station from Waterloo station (35 minutes) and then we are a 5 minute taxi ride away from the station."|"20130709113019"|"AA00025"|""|"2013-14"
574|"Hotel / B&B"|"B&B : Mrs Pragnall at The Monument Guest House, 41 High Street (tel. 01823 661484). 

The most convenient B&B for Wellington School is The Blue Mantle (about three minutes' walk!). www.bluemantle.co.uk
 Tel: +44 1823 662000
 There is also a bigger hotel The Cleve Hotel which is about 10 minutes' walk from the school.
 www.clevehotel.com Tel: +44 1823 662033"|"20130110105159"|"AA00032"|""|""
45|"EFL"|"YES"|"20140307171728"|"AA00003"|""|"2013-14"
7|"School Visit"|"[30 Jan 2014]

We have recently been having problems with visitors from overseas taking photographs and videos when they tour the school.  I would be grateful if, when you book a family in for a visit to Headington, you stress to them that they must not take photographs or videos whilst on the school premises as it is against UK law to take photographs or videos of children without their parent’s permission.  We will of course reiterate this before they go off on a tour but if they know in advance it might save some embarrassment on the day."|"20140130094755"|"AA00025"|""|"2013-00"
457|"No. of Chinese Students"|"[12 Mar 2014]  40 from Hong Kong – 10 leaving in summer and one confirmed new signed up,12 from China with 3 leaving in summer and two confirmed new signed up"|"20140312145949"|"AA00044"|""|"2013-14"
554|"No. of Chinese Students"|"[12 Oct 2013] Trent College now have 765 students, only 7% of whom are from overseas, making the school a truly British boarding experience. We have students from a diversity of countries including Germany, Spain, Iran, Nigeria, Russia, Ukraine and China all living alongside our British students."|"20131012094427"|"AA00025"|""|"2013-14"
558|"Accommodation Remark"|"[13Mar14] Poltisco, a new boarding house for Junior Girls aged 11-15 years old, is opening in the Summer Term 2014."|"20140313181907"|"AA00044"|""|"2014-15"
94|"Boarding Information"|"tb input"|"20140315122741"|"AA00003"|""|"2014-15"
94|"Boarding Information"|"Full 131; Weekly 1"|"20140315122803"|"AA00003"|""|"2014-15"
94|"Boarding Information"|"Full 131; Weekly 1
Day Students total 46"|"20140315122829"|"AA00003"|""|"2014-15"
94|"Boarding Information"|"Full 131; Weekly 1
Day Students total 46"|"20140315122937"|"AA00003"|""|"2014-15"
94|"Boarding Information"|"[15Mar14]
Full 131; Weekly 1
Day Students total 46"|"20140315123006"|"AA00003"|""|"2014-15"
508|"Guardianship"|"Recommended guardianship agencies lists is in server"|"20140313115726"|"AA00044"|""|"2013-14"
21|"Long Weekend Arrangement"|"Cannot Stay

[6 Sep 2013]
5pm Fri 20th – 6pm Sun 22nd September
5pm Thurs 18th April – 6pm Mon 21st April (Easter Weekend)

We are still waiting to hear if an additional one will be scheduled in May."|"20130906094654"|"AA00025"|""|"2013-14"
21|"Long Weekend"|"Yes"|"20130723170000"|""|""|"2013-14"
21|"Long Weekend Arrangement"|"Cannot Stay

[18Mar14] The school is closed during Exeat weekends, therefore, pupils are unable to stay during these weekends. It is typical for the pupil to stay with their appointed guardian.

[6Sep13]
5pm Fri 20th – 6pm Sun 22nd September
5pm Thurs 18th April – 6pm Mon 21st April (Easter Weekend)

We are still waiting to hear if an additional one will be scheduled in May."|"20140318094759"|"AA00044"|""|"2013-14"
630|"Accommodation Remark"|"[15Mar14]  The minimum age for Oxford University is 16 and for Oxford Brookes 14. Homestay for all ages is provided and they accept young children (under 11 years must be accompanied or take out our mini-guardianship.)"|"20140315122959"|"AA00044"|""|"2013-14"
641|"Airport Pickup"|"Any London or South West Airport, annual airport transfers free, extra transfers additional cost. 
around GBP40 from Heathrow
 around GBP45 from Gatwick
 around GBP45 from Manchester
 Price charged at cost (June 2011)
 
Included in Fees"|"20130110105801"|"AA00032"|""|""
641|"Accommodation Remark"|"[19Mar14] Westbourne’s Boarding House: one minute’s walk from the school. Single rooms are available for Years 12 and 13 and shared rooms for students for students Year 7- Year 11."|"20140319182157"|"AA00044"|""|"2014-15"
641|"Airport Pickup Remark"|"Nearest Airport: Cardiff, Bristol, Heathrow

Free at the beginning and end of the year"|"20140215111553"|"AA00025"|""|"2013-00"
641|"Airport Pickup Remark"|"[19Mar14] airport transfers to the following airports: (1) London Heathrow,(2) Bristol and
(3) Cardiff. Transport will take place by the SCHOOL MINIBUS or by CAR accompanied by a responsible adult up to the security area of departures. 
COSTS start at: Cardiff from £20 per student, London Heathrow from £45 per student and Bristol from £40 per student. These prices may vary depending on the number of students arriving at the same time and location.


Nearest Airport: Cardiff, Bristol, Heathrow

Free at the beginning and end of the year"|"20140319184328"|"AA00044"|""|"2014-15"
641|"Airport Pickup"|"[18Mar14] Yes

[Any London or South West Airport, annual airport transfers free, extra transfers additional cost. 
around GBP40 from Heathrow
 around GBP45 from Gatwick
 around GBP45 from Manchester
 Price charged at cost (June 2011)
 
Included in Fees"|"20140318181321"|"AA00044"|""|"2014-15"
641|"Airport Pickup Remark"|"[19Mar14] airport transfers to the following airports: (1) London Heathrow,(2) Bristol and
(3) Cardiff. Transport will take place by the SCHOOL MINIBUS or by CAR accompanied by a responsible adult up to the security area of departures. 
COSTS start at: Cardiff from £20 per student, London Heathrow from £45 per student and Bristol from £40 per student. These prices may vary depending on the number of students arriving at the same time and location.


Nearest Airport: Cardiff, Bristol, Heathrow
Free at the beginning and end of the year"|"20140319184400"|"AA00044"|""|"2014-15"
641|"Airport Pickup"|"[18Mar14] Yes"|"20140319184417"|"AA00044"|""|"2014-15"
641|"Airport Pickup Remark"|"[19Mar14] airport transfers to the following airports: (1) London Heathrow,(2) Bristol and
(3) Cardiff. Transport will take place by the SCHOOL MINIBUS or by CAR accompanied by a responsible adult up to the security area of departures. 
COSTS start at: Cardiff from £20 per student, London Heathrow from £45 per student and Bristol from £40 per student. These prices may vary depending on the number of students arriving at the same time and location.

[June11] [Any London or South West Airport, annual airport transfers free, extra transfers additional cost. around GBP40 from Heathrow, around GBP45 from Gatwick, around GBP45 from Manchester. Price charged at cost 
 
Included in Fees

Nearest Airport: Cardiff, Bristol, Heathrow
Free at the beginning and end of the year"|"20140319184529"|"AA00044"|""|"2014-15"
641|"Airport Pickup Remark"|"[19Mar14] airport transfers to the following airports: (1) London Heathrow,(2) Bristol and
(3) Cardiff. Transport will take place by the SCHOOL MINIBUS or by CAR accompanied by a responsible adult up to the security area of departures. 
COSTS start at: Cardiff from £20 per student, London Heathrow from £45 per student and Bristol from £40 per student. These prices may vary depending on the number of students arriving at the same time and location.
Appreciate booking of flights to arrive between 7am and 10pm where at all possible. We cordially request that flight details, when known, are sent to boardinghouse@westbourneschool.com as early as possible but as a minimum of
2 weeks before departure/arrival.

[June11] Any London or South West Airport, annual airport transfers free, extra transfers additional cost. around GBP40 from Heathrow, around GBP45 from Gatwick, around GBP45 from Manchester. Price charged at cost 
 
Included in Fees

Nearest Airport: Cardiff, Bristol, Heathrow
Free at the beginning and end of the year"|"20140319184944"|"AA00044"|""|"2014-15"
34|"Airport Pickup"|"Yes, at cost"|"20121126151307"|"AA00032"|""|""
34|"Airport Pickup Remark"|"[20Mar14] GPB"|"20140320104727"|"AA00044"|""|"2014-15"
34|"Half Term Arrangement"|"Half term only in Autumn & Spring Term, no half term in Summer Term"|"20130723170000"|""|""|"2013-14"
641|"Airport Pickup Remark"|"[19Mar14] airport transfers to the following airports: (1) London Heathrow,(2) Bristol and
(3) Cardiff. Transport will take place by the SCHOOL MINIBUS or by CAR accompanied by a responsible adult up to the security area of departures. 
COSTS start at: Cardiff from £20 per student, London Heathrow from £45 per student and Bristol from £40 per student. These prices may vary depending on the number of students arriving at the same time and location.
Appreciate booking of flights to arrive between 7am and 10pm where at all possible. We cordially request that flight details, when known, are sent to boardinghouse@westbourneschool.com as early as possible but as a minimum of
2 weeks before departure/arrival.

[June11] Any London or South West Airport, annual airport transfers free, extra transfers additional cost. around GBP40 from Heathrow, around GBP45 from Gatwick, around GBP45 from Manchester. Price charged at cost 
 
Included in Fees

Nearest Airport: Cardiff, Bristol, Heathrow
Free at the beginning and end of the year"|"20140319185220"|"AA00044"|""|"2014-15"
377|"Airport Pickup"|"NO, can help student to book taxi pick up from manchester cost about GBP 40
 We do not normally accompany the girls to and from the airport (there are usually a few travelling together) but we do make arrangements for their transportation to York Station, or can arrange taxis to take them to the airport. The most convenient airport is Manchester Airport, which is around 2 hours by train from York (and trains run very regularly). It is then a simple 15 minute taxi journey to school from the station.
 
We can easily arrange a taxi to collect students when she first arrives in September (unless her parents are travelling over with her at that time) although it is not unusual for several QM girls to be booked on the same flight and end up travelling together."|"20130108165855"|"AA00032"|""|""
377|"Airport Pickup"|"[19Mar14] No

NO, can help student to book taxi pick up from manchester cost about GBP 40
 We do not normally accompany the girls to and from the airport (there are usually a few travelling together) but we do make arrangements for their transportation to York Station, or can arrange taxis to take them to the airport. The most convenient airport is Manchester Airport, which is around 2 hours by train from York (and trains run very regularly). It is then a simple 15 minute taxi journey to school from the station.
 
We can easily arrange a taxi to collect students when she first arrives in September (unless her parents are travelling over with her at that time) although it is not unusual for several QM girls to be booked on the same flight and end up travelling together."|"20140320172358"|"AA00044"|""|"2013-14"
641|"Airport Pickup Remark"|"[19Mar14] airport transfers to the following airports: (1) London Heathrow,(2) Bristol and
(3) Cardiff. Transport will take place by the SCHOOL MINIBUS or by CAR accompanied by a responsible adult up to the security area of departures. 
COSTS start at: Cardiff from £20 per student, London Heathrow from £45 per student and Bristol from £40 per student. These prices may vary depending on the number of students arriving at the same time and location.
Appreciate booking of flights to arrive between 7am and 10pm where at all possible. We cordially request that flight details, when known, are sent to boardinghouse@westbourneschool.com as early as possible but as a minimum of
2 weeks before departure/arrival."|"20140320172056"|"AA00044"|""|"2014-15"
107|"Teacher/Pupil Ratio"|"1:12"|"20121127153623"|"AA00032"|""|""
465|"Name Tages"|"[21 May 2013] There is no set format but we suggest that the English name is put first followed by the surname."|"20130521100125"|"AA00025"|""|"2013-14"
30013|"Accommodation"|"[15Mar14] boarding & Day"|"20140325125207"|"AA00044"|""|"2014-15"
30013|"Accommodation"|"[15Mar14] Boarding & Day"|"20140325125215"|"AA00044"|""|"2014-15"
575|"Term Break Arrangement"|"[26Mar14] 

ndeed the bus leaves school to take the students to Heathrow at 11.30am from Wells arriving at Heathrow Airport at 2.30pm on Friday 12th December. From September to December is one full term (including the break in October - so Jolly will need to go to her guardian if not home). so Michaelmas is half a term and Advent is the other half of the term. These are confirmed dates. 

So in sum, Jolly need to be arriving either on the 17th August or the 1st September (depending which course she picks) and will fly back home from heathrow on the afternoon of 12th December."|"20140326132318"|"AA00044"|""|"2014-15"
575|"Term Break Arrangement"|"[26Mar14] 

Indeed the bus leaves school to take the students to Heathrow at 11.30am from Wells arriving at Heathrow Airport at 2.30pm on Friday 12th December. From September to December is one full term (including the break in October - so Jolly will need to go to her guardian if not home). so Michaelmas is half a term and Advent is the other half of the term. These are confirmed dates. 

So in sum, Jolly need to be arriving either on the 17th August or the 1st September (depending which course she picks) and will fly back home from heathrow on the afternoon of 12th December."|"20140326134535"|"AA00044"|""|"2014-15"
575|"Term Break Arrangement"|"[26Mar14] (1) Bus leaves school to take the students to Heathrow at 11.30am from Wells arriving at Heathrow Airport at 2.30pm on Friday 12th December. 
(2) From September to December is one full term (including the break in October - so students will need to go to their guardians if not home). so Michaelmas is half a term and Advent is the other half of the term. These are confirmed dates. 
(3) So in sum, students need to be ARRIVING either on the 17th August or the 1st September (depending which course students pick) and will FLY BACK home from heathrow on the afternoon of 12th December."|"20140326144143"|"AA00044"|""|"2014-15"
107|"Teacher/Pupil Ratio"|"[22Mar14] 1:8"|"20140322182643"|"AA00044"|""|"2013-14"
107|"Holiday Arrangement"|"[11 Jan 2014]
Please note that as from the end of this term, all students who leave early and return late will be charged a 50GBP administration fee.

No permission will be given for students leaving early, unless there is an emergency and the permission must be requested in writing, prior to flights being booked. As part of their visa requirement, students should attend all lessons."|"20140111102955"|"AA00025"|""|"2013-14"
480|"Parent/Student Comment"|"20140523: Miachael YU visited the school, felt hardware is old, his tour guide is a macau boy, when the macau boy said hi to some teachers but the teachers did not sai hi to the macau boy. only headmistress and admissions are friendly."|"20140523162146"|"AA00007"|""|"2014-15"
285|"Accommodation Remark"|"1 junior house ( for"|"20140603112439"|"AA00044"|""|"2014-15"
107|"Airport Pickup"|"[9 Aug 2013] 
Airport transfer costs for this year are currently as follows but may be subject to change:
Free airport transfers to and from Manchester and Birmingham airports and £95 transfer for
Heathrow on the specified boarders arrival and departure days. Airport charges at other
times are Birmingham £65, Manchester £115, Heathrow £210. We charge for transfers to
and from Gatwick airport at all times, guide price £240."|"20130809175520"|"AA00025"|""|"2013-14"
30013|"Accommodation"|"[25Mar14] Boarding & Day"|"20140325125304"|"AA00044"|""|"2014-15"
30013|"Travel information"|"[25Mar14] 45 minutes from central London."|"20140325123408"|"AA00044"|""|"2014-15"
30013|"Uniform"|"[25Mar14] Newland College students have the choice of three Newland College JUMPERS to wear with their own clothing. JEANS are NOT worn during the week. The colours are sky blue, bright orange and a medium grey and are available on arrival for £20 per jumper. Students also buy a full Newland College reversible sports kit for £50 and Newland College tracksuit for £50. The Newland College tie, worn for special occasions, is £20."|"20140325123729"|"AA00044"|""|"2014-15"
509|"Sibling Discount"|"School offers a sibling sidcount while all children are in the school. The second child receives a 10% discount."|"20140327120436"|"AA00044"|""|"2013-14"
394|"Hotel/B&B"|"[9 Jul 2013] There are 2  hotels near Reed’s :-

1. ‘The Fairmile’. It is a Premier Inn which is a well- known chain of hotels in this country and is very convenient for Reed’s. The telephone number is  00 44 871 527 8256 and it is situated about 1 ½ miles from Reed’s. I think the cost for the night is £100.
2. ‘Cobham Lodge’ – slightly  further from Reed’s and about 2 ½  miles from Reed’s but slightly cheaper  at £85. Telephone number is 00 44 1932 862015."|"20130709113044"|"AA00025"|""|"2013-14"
394|"Others"|"[9 Jul 2013] Taxi - Cobham Cars – 00 44 1932 863335"|"20130709113119"|"AA00025"|""|"2013-14"
394|"Airport Pickup Remark"|"Nearest airport: Heathrow, Gatwick
Free for centain flights

[9 Jul 2013] Reed’s is only a further 25 minutes away from Heathrow. If they were going there by train then it is just as easy to get to Cobham/Stoke D’Abernon station from Waterloo station (35 minutes) and then we are a 5 minute taxi ride away from the station."|"20140215110359"|"AA00025"|""|"2013-00"
30000|"Teacher/Pupil Ratio"|"[26Mar14] Teaching staff in excess of 80 for the 902 students in the Senior School."|"20140326125825"|"AA00044"|""|"2013-14"
30000|"No. of Chinese Student"|"[26Mar14] Currently have a total of 46 HK students in Boarding."|"20140326105854"|"AA00044"|""|"2013-14"
30000|"Teacher/Pupil Ratio"|"Teaching staff in excess of 80 for the 902 students in the Senior School."|"20140329202218"|"AA00003"|""|"2013-14"
508|"Airport Pickup Remark"|"Yes"|"20140331121529"|"AA00044"|""|"2014-15"
508|"Airport Pickup Remark"|"Yes, we can arrange transfers from Preston to Stonyhurst.  A taxi (which holds up to 4 persons) costs £36.  The cost, if more than one person travels in the same taxi, is shared between students.  Should there be sufficient students arriving in Preston at a similar time, we do run a coach at a cost of £10 per student.

The cost of a transfer from Manchester Airport is £62.40.  Again, the cost can be shared if more than one person travels in the car.  The cost of a coach place (should there one be running at an appropriate time) would be £15."|"20140331121659"|"AA00044"|""|"2014-15"
508|"Airport Pickup Remark"|"Yes, we can arrange transfers from Preston to Stonyhurst.  A taxi (which holds up to 4 persons) costs £36.  The cost, if more than one person travels in the same taxi, is shared between students.  Should there be sufficient students arriving in Preston at a similar time, we do run a coach at a cost of £10 per student.

The cost of a transfer from Manchester Airport is £62.40.  Again, the cost can be shared if more than one person travels in the car.  The cost of a coach place (should there one be running at an appropriate time) would be £15."|"20140331121722"|"AA00044"|""|"2014-15"
508|"Airport Pickup Remark"|"Yes, we can arrange transfers from Preston to Stonyhurst.  A taxi (which holds up to 4 persons) costs £36.  The cost, if more than one person travels in the same taxi, is shared between students.  Should there be sufficient students arriving in Preston at a similar time, we do run a coach at a cost of £10 per student.

The cost of a transfer from Manchester Airport is £62.40.  Again, the cost can be shared if more than one person travels in the car.  The cost of a coach place (should there one be running at an appropriate time) would be £15.

A lot of our students who fly back home to Hong Kong, get taxis from the school to Manchester airport then a flight direct to Heathrow to take their main flight, this saves the long journey of taking the school coach which is accompanied to Euston in London where the students then make their own way to Heathrow.  Sometimes their guardian will meet them at Euston to help with this."|"20140331121739"|"AA00044"|""|"2014-15"
508|"Airport Pickup Remark"|"we can arrange transfers from Preston to Stonyhurst.  A taxi (which holds up to 4 persons) costs £36.  The cost, if more than one person travels in the same taxi, is shared between students.  Should there be sufficient students arriving in Preston at a similar time, we do run a coach at a cost of £10 per student.

The cost of a transfer from Manchester Airport is £62.40.  Again, the cost can be shared if more than one person travels in the car.  The cost of a coach place (should there one be running at an appropriate time) would be £15.

A lot of our students who fly back home to Hong Kong, get taxis from the school to Manchester airport then a flight direct to Heathrow to take their main flight, this saves the long journey of taking the school coach which is accompanied to Euston in London where the students then make their own way to Heathrow.  Sometimes their guardian will meet them at Euston to help with this."|"20140331122300"|"AA00044"|""|"2014-15"
575|"Term Begins Arrangement"|"Students need to be arriving either on the 17th August or the 1st September (depending which course she picks) and will fly back home from heathrow on the afternoon of 12th December."|"20140331102954"|"AA00044"|""|"2014-15"
327|"Long Weekend Arrangement"|"Cannot Stay, There are two Exeat weekends each term. It is the responsibility of the Guardian to ensure arrangements are made, for the Friday to Sunday evening, and communicated to the Housemistress at least 7 days in advance of the Exeat weekend."|"20130723170000"|""|""|"2013-14"
607|"Accommodation"|"Boarding"|"20130111134042"|""|""|"2013-14"
575|"Term Begins Arrangement"|"[31Mar14] Students need to be arriving either on the 17th August or the 1st September (depending which course she picks) and will fly back home from heathrow on the afternoon of 12th December."|"20140331132158"|"AA00044"|""|"2014-15"
33|"Music Tuition"|"vf"|"20140401160926"|"AA00044"|""|"2014-15"
251|"EFL Cost"|"[26 Sep 2013] Individual tuition per term: GBP232.75 or shared: GBP172.45"|"20130926164724"|"AA00025"|""|"2013-14"
113|"Music Instrument"|"Individual music lessons are available on a wide variety of instruments. The cost of lessons is £175 per term for 30 minute lessons and £233 per term for 40 minute lessons. Applications should be made to the Director of Music."|"20140403113859"|"AA00044"|""|"2013-14"
53|"Teacher/Pupil Ratio"|"1:9"|"20140215102727"|"AA00025"|""|"2013-14"
577|"Hotel/B&B"|"B&B- (1) Huxtable Farm- http://www.huxtablefarm.co.uk/index.htm
is right across the road from the school, a little way down the country lane so it would take approximately 10 minutes to walk across.  It is a lovely, friendly and comfortable bed and breakfast accommodation, situated in the heart of the countryside in beautiful surroundings.  The food is all home cooked. This is the nearest accommodation to West Buckland.  

Hotel- The next nearest hotels are either in South Molton or Barnstaple which are both about 9 miles away so parents would have to travel to school taxi, unless they would be renting a car and driving.    

In Barnstaple, the nearest is a Premier Inn.
http://www.premierinn.com/en/hotel/BARBAR/barnstaple

If Mrs Tse wishes to stay “in town” there are one or two hotels I would suggest to her in Barnstaple town centre:
http://www.booking.com/searchresults.en-gb.html?aid=303948;label=barnstaple-aireborough-5ji09Tazub9skyCb3nocZgS14124173541%3Apl%3Ata%3Ap115%3Ap2%3Aac%3Aap1t1%3Aneg;sid=a7008cc984a7527aaca6c899de0c1de2;dcid=1;city=-2589310;hyb_red=1;redirected_from_city=1;src=city

On this website, The Imperial and The Royal and Fortescue are in the town centre slightly closer to school.  The Barnstaple Hotel is situated to the other side of the town so perhaps would not be ideal.  

If Huxtable Farm is not suitable, I would suggest the Premier Inn which is situated adjacent to the North Devon Link Road which comes out to the turn-off for West Buckland."|"20140408104339"|"AA00044"|""|"2013-14"
577|"Hotel/B&B"|"B&B- (1) Huxtable Farm - http://www.huxtablefarm.co.uk/index.htm
is right across the road from the school, a little way down the country lane so it would take approximately 10 minutes to walk across.  It is a lovely, friendly and comfortable bed and breakfast accommodation, situated in the heart of the countryside in beautiful surroundings.  The food is all home cooked. This is the nearest accommodation to West Buckland.  

HOTEL- The next nearest hotels are either in South Molton or Barnstaple which are both about 9 miles away so parents would have to travel to school taxi, unless they would be renting a car and driving.    
- In Barnstaple, the nearest is a (1) Premier Inn. http://www.premierinn.com/en/hotel/BARBAR/barnstaple
- Barnstaple town centre: (2) The Imperial and (3) The Royal and Fortescue are in the town centre slightly closer to school. (4) The Barnstaple Hotel is situated to the other side of the town so perhaps would not be ideal.  

http://www.booking.com/searchresults.en-gb.html?aid=303948;label=barnstaple-aireborough-5ji09Tazub9skyCb3nocZgS14124173541%3Apl%3Ata%3Ap115%3Ap2%3Aac%3Aap1t1%3Aneg;sid=a7008cc984a7527aaca6c899de0c1de2;dcid=1;city=-2589310;hyb_red=1;redirected_from_city=1;src=city

PLEASE SEE FILING SYSTEM FOR FURTHER INFO."|"20140408105337"|"AA00044"|""|"2013-14"
261|"No. of Chinese Student"|"[2 Mar 2013] Current Chinese pupils in school
Yr 9 - 5, Yr 10 - 5, Yr 11 - 6, Yr 12 - 9, Yr 13 - 7, Total 32"|"20130302113204"|"AA00025"|""|"2012-13"
148|"EFL Cost"|"[7Mar14] £1,435 per term"|"20140307182806"|"AA00043"|""|"2013-14"
208|"Sibling Discount"|"Parents with three or more children at Gresham’s (from the same family at the same time) currently attract a sibling reduction if the youngest child is at least full-time in the Pre-Prep Reception class. The basis of this is that 10% of the relevant day fee is deducted from the fees of each child when there are three children in the Schools, whilst 25% of the relevant day fee is deducted from the fee of each child when there are four or more pupils qualifying.
Where any child who is entitled to a sibling reduction also becomes entitled  to a scholarship or bursary, the scholarship or bursary reduces the sibling allowance for that child."|"20140408140133"|"AA00044"|""|"2014-15"
681|"Others"|"Students are able to have a BIKE on campus, we have LOCKABLE BICYCLE SHELTERS
and students pay a £10 deposit for the key at the beginning of term.  This will be refunded when the key is handed back to Student Services at the end of term.  Students are NOT permitted to ride the bike around the PEDESTRIAN AREAS ON CAMPUS."|"20140408183124"|"AA00044"|""|"2014-15"
457|"No. of Chinese Student"|"[12 Mar 2014]  40 from Hong Kong – 10 leaving in summer and one confirmed new signed up,12 from China with 3 leaving in summer and two confirmed new signed up.  They are spread from Year 9 to Year 13 and are split across 6 boarding houses"|"20140312150436"|"AA00044"|""|"2013-14"
472|"EFL Cost"|"g"|"20140410101853"|"AA00044"|""|"2014-15"
136|"Music Instrument"|"Per instrument £30 per lesson
For 2 or more instruments £30 per lesson for the first instrument
£23 per lesson for each additional instrument"|"20140410181924"|"AA00044"|""|"2014-15"
136|"Music Tuition"|"Use of School instrument £55 per term"|"20140410182004"|"AA00044"|""|"2014-15"
136|"Others"|"Per instrument £30 per lesson
For 2 or more instruments £30 per lesson for the first instrument
£23 per lesson for each additional instrument"|"20140410182016"|"AA00044"|""|"2014-15"
634|"Uniform"|"[19 Mar 2010]
No uniform is worn in the Sixth Form, but
Students are expected to be smart and businesslike, hence sixth formers normally wear suits"|"20121128165039"|"AA00032"|""|""
53|"Guardianship"|"Sue DYKE believes Mrs Peachey is still offering Guardianship for students"|"20140411112859"|"AA00044"|""|"2014-15"
53|"Guardianship"|"School believes Mrs Peachey is still offering Guardianship for students"|"20140411112950"|"AA00044"|""|"2014-15"
271|"No. of Chinese Student"|"[28 Apr 2011]
We have 3 French pupils, 2 Spanish pupils, 11 German pupils, 4 pupils from Taiwan, 2 from mainland China and 33 from Hong Kong."|"20121128160852"|"AA00032"|""|""
586|"Sibling Discount"|"Second child 5%, third child 25%, subsequent children 50%"|"20130110110941"|"AA00032"|""|""
189|"Music Tuition"|"INDIVIDUAL TUITION (10 x 30 minutes payable to tutor)- £135 per term"|"20140411131402"|"AA00044"|""|"2014-15"
457|"No. of Chinese Student"|"[12Mar14]  40 from Hong Kong – 10 leaving in summer and one confirmed new signed up.12 from China with 3 leaving in summer and two confirmed new signed up.  They are spread from Year 9 to Year 13 and are split across 6 boarding houses"|"20140409102403"|"AA00044"|""|"2013-14"
457|"School Area"|"6 acre site –  40 additional acres of playing fields off site"|"20140411172832"|"AA00044"|""|"2014-15"
101|"Joining Pack"|"The price for text books can vary on what subjects taken, but Pre Arrival Documentation will be sent out 3 months prior to arrival with a list of text books."|"20140411175745"|"AA00044"|""|"2014-15"
101|"Term Begins Arrangement"|"Term starts on Monday 1st Sept. Students can start arriving the weekend before, 30th August."|"20140410122839"|"AA00044"|""|"2014-15"
101|"Holiday Arrangement"|"NO cost to stay at Student Castle during Christmas and Easter holiday"|"20140411180327"|"AA00044"|""|"2014-15"
101|"Joining Pack"|"The price for text books can VARY on what subjects taken, but Pre Arrival Documentation will be sent out 3 months prior to arrival with a list of text books."|"20140411180139"|"AA00044"|""|"2014-15"
632|"Sibling Discount"|"Millfield Summer school can offer sibling discount. However, seem need to ask every time."|"20140412161251"|"AA00044"|""|"2014-15"
299|"Music Tuition"|"recommended fees: (per 35 minute lesson) -£23.00; (per 45 minute lesson)-£29.50"|"20140412165647"|"AA00044"|""|"2014-15"
55|"Scholarship Info"|"A Level Scholarships- Case by case
GCSE pathway programme (Yr9 or Yr10)- Scholarship Exam
Foundation Bursary-"|"20140415110031"|"AA00044"|""|"2014-15"
55|"Scholarship Info"|"A Level Scholarships- Case by case
GCSE pathway programme (Yr9 or Yr10)- Scholarship Exam
Foundation Bursary- (1)Oxford: Art/Design, Media, Humanities, Law; (2) London: Business; (3) Cambridge: Engineering, Science
**These special prices are VALID until 31 March 2015 unless notified otherwise
please go filing system->speical offers for further infomation!"|"20140415110822"|"AA00044"|""|"2014-15"
11|"Guardianship"|"Whilst we are not able to recommend, we have had contact with the agencies listed below which you might like to contact:

Pippa’s Guardians:  info@pippasguardians.co.uk
Tel: 01684 572649

Quest Guardians:   office@questguardians.co.uk 
Tel: 01202 882299

Gabbitas Guardians:   info@gabbitas.co.uk 
Tel: 020 7734 0161"|"20140415113506"|"AA00044"|""|"2014-15"
78|"School Area"|"27-acre campus"|"20140415115520"|"AA00044"|""|"2013-14"
299|"Insurance"|"School Fees Refund Scheme
Junior Full Boarder ... £87.00
Junior Weekly Boarder ...£84.50
Junior Flexi Boarder ...£107.40
Junior Day ...£95.55
Senior Full Boarder ...£96.60
Senior Weekly Boarder ... £92.00
Senior Flexi Boarder ... £117.00
Senior Day ...£102.60
BUPA ... £67.50
Personal Accident Insurance Scheme ... £6.20"|"20140415163407"|"AA00044"|""|"2014-15"
558|"Music Tuition"|"[15Mar14] Offer 10 lessons of individual tuition in Music and Drama which is GBP185 per term."|"20140315171343"|"AA00044"|""|"2013-14"
558|"Sibling Discount"|"[13Mar14] The sibling discount is 5% and is applied to the fees of the eldest child. If you have three children at the school then the two eldest will both receive the 5% discount and so on with subsequent siblings."|"20140313182803"|"AA00044"|""|"2013-14"
558|"Sibling Discount"|"The sibling discount is 5% and is applied to the fees of the eldest child. If you have three children at the school then the two eldest will both receive the 5% discount and so on with subsequent siblings."|"20140415180950"|"AA00044"|""|"2013-14"
558|"Accommodation Remark"|"[13Mar14] Poltisco, a new boarding house for Junior Girls aged 11-15 years old, is opening in the Summer Term 2014. It offers accommodation for 12 boarding students in seven large and spacious bedrooms. It has a kitchen and lounge area as well as a separate games room"|"20140313182103"|"AA00044"|""|"2014-15"
362|"Music Tuition"|"The scale of charges for private music lessons depends on the instrument concerned, and whether instruction is given individually or in a group.  Details of charges, which are payable direct to the music teacher concerned, can be supplied on request to the Director of Music."|"20140417103930"|"AA00044"|""|"2014-15"
2|"Scholarship Info"|"11+,13+,sixth form"|"20140417155216"|"AA00044"|""|"2013-14"
628|"Accommodation Remark"|"Two houses (separated male and female living areas) and CCTV provides 24 hour security. Rooms are either single, double or multi-bedded depending on student requests. All rooms are furnished."|"20140422130854"|"AA00044"|""|"2013-14"
575|"Term Begins Arrangement"|"[31Mar14] Students need to be arriving either on the 17th August or the 1st September (depending which course she picks) and will fly back home from heathrow on the afternoon of 12th December."|"20140401111651"|"AA00003"|""|"2014-15"
602|"Travel Info"|"London is 2 and half hour hours away by car or direct train."|"20140423110110"|"AA00044"|""|"2013-14"
533|"Accommodation"|"Boarding"|"20130111134042"|""|""|"2013-14"
533|"Accommodation"|"Boarding
No weekly boarding option"|"20140423180405"|"AA00044"|""|"2013-14"
21|"Accommodation"|"Boarding"|"20130111134042"|""|""|"2013-14"
100|"Accommodation"|"Boarding"|"20130111134042"|""|""|"2013-14"
4|"Accommodation"|"Boarding"|"20130111134042"|""|""|"2013-14"
337|"Accommodation"|"Boarding"|"20130111134042"|""|""|"2013-14"
345|"Accommodation"|"Boarding"|"20130111134042"|""|""|"2013-14"
11|"Accommodation"|"Boarding"|"20130111134042"|""|""|"2013-14"
12|"Accommodation"|"Boarding"|"20130111134042"|""|""|"2013-14"
21|"Accommodation"|"Boarding. School has approximately 850 pupils in the senior school, with 1/3 being boarders. Year on year the split between weekly and full boarding is literally 50/50."|"20140423180636"|"AA00044"|""|"2013-14"
687|"Accommodation"|"Boarding"|"20130111134042"|""|""|"2013-14"
100|"Accommodation"|"Boarding. Canford is 70% full boarding. School has no weekly or flexi-boarding. On average over 60% of the boarders remain in school at weekends."|"20140423180725"|"AA00044"|""|"2013-14"
4|"Accommodation"|"Boarding. There are NO weekly boarders at Charterhouse. A good many of our local pupils go home on Saturday nights, but they are all back for Sunday Chapel (usually at 7.00 pm)."|"20140423180823"|"AA00044"|""|"2013-14"
533|"Accommodation"|"Boarding. No weekly boarding option"|"20140423180422"|"AA00044"|""|"2013-14"
337|"Accommodation"|"Boarding. School has 25% day boarders (3 nights per week) and 75% full boarders (7 days a week)."|"20140423180903"|"AA00044"|""|"2013-14"
345|"Accommodation"|"Boarding.School does not have any weekly boarders but have 865 full boarders out of 1110 pupils ( 80%)."|"20140423181012"|"AA00044"|""|"2013-14"
11|"Accommodation"|"Boarding. School only has FULL BOADERS or DAY PUPILS – at the moment the % works out at roughly 15% day pupils."|"20140423181151"|"AA00044"|""|"2013-14"
12|"Accommodation"|"Boarding. All boarders are FULL boarders. All boys are therefore in school for 6 nights a week (Sunday to Friday inclusive). As full boarders all are welcome in school on Saturday night too, although in practice a proportion of our more local boarders will spend Saturday evening at home on any chosen weekend (leaving late on Saturday afternoon and returning by late afternoon on Sunday)"|"20140423181251"|"AA00044"|""|"2013-14"
30015|"Music Tuition"|"Individual lessons (!rst instrument)-from £212 per term (30 minute lessons)
Subsequent instruments-from £190 per term (30 minute lessons)"|"20140424164606"|"AA00044"|""|"2013-14"
575|"Term Begins Arrangement"|"International students need to be school before the 4th September 2014 as they have to attend the pre sessional course

Students need to be arriving either on the 17th August or the 1st September (depending which course she picks) and will fly back home from heathrow on the afternoon of 12th December."|"20140422170019"|"AA00044"|""|"2014-15"
271|"No. of Chinese Student"|"Britain 368 pupils
China 5 pupils
France 1 pupil
Germany 11 pupils
Hong Kong 42
Iran 1
Italy 2
Latvia 2
Portugal 3
Russia 2
Taiwan 3
Thailand 1"|"20140425131932"|"AA00044"|""|"2013-14"
412|"Teacher/Pupil Ratio"|"staff:pupil ratio is 1:8"|"20140425151707"|"AA00044"|""|"2013-14"
412|"Guardianship"|"The Royal Hospital School does NOT appoint guardians on behalf of parents. 

The nominated guardian must:
 be over 25 years of age;
 be a permanent resident of the United Kingdom;
 reside within 2 hours travelling distance from the School, either by car or public transport;
 be a 24 hour point of contact for pupil, parents and the School;
 not be a member of staff at the Royal Hospital School
 act with delegated parental authority in the case of emergency or in other matters as required;
 provide appropriate overnight accommodation, if required, including at the start and end of terms and half terms.
Guardians"|"20140425174835"|"AA00044"|""|"2013-14"
457|"Uniform"|"s"|"20140429134438"|"AA00044"|""|"2014-15"
21|"Prep School Progression"|"20140430: student from Handcross Park School will need to sit Common Entrance exam to move onto Year 9 students and the requirement will be 60% to gain entry into Brighton College."|"20140430103512"|"AA00007"|""|"2014-15"
422|"EFL Cost"|"d"|"20140503173304"|"AA00044"|""|"2014-15"
9|"Visa"|"f"|"20140515133747"|"AA00044"|""|"2014-15"
7|"Uniform"|"[25 May 2012]
Sixth Form students do not wear uniform. It is perfectly acceptable to wear jeans, providing that they are clean and not ripped, but leisure/tracksuit bottoms are not appropriate. Tops should be smart and long enough to cover the midriff.

Sixth form: formal"|"20121128140034"|"AA00032"|""|""
345|"Video"|"Concert features Bronwen Chan who is from Hong Kong playing Mendelssohn violin concerto 1st movement at the Royal College of Music. Again we collaborate with the Royal College Strings who perform Shostakovich Chamber Symphony before joining our Symphony Orchestra for a section of  Shostakovich 5th symphony and Williams Star Wars.
https://www.youtube.com/watch?v=C6I9HO1nTNM"|"20140516102026"|"AA00044"|""|"2013-14"
316|"Music Tuition"|"Individual music lesson fees, per term (10 half-hour lessons)( lessons are
invoiced direct by the music teacher concerned). Fees per term will rise to £180 from January 2015."|"20140522172121"|"AA00044"|""|"2014-15"
59|"School Area"|"60 acre"|"20140523100815"|"AA00044"|""|"2014-15"
285|"Parent/Student Comment"|"[7 Apr 2011]
located inside a park, beautiful environment"|"20121128172928"|"AA00032"|""|""
480|"Parent/Student Comment"|"20140523: Michael YU visited the school, felt hardware is old, his tour guide is a macau boy, when the macau boy said hi to some teachers but the teachers did not sai hi to the macau boy. only headmistress and admissions are friendly."|"20140523162204"|"AA00007"|""|"2014-15"
416|"Sibling Discount"|"First Child 0% Second Child 5% 
Third Child 10% Fourth Child 25% 
Subsequent Child 50%"|"20130109111859"|"AA00032"|""|""
148|"Video"|"School has finished editing some great new videos that focus on our International Study Centre – IGCSE programme – and would love for you to have a look. They are very informative, show our facilities and contain testimonials from both staff and students.

http://vimeo.com/doverbroeckscollege"|"20140527144810"|"AA00044"|""|"2013-14"
30|"Airport Pickup Remark"|"20140601: All travel arrangements are coordinated through a local, trusted taxi company"|"20140602154327"|""|""|"2014-15"
285|"Accommodation Remark"|"1 junior house ( for studnets aged 11-13) and 4 senior houses ( for student aged 13-18). Boarding and day students are fully integrated within the houses. The houses have a comfortable and homely environment with facilities including social areas, kitchens, washing facilities and IT rooms."|"20140603112723"|"AA00044"|""|"2014-15"
285|"Scholarship Info"|"A number of academic, art, music, drama and sport scholarship are granted for entry to year 7,9 and sixth form."|"20140603115716"|"AA00044"|""|"2014-15"
101|"Guardianship"|"NO guardian fee for pupils who are 18+"|"20140411175517"|"AA00044"|""|"2014-15"
94|"Accommodation Remark"|"[15Mar14]
Full 131; Weekly 1
Day Students total 46"|"20140315123015"|"AA00003"|""|"2014-15"
313|"Joining Pack"|"Parentnet area of our website which will enable the family to read and download our Joining Information for new parents.  
 
Please go to www.Merchiston.co.uk and click on the current parent tab and then the parentnet tab.
 
The login for Parentnet is:
 
Username: parent
Password: mcs
 
By clicking on the new parents’ information link on the left hand menu you will find:
 
Ø  General information for all joining parents and pupils
Ø  Information which is specific to your son’s year group on joining
Ø  A copy of the House Handbook for your son’s year group
Ø  Additional information for International Students if applicable"|"20140605095406"|"AA00044"|""|"2014-15"
17|"Hotel/B&B"|"Four Sevens Guest House calypsod@hotmail.com
 
Pescara House + (0)1206 520055 dave@pescarahouse.co.uk www.pescarahouse.co.uk"|"20140619173518"|"AA00044"|""|"2014-15"
480|"EFL Cost"|"Individual (per hour):  £43.75
Class of 2 (per hour):  £25.60 
Class of 3 (per hour):  £19.50
Class of 4 (per hour):  £16.60"|"20140920114215"|"AA00032"|""|"2014-15"
17|"Hotel/B&B"|"Four Sevens Guest House  (www.foursevens.co.uk ) calypsod@hotmail.com
Pescara House (www.pescarahouse.co.uk) dave@pescarahouse.co.uk 
The North Hill Hotel ( www.northhillhotel.com) info@northhillhotel.com
Brook Red Lion
-"|"20140619174004"|"AA00044"|""|"2014-15"
545|"Scholarship Info"|"Apart from academic scholarships school also offers scholarships for Art/Textiles, Music, Performing Arts and Sport."|"20140624121425"|"AA00044"|""|"2014-15"
21|"Music Tuition"|"f"|"20140624132715"|"AA00044"|""|"2014-15"
431|"Scholarship Info"|"Academic Scholarship-
Art Scholarship- 
Drama Scholarship- 
Music Scholarship-http://www.sevenoaksschool.org/y9downloads
sport scholarship-http://www.sevenoaksschool.org/y9-sport-scholarships"|"20140625133717"|"AA00044"|""|"2014-15"
431|"Scholarship Info"|"Academic Scholarship-
Art Scholarship- 
Drama Scholarship- 
Music Scholarship-http://www.sevenoaksschool.org/y9downloads

sport scholarship-http://www.sevenoaksschool.org/y9-sport-scholarships"|"20140625133730"|"AA00044"|""|"2014-15"
103|"Teacher/Pupil Ratio"|"[26 Sep 2013] 1:9"|"20130926165608"|"AA00025"|""|"2013-14"
103|"Teacher/Pupil Ratio"|"1:9"|"20140626104900"|"AA00044"|""|"2014-15"
103|"Uniform"|"Suits (Six Form)"|"20121127153118"|"AA00032"|""|""
430|"Accommodation"|"4"|"20140627100912"|"AA00044"|""|"2014-15"
29|"Music Tuition"|"Instrument lessons cost £160.00 per term for 10 one to one lessons."|"20140715181443"|"AA00044"|""|"2014-15"
140|"Guardianship"|"Every overseas student (including those over the age of 18) is required to have a guardian before starting at the School.
- Be over 25 years of age
- Live in the UK – and ideally within two hour’s travelling time from Cheltenham 
(i.e. close enough for travelling to and from during a weekend)
- Be able to correspond with the School in English
- Be a friendly point of contact and someone who is capable of providing appropriate supervision and pastoral care.
- Help students make travel arrangements and provide accommodation at the start and end of terms if necessary"|"20140718100808"|"AA00044"|""|"2014-15"
602|"Half Term Arrangement"|"The College remains open during half term at no extra cost."|"20140626121426"|"AA00044"|""|"2014-15"
10|"Music Instrument"|"Instrument Hire
Individual GBP32.00"|"20140731112724"|"AA00044"|""|"2014-15"
2|"Sibling Discount"|"Second daugther-5%; third and subsequent daugthers-10%"|"20140417155050"|"AA00044"|""|"2013-14"
539|"Guardianship"|"At 2013-14, £750 per year, payable in 3 termly instalments of £250. Quest Guardians will visit The Park School at least once per term."|"20140801160233"|"AA00044"|""|"2013-14"
381|"Long Weekend Arrangement"|"All girls in Year 7 and 8 are expected to be"|"20140808103517"|"AA00044"|""|"2014-15"
602|"Others"|"Clothes should be clerly marked with name tags so they do not get lost at laundry.  They can be any format of name tag."|"20140808170633"|"AA00044"|""|"2014-15"
298|"Music Tuition"|"There are normally ten lessons per term at a cost of £128 per term.  Parents are asked to make payments directly to the relevant music teacher."|"20140801163239"|"AA00044"|""|"2014-15"
336|"Accommodation"|"1) Staying in a family enviroment
2) Halls of residence
3) Staying with a relatives, friends ot guardian"|"20130702112131"|"AA00025"|""|"2013-00"
336|"Accommodation"|"1) Staying in a family enviroment 2) Halls of residence 3) Staying with a relatives, friends ot guardian"|"20140813143726"|"AA00007"|""|"2013-14"
336|"Accommodation"|"1) Staying in a family environment 2) Halls of residence 3) Staying with a relatives, friends ot guardian"|"20140813143834"|"AA00007"|""|"2013-14"
686|"Accommodation"|"Host family

[28 Jan 2014]
You have chosen to stay with a homestay provider as a paying guest.  You will usually be the only student from your country in the homestay.  This is a valuable opportunity to experience life in a ‘typical’ household, and to hear and speak English outside the classroom.

All our our homestay providers have agreed to abide by the Homestay Code of Practice.  This means that your host will promise:

•	To encourage you to speak English as much as possible in the home
•	To encourage you to feel at home and to treat you as a member of the household rather than a paying guest
•	Not to host another student of the same native language as you at the same time (unless by special agreement with both of you)
•	To provide a clean and comfortable room as recommended by the British Council
•	To provide a home environment you can carry on your English studies properly including use of internet/wireless if they have this facility
•	To provide you with a balanced and appropriate diet
•	To show due concern for your welfare, safety and security during your stay
•	For protection of all members of the household, we ask that doors remain open when alone in a room with a student.
•	To give you reasonable and regular access to bathroom and laundry facilities (some families will do your laundry for you)
•	To communicate regularly with the college and so be in a position to help resolve any problems you may encounter during your stay
•	To respect your different cultural background and be sensitive to your particular needs

The fees for homestay accommodation will be £130 per week for half board (breakfast and evening meal Monday to Friday, three meals Saturday and Sunday) although you may choose to pay for full board only and this can be agreed with your homestay family. If you pay the homestay fees for the year, then the college will issue a cheque to the host family each term.  However, you may prefer to pay the family yourself every four weeks.  There will be a retainer fee payable of £30 per week, payable in advance, when you return home for the holidays.

Some of the homestay families will have children who attend the college, and in other families you will be the youngest member of the household.

If you have any worries about your homestay accommodation you can discuss them with the Admissions Manager at the college.  The relationship with past students and homestay families has been very successful in the past and we are sure you will soon settle in and be made to feel very welcome."|"20140128100946"|"AA00025"|""|"2013-00"
10|"Holiday Arrangement"|"Families are expected to respect published dates and do not request
early departures or late returns"|"20140823115313"|"AA00003"|""|"2014-15"
130|"Uniform"|"PE"|"20140823132158"|"AA00032"|""|"2014-15"
686|"Accommodation Remark"|"[28 Jan 2014]
HOMESTAY ACCOMMODATION FEES – SEPTEMBER 2013

Cost:	£130 per week for half board accommodation (breakfast and a two course evening meal Monday to Friday, lunch included Saturday and Sunday) 

(If the student returns to his/her home Country for holidays,  the accommodation cost will be reduced to £30 for each week the student is away, half term breaks away from the host’s home are included)  This payment is compulsory, it is non-negotiable.

Payable:		£520 in advance every four weeks direct to Homestay.

First Payment:	£520 – first four weeks accommodation for half board. 
 

Any breakages or damage will be paid for out of the deposit  paid when the students first applied.  A quote for repair or replacement will be requested.

	 
If a student wishes to change accommodation, or a host family wishes the student to leave, this must be notified to the college with at least one month’s notice in writing."|"20140128100901"|"AA00025"|""|"2013-14"
121|"Accommodation"|"Host Family"|"20130709160639"|"AA00025"|""|"2013-00"
524|"Accommodation"|"Taunton School has its own medical centre providing 24-hour nursing care."|"20141124160352"|"AA00032"|""|"2014-15"
522|"Accommodation Remark"|"Taunton School has its own medical centre providing 24-hour nursing care."|"20141124160630"|"AA00032"|""|"2014-15"
686|"Accommodation"|"Host family

[28 Jan 2014]
You have chosen to stay with a homestay provider as a paying guest.  You will usually be the only student from your country in the homestay.  This is a valuable opportunity to experience life in a ‘typical’ household, and to hear and speak English outside the classroom.

All our our homestay providers have agreed to abide by the Homestay Code of Practice.  This means that your host will promise:

•	To encourage you to speak English as much as possible in the home
•	To encourage you to feel at home and to treat you as a member of the household rather than a paying guest
•	Not to host another student of the same native language as you at the same time (unless by special agreement with both of you)
•	To provide a clean and comfortable room as recommended by the British Council
•	To provide a home environment you can carry on your English studies properly including use of internet/wireless if they have this facility
•	To provide you with a balanced and appropriate diet
•	To show due concern for your welfare, safety and security during your stay
•	For protection of all members of the household, we ask that doors remain open when alone in a room with a student.
•	To give you reasonable and regular access to bathroom and laundry facilities (some families will do your laundry for you)
•	To communicate regularly with the college and so be in a position to help resolve any problems you may encounter during your stay
•	To respect your different cultural background and be sensitive to your particular needs

The fees for homestay accommodation will be £130 per week for half board (breakfast and evening meal Monday to Friday, three meals Saturday and Sunday) although you may choose to pay for full board only and this can be agreed with your homestay family. If you pay the homestay fees for the year, then the college will issue a cheque to the host family each term.  However, you may prefer to pay the family yourself every four weeks.  There will be a retainer fee payable of £30 per week, payable in advance, when you return home for the holidays.

Some of the homestay families will have children who attend the college, and in other families you will be the youngest member of the household.

If you have any worries about your homestay accommodation you can discuss them with the Admissions Manager at the college.  The relationship with past students and homestay families has been very successful in the past and we are sure you will soon settle in and be made to feel very welcome."|"20140813144728"|"AA00007"|""|"2013-14"
101|"Airport Pickup Remark"|"[5 Apr 2013]Parents can also board the college coach but will cost £50.00 per person. Only students are complimentary.

[8 Jan 2013] The College does arrange airport pick from Heathrow at a cost of £195. We provide accommodation during end of term holidays (except summer).
 
[4 Jan 2013] Complimentary airport pickup will be offered on the 7th of September 2013 from Heathrow terminal 3.

[22 May 2012] 
The school organises airport transfers in any London from Heathrow Airport.
 
[17 Jan 2012]
 Complimentary airport pick up on 27th August at either 12 pm or 6pm. Airport Pick Up forms will be sent 3 months prior to the course."|"20140215103729"|"AA00025"|""|"2013-00"
101|"Airport Pickup"|"[24 Oct 2013]
Nearest airport - Heathrow & Cardiff
One airport pick up is included in the cost on specofoed dates"|"20140215103722"|"AA00025"|""|"2013-00"
480|"Extras"|"."|"20140920113158"|"AA00032"|""|"2014-15"
480|"Extras"|"Music Fees
Individual private instrumental lessons per instrument:  £240.00
Group private instrumental lessons per instrument:  £137.00
Theory lessons (average 4 per class):  £60.00
Instrument hire:  £45.50

Curriculum support
Senior School (per lesson):  £28.00
Junior School (per lesson):  £17.25

Touch Type, Read and Spell (TTRS)
Senior School (per lesson):  £10.60
Junior School (per lesson):  £25"|"20140920114145"|"AA00032"|""|"2014-15"
480|"Extras"|"Curriculum support
Senior School (per lesson):  £28.00
Junior School (per lesson):  £17.25

Touch Type, Read and Spell (TTRS)
Senior School (per lesson):  £10.60
Junior School (per lesson):  £25"|"20140920114345"|"AA00032"|""|"2014-15"
320|"Scholarship Info"|"The Sixth Form Scholarship Assessments will be taking place in the week commencing 13 October and it is for both UK and Overseas applications. 

Please refer to the relevant information about the scholarships being saved in ""Filing System"" and contact Mr. James Harding, Director of Admissions, if any prospective students might be eligible to apply.

Please note that all Scholarship entries should be returned to Mr. James Harding no later than 2 Oct (Thu).

Scholarships and Exhibitions Outline:
As well as Academic Scholarships, the school is offering Exhibitions in the following areas:
1) Drama
2) Music
3) Art
4) Sport

2014 -2015 Scholarship and Exhibition Dates: 
Sixth Form Assessments Week commencing 13 Oct 2014 (Mon)
Years 3 -10 Assessments 29 to 31 Jany 2015 (Thu-Mon) 
Parents are notified of their daughter’s results within one week of the assessment."|"20140920124154"|"AA00032"|""|"2014-15"
533|"Half Term Arrangement"|"Fixed Exeat Arrangements - 26-28 Sep 2014"|"20140920162045"|"AA00032"|""|"2014-15"
652|"Extras"|"REGISTRATION FEE (All students):  £250 (Non-refundable)
DEPOSIT (Overseas students only):  £1,000 (Deducted from 1st year’s bill)
BOOK DEPOSIT (All students):  £300 (Refundable at end of course)
EXAMINATION FEES
     GCSE:  £180 (Excluding re-sits)
      A-Level:  £275 (Excluding re-sits)
      IELTS:  £160 (Excluding re-sits)
ACCOMMODATION:  from £135 per week (for half-board in selected local families)

*Annual increases in fees are announced during the Spring Term each year. There is no VAT liability.

(For the payment details, please refer to Filing System, School Fees & Bank Details of the pdf doc.(CTC fees dates and payment terms 2014-15))"|"20140913124933"|"AA00032"|""|"2014-15"
652|"Extras"|"BOOK DEPOSIT (All students):  £300 (Refundable at end of course)
EXAMINATION FEES
     GCSE:  £180 (Excluding re-sits)
      A-Level:  £275 (Excluding re-sits)
      IELTS:  £160 (Excluding re-sits)

*Annual increases in fees are announced during the Spring Term each year. There is no VAT liability.

(For the payment details, please refer to Filing System, School Fees & Bank Details of the pdf doc.(CTC fees dates and payment terms 2014-15))"|"20140920190833"|"AA00032"|""|"2014-15"
30017|"One Term Notice Issue"|"[1Oct14] For the students forms, there is no need to send any hard copies by post, those scanned ones are enough for us to save."|"20141005154337"|"AA00032"|""|"2014-15"
413|"Term Begins Arrangement"|"Welcome Arrangements for New Pupils and Parents:
7 Sep (Mon)   All New Boarding Pupils Arrive
1 Sep (Mon)  16:30   All Year 12 Pupils Arrive
2 Sep (Tue)   11:00   Year 12 Pupil Registration
2 Sep (Tue)   13:30   All New Day Pupils and Parents Arrive
2 Sep (Tue)   16:00   Remaining Boarding Pupils Arrive
3 Sep (Wed)  08:15  Autumn Term Begins - Full Teaching Day"|"20141005163112"|"AA00032"|""|"2015-16"
130|"Uniform"|"PE White T-Shirt, House Shirt, Black Shorts, Smock, Black Trousers, Black Socks are mandatory. Order form is available to fill in for such purchase.
Black Skort (a skirt with shorts underneath for girls only instead of shorts) is also available on the order form."|"20140823132925"|"AA00032"|""|"2014-15"
373|"Admissions Info"|"UKiset results BEFORE registration is required"|"20140823150511"|"AA00032"|""|"2014-15"
441|"Accommodation"|"[20Aug14] A small number of boarding places for boys available for this September.
 
Please contact Rachael Coates, direct line, 44 19 3484 5236 or email admissions@sidcot.org.uk"|"20140823170329"|"AA00032"|""|"2014-15"
522|"Accommodation"|"Taunton School International has its own garden leading on to playing fields, two recreation halls, a laundry, IT room, classrooms with interactive boards and a language laboratory. Wireless access is also available throughout the School campus."|"20141124160324"|"AA00032"|""|"2014-15"
681|"Accommodation"|"Residential"|"20130713113207"|"AA00025"|""|"2013-14"
38|"updates note"|"• Our students benefit from high expectations, which are encouraged and nurtured by a group of very talented and motivated teachers.
• Personal Tutors spend much of their time with students individually, so as to ensure really confident UCAS applications and to monitor their progress throughout the year.
• Small classes promote engagement and interaction, which are enhanced by extending the normal teaching time.
• There is competition for places on our A2 course; students must reach at least C grade standard at AS before proceeding to A2. Morale is boosted because the students share similar high ambitions.
• Preparation for exams is a constant feature of A-Level courses at Ashbourne. Regular testing provides a vital benchmark for all.
• Discipline is essential to the success of the College. Personal Tutors insist on the highest standards.
• An informal but purposeful atmosphere encourages a sense of responsibility and independence, in order to prepare students for the challenges of university.
• Student happiness is paramount; it is rare indeed to find an unhappy student at Ashbourne."|"20140823174007"|"AA00032"|""|"2014-15"
130|"Term Begins Arrangement"|"7 Sep (Sun): Arrivals day for new F3  boarders AND new and returning F4 students (Day Students should NOT attend)
8 Sep (Mon):  All F3 and  F4 students required to attend, including Day Students
9 Sep (Tue): Returning F5 due to arrive back at College including Day Students
10 Sep (Wed): Registration for all LS students in Tutor Groups including F5
11 Sep (Thu): Assembly for whole College
12 Sep (Fri): Normal College routines continue all day – except for 4.20pm when students interested in Music should go to the theatre for a presentation by Mr Kokkinos
13 Sep (Sat):  Day trip departs for all students to Alton Towers. Compulsory for all Lower School students.
14 Sep (Sun): Normal College weekend routines
15 Sep (Mon): Normal College routines
16 Sep (Tue): Normal College routines
17 Sep (Wed): F3 and F4 have Screening test with Karen Mitchell in the afternoon"|"20140823131322"|"AA00032"|""|"2014-15"
376|"updates note"|"[23Aug14] There are 6 to 8 remaining spaces for entry for this coming September.

If there are any last minute students who wish to come to Queen Ethelburga’s,or other students who, now aware of the superb placing of both our College and our Faculty in the 2014 League Tables, wish to switch to Queen Ethelburga’s for this September from another UK Independent school, then please contact us urgently."|"20140830125237"|"AA00032"|""|"2014-15"
413|"Term Begins Arrangement"|"1 Sep (Mon)  13:00   All New Boarding Pupils Arrive
1 Sep (Mon)  16:30   All Year 12 Pupils Arrive
2 Sep (Tue)   11:00   Year 12 Pupil Registration
2 Sep (Tue)   13:30   All New Day Pupils and Parents Arrive
2 Sep (Tue)   16:00   Remaining Boarding Pupils Arrive
3 Sep (Wed)  08:15  Autumn Term Begins - Full Teaching Day"|"20140830161703"|"AA00032"|""|"2014-15"
413|"Term Begins Arrangement"|"Welcome Arrangements for New Pupils and Parents

1 Sep (Mon)  13:00   All New Boarding Pupils Arrive
1 Sep (Mon)  16:30   All Year 12 Pupils Arrive
2 Sep (Tue)   11:00   Year 12 Pupil Registration
2 Sep (Tue)   13:30   All New Day Pupils and Parents Arrive
2 Sep (Tue)   16:00   Remaining Boarding Pupils Arrive
3 Sep (Wed)  08:15  Autumn Term Begins - Full Teaching Day"|"20140830161749"|"AA00032"|""|"2014-15"
10|"EFL"|"[27Aug14] For Sep 2015 entry, it will be either into a 2 year course (A Level) or a 3 year course (Pre A Level) but both courses will be via our new Language Pathway programme.  

Girls will be assessed by new entrance exams and then directed into the best course for their ability. (Information for further clarification as attachment at Filing System.)"|"20140830131705"|"AA00032"|""|"2015-16"
598|"Admissions Info"|"[3Sep14] If there are any students applying to Wycombe Abbey for Y9 entry, the school requested students to apply for CE, we can invigilate CE for their students in our exam centre.

For application and exam of other forms, pls discuss with Battie first."|"20140906112449"|"AA00032"|""|"2015-16"
598|"Admissions Info"|"If there are any students applying to Wycombe Abbey for Y9 entry, the school requested students to apply for CE, we can invigilate CE for their students in our exam centre.

For application and exam of other forms, pls discuss with Battie first."|"20140906112510"|"AA00032"|""|"2015-16"
533|"Half Term Arrangement"|"Half Term Coach/Bus Service:

King`s School to Victoria (Victoria Coach Station) via Blackheath (Charlton Way) and King`s School to Pease Pottage Service station (M23)

Booking arrangement - 
Complete and return booking form to the Armoury,by latest 14 Oct (Tue). 
(The completed form can be e-mailed to mf@kings-school.co.uk)"|"20140906115740"|"AA00032"|""|"2014-15"
533|"Half Term Arrangement"|"Half Term Coach/Bus Service:

King`s School to Victoria (Victoria Coach Station) via Blackheath (Charlton Way) and King`s School to Pease Pottage Service station (M23)

Booking arrangement - 
Complete and return booking form to the Armoury,by latest 14 Oct (Tue). 
(The completed form can be e-mailed to mf@kings-school.co.uk)

Outward Journey: 17 Oct (Fri)
Return Journey: 2 Nov (Sun)

Cost of a single Journey is £20 per pupil for all destinations"|"20140906115923"|"AA00032"|""|"2014-15"
533|"Half Term Arrangement"|"Half Term Coach/Bus Service:

King`s School to Victoria (Victoria Coach Station) via Blackheath (Charlton Way) and King`s School to Pease Pottage Service station (M23)

Booking arrangement - 
Complete and return booking form to the Armoury,by latest 14 Oct (Tue). 
(The completed form can be e-mailed to mf@kings-school.co.uk)

Outward Journey: 17 Oct (Fri)
Return Journey: 2 Nov (Sun)

Cost of a single Journey is £20 per pupil for all destinations

* Form and details are saved in ''Filing System''"|"20140906120023"|"AA00032"|""|"2014-15"
533|"Travel Info"|"Half Term Coach/Bus Service:

King`s School to Victoria (Victoria Coach Station) via Blackheath (Charlton Way) and King`s School to Pease Pottage Service station (M23)

Booking arrangement - 
Complete and return booking form to the Armoury,by latest 14 Oct (Tue). 
(The completed form can be e-mailed to mf@kings-school.co.uk)

Outward Journey: 17 Oct (Fri)
Return Journey: 2 Nov (Sun)

Cost of a single Journey is £20 per pupil for all destinations

* Form and details are saved in ''Filing System''"|"20140906121225"|"AA00032"|""|"2014-15"
377|"Others"|"Personal Training sessions:

Professional Sports conditioning/ 
Strength & Conditioning/ 
Personal training/ 
Group fitness Coaching

Fees:
Individual PT lessons: £31
Individual PT intensive: £37
Pairs PT: £22.00 (Per girl)
Trio PT: £18.00 (Per girl)
Group (Price on request)

* The detail info is saved in ''Filing System''"|"20140906123921"|"AA00032"|""|"2014-15"
652|"Extras"|"Book deposit to £300 and it remains fully refundable at the end of the course."|"20140913122008"|"AA00032"|""|"2014-15"
539|"Discounts"|"Early payment discount:
If the terms fees are received by the first day of each term there is a 1% discount off of the tuition fee. If parents/guardians wish to pay for a whole year in advance there is a 3% discount off of the tuition fee."|"20141216180504"|"AA00032"|""|"2014-15"
7|"Accommodation"|"Boarding"|"20130111134042"|""|""|"2013-14"
652|"Extras"|"REGISTRATION FEE (All students):  £250 (Non-refundable)
DEPOSIT (Overseas students only):  £1,000 (Deducted from 1st year’s bill)
BOOK DEPOSIT (All students):  £300 (Refundable at end of course)
EXAMINATION FEES
     GCSE:  £180 (Excluding re-sits)
      A-Level:  £275 (Excluding re-sits)
      IELTS:  £160 (Excluding re-sits)
ACCOMMODATION:  from £135 per week (for half-board in selected local families)

*Annual increases in fees are announced during the Spring Term each year. There is no VAT liability."|"20140913124308"|"AA00032"|""|"2014-15"
480|"Extras"|"Curriculum support
Senior School (per lesson):  £28.00
Junior School (per lesson):  £17.25

Touch Type, Read and Spell (TTRS)
Senior School (per lesson):  £10.60
Junior School (per lesson):  £25

Additional charges for exam fees
GCSE:  £200
A Level:  £150"|"20140920114904"|"AA00032"|""|"2014-15"
10|"School Visit"|"Hong Kong Interviews:

Date:  25-26 Oct, 2014 (Sat-Sun)
Address: The Excelsior Hotel, 281 Glocuester Road, Causeway Bay, HK

Please contact Diana Banham (dba@roedean.co.uk) to book an appointment."|"20140920134433"|"AA00032"|""|"2014-15"
141|"School Visit"|"Hong Kong Interviews:

Date:  25-26 Oct, 2014 (Sat-Sun)
Address: The Excelsior Hotel, 281 Glocuester Road, Causeway Bay, HK

Please contact Diana Banham (dba@roedean.co.uk) to book an appointment."|"20140920134240"|"AA00032"|""|"2014-15"
141|"."|"."|"20140920144841"|"AA00032"|""|"2014-15"
318|"Others"|"English Language Holiday Courses:

EASTER COURSES:   29 Mar - 12 Apr (Sun-Sun)
EARLY BIRD WEEKS: 28 Jun - 5 Jul (Sun-Sun)
SUMMER COURSES:  5 Jul - 23 Aug (Sun-Sun)"|"20140920170945"|"AA00032"|""|"2014-15"
652|"Extras"|"REGISTRATION FEE (All students):  £250 (Non-refundable)

BOOK DEPOSIT (All students):  £300 (Refundable at end of course)
EXAMINATION FEES
     GCSE:  £180 (Excluding re-sits)
      A-Level:  £275 (Excluding re-sits)
      IELTS:  £160 (Excluding re-sits)

*Annual increases in fees are announced during the Spring Term each year. There is no VAT liability.

(For the payment details, please refer to Filing System, School Fees & Bank Details of the pdf doc.(CTC fees dates and payment terms 2014-15))"|"20140920190714"|"AA00032"|""|"2014-15"
652|"Extras"|"EXAMINATION FEES
     GCSE:  £180 (Excluding re-sits)
      A-Level:  £275 (Excluding re-sits)
      IELTS:  £160 (Excluding re-sits)

*Annual increases in fees are announced during the Spring Term each year. There is no VAT liability.

(For the payment details, please refer to Filing System, School Fees & Bank Details of the pdf doc.(CTC fees dates and payment terms 2014-15))"|"20140920190944"|"AA00032"|""|"2014-15"
480|"Insurance"|"Personal accident insurance: £4"|"20140920113352"|"AA00032"|""|"2014-15"
480|"Extras"|"Curriculum support 
Senior School (per lesson):  £28.00
Junior School (per lesson):  £17.25

Touch Type, Read and Spell (TTRS)
Senior School (per lesson):  £10.60
Junior School (per lesson):  £25

Additional charges for exam fees
GCSE:  £200
A Level:  £150"|"20140920120220"|"AA00032"|""|"2014-15"
480|"Music Tuition"|"Individual private instrumental lessons per instrument:  £240.00
Group private instrumental lessons per instrument:  £137.00
Theory lessons (average 4 per class):  £60.00
Instrument hire:  £45.50"|"20140920114411"|"AA00032"|""|"2014-15"
480|"Uniform"|"Uniform for Junior School/Fifth Form:  £350
Uniform for Sixth Form (excluding suits/shirts for school day wear): £150"|"20140920114544"|"AA00032"|""|"2014-15"
480|"..."|"."|"20140920191711"|"AA00032"|""|"2014-15"
480|"Visa"|"Visa admin fee for Students from outside the European Economic Area:  £25"|"20140920115237"|"AA00032"|""|"2014-15"
480|"Extras"|"Curriculum support 
Senior School (per lesson):  £28.00
Junior School (per lesson):  £17.25

Touch Type, Read and Spell (TTRS)
Senior School (per lesson):  £10.60
Junior School (per lesson):  £25

Additional charges for exam fees
GCSE:  £200
A Level:  £150

Insurance: Personal accident insurance: £4"|"20140920191417"|"AA00032"|""|"2014-15"
101|"Guardianship"|"NO guardian fee for pupils who are 18+
the guardian will have to be living within a 30 min radius (oxford campus)"|"20140603153226"|"AA00044"|""|"2014-15"
413|"Half Term Arrangement"|"Autumn Term 2014:  
Half term begins:   17 Oct (Fri)  12:00 noon
Half term ends:      3 Nov (Mon)  8:15am for registration
                               (Boarders to return between 6:00pm and 8:00pm on 2 Nov (Sun))

Spring Term 2015:
Half term begins:   13 Feb (Fri)  3:50pm
Half term ends:       23 Feb (Mon)  8:15am for registration
                               (Boarders to return between 6:00pm and 8:00pm on 22 Feb (Sun))

SummerTerm 2015:
Exeat weekend begins: 1 May (Fri)  3:50pm
                                       4 May (Mon) - Bank holiday ~ school will be closed
                                       5 May (Tue)  8:15am for registration
                                      (Boarders to return between 6:00pm and 8:00pm on 4 May (Sun))


Half term begins:    22 May (Fri)  3:50pm
Half term ends:       1 Jun (Mon)  8:15am for registration
                               (Boarders to return between 6:00pm and 8:00pm on 31 May (Sun))"|"20141005161715"|"AA00032"|""|"2014-15"
413|"Half Term Arrangement"|"Autumn Term 2014:  
Half term begins:   17 Oct (Fri)  12:00 noon
Half term ends:      3 Nov (Mon)  8:15am for registration
       (Boarders to return between 6:00pm and 8:00pm on 2 Nov (Sun))

Spring Term 2015:
Half term begins:   13 Feb (Fri)  3:50pm
Half term ends:       23 Feb (Mon)  8:15am for registration
       (Boarders to return between 6:00pm and 8:00pm on 22 Feb (Sun))

SummerTerm 2015:
Exeat weekend begins: 1 May (Fri)  3:50pm
                                       4 May (Mon) - Bank holiday ~ school will be closed
                                       5 May (Tue)  8:15am for registration
        (Boarders to return between 6:00pm and 8:00pm on 4 May (Sun))


Half term begins:    22 May (Fri)  3:50pm
Half term ends:       1 Jun (Mon)  8:15am for registration
       (Boarders to return between 6:00pm and 8:00pm on 31 May (Sun))"|"20141005161823"|"AA00032"|""|"2014-15"
413|"Half Term Arrangement"|"Autumn Term 2014:  
Half term begins:   17 Oct (Fri)  12:00 noon
Half term ends:      3 Nov (Mon)  8:15am for registration
       (Boarders to return between 6:00pm and 8:00pm on 2 Nov (Sun))

Spring Term 2015:
Half term begins:   13 Feb (Fri)  3:50pm
Half term ends:       23 Feb (Mon)  8:15am for registration
       (Boarders to return between 6:00pm and 8:00pm on 22 Feb (Sun))

SummerTerm 2015:
Exeat weekend begins: 1 May (Fri)  3:50pm
                                       4 May (Mon) - Bank holiday ~ school will be closed
                                       5 May (Tue)  8:15am for registration
        (Boarders to return between 6:00pm and 8:00pm on 4 May (Sun))


Half term begins:    22 May (Fri)  3:50pm
Half term ends:       1 Jun (Mon)  8:15am for registration
       (Boarders to return between 6:00pm and 8:00pm on 31 May (Sun))"|"20141005162018"|"AA00032"|""|"2014-15"
413|"Half Term Arrangement"|"Autumn Term 2014:  
Half term begins:   17 Oct (Fri)  12:00 noon
Half term ends:      3 Nov (Mon)  8:15am for registration
(Boarders to return between 6:00pm and 8:00pm on 2 Nov (Sun))

Spring Term 2015:
Half term begins:   13 Feb (Fri)  3:50pm
Half term ends:       23 Feb (Mon)  8:15am for registration
(Boarders to return between 6:00pm and 8:00pm on 22 Feb (Sun))

SummerTerm 2015:
Exeat weekend begins: 1 May (Fri)  3:50pm
                                       4 May (Mon) - Bank holiday ~ school will be closed
                                       5 May (Tue)  8:15am for registration
(Boarders to return between 6:00pm and 8:00pm on 4 May (Sun))


Half term begins:    22 May (Fri)  3:50pm
Half term ends:       1 Jun (Mon)  8:15am for registration
(Boarders to return between 6:00pm and 8:00pm on 31 May (Sun))"|"20141005162312"|"AA00032"|""|"2015-16"
413|"Half Term Arrangement"|"Autumn Term 2014:  
Half term begins:   17 Oct (Fri)  12:00 noon
Half term ends:      3 Nov (Mon)  8:15am for registration
(Boarders to return between 6:00pm and 8:00pm on 2 Nov (Sun))

Spring Term 2015:
Half term begins:   13 Feb (Fri)  3:50pm
Half term ends:       23 Feb (Mon)  8:15am for registration
(Boarders to return between 6:00pm and 8:00pm on 22 Feb (Sun))

SummerTerm 2015:
Exeat weekend begins: 1 May (Fri)  3:50pm
                                       4 May (Mon) - Bank holiday ~ school will be closed
                                       5 May (Tue)  8:15am for registration
(Boarders to return between 6:00pm and 8:00pm on 4 May (Sun))


Half term begins:    22 May (Fri)  3:50pm
Half term ends:       1 Jun (Mon)  8:15am for registration
(Boarders to return between 6:00pm and 8:00pm on 31 May (Sun))"|"20141005162145"|"AA00032"|""|"2014-15"
30012|"Teacher/Pupil Ratio"|"Day Students	140
Boarding Students	130

Total Students	270"|"20141011104438"|"AA00032"|""|"2014-15"
30012|"Teacher/Pupil Ratio"|"Day Students	140 
Boarding Students	130

Total Students	270"|"20141011105528"|"AA00032"|""|"2014-15"
30012|"Teacher/Pupil Ratio"|"Day Students	140   
Boarding Students	130   

Total Students	270"|"20141011105539"|"AA00032"|""|"2014-15"
30012|"Teacher/Pupil Ratio"|"Day Students	140           
Boarding Students	130           
        
Total Students	270"|"20141011105559"|"AA00032"|""|"2014-15"
30012|"Teacher/Pupil Ratio"|"Day Students	140           
Boarding Students	130                   
        
Total Students	270"|"20141011105610"|"AA00032"|""|"2014-15"
30012|"Teacher/Pupil Ratio"|"Day Students	140       
Boarding Students	130               
    
Total Students	270"|"20141011105623"|"AA00032"|""|"2014-15"
154|"School Visit"|"Dulwich College 2015 Entrance Examinations and Seminar  
(2015 entry into Years 7, 8, 9, 10 and 12) 

Introduction Seminar for 2015 Entry  
Date Friday, 24th October 2014
Time 7:30pm- 8:30pm
Location Room 307-8 British Council, 3 Supreme Court Road, Admiralty   

Entrance Examination for 2015 Entry  
Date Sunday, 26th October 2014
Time 09:00am- 5:00pm
Location Fountains Room, LG/F New World Millennium Hotel 72 Mody
Road, Tsim Sha Tsui, Kowloon, Hong Kong (前尖東日航酒店)   

Interviews
Candidates may be called for interview with the representative of Dulwich
College on the day of entrance examinations.   

Registration or enquiries
Prior registration is required to sit the entrance examinations. Please contact Ms.
Kathy Mak by phone at (852) 3521 0688 or e-mail friends@cistour.com."|"20141018101951"|"AA00032"|""|"2015-16"
16|"Admissions Info"|"UKiset Test Standard

In general, they would be looking at a pupil who achieves:
C1 or higher (Year 12) or 
B2 or higher (Year 9/10) in the Cambridge Placement Test, and 
Band A or B in the CAT tests with a Verbal score of no less than 110.  

However, the school also take into account the creative writing piece."|"20140913102806"|"AA00032"|""|"2014-15"
16|"Admissions Info"|"(1) UKiset Test Standard

In general, they would be looking at a pupil who achieves:
C1 or higher (Year 12) or 
B2 or higher (Year 9/10) in the Cambridge Placement Test, and 
Band A or B in the CAT tests with a Verbal score of no less than 110.  

However, the school also take into account the creative writing piece.


(2) UKiset Exam Procedure

* Epsom College will use UKiset as their entrance exam.

* Complete the UKiset Application Form and return with a recent headshot photograph and the payment receipt to Academic Asia. The UKiset Test Fee is GBP200, can be paid either by bank transfer (bank details are available on the Application Form), credit card over the phone (3% charge), debit card (applicable to students applying in the UK).

* Academic Asia will send to UKiset for confirmation and get back to you with the test date. 

(** UKiset exam, they can ONLY do bank transfer but NOT for bank draft or UK sterling cheque.)"|"20141018111721"|"AA00032"|""|"2014-15"
50|"EFL Cost"|"[18Oct14]
EFL & Academic Support
Hourly rate per individual lesson  £34.00
                             Autumn          Spring           Summer
                             (12 weeks)    (11weeks)     (10weeks)
Individual Lessons 
One per week       £408.00         £374.00        £340.00
Two per week      £816.00         £748.00         £680.00
Three per week    £1224.00       £1122.00       £1020.00
Four per week     £1632.00        £1496.00       £1360.00
Joint Lessons
One per week      £244.80          £224.40         £204.00
Two per week      £489.60          £448.80         £408.00
Three per week    £734.40          £673.20         £612.00
Four per week     £979.20          £897.60         £816.00"|"20141018120621"|"AA00032"|""|"2014-15"
144|"Extras"|"Dancing Tuition is £23.50 per term  
Piping Tuition is £155 per term  
Drumming Tuition is £155 per term  
Shooting Tuition is £33.00 per term  
School Lunches cost £2.75 for a three course meal"|"20141101151445"|"AA00032"|""|"2014-15"
322|"EFL Cost"|"1"|"20141118180239"|"AA00032"|""|"2014-15"
30|"Teacher/Pupil Ratio"|"Day Students	140
Boarding Students	130

Total Students	270"|"20141011103856"|"AA00032"|""|"2014-15"
50|"EFL Cost"|"[18Oct14]  
EFL & Academic Support
Hourly rate per individual lesson  £39.00

                                 Autumn           Spring            Summer
                                (12 weeks)    (11 weeks)     (10 weeks)
Individual Lessons 
One per week           £420.00          £385.00         £350.00
Two per week            £840.00         £770.00         £700.00
Three per week       £1260.00        £1155.00       £1050.00
Four per week         £1680.00        £1540.00       £1400.00

Joint Lessons
One per week           £252.00          £231.00         £210.00
Two per week           £504.00          £462.00         £420.00
Three per week         £756.00          £693.00         £630.00
Four per week         £1008.00          £924.00         £840.00"|"20141018121244"|"AA00032"|""|"2014-15"
556|"Extras"|"EAL
Standard
(normally compulsory for overseas students)
720£
per term
Intensive
1,440£
per term
Learning Support
(Private tuition)
39.20£
per hour
Short Term Boarding
48.00£
per night
Instrument hire
26.50£
per term
Meal charges"|"20141217131749"|"AA00032"|""|"2014-15"
50|"EFL Cost"|"[18Oct14]     
EFL & Academic Support
Hourly rate per individual lesson  £39.00

                                 Autumn           Spring            Summer
                                (12 weeks)    (11 weeks)     (10 weeks)
Individual Lessons 
One per week           £420.00          £385.00         £350.00
Two per week            £840.00         £770.00         £700.00
Three per week       £1260.00        £1155.00       £1050.00
Four per week         £1680.00        £1540.00       £1400.00

Joint Lessons
One per week           £252.00          £231.00         £210.00
Two per week           £504.00          £462.00         £420.00
Three per week         £756.00          £693.00         £630.00
Four per week         £1008.00          £924.00         £840.00"|"20141018121304"|"AA00032"|""|"2014-15"
50|"Extras"|"[18Oct14]     
EFL & Academic Support
Hourly rate per individual lesson  £39.00

                                 Autumn           Spring            Summer
                                (12 weeks)    (11 weeks)     (10 weeks)
Individual Lessons 
One per week           £420.00          £385.00         £350.00
Two per week            £840.00         £770.00         £700.00
Three per week       £1260.00        £1155.00       £1050.00
Four per week         £1680.00        £1540.00       £1400.00

Joint Lessons
One per week           £252.00          £231.00         £210.00
Two per week           £504.00          £462.00         £420.00
Three per week         £756.00          £693.00         £630.00
Four per week         £1008.00          £924.00         £840.00"|"20141018121400"|"AA00032"|""|"2014-15"
50|"Extras"|"[18Oct14]     
Music Tuition
Hour rate per individual lesson: £44
                                           Autumn           Spring            Summer
                                          (12 weeks)    (11 weeks)     (10 weeks)
Individual Lessons 
Years 3-6 (30mins)             £264.00          £198.00        £198.00
Years 7-8 (40mins)             £352.00          £264.00        £264.00
Upper (40mins)                   £352.00          £264.00        £264.00 

Shared Lessons
Years 3-6                            £158.40          £118.80         £118.80
Years 7-8                            £211.20          £158.40         £158.40
Upper                                  £211.20          £158.40         £158.40 

Instrument hire
Violin                                      £18.50            £18.50          £18.50 
Other instruments                 £54.00            £54.00          £54.00   


Prep School Speech & Drama
£160 charged per term for individual lessons (irrespective of number of weeks)

Chinese Lessons
Beginners 1         40mins        £5.15
Beginners 2/3      40mins        £6.75
GCSE                  60mins        £9.75
AS / A2                 90mins      £14.65
Individual tuition   40mins       £52.75"|"20141018122747"|"AA00032"|""|"2014-15"
655|"Extras"|"• Escorted transfers from Heathrow (£50 each way, within time slots) please enquire
• Staying at school over long leave-weekends £70 per weekend
• Provision of goods and services ordered when joining e.g. bedding, labelling etc.
• Sportswear, casual wear, nightwear, underwear and shoes
• Pocket money (£20 per term is recommended)
• £25 per term for House Funds (subject to review) which contributes towards treats and entertainment
• A dictionary and a Bible
• Dry cleaning of the uniform
• Miscellaneous e.g. lost books, testing of personal electrical equipment
• Learning support. (please enquire)
• Music lessons (please enquire)
• Some co-curricular activities"|"20141018125932"|"AA00032"|""|"2014-15"
452|"Others"|"[8Oct14] StudyPay (Parents)   

For 2015, the school has partnered with StudyPay who specialise in international payments. It is a very quick and easy process and parents can pay in their local currency. We have negotiated competitive rates for Bede’s Summer School Parents: 2% FX and just a €2.50 bank transfer fee! 

If Parents wish to pay Bede’s directly from their own bank, of course they still can. Feel free to have a look: https://bedessummerschool.studypay.co.uk/  Please note that the system is live. Credit Card payments through our website now use StudyPay."|"20141018132506"|"AA00032"|""|"2014-15"
452|"Others"|"[8Oct14] 

Booking Form
The school has combined the Booking Form into 1 form this year, which we hope will be easier than having 4 or 5 different forms, as previously. 
(The form is being saved in Filing System.)


StudyPay (Parents)   
For 2015, the school has partnered with StudyPay who specialise in international payments. It is a very quick and easy process and parents can pay in their local currency. We have negotiated competitive rates for Bede’s Summer School Parents: 2% FX and just a €2.50 bank transfer fee! 

If Parents wish to pay Bede’s directly from their own bank, of course they still can. Feel free to have a look: https://bedessummerschool.studypay.co.uk/  Please note that the system is live. Credit Card payments through our website now use StudyPay."|"20141018132712"|"AA00032"|""|"2014-15"
431|"Scholarship Info"|"Academic Scholarship
Art Scholarship- 
Drama Scholarship- 
Music Scholarship-http://www.sevenoaksschool.org/y9downloads

sport scholarship-http://www.sevenoaksschool.org/y9-sport-scholarships"|"20140625133922"|"AA00044"|""|"2014-15"
250|"Extras"|"Individual Tuition:  
Individual Tuition - £49.00 /hr
Paired Tuition - £28.50 /hr
Shared Tuition - £20.00 /hr
Individual Learning Support Assistant - £28.50 /hr
Shared Learning Support Assistant - £15.00 /hr"|"20141018153352"|"AA00032"|""|"2014-15"
655|"Scholarship Info"|"Scholarships are awarded for academic excellence and separately for ability in music, art, drama and sport. The awards are offered at 11+ (may be deferred to 13+ entry), 13+ and Sixth Form with a maximum value of 20% reduction in fees.  

Scholarships are awarded as a result of testing carried out by the school."|"20141018125632"|"AA00032"|""|"2014-15"
59|"EFL Cost"|"Years 7-11:    £580  
Years 12 -13: £290"|"20141018184148"|"AA00032"|""|"2014-15"
261|"EFL Cost"|"GBP250 per term for 1 lesson per week/ GBP385 per term for up to"|"20150204171937"|"AA00011"|""|"2014-15"
288|"EFL Cost"|"£33-£58 / hour"|"20150103151257"|"AA00032"|""|"2015-16"
197|"Parent/Student Comment"|"6 Hk students joined y12 in sep14 and with the current student there are around 12 Hk students in the year group. School seems to be fooled by agent in China accepting students who know nothing... some Hk / Chinese girls will go town to do nail and facial in free time.
P said teachers and staffs are good, environment is good.
(by ada - 3/10/2014)"|"20141003172310"|"AA00019"|""|"2014-15"
68|"Extras"|"Incidental costs:  Approx. £400 per term include airport transfers, books, stationery, laundry, internet charges, storage, school trips (optional)

Additional EFL lessons or IELTS preparation: £500 per term (for A2 students)

Individual tuition: £40 per lesson"|"20141115152205"|"AA00032"|""|"2015-16"
556|"Extras"|"1) EAL
    - Standard (normally compulsory for overseas students): £720 / term
    - Intensive: £1,440 / term  

2) Learning Support (Private tuition): £39.20 / hour   

3) Instrument hire: £26.50 / term"|"20141217132036"|"AA00032"|""|"2014-15"
68|"Extras"|"Additional costs for selected subjects:
GCSE: Art, Biology, Chemistry, General Science, Music & Physics - 
£130 per subject/per year)
             
A Level: Art, Biology, Chemistry, Physics - 
£200 per subject/per year

Incidental costs:  Approx. £400 per term include airport transfers, books, stationery, laundry, internet charges, storage, school trips (optional)

Additional EFL lessons or IELTS preparation: £500 per term (for A2 students)

Individual tuition: £40 per lesson"|"20141115152933"|"AA00032"|""|"2015-16"
322|"Sibling Discount"|"Discounts available will be 5% for the second child in the School at any one time, 10% for the third and 15% for the fourth (or more) child(ren) in the School at any one time. 

Terms & conditions:

1) Applicable where a family has 2 or more children between the ages of 3 and 19 years in full-time education in the School at any one time and where also the family is not in receipt of a bursary or other fee remission assistance.

2) Such discounts will apply, however, if a family member holds an Academic, Art, Drama, Music, Sport or other Award based on merit."|"20141118172940"|"AA00032"|""|"2015-16"
262|"Extras"|"MEALS (invoiced in advance) Lunch
Year 5- Year 8: £195 per term

TRUNK STORAGE FOR BOARDERS (Including laundry and repairs)
- £57.50 per term (maximum charge of £125 per family)

TT CLUB: Pre-Prep After School Supervision (4.30 – 6.00 pm) 
- £8.40 per part or whole session (max charge of £135 per child or £205 per family per term)"|"20141120161056"|"AA00032"|""|"2014-15"
389|"Extras"|"Music tuition – £210 /term (10 x 30-min sessions) for individual tuition.
Hire of instrument – £35 /term.
Additional teaching - Where required and agreed with parents, this will be charged at £40 per lesson."|"20141120173912"|"AA00032"|""|"2014-15"
50|"Extras"|"[18Oct14]  
Music Tuition
Hour rate per individual lesson: £44
                                           Autumn           Spring            Summer
                                          (12 weeks)    (11 weeks)     (10 weeks)
Individual Lessons 
Years 3-6 (30mins)             £264.00          £198.00        £198.00
Years 7-8 (40mins)             £352.00          £264.00        £264.00
Upper (40mins)                   £352.00          £264.00        £264.00 

Shared Lessons
Years 3-6                            £158.40          £118.80         £118.80
Years 7-8                            £211.20          £158.40         £158.40
Upper                                  £211.20          £158.40         £158.40 

Instrument hire
Violin                                      £18.50            £18.50          £18.50 
Other instruments                 £54.00            £54.00          £54.00   


Prep School Speech & Drama
£160 charged per term for individual lessons (irrespective of number of weeks)

Chinese Lessons
Beginners 1         40mins        £5.15
Beginners 2/3      40mins        £6.75
GCSE                  60mins        £9.75
AS / A2                 90mins      £14.65
Individual tuition   40mins       £52.75"|"20141018122929"|"AA00032"|""|"2014-15"
50|"EFL Cost"|"[18Oct14]  
EFL & Academic Support
Hourly rate per individual lesson  £39.00

                                 Autumn           Spring            Summer
                                (12 weeks)    (11 weeks)     (10 weeks)
Individual Lessons 
One per week           £420.00          £385.00         £350.00
Two per week            £840.00         £770.00         £700.00
Three per week       £1260.00        £1155.00       £1050.00
Four per week         £1680.00        £1540.00       £1400.00

Joint Lessons
One per week           £252.00          £231.00         £210.00
Two per week           £504.00          £462.00         £420.00
Three per week         £756.00          £693.00         £630.00
Four per week         £1008.00          £924.00         £840.00"|"20141018121318"|"AA00032"|""|"2014-15"
50|"Extras"|"[18Oct14]  
Music Tuition
Hour rate per individual lesson: £44
                                           Autumn            Spring          Summer
                                          (12 weeks)     (9 weeks)      (9 weeks)
Individual Lessons 
Years 3-6 (30mins)             £264.00          £198.00        £198.00
Years 7-8 (40mins)             £352.00          £264.00        £264.00
Upper (40mins)                   £352.00          £264.00        £264.00 

Shared Lessons
Years 3-6                            £158.40          £118.80         £118.80
Years 7-8                            £211.20          £158.40         £158.40
Upper                                  £211.20          £158.40         £158.40 

Instrument hire
Violin                                      £18.50            £18.50          £18.50 
Other instruments                 £54.00            £54.00          £54.00   


Prep School Speech & Drama
£160 charged per term for individual lessons (irrespective of number of weeks)

Chinese Lessons
Beginners 1         40mins        £5.15
Beginners 2/3      40mins        £6.75
GCSE                  60mins        £9.75
AS / A2                 90mins      £14.65
Individual tuition   40mins       £52.75"|"20141121114152"|"AA00032"|""|"2014-15"
50|"Extras"|"[18Oct14]  
Music Tuition  
Hourly rate per individual lesson: £44.00

                                           Autumn            Spring          Summer
                                          (12 weeks)     (9 weeks)      (9 weeks)
Individual Lessons 
Years 3-6 (30mins)             £264.00          £198.00        £198.00
Years 7-8 (40mins)             £352.00          £264.00        £264.00
Upper (40mins)                   £352.00          £264.00        £264.00 

Shared Lessons
Years 3-6                            £158.40          £118.80         £118.80
Years 7-8                            £211.20          £158.40         £158.40
Upper                                  £211.20          £158.40         £158.40 

Instrument hire
Violin                                      £18.50            £18.50          £18.50 
Other instruments                 £54.00            £54.00          £54.00   


Prep School Speech & Drama
£160 charged per term for individual lessons (irrespective of number of weeks)

Chinese Lessons
Beginners 1         40mins        £5.15
Beginners 2/3      40mins        £6.75
GCSE                  60mins        £9.75
AS / A2                 90mins      £14.65
Individual tuition   40mins       £52.75"|"20141121114544"|"AA00032"|""|"2014-15"
30|"Teacher/Pupil Ratio"|"Day Students	140   
Boarding Students	130   

Total Students	270"|"20141121122051"|"AA00032"|""|"2014-15"
480|"Extras"|"Curriculum support 
Senior School (per lesson):  £28.00
Junior School (per lesson):  £17.25

Touch Type, Read and Spell (TTRS)
Senior School (per lesson):  £10.60
Junior School (per lesson):  £25

Additional charges for exam fees
GCSE:  £200
A Level:  £150

Insurance: Personal accident insurance: £4

Music Tuition:
Individual private instrumental lessons per instrument:  £240.00
Group private instrumental lessons per instrument:  £137.00
Theory lessons (average 4 per class):  £60.00
Instrument hire:  £45.50

Uniform:
Junior School/Fifth Form:  £350
Sixth Form (excluding suits/shirts for school day wear): £150

Visa:
Visa admin fee for Students from outside the European Economic Area:  £25"|"20140920191804"|"AA00032"|""|"2014-15"
522|"Accommodation"|"Taunton School International has its own garden leading on to playing fields, two recreation halls, a laundry, IT room, classrooms with interactive boards and a language laboratory. Wireless access is also available throughout the School campus.

Good telephone and wireless access throughout the campus. Taunton School International boarding houses (Foxcombe House) accommodates 54 boys and 30 girls."|"20141124161212"|"AA00032"|""|"2014-15"
524|"Accommodation Remark"|"Taunton School has its own medical centre providing 24-hour nursing care."|"20141124160527"|"AA00032"|""|"2014-15"
522|"Accommodation"|"• Taunton School International has its own garden leading on to playing fields, two recreation halls, a laundry, IT room, classrooms with interactive boards and a language laboratory. Wireless access is also available throughout the School campus.

• Good telephone and wireless access throughout the campus. Taunton School International boarding houses (Foxcombe House) accommodates 54 boys and 30 girls."|"20141124161320"|"AA00032"|""|"2014-15"
524|"Leavers' Destination"|"2014 leavers include 68% to Russell Group Universities

(Achieving places at the University of their choice, including Oxford and Cambridge (over 50 students in last 10 years))."|"20141124162558"|"AA00032"|""|"2014-15"
509|"EFL Cost"|"£242 per term"|"20141124182312"|"AA00032"|""|"2014-15"
22|"Extras"|"Music Lessons (40 minutes) per term 
First of any subject or instrument £365 
Subsequent subjects or instruments £299 
Instrument Hire and Maintenance £26 
30 lessons per instrument per academic year are usually taken. 
Private Tuition in an Academic Subject 
 Charges vary according to the amount given   
 The normal charge for individual tuition per hour is  £38.70"|"20141124183933"|"AA00032"|""|"2014-15"
574|"EFL Cost"|"(I) maximum costs per term: £460

Additional Maths and English:
(a) Individual Lessons - £45.00 per hour
(b) Paired Lessons - £22.50 per hour
(c) Group Lessons - £14.50 per hour

(II) EAL for Yr 12 & 13 - £395 per term.

* A deposit of £1000 is required for all overseas students.  This is refunded when the student leaves the School, less any payments due to the School at that time."|"20141127103635"|"AA00032"|""|"2014-15"
575|"Extras"|"The school offers 3 categories of musical opportunity, for:

(1) Specialist Musicians (pupils follow a tailored timetable and curriculum)  
      a) £11,367 per annum 
(1) Special Provision Musicians (slightly less intensive course and tailored timetable)  
      b) Tuition: £59 per hour 

(2) General Musicians  
      - Tuition:  £50 per hour 
    
(3) Consultants/Master classes   
      - Tuition £95 per hour 

* Instrument hire (percussion holiday hire at separate rates - pls refer to the Music Dept.):     £126 per annum"|"20141127105745"|"AA00032"|""|"2014-15"
575|"Extras"|"The school offers 3 categories of musical opportunity, for:

(1) Specialist Musicians (pupils follow a tailored timetable and curriculum)  
      a) £11,367 per annum 
(1) Special Provision Musicians (slightly less intensive course and tailored timetable)  
      b) Tuition: £59 per hour 

(2) General Musicians  
      - Tuition:  £50 per hour 
    
(3) Consultants/Master classes   
      - Tuition £95 per hour 

* Instrument hire (percussion holiday hire at separate rates - pls refer to the Music Dept.): £126 per annum"|"20141127105802"|"AA00032"|""|"2014-15"
597|"Extras"|"Music Lessons:
a) Instrumental lessons: £195 / term (10 lessons) 
b) Hire of School instruments: £31 / term
c) Use of School instruments Piano and drums £18 / term; Organ £31 / term

Academic Coaching
Individual learning support lessons for children with special educational needs is £39 for 50 mins (£27.30 for 35 mins). Any other extra tuition by the School staff outside the normal timetable is charged at the same rate. Teaching of English for Speakers of Other Languages is a maximum of £39 for 50 mins for individual tuition. Group rates are available on request.

Laundry: £28 (all laundry by Houses)"|"20141127153458"|"AA00032"|""|"2014-15"
597|"EFL Cost"|"Maximum of £39 for 50 mins for individual tuition. 
Group rates are available on request."|"20141127154037"|"AA00032"|""|"2014-15"
597|"EFL Cost"|"Individual tuition: max. £39 for 50 mins

(Group rates are available on request)"|"20141127154125"|"AA00032"|""|"2014-15"
597|"Extras"|"Music Lessons:  
a) Instrumental lessons: £195 / term (10 lessons) 
b) Hire of School instruments: £31 / term
c) Use of School instruments Piano and drums £18 / term; Organ £31 / term

Academic Coaching
1) £39 for 50 mins (£27.30 for 35 mins)
    - Individual learning support lessons for children with special educational needs
    -  Same rate for any other extra tuition by the School staff outside the normal timetable

Laundry: £28 (all laundry by Houses)"|"20141127154006"|"AA00032"|""|"2014-15"
68|"Airport Pickup Remark"|"Nearest airport: Heathrow (GBP105), Birmingham International (GBP85)"|"20140215103327"|"AA00025"|""|"2013-00"
58|"Extras"|"(1) Study skills/extra tuition (depending upon subject, where taken outside the curriculum): 
     - from £ 35 / hour

(2) Individual instrument tuition 
     (piano, organ, strings, woodwind, brass, percussion, singing and guitar)
      - Senior £285
      - Prep £258
      - Class instrument tuition Prep £142
      - Class music theory tuition £ 71
      - Instrument hire (exclusive of insurance) £ 40

(3) Individual drama tuition Senior £215
      - Class speech and drama tuition Senior £127
      - Prep £100"|"20141127171516"|"AA00032"|""|"2014-15"
250|"Extras"|"Individual Tuition - £49.00 /hr
Paired Tuition - £28.50 /hr
Shared Tuition - £20.00 /hr
Individual Learning Support Assistant - £28.50 /hr
Shared Learning Support Assistant - £15.00 /hr"|"20141018155416"|"AA00032"|""|"2014-15"
251|"Extras"|"Subject/Tuition 
Fee

Per Term                                                  Per Lesson 

 
 

Piano, other instruments & singing*  
 
Individual £258.65  £28.75 
Shared £172.45  £19.15 
Hire of Instrument (other than piano) £75.20  n/a  
Speech/Drama Training  
 
Individual £258.65  £28.75 
Shared £172.45  £19.15 
Group £103.45  £11.50 
English as a Foreign Language/Dyslexia  
 
Individual £232.75  £25.85 
Shared £155.20  £17.25 
Group £93.10  £10.34"|"20141128111110"|"AA00032"|""|"2014-15"
251|"EFL Cost"|"English as a Foreign Language/Dyslexia  


Individual       £232.75  £25.85 
Shared £155.20  £17.25 
Group £93.10  £10.34"|"20141128111609"|"AA00032"|""|"2014-15"
376|"School Results Information"|"QE COLLEGE (Y2014):
- Overall pass rate: 100%
- Average UCAS points per student: 501 (Y2013: 499)
- Equivalent to more than four A grades at A-Level


THE FACULTY OF QUEEN ETHELBURGA’S (Y2014):
- Overall pass rate: 100%
- Average UCAS points per student 481 (Y2013: 469)
- Equivalent to more than four A grades at A-Level
   ~ 74% of A-Level grades at A*/A
   ~ 90% of A-Level grades at A*-B
- BTEC – 95% of grades at Distinction * / Distinction (equivalent in UCAS points to an A* / A grade at A-Level)"|"20141204165921"|"AA00032"|""|"2014-15"
258|"Extras"|"(1) Learning Support – for pupils who have a specific learning difficulty - £210 per half-term for one individual session per week.
(2) House Funds - £18 /term
(3) King Edward’s School Parent’s Association (KESPA) - £3 /term
(4) 6th Form Society - £21 /term
(5) Personal Accident Insurance* - £5.20 /term
(6) The music department aims to offer thirty lessons in each study over each academic year. The charges for individual music tuition will be £23 per 35 minute lesson.
(7) Music instrument hire will be £40 /term.
      (The School currently offers Grade V theory lessons as an activity without charge.       Individual lessons will be charged on the same scale as above.)"|"20141120183957"|"AA00032"|""|"2014-15"
533|"Extras"|"(1) School Fees Protection Scheme (Boarders): £111.20 /term  
(2) Personal Effects Insurance: 10.00 /term
     (Sch fees included the Personal Accident Insurance and Dental Protection Scheme)
(3) BUPA: 67.50 /term
(4) Music Tuition: 278.50 /term
(5) Instrument Hire: 72.50 /term"|"20141128121320"|"AA00032"|""|"2014-15"
533|"Extras"|"(1) School Fees Protection Scheme (Boarders): £111.20 /term (£76.35 for Yrs 7-8) 
(2) Personal Effects Insurance: 10.00 /term
     (Sch fees included the Personal Accident Insurance and Dental Protection Scheme)
(3) BUPA: 67.50 /term
(4) Music Tuition: 278.50 /term
(5) Instrument Hire: 72.50 /term"|"20141128121843"|"AA00032"|""|"2014-15"
9|"Discounts"|"A discount is offered to those parents who wish to pay one year’s fees in advance. The relevant amount would need to be paid to the College by mid-August. 
(Full details are available from the Bursar. - See more at: http://www.lancingcollege.co.uk/851/admissions/financial-information#sthash.iwp2k3KG.dpuf )"|"20141128134747"|"AA00032"|""|"2014-15"
373|"Extras"|"Instrumental Tuition £250 /term (9 x 40 mins lessons)"|"20141128164804"|"AA00032"|""|"2014-15"
464|"Extras"|"(1) MUSIC  
- Any musical instrument may be learned including voice
10 x 35 minute lessons per term: 
(Theory of music and aural classes are all free of charge)
£230 / term in 2014
£240 / term in 2015

- Hire of instruments - rates variable


(2) SPEECH AND DRAMA
- 30 lessons per year
i) individual lessons: £ 24.00 / lesson
ii) shared lessons: £ 14.50 / lesson


(3) TENNIS COACHING
- Minimum of 8 lessons per term: £70.00 / term
(May rise to 11 lessons in the autumn term)


(4) LEITHS BASIC FOOD AND WINE COURSE
5 terms beginning in the Lower VI: £410.00 per term

Others:
(6) DANCE
i) Advanced Ballet (Average 10 lessons) 
   - where 4 pupils or more take the option: £220 / term
   - where 3 pupils or fewer take the option: £260 / term
ii) Beginner/Intermediate Ballet and Modern Dance (Average 8 lessons): £100 / term


(7) DUKE OF EDINBURGH AWARD SCHEME (Lower V and upwards only)
i) Bronze: £104 / term
ii) Silver: £111 / term
iii) Gold: £182 / term
The termly fee includes all expedition fees, transport, supervisor’s salary, food and equipment hire, less personal clothing and equipment. Where pupils wish to demonstrate skills through cookery, the cost will be charged as an extra."|"20141203122607"|"AA00032"|""|"2014-15"
464|"Extras"|"(1) MUSIC  
- Any musical instrument may be learned including voice
10 x 35 minute lessons per term: 
(Theory of music and aural classes are all free of charge)
£230 / term in 2014
£240 / term in 2015

- Hire of instruments - rates variable


(2) SPEECH AND DRAMA
- 30 lessons per year
i) individual lessons: £ 24.00 / lesson
ii) shared lessons: £ 14.50 / lesson


(3) TENNIS COACHING
- Minimum of 8 lessons per term: £70.00 / term
(May rise to 11 lessons in the autumn term)


(4) LEITHS BASIC FOOD AND WINE COURSE
5 terms beginning in the Lower VI: £410.00 per term

Others:
(6) DANCE
i) Advanced Ballet (Average 10 lessons) 
   - where 4 pupils or more take the option: £220 / term
   - where 3 pupils or fewer take the option: £260 / term
ii) Beginner/Intermediate Ballet and Modern Dance (Average 8 lessons): £100 / term


(7) DUKE OF EDINBURGH AWARD SCHEME (Lower V and upwards only)
i) Bronze: £104 / term
ii) Silver: £111 / term
iii) Gold: £182 / term
The termly fee includes all expedition fees, transport, supervisor’s salary, food and equipment hire, less personal clothing and equipment. Where pupils wish to demonstrate skills through cookery, the cost will be charged as an extra.


(8) LEARNING SUPPORT LESSONS (For each lesson per week)
i) One pupil per class: £233 / term
ii) Two pupils per class: £177 / term
iii) Three or more pupils per class: £135 / term


(9) RIDING LESSONS
Riding lessons are charged individually and include transport: £ 30 / lesson


(10) HOLIDAY LAUNDRY: £25 / holiday / term"|"20141203123018"|"AA00032"|""|"2014-15"
504|"Music Tuition"|"Music per term- (1) Individual £ 238.00 (incl £5 admin charge); (2) In pairs £ 115.00 (incl. £10 admin charge)"|"20140409130112"|"AA00044"|""|"2014-15"
503|"Music Tuition"|"Music per term- (1) Individual £ 238.00 (incl £5 admin charge); (2) In pairs £ 115.00 (incl. £10 admin charge)"|"20140409130028"|"AA00044"|""|"2014-15"
503|"Music Tuition"|"(1) Music 
- 10 lessons per term: 
i) Individual £238 (incl £10 per term admin charge)
ii) In pairs £119 (incl. £5 per term admin charge)

- Hire of Instruments:
i) Year 8: £34 
ii) Year 9+: £68

(2) Speech and Drama (per term): £69"|"20141203140722"|"AA00032"|""|"2014-15"
503|"Music Instrument"|"Hire of instruments per term - (1)Years 7 and 8- £ 34.00; (2) Years 9 + -£ 68.00"|"20140409130232"|"AA00044"|""|"2014-15"
503|"Music Instrument"|"Hire of Instruments (per term):
i) Year 7-8: £34 
ii) Year 9+: £68"|"20141203141012"|"AA00032"|""|"2014-15"
504|"Music Instrument"|"Hire of instruments per term - (1)Years 7 and 8- £ 34.00; (2) Years 9 + -£ 68.00"|"20140409130212"|"AA00044"|""|"2014-15"
510|"Others"|"Overseas pupils are asked to supply a summary of medical history and vaccina􀆟on history from their current family doctor."|"20141203142816"|"AA00032"|""|"2014-15"
323|"Music Tuition"|"(1) Individual Tuition- £23.15 per 35 min. session (2) Shared Tuition (with 1 other) - £14.50 per 35 min. session"|"20140409182527"|"AA00044"|""|"2014-15"
9|"Extras"|"Music Fees:
First Instrument: £265 / term.
Second Instrument: £225 / term"|"20141128134511"|"AA00032"|""|"2014-15"
376|"School Results Information"|"QE COLLEGE:
- Overall pass rate: 100%
- Average UCAS points per student: 501 (Y2013: 499)
- Equivalent to more than four A grades at A-Level


THE FACULTY OF QUEEN ETHELBURGA’S:
- Overall pass rate: 100%
- Average UCAS points per student 481 (Y2013: 469)
- Equivalent to more than four A grades at A-Level
   ~ 74% of A-Level grades at A*/A
   ~ 90% of A-Level grades at A*-B
- BTEC – 95% of grades at Distinction * / Distinction (equivalent in UCAS points to an A* / A grade at A-Level)"|"20141204164934"|"AA00032"|""|"2014-15"
88|"Admissions Info"|"The School can only accept right age students now as stated below for entry in Sep 2015.  

YEAR	DATE OF BIRTH

7	01/09/03 – 31/08/04

8	01/09/02 – 31/08/03

9	01/09/01 – 31/08/02

10	01/09/00 – 31/08/01

11	01/09/99 – 31/08/00

12	01/09/98 – 31/08/99"|"20141216115503"|"AA00032"|""|"2015-16"
292|"Others"|"A Wide Range of Courses:
• General English 
• Young Learner Courses A fully supervised course of
General English plus a programme of activities for under 18s.
• Business English This course is aimed at the English you
need for your work. It focuses specifically on communication
skills and the language you need in your professional life.
• Academic English Prepare for study at school or university in
the UK or revision for GCSE, A/S or A level examinations.
• English for Examinations Intensive preparation for the
Cambridge exams (PET, FCE, CAE, CPE), TOEFL, TOEIC or
English examinations in your country.
• IELTS Exam preparation Prepare for the IELTS test with an
experienced tutor and take the IELTS test at a local IELTS
test centre.
• English Plus A great way to combine studying with a holiday
- General English lessons plus activity sessions with your
teacher. Choose from: guided sightseeing (historic houses,
cathedrals, castles and Roman Britain); walking; cookery; art
and design; flower arranging; gardening and visiting English
gardens; literature, poetry, theatre and creative writing.
• English for Teachers An advanced English course to brush
up on your communication skills, vocabulary and use of English
for the classroom.
• Crash Course (4 Days) Designed for busy professionals
who need to learn the maximum amount of English in the
shortest possible time."|"20141209104123"|"AA00032"|""|"2014-15"
292|"Others"|"A Wide Range of Courses:
• General English 
• Young Learner Courses  
• Business English 
• Academic English  
• English for Examinations 
• IELTS Exam preparation 
• English Plus 
• English for Teachers 
• Crash Course (4 Days)

See more details at Filing System"|"20141209104305"|"AA00032"|""|"2014-15"
292|"Extras"|"Private bathroom: £140 / week
1) Additional 1:1 tutorial (e.g. maths, science): £50 / hour
2) Additional night homestay: £80 / night
3) Accompanying adult or child (no tuition): £480 / week
4) Airport transfers: As advised
    - Supplement for flights arriving after 9pm and departing before 9am £50 each transfer
    - Supplement for Young Learners 1:1 aged under 14 £230 per week
    - Supplement for Young Learners 2:1 aged under 14 £180 per week
    - Christmas and New Year £125 supplement per week
5) Visa Fee (Express Mail) £65"|"20141209110135"|"AA00032"|""|"2015-16"
82|"Admissions Info"|"• All academic programmes - Sep and Jan – flexible starts throughout the year
• English Summer School – throughout Jul and Aug
• Intensive English – All year 
• Tailored short programmes – All year by arrangement"|"20141209120854"|"AA00032"|""|"2014-15"
211|"Extras"|"1) Music fees are currently: £266.60 for 10 lessons of 30 mins   
2) LAMDA Speech and Drama lessons: 
    - £175 per term for solo lessons
    - £120 for duo
    - £105 for groups
3) Dance lessons (booked termly): 
    - £7.00 / hour
    - £4.70 / 40 mins 
    - £3.50 / 30 mins"|"20141209130553"|"AA00032"|""|"2015-16"
652|"Scholarship Info"|"These are awarded for entry into our A level programme and for academic excellence.
A scholarship is awarded to a student who shows outstanding potential as shown in the School's scholarship process. The School expects the academic scholars to be aiming for the very best universities and almost certain to attain A/A* grades at A2.

The scholarships may be worth up to 35% of the tuition fees."|"20141210183039"|"AA00032"|""|"2014-15"
55|"Scholarship Info"|"asd"|"20141211104157"|"AA00032"|""|"2015-16"
55|"Scholarship Info"|"1) A Level Scholarships ~ Case by case only (Jan & Apr 2015)
   - £3,268 (40% of £8,170/term) x 5 terms = £16,340
   - £1,634 (20% of £8,170/term) x 5 terms = £8,170

2) GCSE Pathway Programme (Y9 or Y10) ~ Scholarship Exam (Jan 2015)
   - £3,790 (50% of £7,580/term) x 3 terms = £11,370
   - £1,895 (25% of £7,580/term) x 3 terms = £5,685

3) Foundation Bursary
    i) Oxford: Art & Design, Humanities, Law, Media (Jan 2015)
    ii) London: Business (Jan & Apr 2015)
    iii) Cambridge: Engineering (Jan 2015)
     - £1,300 (£6,915/term) x 3 terms = £3,900

4) Undergraduate Year 1 Bursary (Jan 2015)
    London: Business and Management
    - £553 (10% of £5,530) x 3 terms = £1,659

* These special prices are valid until 31 Mar 2015 unless notified otherwise.

(See more details at Filing System / BellerbysCollege / Special Offer)"|"20141211111401"|"AA00032"|""|"2015-16"
55|"School Results Information"|"(1) Outstanding A Level Success:
     - 50% of the A level students graduated to the top 20 UK universities

(2) Outstanding Foundation Success:
      - 78% of the Foundation students graduated to the top 50 UK universities

(3) Outstanding UK Universities:
      - 130 of the students graduated to Oxford, St. Andrews, LSE, Imperial College, Durham, Exeter, Warwick, University College and Bath - the UK's top 10 universities

See more details at Filing System / BellerbysCollege / ExamResults&UniDest"|"20141211112609"|"AA00032"|""|"2013-14"
15|"Accommodation"|"Boarding"|"20130111134042"|""|""|"2013-14"
55|"Scholarship Info"|"1) A Level Scholarships ~ Case by case only (Jan & Apr 2015)
   - £3,268 (40% of £8,170/term) x 5 terms = £16,340
   - £1,634 (20% of £8,170/term) x 5 terms = £8,170

2) GCSE Pathway Programme (Y9 or Y10) ~ Scholarship Exam (Jan 2015)
   - £3,790 (50% of £7,580/term) x 3 terms = £11,370
   - £1,895 (25% of £7,580/term) x 3 terms = £5,685

3) Foundation Bursary
    i) Oxford: Art & Design, Humanities, Law, Media (Jan 2015)
    ii) London: Business (Jan & Apr 2015)
    iii) Cambridge: Engineering (Jan 2015)
     - £1,300 (£6,915/term) x 3 terms = £3,900

4) Undergraduate Year 1 Bursary
    London: Business and Management (Jan 2015)
    - £553 (10% of £5,530) x 3 terms = £1,659

* These special prices are valid until 31 Mar 2015 unless notified otherwise.

(See more details at Filing System / BellerbysCollege / Special Offer)"|"20141211111656"|"AA00032"|""|"2015-16"
431|"Extras"|"1) Music Tuition:
    - £23.50 /30mins lesson (£634.50 of 27 lessons)

2) Hire of musical instruments:
     - £50.00 per term."|"20141211124735"|"AA00032"|""|"2014-15"
7|"Others"|"Storage Policy: - 
Personal possessions storage during the Christmas, Easter and Summer holidays - 
1) Christmas -Those girls not required to move will be able to leave all of their personal possessions in their rooms.
2) Easter - As the school facilities are being used by commercial lettings and outside agencies, we will use an external storage facility to store the students's personal possessions. (No charge is required.)
3) Summer - All boarders not able to leave their belongings at School. Arrangements for a private company to collect those items that cannot be taken home and store them at a secure external facility for those girls who live overseas. (A charge will be made for those girls that wish to use this service.)

See more details at Filing System"|"20141216104949"|"AA00032"|""|"2014-15"
200|"Others"|"A media coverage from Independent can be found in Filing System, Media Coverage"|"20141216111344"|"AA00032"|""|"2014-15"
556|"Sibling Discount"|"5%
15"|"20141217133059"|"AA00032"|""|"2014-15"
431|"Admissions Info"|"20200721: SEP-2022 Registration deadline - 1 October 2020"|"20200721095203"|"AA00078"|""|"2020-21"
241|"Extras"|"Lunch & Breakfast

Lunches (Years 4-13): £3.58 / day
Breakfast: £3.25 / day (supervised Breakfast Club from Sep 2014) 
Paid for on a daily basis (in Dining Hall)"|"20141217165446"|"AA00032"|""|"2014-15"
30011|"Extras"|"Insurance:  £420 per annum arranged by Endsleigh Insurance"|"20141217183715"|"AA00032"|""|"2015-16"
65|"Extras"|"Insurance Charges (charged in advance on an opt out basis) :  

- School Fees Protection Insurance:  1% of fee payable
- Personal Accident Insurance:  £3.75 / term
- Personal Effects Insurance:  £10.00 / term
- BUPA (charged on an opt in basis):  £67.50 / term


Standard Extras (charged termly in arrears):  

- House Subs (School House):  Set by House Parents
- Chapel Subscription:  £13.50 
- Stationery: Years 7 & 8:  £36.00 
- IT Facilities:  £21.00 
- Examinations:  at cost 


Optional Extras (charged in arrears):

- DT, Art & Photographic Materials:  pro rata for additional materials 
- Excess Computer Printing:  pro rata beyond allocated budget
- Music Tuition:  £28.50 / lesson 
- Drama Lessons (LAMDA):   £197.50 / term 
- Additional Language Tuition:  £26.00 / lesson 
- TESOL Tuition:  varying support levels 
- Individual Learning Support: 	 by arrangement
- Haircuts:  at cost


Annual Charges (per family):
- Blundellian magazine:  £20.00
- Friends of Blundell’s Subscription:  £15.00 on an “opt-out” basis"|"20141219110531"|"AA00032"|""|"2014-15"
65|"Extras"|"Insurance Charges (charged in advance on an opt out basis) :  

- School Fees Protection Insurance:  1% of fee payable
- Personal Accident Insurance:  £3.75 / term
- Effect Insurance:  £10.00 / term
- BUPA (charged on an opt in basis):  £67.50 / term


Standard Extras (charged termly in arrears):  

- House Subs:  Set by House Parents
- Chapel Subscription:  £13.50 
- Stationery: 
   i) Years 9-11:  £60.00 
   ii) Years 7-8:   £36.00
- IT Facilities:  £21.00 
- Examinations:  at cost 


Optional Extras (charged in arrears):

- DT, Art & Photographic Materials:  pro rata for additional materials 
- Excess Computer Printing:  pro rata beyond allocated budget
- Music Tuition:  £28.50 / lesson 
- Drama Lessons (LAMDA):   £197.50 / term 
- Additional Language Tuition:  £26.00 / lesson 
- TESOL Tuition:  varying support levels 
- Individual Learning Support: 	 by arrangement
- Haircuts:  at cost


Annual Charges (per family):
- Blundellian magazine:  £20.00
- Friends of Blundell’s Subscription:  £15.00 on an “opt-out” basis"|"20141219111821"|"AA00032"|""|"2014-15"
494|"Admissions Info"|"All the entrance test and interview need to be tested in Dolphin HK"|"20130111120111"|"AA00032"|""|""
543|"Sibling Discount"|"Full fees for the first child, then 3% for the subsequent children."|"20141220132946"|"AA00032"|""|"2014-15"
543|"Sibling Discount"|"Full fee for the first child, then 3% discount for the subsequent siblings."|"20141220133052"|"AA00032"|""|"2014-15"
543|"Guardianship"|"[21 Dec 2013] Unfortunately School do not get involved with setting up guardianships"|"20131221092336"|"AA00025"|""|"2013-00"
59|"Scholarship Info"|"For entry into Y7, Y9 and 6th Form. 

1) For Art, Design Technology, Drama, Music and Sport.
- The value of these awards ranges from 10% to 20% of the fees. 

2) For Academic Scholarship which reflects both performance and potential. 
- This award has a maximum value of 40%.

Notes:
No more than two Scholarships are awarded to any one pupil. There may be occasions when pupils on bursaries are also awarded Scholarships but the combined total will not exceed 50%."|"20141223112600"|"AA00032"|""|"2014-15"
577|"Others"|"National reforms to A-level programmes (Sixth Form students):
- The UK govt is making reforms to A-level programmes, effect from Sep 2015 
- Currently, students in Y12 (typically take 4 x AS-levels) --> Y13 (3 x  A-levels) will continue
- Main change: the AS-level grade will no longer contribute towards the overall A-level grade, which currently the AS-level grade shall contribute towards the overall A-level result
(But students will receive a separate AS qualification in addition to their final A-level qualification)


What does this mean for international students at West Buckland School?

- For those international students studying for a limited period of up to one year in Year 12, our Sixth Form curriculum will be very similar to the current arrangements.  
- Students will still normally be expected to take four AS-level subjects in addition to studying English as a Second Language (ESL).  
- Students will receive a full programme of teaching and learning right through to midway into the Summer Term before sitting the AS examinations in May/June.

- For students undertaking the full two year A-level programme and progressing into Year 13, they will continue to typically study three A-level subjects plus ESL."|"20141219163851"|"AA00032"|""|"2015-16"
577|"Others"|"National reforms to A-level programmes (Sixth Form students):
* The UK govt reforms A-level programmes, effect from Sep 2015 
* Remain unchanged: Y12 (4 x AS-levels) --> Y13 (3 x  A-levels)
* Main change: AS-level grade will no longer contribute towards the overall A-level grade

What does this mean for international students at West Buckland School?
- 1 year in Y12 (6th Form curriculum):
   ~ 4 x AS-level subjects + ESL
   ~ Students will receive a full programme of teaching and learning right through to midway into the Summer Term before sitting the AS examinations in May/June.

- Full 2 year A-level programme in Y12&13:
  ~ 3 x  A-level subjects + ESL."|"20141219164916"|"AA00032"|""|"2015-16"
364|"Others"|"Boarders: 
Year 7:     4 pax
Year 9:     2 pax
Year 12:   6 pax"|"20150102152034"|"AA00032"|""|"2015-16"
364|"Admissions Info"|"a"|"20150102152801"|"AA00032"|""|"2015-16"
364|"Admissions Info"|"Application Process for Boarding Pupils (Years 7, 9, 12) in 2015:   
- 30 Jan: Deadline for applications
- Feb: Interviews for suitability for boarding 
- 24 Feb: send out offer letter to Yr 7 boarding pupil places
- 2 Mar: send out offer letter to Yr 9 & Sixth Form boarding pupil places


See more at Filing System (Polam hall Admission Policy 2015-17"|"20150102154020"|"AA00032"|""|"2015-16"
364|"Others"|"Boarders: 
Year 7:     4 pax   
Year 9:     2 pax   
Year 12:   6 pax"|"20150102152050"|"AA00032"|""|"2015-16"
323|"Scholarship Info"|"Various Scholarships, including Music and Sports Scholarships, are available at 11+, 13+ and 16+ entry levels for strong candidates,  whether boarders or day boys. Scholarships are awarded on consideration of entrance examination results.

See more info here: http://www.monmouthschool.org/admissions/scholarships-awards/"|"20150103114954"|"AA00032"|""|"2014-15"
288|"Extras"|"1) Music Lessons -   
    -  Individual: £48.5 / hour
    - Shared by 2's: £28 / hour

2) Rowling: £178 / term

3) Horse Riding: £31 / lesson


See more at Filing System (Fees 2015-16)"|"20150103151642"|"AA00032"|""|"2015-16"
288|"Extras"|"1) Music Lessons:    
    -  Individual: £48.5 / hour
    - Shared by 2's: £28 / hour

2) Rowling: £178 / term

3) Horse Riding: £31 / lesson


See more at Filing System (Fees 2015-16)"|"20150103151730"|"AA00032"|""|"2015-16"
672|"Extras"|"Lunches are charged at £245 / term"|"20150106145030"|"AA00032"|""|"2014-15"
672|"Extras"|"1) Lunches are charged at £245 / term
2) Fees for instrumental tuition, drama and dance
    • Instrumental tuition: £16 / lesson (invoiced directly by the teacher)
    • Dance (group): £42 / term (invoiced by the school)
    • Drama (20 group sessions, spread over three terms): 
       - £86 (Upper 3); £92 (Lower 4 upwards)"|"20150106145421"|"AA00032"|""|"2014-15"
303|"EFL Cost"|"£49 (per hour)"|"20150107105833"|"AA00032"|""|"2014-15"
303|"Scholarship Info"|"Year 7 and Year 9 entry: Academic Scholarships, of up to 20% of fees, are awarded based on the results of the entrance examination. 

Minor awards are made for exceptional performance in one area of the examination.

Art, Music and Sport Scholarships based on performance and interview are also available.

Sixth Form: Additional Academic Scholarships are awarded at Sixth Form plus awards for Music, Drama, Sport and Art. Applications are welcome from both internal and external candidates."|"20150107111038"|"AA00032"|""|"2014-15"
303|"Scholarship Info"|"1) Year 7 and Year 9 entry: Academic Scholarships, of up to 20% of fees, are awarded based on the results of the entrance examination. 

- Minor awards are made for exceptional performance in one area of the examination.

- Art, Music and Sport Scholarships based on performance and interview are also available.

2) Sixth Form: Additional Academic Scholarships are awarded at Sixth Form plus awards for Music, Drama, Sport and Art. Applications are welcome from both internal and external candidates."|"20150107111200"|"AA00032"|""|"2014-15"
303|"Scholarship Info"|"1) Year 7 and Year 9 entry: Academic Scholarships, of up to 20% of fees, are awarded based on the results of the entrance examination. 

- Minor awards are made for exceptional performance in one area of the examination.

- Art, Music and Sport Scholarships based on performance and interview are also available.

2) Sixth Form: Additional Academic Scholarships are awarded at Sixth Form plus awards for Music, Drama, Sport and Art. 

- Applications are welcome from both internal and external candidates."|"20150107111211"|"AA00032"|""|"2014-15"
428|"Scholarship Info"|"A £500 award per year. (Application in Feb)"|"20150109161014"|"AA00032"|""|"2014-15"
428|"Scholarship Info"|"A £500 award per year. (admissions in Feb.)"|"20150109161127"|"AA00032"|""|"2014-15"
428|"EFL Cost"|"- One to one £26 / lesson
- Shared £17 / each"|"20150109161418"|"AA00032"|""|"2014-15"
591|"Accommodation"|"Boarding"|"20130111134042"|""|""|"2013-14"
59|"Scholarship Info"|"- For entry into Y7, Y9 and 6th Form. 
- For Art, Design Technology, Drama, Music and Sport.
- The value of these awards ranges from 10% to 20% of the fees. 
- The School also offer an Academic Scholarship which reflects both performance and potential. This award has a maximum value
of 40%.
No more than two Scholarships are awarded to
any one pupil, the combined total of which will
not exceed 50%. There may be occasions when
pupils on bursaries are also awarded Scholarships
but the combined total will not exceed 50%."|"20141223111221"|"AA00032"|""|"2014-15"
59|"Scholarship Info"|"- For entry into Y7, Y9 and 6th Form. 

1) For Art, Design Technology, Drama, Music and Sport.
- The value of these awards ranges from 10% to 20% of the fees. 

2) For Academic Scholarship which reflects both performance and potential. 
- This award has a maximum value of 40%.

Notes:
No more than two Scholarships are awarded to any one pupil. There may be occasions when pupils on bursaries are also awarded Scholarships but the combined total will not exceed 50%."|"20141223112551"|"AA00032"|""|"2014-15"
115|"Music Tuition"|"£20.90 per session"|"20140514102914"|"AA00044"|""|"2014-15"
115|"Music Tuition"|"£20.90 per session  
(Individual lessons, 40mins per lesson)"|"20141224113644"|"AA00032"|""|"2014-15"
115|"EFL Cost"|"All EAL pupils are entitled to FOUR lessons per week WITHOUT charge in their first year at Christ College. Thereafter lessons will be charged at the school's standard rate. Pupils are encouraged to ask for guidance from the department and there is no charge for tutorial advice. However for a structured course of private tuition charges will be made at the school's standard rate."|"20140514103949"|"AA00044"|""|"2014-15"
115|"Scholarship Info"|"The School offers Scholarships and Exhibitions to recognise academic, artistic, musical, dramatic, sporting and all-round talent. in accordance with HMC rulings, Scholarships and Exhibitions are available at 11+, 13+ and 16+, range from 10$ to a maximum of 50% of full fees and are competed for openly on prescribed dates. 

Age limits based on 1 Sep in the year of entry:
Sixth form: under 17 
Middle School: under 14 
Lower School:  under 12


(See more details at Filing System)"|"20141224120142"|"AA00032"|""|"2014-15"
62|"Extras"|"1) Uniform:  £250
2) Exam Fees:  £120 / Exam
3) Course Books:  £50 - £150
4) Airport Transfer Charges (approx.):  
    - London Heathrow:  £130
    - London Gatwick:  £150
    - London Stansted:  £200
    - Luton:  £175
    - Bristol:  £75"|"20141227105305"|"AA00032"|""|"2014-15"
115|"Agent Handbook"|"Handbook info is saved at Filing System."|"20141224112454"|"AA00032"|""|"2014-15"
364|"School Area"|"40 arces"|"20150102152127"|"AA00032"|""|"2014-15"
364|"Extras"|"(1) Ballet Class: £95 / term 
     * all other disbursements are charged at cost.

(2) Music and Speech & Drama tuition: £15 / half hour
     * the aim is to provide at least 10 sessions / term
     ** The lesson is provided externally and parents deal directly with self employed tutors"|"20150102155649"|"AA00032"|""|"2014-15"
7|"Music Instrument"|"Hire of wind instrument £48
Hire of string instrument £35"|"20140516114503"|"AA00044"|""|"2014-15"
7|"Music Tuition"|"10 lessons of 40 minutes £287"|"20140516114448"|"AA00044"|""|"2014-15"
345|"Scholarship Info"|"1"|"20150103161121"|"AA00032"|""|"2014-15"
345|"Scholarship Info"|"- Currently exist to recognise distinctive academic ability or special talent in Art, Drama, Music, Sports and Technology. 

- A significant number of General Scholarships are offered to reward all-round talent and leadership.

- All awards are conditional upon success in the entrance examinations. 


* See more info at Filing System"|"20150103161518"|"AA00032"|""|"2014-15"
154|"Admissions Info"|"For all non-native students should bring a recent IELTS certificate so that the College can provide an appropriate level of EAL support, and to track their progress accurately. 

The students will not be tested on arrival to the College but instead they should have the IELTS certificates with them."|"20150105183248"|"AA00032"|""|"2015-16"
154|"Admissions Info"|"For all non-native students should bring a recent IELTS certificate, which the College expect all entrants have taken this test before they arrive so that the College can provide an appropriate level of EAL support, and to track their progress accurately. 

Therefore the students will not be tested on arrival to the College but instead they should have the IELTS certificates with them."|"20150106103149"|"AA00032"|""|"2015-16"
303|"Admissions Info"|"1) The School is introducing boys to their small boarding community over a phased period of transition, starting with Year 7 and Year 12 in 2015.
2) The School has got spaces for a few girls in some year groups for Sep 2015."|"20141209111643"|"AA00032"|""|"2015-16"
303|"Admissions Info"|"[6Jan15] The School is currently having vacancies for girls in some year groups, and boys in Year 7 and Year 12.

1) The School is introducing boys to their small boarding community over a phased period of transition, starting with Year 7 and Year 12 in 2015.
2) The School has got spaces for a few girls in some year groups for Sep 2015."|"20150107103520"|"AA00032"|""|"2015-16"
303|"Extras"|"Additional tuition (based on approximately 10 lessons / term)

1) Instrumental lessons: £193
2) Combined Cadet Forces: £69
3) Speech and Drama: £94 
4) Horse Riding: £290 (including transport)
5) Personal Tuition (eg EAL): £49 (per hour)"|"20150107105817"|"AA00032"|""|"2014-15"
303|"Admissions Info"|"[6Jan15] The School is currently having vacancies for girls in some year groups, and boys in Year 7 and Year 12.

[9Dec14] The School is introducing boys to their small boarding community over a phased period of transition, starting with Year 7 and Year 12 in 2015."|"20150107103746"|"AA00032"|""|"2015-16"
428|"Extras"|"Learning Support Tuition – One to one £26.00 (Shared £17.00)"|"20150109161503"|"AA00032"|""|"2014-15"
428|"EFL Cost"|"- One to one £26 / lesson   
- Shared £17 / each"|"20150109161427"|"AA00032"|""|"2014-15"
146|"Extras"|"1) Music lessons: £175 / term  (10 individual lessons (circa))
    * to be settled directly between parents and Music Teachers

2) Individual Needs Teaching for Curricular Support:  £330 – £773 / term

3) Specialist Sports lessons (e.g. Golf, Riding, Fencing, Dance) Charges agreed & settled directly by Parents"|"20150112112042"|"AA00032"|""|"2014-15"
146|"EFL Cost"|"£260 – £475 / term"|"20150112112107"|"AA00032"|""|"2014-15"
146|"EFL Cost"|"£260 – £475 / term

(International pupils get free English as a Second Language tuition in their first year.)"|"20150112112734"|"AA00032"|""|"2014-15"
146|"EFL Cost"|"£260 – £475 / term

(Int'l pupils get FREE English as a Second Language tuition in their FIRST YEAR.)"|"20150112112838"|"AA00032"|""|"2014-15"
459|"Sibling Discount"|"5%, 7.5% and 10% will be applied to second, third and fourth children from the same family, on the condition that full fees are being paid for the eldest child at the School. 

The maximum total fee concession available per family at any given time is 22.5%. This includes both sibling discounts and any fee remissions awarded in the form of bursaries or scholarships."|"20150112163925"|"AA00032"|""|"2014-15"
459|"Extras"|"Specialised Individual Learning Support:  £58 / hour"|"20150112170229"|"AA00032"|""|"2014-15"
459|"Extras"|"1) Specialised Individual Learning Support:  £58 / hour   
2) Day & Boarding Pupils’ Expenses - Mandatory: £5 Society of Old Birkfeldians, per term
3) Boarding House Expenses – Mandatory: £95 (Full boarder), per term"|"20150112170359"|"AA00032"|""|"2014-15"
459|"Extras"|"1) Specialised Individual Learning Support:  £58 per hour   
2) Day & Boarding Pupils’ Expenses - Mandatory: £5 Society of Old Birkfeldians, per term
3) Boarding House Expenses – Mandatory: £95 (Full boarder), per term"|"20150112170411"|"AA00032"|""|"2014-15"
479|"Scholarship Info"|"See more at Filing System"|"20150112175121"|"AA00032"|""|"2015-16"
101|"Others"|"Short-term study course (limited places):   
This is a taster course where students will spend a term at the College attending lessons with our A-Level students. There are no set entry requirements for this programme, but students should be at least 16 years of age, have a strong academic record and a good intermediate level of English.

The College standard A-Level programme fees apply. The total cost of the programme will be calculated in proportion with the period of stay.

Further enquiries, pls contact:  enquiries@ccoex.com  OR  mark.bruce@ccoex.com

(See more at Filing System)"|"20150113113933"|"AA00032"|""|"2015-16"
192|"School Results Information"|"2 Chinese students from the class of 2014 have won Oxbridge places.  
- Leung Wing Sum (Niki) – Veterinary Medicine – Murray Edwards College, Cambridge.
- Wen Yin (Kim) – Engineering – Lincoln College, Oxford

And 2 British students from the class of 2015 have been offered places:
- Miriam Lord – Biological Sciences, Lady Margaret Hall, Oxford
- Catherine Mills – Chemistry – Hertford College, Oxford"|"20150113155400"|"AA00032"|""|"2013-14"
192|"Extras"|"1) MUSIC LESSONS:
    - Individual 35 minute lessons: £29.30 (per lesson)
    - Individual 30 minute lessons: £25.00 (per lesson)
    - Individual 20 minute lessons: £16.75 (per lesson)
    - A mixture of individual/shared lessons: £22.00 (per lesson)

2) SPEECH AND DRAMA LESSONS:
    - Individual 35 minute lessons: £230 (per term)
    - Shared 35 minute lessons: £170 (per term)

     - Examination fees vary from £20 - £80"|"20150113160531"|"AA00032"|""|"2014-15"
441|"Extras"|"Individual lessons: £35 / hour
Group lessons: £19 / hour

NB:
For Music, charges are payable in advance. The annual charge is for 30 lessons delivered over the year and is payable in three equal instalments at the beginning of each term."|"20150114132300"|"AA00011"|""|"2014-15"
9|"Term Dates"|"20150114: Year 9 arrive on 6th September 2015. The year 10’s will be asked to arrive for 12noon on the 7th Sep 2015."|"20150114160449"|"AA00007"|""|"2015-16"
9|"Term Dates"|"[14Jan15] Year 9 arrive on 6th September 2015. The year 10’s will be asked to arrive for 12noon on the 7th Sep 2015."|"20150114175359"|"AA00032"|""|"2015-16"
547|"Accommodation Remark"|"1"|"20150115112426"|"AA00032"|""|"2014-15"
472|"Skype Account"|"1) Besesschool
2) stbedesinterviews"|"20150625155702"|"AA00059"|""|"2015-16"
218|"Accommodation"|"Boarding"|"20130111134042"|""|""|"2013-14"
547|"Accommodation Remark"|"Boarding accommodation is only provided in the School’s boarding house for girls at present. Boys wishing to board may be provided with ‘Home Stay’ families by special arrangement and the termly fee will be adjusted accordingly."|"20150115112536"|"AA00032"|""|"2014-15"
398|"Extras"|"1) MUSIC Charges:  £25 / term (individual 40-minute lesson)
2) Instruments hire:  £45 / term (according to availability)

Others: 
3) Arranging a police registration visit:  £30
   (Appointment booked, travel arranged and form completed)
4) Arranging and opening a bank account:  £20
5) Organising student photos:  £20
6) All requested letters:  £10 per letter admin fee
7) Arranging travel transfers: £100 per term admin fee
    - for Exeats, Half terms beginning and end of term 
    (*except Michaelmas Term, after the Christmas Carol Service)
8) Arranging UM airline travel and documentation: £30
9) Arranging University Trips/ Interviews: £30 per trip (outside school organised visits)
10)  Arranging transfer & storage of luggage to an onward dest/ sch/ uni: £30 admin fee"|"20150120115110"|"AA00032"|""|"2014-15"
21|"updates note"|"National reforms to the A-Level system. 

(Doc saved at Filing System ~ Prospectus&Info)"|"20150120181120"|"AA00032"|""|"2015-16"
30023|"Accommodation"|"- All WISC students join a boarding housecommunity of around 25-30 students.  
- Residential accommodation is in twin or small dorms.

* Areas within the main houses have been modified so that WISC students can live together with, and be supported by, other students on the course but they also have the opportunity to interact with mainstream students and get a feel for what life in a boarding house will be like when they start on a mainstream course."|"20150121114124"|"AA00032"|""|"2015-16"
30023|"Accommodation"|"- All WISC students join a boarding housecommunity of around 25-30 students.  

- Residential accommodation is in twin or small dorms.

* Areas within the main houses have been modified so that WISC students can live together with, and be supported by, other students on the course but they also have the opportunity to interact with mainstream students and get a feel for what life in a boarding house will be like when they start on a mainstream course."|"20150121120844"|"AA00032"|""|"2015-16"
442|"Admissions Info"|"[6 Dec 2013] Please be aware that we will not be taking any students who are not taking any exams eg GCSE or IGCSE’s for September 2014. This is due to the British Government stopping state funding for students who do not have Maths and English GCSE or equivalent.
 
For future applicants students who wish to take A levels need to take the above exams plus those subjects they wish to take at A level."|"20131206095307"|"AA00025"|""|"2014-00"
30023|"Accommodation"|"- All WISC students join a boarding housecommunity of around 25-30 students.  

- Residential accommodation is in twin or small dorms.

* Areas within the main houses of Wells Catherals School have been modified so that WISC students can live together with, and be supported by, other students on the course but they also have the opportunity to interact with mainstream students and get a feel for what life in a boarding house will be like when they start on a mainstream course."|"20150121121029"|"AA00032"|""|"2015-16"
422|"Music Tuition"|"One lesson is 40 minutes
£23 per lesson (or pro rata for shared groups)"|"20140503173411"|"AA00044"|""|"2014-15"
298|"Music Tuition"|"£ 143 for ten lessons per term.  Parents are asked to make payments directly to the relevant music teacher."|"20140812174646"|"AA00044"|""|"2014-15"
423|"Extras"|"Music Tuition:

Individual lessons:  £140.00 / term
Group lessons/ beginners’ classes:  £85.00 / term"|"20150123144422"|"AA00032"|""|"2014-15"
423|"Extras"|"Music Tuition:  

- Individual lessons:  £140.00 / term
- Group lessons/ beginners’ classes:  £85.00 / term"|"20150123144432"|"AA00032"|""|"2014-15"
197|"Airport Pickup Remark"|"Nearest airport: Heathrow, Gatwick, Southampton

around GBP150"|"20140215104715"|"AA00025"|""|"2013-00"
213|"Admissions Info"|"Information of minimum entry requirements is being saved in Filing System (Admissions)."|"20150124175104"|"AA00032"|""|"2015-16"
43|"Scholarship Info"|"Info of the academic, music, sport, art scholarships is saved in Filing System."|"20150127105856"|"AA00032"|""|"2015-16"
628|"EFL Cost"|"Group tuition:
1:1 Tuition:
Test fee:"|"20150127154815"|"AA00032"|""|"2014-15"
628|"EFL Cost"|"Group tuition: £750 / term
1:1 Tuition:     £35 / hour
Test fee:         £150 / test"|"20150127154904"|"AA00032"|""|"2014-15"
628|"EFL Cost"|"IELTS Group tuition: £750 / term
IELTS 1:1 Tuition:     £35 / hour
IELTS Test fee:         £150 / test"|"20150127155030"|"AA00032"|""|"2014-15"
628|"Extras"|"1"|"20150127155533"|"AA00032"|""|"2014-15"
628|"EFL Cost"|"1) IELTS 
- Group tuition: £750 / term
- 1:1 Tuition:     £35 / hour
- Test fee:         £150 / test

2) English Courses (2-52 weeks):
* Deposit:  £200 (refundable)
- General Eng:  £450 / week (15 hours tuition)
- Intensive English:  £590 / week (21 hours tuition)"|"20150127160649"|"AA00032"|""|"2015-16"
628|"EFL Cost"|"1) IELTS 
- Group tuition: £750 / term
- 1:1 Tuition:     £35 / hour
- Test fee:         £150 / test

2) English Courses (2-52 weeks):
* Deposit:  £200 (refundable)
- General Eng:  £450 / week (15 hours tuition)
- Intensive English:  £590 / week (21 hours tuition)"|"20150127155433"|"AA00032"|""|"2014-15"
628|"Extras"|"1) Individual subject specific tuition: £45 / hour
2) Additional A level subjects: £1,250 / term
3) Public exam entrance (A levels): £125 / year

* The deposit can be used to pay for additional extras or they can be billed separately as per the parents request.

(See more fees on Group Programmes and Holiday Courses at Filing System, SchoolFees&BankDetails)"|"20150127160830"|"AA00032"|""|"2015-16"
604|"Scholarship Info"|"Applications for Years 7, 9, 10 & 12.   

These may be for Academic Studies, Dance, Riding, Music, Art or Sport."|"20150202114942"|"AA00032"|""|"2014-15"
36|"EFL"|"Yes"|"20150204123210"|"AA00044"|""|"2014-15"
30011|"Teacher/Pupil Ratio"|"NCUK foundation- average of 7 students (max. 12 in a subject class & 12-15 in EAP)"|"20140606125001"|"AA00044"|""|"2014-15"
68|"Teacher/Pupil Ratio"|"1:5"|"20140215103141"|"AA00025"|""|"2013-14"
177|"Teacher/Pupil Ratio"|"1:8"|"20121128110408"|"AA00032"|""|""
192|"EFL Cost"|"Individual 35-minute lessons: £265 per term

There will be a minimum of 10 lessons per term. For pupils having shared lessons, or more than one lesson per week, this sum will be adjusted pro rata.

NB:
For other SUPPORT lessons, the above fee also applied."|"20150113160922"|"AA00032"|""|"2014-15"
177|"Airport Pickup Remark"|"Gatwick (approximately 20 minutes)- GBP32
Heathrow (approximately 1 hour)-GBP80"|"20150204153915"|"AA00011"|""|"2014-15"
167|"Airport Pickup Remark"|"Manchester( GBP85-GBP100)"|"20150204152741"|"AA00011"|""|"2014-15"
68|"Airport Pickup Remark"|"Heathrow (GBP90) Birmingham (GBP80)"|"20150204151735"|"AA00011"|""|"2014-15"
55|"Airport Pickup Remark"|"Gatwick ( 100 pounds-240 pounds)"|"20150204134230"|"AA00011"|""|"2014-15"
30011|"Airport Pickup Remark"|"London Heathrow ( 125 pounds)"|"20150204133039"|"AA00011"|""|"2014-15"
36|"Airport Pickup Remark"|"London Gatwick ( around 35 pounds) and London Heathrow ( around 75 pounds)"|"20150204131222"|"AA00011"|""|"2014-15"
214|"Teacher/Pupil Ratio"|"1:12"|"20140215104902"|"AA00025"|""|"2013-14"
259|"Teacher/Pupil Ratio"|"1:8"|"20140215105409"|"AA00025"|""|"2013-14"
259|"Airport Pickup Remark"|"Nearest Airport- Ronaldsway-Isle of Man (GBP4 taxi), 10 mins on foot"|"20150204163816"|"AA00011"|""|"2014-15"
261|"Teacher/Pupil Ratio"|"1:8"|"20140215105632"|"AA00025"|""|"2013-14"
271|"EFL"|"Yes"|"20140411120801"|"AA00044"|""|"2014-15"
271|"Airport Pickup Remark"|"The pickup coach leaves Heathrow as soon as possible after 09.00am at the beginning of term.  Most of students from Hong Kong arrive on the early morning flights from 05.00 – 07.00 in the morning."|"20140530155717"|"AA00044"|""|"2014-15"
248|"Teacher/Pupil Ratio"|"1:8"|"20140215105107"|"AA00025"|""|"2013-14"
248|"Airport Pickup"|"Nearest airport- Bristol/Heathrow. Varies- GBP150 for a taxi but much cheaper on school transport"|"20150205111318"|"AA00044"|""|"2014-15"
30003|"Accommodation"|"Residential"|"20130709162103"|"AA00025"|""|"2013-00"
530|"Facilities"|"new sports hall; Science, Art and Design & Technology centres, all-weather sports pitches and tennis courts.  In addition, £150k has been spent on a network infrastructure providing 100% high-speed wireless and wired coverage throughout the teaching and learning environment."|"20150325104115"|"AA00011"|""|"2014-15"
690|"Facilities"|"there are tennis courts, a basketball court and a five-a side soccer pitch. There is
also a sports field for playing soccer and rugby. We have an organic farm in which cattle and sheep are reared, along with extensive
woodlands and fields."|"20150414112853"|"AA00044"|""|"2015-16"
685|"LOGIN PAGE"|"https://partners.studygroup.com/StudyGlobal/UserLogin/WebAuth.aspx?Logout=1

password: aa0214"|"20150427143626"|"AA00007"|""|"2015-16"
554|"Airport Pickup Remark"|"It will be a uniformed taxi pick up, with a name board, and the cost will be added to the student account."|"20140329101133"|"AA00044"|""|"2014-15"
641|"Teacher/Pupil Ratio"|"1:4"|"20140215111429"|"AA00025"|""|"2013-14"
641|"Accommodation"|"[19Mar14] Boarding & Homestay"|"20140319181558"|"AA00044"|""|"2014-15"
641|"Accommodation Remark"|"[19Mar14] Westbourne’s Boarding House: one minute’s walk from the school. Single rooms are available for Years 12 and 13 and shared rooms for Year 7- Year 11."|"20140319183924"|"AA00044"|""|"2014-15"
641|"Airport Pickup Remark"|"[19Mar14] airport transfers to the following airports: (1) London Heathrow,(2) Bristol and
(3) Cardiff. Transport will take place by the SCHOOL MINIBUS or by CAR accompanied by a responsible adult up to the security area of departures. 
COSTS start at: Cardiff from £20 per student, London Heathrow from £45 per student and Bristol from £40 per student. These prices may vary depending on the number of students arriving at the same time and location.
Appreciate booking of flights to arrive between 7am and 10pm where at all possible. We cordially request that flight details, when known, are sent to boardinghouse@westbourneschool.com as early as possible but as a minimum of
2 weeks before departure/arrival."|"20140320172814"|"AA00044"|""|"2014-15"
597|"Teacher/Pupil Ratio"|"1:8"|"20130926162815"|"AA00025"|""|"2013-14"
597|"EFL Cost"|"Individual tuition: max. £39 for 50 mins  

(Group rates are available on request)"|"20141127154134"|"AA00032"|""|"2014-15"
362|"Long Weekend"|"No"|"20130723170000"|""|""|"2013-14"
533|"School Web Agent Login"|"Link: https://parent.kings-school.co.uk/api/login/"|"20150306165004"|"AA00003"|""|"2015-16"
533|"School Web Agent Login"|"Link: https://parent.kings-school.co.uk/api/login/
Login: admin@academic-asia.com
Password: 2833kings"|"20150306165622"|"AA00003"|""|"2015-16"
547|"Accommodation Remark"|"Boarding accommodation is only provided in the School’s boarding house for GIRLS at present. Boys wishing to board may be provided with ‘Home Stay’ families by special arrangement and the termly fee will be adjusted accordingly."|"20150115112601"|"AA00032"|""|"2014-15"
427|"Sibling Discount"|"Sibling discounts will be applied for day students at a rate of 10% per sibling, i.e. 10% discount for the second child and any subsequent children in school at any one time."|"20140712110553"|"AA00044"|""|"2014-15"
651|"Sibling Discount"|"A reduction of 10% of the full fee is made for a second child in the School, 20% for
a third child and 30% for a fourth child."|"20140412110803"|"AA00044"|""|"2014-15"
651|"Insurance"|"Pupils’ personal and dental accident insurance at £6.20 per term."|"20140412110833"|"AA00044"|""|"2014-15"
389|"Sibling Discount"|"A discount of 10% is offered for the second child and 20% for the third and subsequent children."|"20141120173146"|"AA00032"|""|"2014-15"
52|"EFL Cost"|"please refer GUIDE TO EAL COUSES 2015-16 for further information"|"20150505181319"|"AA00044"|""|"2015-16"
300|"Sibling Discount"|"Sibling discounts are available, as below, providing all children are attending Loretto at the same time.
1st Child Nil
2nd Child 5%
3rd Child 20%
4th Child 50%"|"20140719104543"|"AA00044"|""|"2014-15"
271|"Guardianship"|"The School now offer a full very competitive priced guardianship programme, which includes airport to airport cover."|"20150113103756"|"AA00032"|""|"2015-16"
271|"Guardianship"|"Kingsley School runs its own guardianship scheme"|"20150516172054"|"AA00044"|""|"2015-16"
271|"Guardianship"|"Kingsley School runs its own guardianship scheme

- Termly guardianship programme £470 (includes registration, admin fee,accommodation and meals for a half term stay)"|"20150516172253"|"AA00044"|""|"2015-16"
271|"Guardianship"|"Kingsley School runs its own guardianship scheme

- Termly guardianship programme £470 (includes registration, admin fee,accommodation and meals for a half term stay)
please go filing system-> ‌prospectus&infor for gaudianship leaflet 2015-16"|"20150516172616"|"AA00044"|""|"2015-16"
13|"Travel Info"|"The nearest post office is in Warwick Town Centre a 20 minute walk from the school. The boys will all be shown where it is on their first weekend at the school."|"20150516173305"|"AA00044"|""|"2015-16"
13|"Facilities"|"The nearest post office is in Warwick Town Centre a 20 minute walk from the school. The boys will all be shown where it is on their first weekend at the school."|"20150516173443"|"AA00044"|""|"2015-16"
30003|"Others"|"a guaranteed offer for all international students attending Exeter College to obtain progression onto Exeter University (www.exeter.ac.uk)"|"20150520095907"|"AA00044"|""|"2015-16"
21|"Visa"|"the majority of pupils will arrive in the UK 2-3 days before the start of term; we will certainly make arrangements for the pupils to collect their BRP from the Post Office"|"20150413114534"|"AA00044"|""|"2015-16"
590|"Music Tuition"|"per term per annum
Individual 30 minute lesson  £245      £735
Shared 30 minute lesson   £160        £480 
Individual 20 minute lesson*** £163 £489"|"20150603110512"|"AA00044"|""|"2015-16"
103|"Admissions Info"|"A level"|"20121127153211"|"AA00032"|""|""
7|"Long Weekend Arrangement"|"Cannot stay"|"20121128135819"|"AA00032"|""|""
22|"Visa"|"This code must be entered into the ALTERNATIVE LOCATION field in the BRP Collection Page on Visa4UK.
Uppingham School ACL code: 2SC237
The BRP delivery address (please do copy this accurately).
Uppingham School
C/O Admission Dept Tier 4 Compliance Team
High Street West
Uppingham
Oakham
LE15 9QE

This ACL code is scheduled to be live on Visa4UK from 6 June 2015."|"20150609105819"|"AA00044"|""|"2015-16"
528|"Admissions Info"|"Yes, I am pleased to advise we would consider this student joining our Sixth Form. As long as girls have not turned 18 years of age when they start with us we can accept their applications"|"20150624112438"|"AA00044"|""|"2017-18"
45|"Skype Account"|"battleabbey"|"20150625155448"|"AA00059"|""|"2015-16"
1|"Skype"|"1) abingdonregistrar (Mainly used)
2) abingdonschool"|"20150625155041"|"AA00059"|""|"2015-16"
58|"Skype Account"|"1) berkhamstedschool
2) berkhamstedsixth"|"20150625160058"|"AA00059"|""|"2015-16"
101|"skype"|"cardiff.sixth.form.college"|"20150625165441"|"AA00059"|""|"2015-16"
208|"Skype Account"|"greshamsreg"|"20150625181804"|"AA00059"|""|"2015-16"
370|"Skype Account"|"prior.field.registrar"|"20150626165506"|"AA00059"|""|"2015-16"
177|"Uniform"|"6th form - suit (but need to buy PE kit)
uniform can be bought online http://www.schoolblazer.com/"|"20121128110525"|"AA00032"|""|""
320|"EFL Cost"|"English as an Additional Language - £1,380 per term
A compulsory charge for international students who are unable to access the normal curriculum depending on language ability following an assessment by the School.
Additional charges will be levied for those students who are in need of, or wish to receive extra English tuition (please refer to the optional charges overleaf)."|"20150702170006"|"AA00044"|""|"2015-16"
320|"Sibling Discount"|"A 5% discount is available on all tuition fees for the second and any subsequent sibling
(applicable to pupils in Reception and above)."|"20140514155412"|"AA00044"|""|"2014-15"
381|"Scholarship Info"|"queenswood.school
queenswood.school1"|"20150626165704"|"AA00059"|""|"2015-16"
545|"Sibling Discount"|"Sisters of girls already in the School will be eligible for a reduction of 5%.  Full time members of HM Forces will be eligible for a 10% reduction in fees."|"20140624114219"|"AA00044"|""|"2014-15"
103|"Hotel/B&B"|"Hotels in the Caterham area:
 (all prices approx - Please confirm with hotel)
 
Coulsdon Manor Hote GBP97.75 per person per night*
 Coulsdon Court Hotel 
Coulsdon 
Surrey Telephone 020 8 668 0414
 CR5 2LL Fax: 020 8 668 0342
 
(Approx 10 minutes by car from Caterham School). *Special rate for Caterham School. Rate is for bed and breakfast. Please quote ID No 3333.
 
Croydon Park Hotel Single: GBP122 per night*
 7 Altyre Road Double: ?37 per night*
 Croydon 
Surrey Telephone: 020 8 680 9200
 CR9 5AA Fax: 020 8 760 0426
 
*Rates for weekdays. Friday to Sunday Rates: GBP60 single/GBP80 double
 
(Approx 20/30 minutes by car from Caterham School: close proximity to East Croydon Station - train journey approx 15 minutes). 

The Godstone Hotel Single room: GBP49 per night
 The Green Double room: GBP65 per night
 Godstone
 Surrey RH9 8DT Telephone/fax 01883 742461
 
(Approx 15/20 minutes by car from Caterham School). Rates include continental breakfast and VAT. Additional charge for cooked breakfast: GBP5.
 
Selsdon Park Hotel Single room: GBP125 per night*
 Addington Road, Selsdon Double room: GBP165 per night*
 Sanderstead
 Surrey CR2 8YA Telephone: 020 8 657 8811
 Fax: 020 8 651 6171
 
*Rates for weekdays. Weekend rates Single (1 night, bed and breakfast): GBP89. Double (1 night, bed and breakfast): 79 per person. 2 nights 69 per person. Double Room with Bed and Breakfast (1 night): GBP75 per person.
 (Approx 15/20 minutes by car from Caterham School).
 

The White Hart Single room: GBP49
 11/21 High Street Double room: GBP49 per person
 Redhill"|"20121127153147"|"AA00032"|""|""
103|"Hotel/B&B"|"Hotels in the Caterham area:

- Coulsdon Court Hotel 
   Coulsdon, Surrey,  CR5 2LL
Telephone 020 8668 0414
(Approx 10 minutes by car from Caterham School). 
 
- Croydon Park Hotel 
  7 Altyre Road, Croydon, Surrey, CR9 5AA
Telephone: 020 8680 9200
(Approx 20/30 minutes by car from Caterham School: close proximity to East Croydon Station - train journey approx 15 minutes). 

- The Godstone Hotel 
 The Green, Godstone, Surrey RH9 8DT 
Telephone:  018 8374 2461
 (Approx 15/20 minutes by car from Caterham School). 
 
- Selsdon Park Hotel 
 Addington Road, Selsdon, Sanderstead, Surrey CR2 8YA 
 Telephone: 020 8 657 8811
(Approx 15/20 minutes by car from Caterham School).
 

The White Hart Single room: GBP49
 11/21 High Street Double room: GBP49 per person
 Redhill"|"20150708114006"|"AA00011"|""|"2015-16"
103|"Airport Pickup"|"[26 Sep 2013] Varies - sometimes students share taxi or our moni bus collects.

London Gatwick 20mins (14 miles)
London Heathrow 50mins (40 miles)"|"20130926165729"|"AA00025"|""|"2013-14"
103|"Airport Pickup"|"20150713: we do not offer a pickup service from the airport that is something either you or Brian’s guardians will need to arrange direct

[26 Sep 2013] Varies - sometimes students share taxi or our moni bus collects.

London Gatwick 20mins (14 miles)
London Heathrow 50mins (40 miles)"|"20150713192144"|"AA00007"|""|"2015+16"
655|"Insurance"|"The dental treatment at Christ's Hpspital is covered by the NHS when students are with them."|"20170505114102"|"AA00065"|""|"2017-18"
271|"Guardianship"|"Kingsley School runs its own guardianship scheme

- Termly guardianship programme £470 (includes registration, admin fee,accommodation and meals for a half term stay)

please go filing system-> ‌prospectus&infor for gaudianship leaflet 2015-16 for further information"|"20150516172635"|"AA00044"|""|"2015-16"
21|"Visa"|"the majority of pupils will arrive in the UK 2-3 days before the start of term; we will certainly make arrangements for the pupils to collect their BRP from the Post Office

when completing the visa application form, applicants are required to give the postcode of the nearest Post Office to the school which offers the BRP collection service.  
Please advise the family to use the following post code: BN1 2TA"|"20150603101328"|"AA00044"|""|"2015-16"
103|"Airport Pickup"|"20150713: we do not offer a pickup service from the airport that is something either parent or guardians will need to arrange direct

[26 Sep 2013] Varies - sometimes students share taxi or our moni bus collects.

London Gatwick 20mins (14 miles)
London Heathrow 50mins (40 miles)"|"20150713192210"|"AA00007"|""|"2015+16"
78|"Visa"|"2FE262"|"20150623112917"|"AA00044"|""|"2015-16"
457|"Scholarship Info"|"sjc_student"|"20150626170427"|"AA00059"|""|"2015-16"
457|"Skype Account"|"sjc_student"|"20150720151205"|"AA00059"|""|"2015-16"
103|"Visa"|"Caterham School is now outsourcing the process for all CAS applications to an external visa and immigration consultancy, The Taylor Partnership, (www.ttplaw.co.uk).  Once an offer has been accepted, we will require a 300 GBP payment for the Taylor Partnership to process the pupil’s CAS."|"20150728102849"|"AA00044"|""|"2015-16"
271|"Guardianship"|"Kingsley School runs its own guardianship scheme
- Termly guardianship programme £470 (includes registration, admin fee,accommodation and meals for a half term stay)
please go filing system-> ‌prospectus&infor for gaudianship leaflet 2015-16 for further information

I had a recent meeting with the school’s Head of Boarding, Mrs Linda Stella, at which she explained that she has agreed with the headmaster to keep a boarding house open during Half Terms, and charge parents about GBP500 for looking after the students at Half Term. They have therefore decided to stop the Quest / Kingsley arrangement for new students (although they will honour the agreement for any boarders who are already at the school). I regret this means that we cannot continue to offer a Kingsley Service whereby the school adds the cost to the school account at the end of term."|"20150714114402"|"AA00044"|""|"2015-16"
55|"School Web Agent Login"|"Link: https://partners.studygroup.com/StudyGlobal/UserLogin/WebAuth.aspx?Logout=1&ReturnUrl=%2findex.aspx
Login: battie@academic-asia.com
Password: studygroup"|"20150306164431"|"AA00003"|""|"2015-16"
286|"Video"|"Below is a link to an online presentation which gives some detailed information about Leweston including a short video clip from a current overseas pupil.  It is very easy to use, just click on the play tab, you can also make it full screen by clicking on the more option.  I hope that it may be useful to you and your staff in promoting Leweston to prospective parents and pupils.  As it is hosted online it will be permanently up-to-date and can be accessed from anywhere: http://prezi.com/5lbprpfik_rk/?utm_campaign=share&utm_medium=copy&rc=ex0share"|"20150911111413"|"AA00044"|""|"2015-16"
286|"Video"|"Below is a link to an online presentation which gives some detailed information about Leweston including a short video clip from a current overseas pupil.  It is very easy to use, just click on the play tab, you can also make it full screen by clicking on the more option.  I hope that it may be useful to you and your staff in promoting Leweston to prospective parents and pupils.  As it is hosted online it will be permanently up-to-date and can be accessed from anywhere:

http://prezi.com/5lbprpfik_rk/?utm_campaign=share&utm_medium=copy&rc=ex0share"|"20150911111443"|"AA00044"|""|"2015-16"
286|"Video"|"Below is a link to an online presentation which gives some detailed information about Leweston including a short video clip from a current overseas pupil.  It is very easy to use, just click on the play tab, you can also make it full screen by clicking on the more option.  I hope that it may be useful to you and your staff in promoting Leweston to prospective parents and pupils.  As it is hosted online it will be permanently up-to-date and can be accessed from anywhere:
http://prezi.com/5lbprpfik_rk/?utm_campaign=share&utm_medium=copy&rc=ex0share"|"20150911111456"|"AA00044"|""|"2015-16"
154|"School Visit"|"Introduction Seminar for 2016 Entry
Date: Thursday 15th October 2015
Time: 19:30- 20:30
Location: Room 307-8 British Council, 3 Supreme Court Road, Admiralty
Speaker: Mr. Alasdair Kennedy, Deputy Master

Entrance Examination for 2016 Entry
Date: Saturday, 17th October 2015
Time: 08:30am- 4:30pm
Location: 2/F The Royal Garden Hotel, 69 Mody Road Tsim Sha Tsui, Kowloon, Hong Kong"|"20151006154925"|"AA00044"|""|"2016-17"
154|"Admissions Info"|"Introduction Seminar for 2016 Entry
Date: Thursday 15th October 2015
Time: 19:30- 20:30
Location: Room 307-8 British Council, 3 Supreme Court Road, Admiralty
Speaker: Mr. Alasdair Kennedy, Deputy Master

Entrance Examination for 2016 Entry
Date: Saturday, 17th October 2015
Time: 08:30am- 4:30pm
Location: 2/F The Royal Garden Hotel, 69 Mody Road Tsim Sha Tsui, Kowloon, Hong Kong"|"20151006154941"|"AA00044"|""|"2016-17"
547|"Sibling Discount"|"10% first sibling; 15% subsequent siblings (21 June 2011)
 {second child (5%) and subsequent children (10%)} - Old"|"20130109111723"|"AA00032"|""|""
17|"Admissions Info"|"http://www.crgs.co.uk/152/sixth-form-applications"|"20151022213202"|"AA00007"|""|"2016-17"
2|"Music Instrument"|"[8 Apr 2010] 
GBP35.00 per term"|"20121126154528"|"AA00032"|""|""
431|"Long Weekend Arrangement"|"No saturday school weekend: 
On these weekends, we do expect all boarding students, where possible, to leave the school on the Friday afternoon and return on Sunday evening. If students live overseas, they usually go to their guardian or a family member at this time, or stay with a friend from school. If there is absolutely nowhere a student can go, then we can help make provision for this, but guardians should be prepared to have the student for these weekends. (replied from school)"|"20160104173745"|"AA00007"|""|"2016-17"
431|"Long Weekend"|"Yes, school called it ""No saturday school"""|"20160104173633"|"AA00007"|""|"2016-17"
268|"Teacher/Pupil Ratio"|"This is an average of 15:1"|"20160121101959"|"AA00044"|""|"2015-16"
268|"Teacher/Pupil Ratio"|"staff: pupil ratio-This is an average of 15:1"|"20160121102015"|"AA00044"|""|"2015-16"
441|"Skype Account"|"sidcotschool"|"20151019153601"|"AA00059"|""|"2016-17"
30034|"Teacher/Pupil Ratio"|"12 in the Sixth Form
24 in the Senior School
16 in Prep School"|"20160203102713"|"AA00044"|""|"2016-17"
30035|"Others"|"Year 7- Todd"|"20160212182130"|"AA00044"|""|"2016-17"
549|"Guardianship"|"The guardian that is being used by an increasing number of students is Julia Evans – http://www.cambridge-guardian-angels.com/ 

We find her very good, approachable and helpful. Do make contact with her – I am sure she will be keen to help."|"20160330151610"|"AA00044"|""|"2015-16"
103|"ACL"|".."|"20160405174445"|"AA00027"|""|"2016-17"
103|"ACL"|"2SC482"|"20160405174458"|"AA00027"|""|"2016-17"
685|"LOGIN PAGE"|"https://partners.studygroup.com/StudyGlobal/UserLogin/WebAuth.aspx?Logout=1

battie@academic-asia.com

password: aa0214"|"20150427143649"|"AA00007"|""|"2015-16"
58|"Visa"|"Please note our ACL code 3SC432 which is the Alternative Collection Location  for his Biometric Residence Permit"|"20150725093537"|"AA00044"|""|"2015-16"
67|"Visa"|"ACL code: 2SC432"|"20150618175408"|"AA00044"|""|"2015-16"
306|"Visa"|"Please find our ACL code- 2SC362. You will need to advise all applicants from the 18/06/15 to use this code during their online application"|"20150616173958"|"AA00044"|""|"2015-16"
380|"Visa"|"The  Alternative Collection Location (ACL) code we have been assigned by UKVI is  3SC472
 
The code must be entered into the Alternative Location field on the BRP Collection Page on Visa4UK."|"20150731094723"|"AA00044"|""|"2015-16"
36|"Visa"|"The Ardingly College’s ACL code is:  2SC487"|"20150804171923"|"AA00044"|""|"2015-16"
30011|"ACL Code"|"2HE2345   Duff Miller & Co (London Tutor) Ltd"|"20160412183344"|"AA00027"|""|"2016-17"
55|"Visa"|"ACL code-
Brighton	2SC937
Cambridge 2SC942
London	2SC947
Oxford	2SC952"|"20150702161403"|"AA00044"|""|"2015-16"
68|"Visa"|"ACL CODE - 2SC227
Available for Visa Applications from 6th June 2015"|"20150724101643"|"AA00044"|""|"2015-16"
130|"Visa"|"Please note that our ACL code is 2SC422.

This code will become Live on 18th June 2015 therefore please defer your visa application until then wherever possible."|"20150613155032"|"AA00044"|""|"2015-16"
136|"Visa"|"The Alternative Collection Location code for Dauntsey’s School is - 2SC472

Using the Code
1.       The code must be entered into the Alternative Location field in the BRP Collection Page on Visa4UK (see attached screenshot)
2.       After entering the code and pressing FIND, the collection address should be displayed

PLEASE NOTE THAT THIS CODE WILL ONLY BE VALID TO USE FROM FRIDAY, 19 JUNE"|"20150616100802"|"AA00044"|""|"2015-16"
154|"Visa"|"Dulwich College’s Alternative Collection Location (ACL) code, which is 2SC662."|"20150623182618"|"AA00044"|""|"2015-16"
6|"Visa"|"The ACL code he will need to use is: 3SC292"|"20150707100202"|"AA00044"|""|"2015-16"
290|"Visa"|"ACL Code is 2SC967"|"20150627094235"|"AA00044"|""|"2015-16"
302|"Visa"|"Alternative Collection Location and the School Code is 2SC577."|"20150616170157"|"AA00044"|""|"2015-16"
376|"Visa"|"The ACL (Alternative Collection Code) is:  2SC382"|"20150806165219"|"AA00044"|""|"2015-16"
413|"Visa"|"The code to use is: 2SC992"|"20150711150145"|"AA00044"|""|"2015-16"
465|"Visa"|"The ACL code for St Mary’s School is 2SC597"|"20150717095153"|"AA00044"|""|"2015-16"
509|"Visa"|"BRP Collection : ACL Code: 2SC857
Stover School
Stover
Newton Abbot
TQ12 6QG, Devon, UK"|"20150707094555"|"AA00044"|""|"2015-16"
22|"Visa"|"This correct ACL code 2SC242  should be entered into the Alternative Location field in the BRP Collection Page on Visa4UK,"|"20150616183740"|"AA00044"|""|"2015-16"
574|"Visa"|"You have been assigned ACL code 3SC367, which is scheduled to be live on Visa4UK from 00.01 (GMT) 17th July 2015"|"20150718095032"|"AA00044"|""|"2015-16"
577|"Visa"|"ACL Code is 2SC692"|"20160113095017"|"AA00044"|""|"2015-16"
423|"Skype Account"|"Name                                                      id
Ryde School - Becky Craik	                becky.craik
Ryde School - nicholas_england	nicholas_england"|"20150626170002"|"AA00059"|""|"2015-16"
197|"Skype Account"|"myra.dance"|"20150625181709"|"AA00059"|""|"2015-16"
500|"Vacancy"|"For Sep2017, will not consider Y8"|"20160622172301"|""|""|"2017-18"
20|"ACL code"|"INTCAS"|"20160624161757"|"AA00027"|""|"2016-17"
543|"Airport Pickup"|"School will not arrange airport pickup"|"20160725095433"|"AA00007"|""|"2016-17"
41|"Visa"|"all visa application has to be done by Mark Taylor.
Please don’t touch any visa application for this school, leave it all to Mark."|"20170113105349"|"AA00027"|""|"2017-18"
611|"Visa"|"The school do ask all pupils joining the school to work with The Taylor Partnership."|"20170113110147"|"AA00027"|""|"2017-18"
36|"Visa"|"The registrar strongly insisted that all visa application has to be done by Mark Taylor and the school will charge GBP500.
Please don’t touch any visa application for this school, leave it all to Mark."|"20160525171430"|"AA00044"|""|"2016-17"
41|"Visa"|"all visa application has to be done by Mark Taylor.
Please don’t touch any visa application for this school, leave it all to Mark.

Ashville does not charge parents the costs of using the Taylor Partnership, these are being picked up by college"|"20170113105631"|"AA00027"|""|"2017-18"
611|"Visa"|"The school do ask all pupils joining the school to work with The Taylor Partnership.

There is no charge to the parents as the school has engaged the Services of The Taylor Partnership."|"20170113110216"|"AA00027"|""|"2017-18"
125|"AA CANNOT ASSIST IN VISA  APPLICATION"|"AA CANNOT ASSIST IN VISA  APPLICATION"|"20170113174311"|"AA00027"|""|"2017-18"
533|"AA CANNOT ASSIST IN VISA  APPLICATION"|"AA CANNOT ASSIST IN VISA  APPLICATION"|"20170113174358"|"AA00027"|""|"2017-18"
611|"AA CANNOT ASSIST IN VISA  APPLICATION"|"AA CANNOT ASSIST IN VISA  APPLICATION

The school do ask all pupils joining the school to work with The Taylor Partnership.

There is no charge to the parents as the school has engaged the Services of The Taylor Partnership."|"20170113174428"|"AA00027"|""|"2017-18"
465|"Others"|"NO more exeat"|"20170314103059"|"AA00065"|""|"2017-18"
302|"Hotel/B&B"|"Ramada Hotel,
High Street,
Loughborough
Tel:  01509 233222


Premier Inn,
Southfields Road,
Loughborough.
Tel:  0871 527 9314


Charnwood Lodge Hotel,
136 Leicester Road,
Loughborough.
www.charnwoodlodge.com
Tel:  01509 211120"|"20170322152622"|"AA00065"|""|"2017-18"
4|"Travel Info"|"Sara (Admissions Officer) is welcome parent to contact her by phone or email if they got travelling issues when visit Charterhouse."|"20170407172908"|"AA00065"|""|"2017-18"
103|"Visa"|"AA CANNOT ASSIST IN VISA  APPLICATION"|"20170509123218"|"AA00027"|""|"2017-18"
21|"Airport Pickup"|"Brighotn College don’t arrange this and kindly ask that the Guardian is responsible for arranging this. 

Brighton College recommended taxi company is Brighton and Hove Streamline Taxis +44 1273202020"|"20170505114245"|"AA00065"|""|"2017-18"
383|"Others"|"Unfortunately Quest only give Vincent’s contact details to our Premium Service clients. Please ask parent to email Quest or alternatively parent can call and speak to Ken Gong, the Cantonese Speaker in the office, should parent wish to speak Cantonese."|"20170606110420"|"AA00065"|""|"2017-18"
362|"ACL"|"3SC797"|"20160905172341"|"AA00027"|""|"2016-17"
573|"School Visit"|"20170712: will not arrange visit in the afternoon"|"20170712115508"|"AA00007"|""|"2017-18"
103|"Admissions Info"|"All boarding applications are submitted via WisePay. 
Forward an up-to-date school report, grade sheet and copy of passport in an email to boardingadmissions@caterhamschool.co.uk immediately after the on-line application has been made."|"20170722103250"|"AA00032"|""|"2017-18"
103|"Admissions Info"|"[22Jul17]All boarding applications are submitted via WisePay. 
Forward an up-to-date school report, grade sheet and copy of passport in an email to boardingadmissions@caterhamschool.co.uk immediately after the on-line application has been made."|"20170722103335"|"AA00032"|""|"2017-18"
39|"Pocket Money"|"[26/7/17]250GBP will also be presented on invoices for the purposes of pocket money"|"20170726095710"|"AA00032"|""|"2017-18"
302|"Uniform"|"[26Jul17] The School Uniform for Year 12 boys:  A plain, dark business suit (black, navy blue, dark grey) of traditional, conservative design (no pinstripes/other patterns).  A plain, pastel shirt of light colour with an appropriate collar and long sleeves"|"20170726113740"|"AA00032"|""|"2017-18"
302|"Uniform"|"[26 Jul 17] The School Uniform for Year 12 boys:  A plain, dark business suit (black, navy blue, dark grey) of traditional, conservative design (no pinstripes/other patterns).  A plain, pastel shirt of light colour with an appropriate collar and long sleeves"|"20170726113756"|"AA00032"|""|"2017-18"
302|"Moving to Brighton College"|"[26 Jul 2017]Exeat weekends are non-compulsory"|"20170726114138"|"AA00032"|""|"2017-18"
302|"Long Weekend Arrangement"|"boarders can stay in the house for all exeats"|"20170318171429"|"AA00065"|""|"2017-18"
302|"Moving to Brighton College"|"[26 Jul 2017]Exeat weekends are non-compulsory"|"20170726114138"|"AA00032"|""|"2017-18"
200|"Guardianship"|"[22Jul17] Unable to use Whitehouse Guardians. Their closest local coordinator is located over 4 hours away. Gordonstoun School do provide their own guardianship which may be an option for the parents."|"20170722111511"|"AA00032"|""|"2017-18"
200|"Guardianship"|"[22Jul17] Unable to use Whitehouse Guardians. Their closest local coordinator is located over 4 hours away. Gordonstoun School do provide their own guardianship which may be an option for the parents.
[28 Jul 17] The school have a pool of local guardians and can appoint one at a cost of approximately £350 per term. Contact Judith Moreland."|"20170728163132"|"AA00032"|""|"2017-18"
413|"Airport Pickup"|"Due to the length of time that it is taking to clear Immigration at the airport, we are no longer able to arrange a pick-up for students as families were receiving large bills due to waiting time.

I can however recommend a Taxi Company that we use, Kendall Cars 020 8681 3535   https://www.kendallcars.co.uk/"|"20170622102438"|"AA00065"|""|"2017-18"
533|"Admissions Info"|"*Shell (Year 9) Boys' Boarding 2017 and 2018*:
Please note that we are no longer accepting Shell Boys' boarding registrations for 2017 and 2018"|"20170804113534"|"AA00032"|""|"2017-18"
130|"Accommodation Remark"|"All bedding will be supplied for the students. Students will need to bring their own towels"|"20170808110938"|"AA00032"|""|"2017-18"
638|"Others"|"[9Aug2017] The premium areas are not only for London, but also for Scotland, Oxford, the Blackmore Vale area and also for The Fens area. Below is a list of premium areas:
Lea Valley
Cherwell
London West
Blackmore Vale
Magna Carta
The Highlands
North Downs
The Fens"|"20170809093513"|"AA00032"|""|"2017-18"
211|"Long Weekend Arrangement"|"The only exeat weekend we have during the academic year is the one which includes Monday 7 May 2018.  Girls are permitted to stay in the boarding houses for this weekend"|"20170829181149"|"AA00032"|""|"2017-18"
30041|"Exam"|"The tests take about two-and-a-half hours to complete (English 25 minutes, mathematics 50 minutes, non-verbal reasoning 32 minutes, verbal reasoning 36 minutes) and can be taken together or at separate times, either in the child's own school or at the senior school for which he or she is entered."|"20170906160034"|"AA00068"|""|"2018-19"
368|"skype"|"[14Sep17]Mr. Peter Stroud has allocated Skype times on Friday mornings between 9.00am and 11.00am (UK time) for applicants from China/Hong Kong"|"20170914172632"|"AA00075"|""|"2017-18"
368|"skype"|"Mr. Peter Stroud has allocated Skype times on Friday mornings between 9.00am and 11.00am (UK time) for applicants from China/Hong Kong"|"20170914172753"|"AA00075"|""|"2017-18"
1|"Scholarship Info"|"Music scholarship via this link: https://docs.google.com/forms/d/e/1FAIpQLSfjPsN8iTWuXpE9yFbFi5oyCYBnd6TD5CsUpzL5sG4fSeLPRQ/viewform

Please remember to email all required reports and documents when completing the form to beverley.buckle@abingdon.org.uk or send an email if you have any problems or questions"|"20170914175530"|"AA00075"|""|"2018-19"
130|"Uniform"|"PE White T-Shirt, House Shirt, Black Shorts, Smock, Black Trousers, Black Socks are mandatory. 
Black Skort (a skirt with shorts underneath for girls only instead of shorts).
Order form is available to fill in by 21 Aug (Thu) and send it to Mrs. Emily Purvis for such purchase."|"20140823134200"|"AA00032"|""|"2014-15"
76|"Entrance Exam"|"UKiset associate"|"20170926161742"|"AA00079"|""|"2017-18"
504|"Long Weekend Arrangement"|"Cannot Stay"|"20130111121748"|"AA00032"|""|""
503|"Long Weekend Arrangement"|"Cannot Stay"|"20130111121703"|"AA00032"|""|""
517|"Airport Pickup"|"approx GBP80 plus parking & waiting time, pay cash to taxi driver (Aug 10)

The driver of the taxi from 581 Travel will meet you at the main exit from Customs holding a board with 581 Travel and the Sussex Downs College logo on it. 

-- YOU MUST ASK THE DRIVER FOR THE PASSWORD, WHICH HE SHOULD TELL YOU, IS X-BOX? The driver will then ask to see a copy of your confirmation letter from Sussex Downs College and bring you to your accommodation address in Lewes. 

-- The cost of this will be approximately Ã"|"20130111145853"|"AA00032"|""|""
687|"Admissions Info"|"20200721: The closing date for SEP-2021 applications is 20 November 2020"|"20200721095505"|"AA00078"|""|"2021-22"
483|"Entrance Exam"|"From: M Harding [mailto:mharding@stgeorges-ascot.org.uk] On Behalf Of Admissions
Sent: Wednesday, September 13, 2017 5:15 PM
Subject: St George's Ascot - 13+ Admissions - Change to Entrance Examinations


Dear Parents

Re:  St George’s Ascot, 13+ Admissions

I am writing to advise you of a change to our 13+ Entrance Examinations which will affect current Year 8 applicants seeking a 13+ place for September 2018. 
In addition to papers in Maths, English and Verbal Reasoning, all 13+ candidates will now also be assessed in Science.  All papers will be one hour long with the exception of Verbal Reasoning which is 50 minutes.  
Sample papers are available on the Admissions section of our website should you wish to review them.  The date of Entrance Examinations and Scholarship Assessments remain unchanged.

Key Dates for 2018 entry:
Event	Date	Registered Candidates only
Open Morning	Friday, 6 October 2017	
13+ Scholarship Interviews and Auditions	Thursday, 1 February 2018	
13+ Entrance Examinations and Interviews	Friday, 2 February 2018	

If you haven’t Registered your daughter for 13+ 2018 entry, please do so as soon as possible.  To Register:  http://www.stgeorges-ascot.org.uk/532/admissions/registration

If you have any questions, I would be grateful if you would phone on 01344 629 920.

Yours sincerely
 
Kerry Bertram
Admissions and Marketing Manager

St George’s School, Wells Lane, Ascot, SL5 7DZ
01344 629 920 | admissions@stgeorges-ascot.org.uk
www.stgeorges-ascot.org.uk | Twitter 
Independent Boarding & Day School for Girls aged 11-18"|"20170916160943"|"AA00079"|""|"2018-09"
483|"Entrance Exam"|"From: M Harding [mailto:mharding@stgeorges-ascot.org.uk] On Behalf Of Admissions
Sent: Wednesday, September 13, 2017 5:15 PM
Subject: St George's Ascot - 13+ Admissions - Change to Entrance Examinations


Dear Parents

Re:  St George’s Ascot, 13+ Admissions

I am writing to advise you of a change to our 13+ Entrance Examinations which will affect current Year 8 applicants seeking a 13+ place for September 2018. 
In addition to papers in Maths, English and Verbal Reasoning, all 13+ candidates will now also be assessed in Science.  All papers will be one hour long with the exception of Verbal Reasoning which is 50 minutes.  
Sample papers are available on the Admissions section of our website should you wish to review them.  The date of Entrance Examinations and Scholarship Assessments remain unchanged.

Key Dates for 2018 entry:
Event	Date	Registered Candidates only
Open Morning	Friday, 6 October 2017	
13+ Scholarship Interviews and Auditions	Thursday, 1 February 2018	
13+ Entrance Examinations and Interviews	Friday, 2 February 2018	

If you haven’t Registered your daughter for 13+ 2018 entry, please do so as soon as possible.  To Register:  http://www.stgeorges-ascot.org.uk/532/admissions/registration

If you have any questions, I would be grateful if you would phone on 01344 629 920.

Yours sincerely
 
Kerry Bertram
Admissions and Marketing Manager

St George’s School, Wells Lane, Ascot, SL5 7DZ
01344 629 920 | admissions@stgeorges-ascot.org.uk
www.stgeorges-ascot.org.uk | Twitter 
Independent Boarding & Day School for Girls aged 11-18"|"20170916161015"|"AA00079"|""|"2017-18"
286|"Registration"|"Registrations are open to boys starting at Leweston in 2018 in Year 12.
We also welcome registrations for boys wanting to start in Year 9 in 2019 and for  immediate entry into Years 7 and 8."|"20170926094600"|"AA00079"|""|"2017-19"
483|"Entrance Exam"|"From: M Harding [mailto:mharding@stgeorges-ascot.org.uk] On Behalf Of Admissions
Sent: Wednesday, September 13, 2017 5:15 PM
Subject: St George's Ascot - 13+ Admissions - Change to Entrance Examinations


Dear Parents

Re:  St George’s Ascot, 13+ Admissions

I am writing to advise you of a change to our 13+ Entrance Examinations which will affect current Year 8 applicants seeking a 13+ place for September 2018. 
In addition to papers in Maths, English and Verbal Reasoning, all 13+ candidates will now also be assessed in Science.  All papers will be one hour long with the exception of Verbal Reasoning which is 50 minutes.  
Sample papers are available on the Admissions section of our website should you wish to review them.  The date of Entrance Examinations and Scholarship Assessments remain unchanged.

Key Dates for 2018 entry:
Event	Date	Registered Candidates only
Open Morning	Friday, 6 October 2017	
13+ Scholarship Interviews and Auditions	Thursday, 1 February 2018	
13+ Entrance Examinations and Interviews	Friday, 2 February 2018	

If you haven’t Registered your daughter for 13+ 2018 entry, please do so as soon as possible.  To Register:  http://www.stgeorges-ascot.org.uk/532/admissions/registration

If you have any questions, I would be grateful if you would phone on 01344 629 920.

Yours sincerely
 
Kerry Bertram
Admissions and Marketing Manager

St George’s School, Wells Lane, Ascot, SL5 7DZ
01344 629 920 | admissions@stgeorges-ascot.org.uk
www.stgeorges-ascot.org.uk | Twitter 
Independent Boarding & Day School for Girls aged 11-18"|"20170916161041"|"AA00079"|""|"2018-19"
483|"Entrance Exam"|"A change to 13+ Entrance Examinations which will affect current Year 8 applicants seeking a 13+ place for September 2018. 
In addition to papers in Maths, English and Verbal Reasoning, all 13+ candidates will now also be assessed in Science.  All papers will be one hour long with the exception of Verbal Reasoning which is 50 minutes.  
Sample papers are available on the Admissions section of our website should you wish to review them.  The date of Entrance Examinations and Scholarship Assessments remain unchanged."|"20170926170659"|"AA00079"|""|"2018-19"
7|"Scholarhip Info"|"[06 Oct 2017] The 11+ Academic scholarship is only open to applicants who sit here on 2nd December. They select the most able candidates to return here on 6th December for further assessment."|"20171006160911"|"AA00078"|""|"2017-18"
370|"eNews"|"29 September 2017 eNews
Please click the link below for more details:

http://www.priorsfieldschool.net/#news"|"20170930101308"|"AA00078"|""|"2017-18"
208|"Video on Boarding Life of Prep School"|"Video of boarding life in Gresham's Prep School:

https://www.greshams.com/prep/prep-boarding/prep-boarding-overview/"|"20171013155136"|"AA00078"|""|"2017-18"
370|"eNews"|"6 October 2017 eNews

Please click the following link for more details:

http://www.priorsfieldschool.net/#news"|"20171007104804"|"AA00078"|""|"2017-18"
370|"eNews"|"13 October 2017 eNews

Please click the following link for more details:

http://www.priorsfieldschool.net/#news"|"20171014100653"|"AA00078"|""|"2017-18"
370|"eNews"|"20 October 2017 eNews

Please click the following link for more details:

http://www.priorsfieldschool.net/#news"|"20171023092849"|"AA00078"|""|"2017-18"
370|"eNews"|"10 November 2017 eNews

Please click the following link for more details:

http://www.priorsfieldschool.net/#news"|"20171111094114"|"AA00078"|""|"2017-18"
383|"Family Business"|"Quest is a family business, now third generation, with over 23 years of experience in providing guardianship services."|"20180510152540"|"AA00061"|""|"2018-19"
258|"Airport Pickup Remark"|"[3 Nov 2012]
Heathrow GBP 60-70, Gatwick GBP 60-70"|"20121128152002"|"AA00032"|""|""
322|"Airport Pickup"|"[3 Nov 12]Heathrow GBP 130, Gatwick GBP150, Manchester GBP 300"|"20130108113332"|"AA00032"|""|""
517|"Airport Pickup"|"20171111:
-  Airport transfer costs must be paid in cash to the taxi driver and may have additional parking fees added. For over 18 year olds, train and coach options are available and may cost less.

- Airport transfer costs: 
    Lewes campus: £65 (Gatwick); £105 (Heathrow); £160 (Stansted)
    Eastbourne campus: £70 (Gatwick); £110 (Heathrow); £140 (Stansted)





approx GBP80 plus parking & waiting time, pay cash to taxi driver (Aug 10)

The driver of the taxi from 581 Travel will meet you at the main exit from Customs holding a board with 581 Travel and the Sussex Downs College logo on it. 

-- YOU MUST ASK THE DRIVER FOR THE PASSWORD, WHICH HE SHOULD TELL YOU, IS X-BOX? The driver will then ask to see a copy of your confirmation letter from Sussex Downs College and bring you to your accommodation address in Lewes. 

-- The cost of this will be approximately Ã"|"20171111174134"|"AA00078"|""|"2018-19"
517|"Airport Pickup"|"20171111:
-  Airport transfer costs must be paid in cash to the taxi driver and may have additional parking fees added. For over 18 year olds, train and coach options are available and may cost less.

- Airport transfer costs: 
    Lewes campus: £65 (Gatwick); £105 (Heathrow); £160 (Stansted)
    Eastbourne campus: £70 (Gatwick); £110 (Heathrow); £140 (Stansted)




[Old info]
approx GBP80 plus parking & waiting time, pay cash to taxi driver (Aug 10)

The driver of the taxi from 581 Travel will meet you at the main exit from Customs holding a board with 581 Travel and the Sussex Downs College logo on it. 

-- YOU MUST ASK THE DRIVER FOR THE PASSWORD, WHICH HE SHOULD TELL YOU, IS X-BOX? The driver will then ask to see a copy of your confirmation letter from Sussex Downs College and bring you to your accommodation address in Lewes. 

-- The cost of this will be approximately Ã"|"20171111174255"|"AA00078"|""|"2018-19"
517|"Airport Pickup"|"20171111:
-  Airport transfer costs must be paid in cash to the taxi driver and may have additional parking fees added. For over 18 year olds, train and coach options are available and may cost less.

- Airport transfer costs: 
    Lewes campus: £65 (Gatwick); £105 (Heathrow); £160 (Stansted)
    Eastbourne campus: £70 (Gatwick); £110 (Heathrow); £140 (Stansted)




[2013-14 info]
approx GBP80 plus parking & waiting time, pay cash to taxi driver (Aug 10)

The driver of the taxi from 581 Travel will meet you at the main exit from Customs holding a board with 581 Travel and the Sussex Downs College logo on it. 

-- YOU MUST ASK THE DRIVER FOR THE PASSWORD, WHICH HE SHOULD TELL YOU, IS X-BOX? The driver will then ask to see a copy of your confirmation letter from Sussex Downs College and bring you to your accommodation address in Lewes. 

-- The cost of this will be approximately Ã"|"20171111174321"|"AA00078"|""|"2018-19"
517|"Airport Pickup"|"20171111:
-  Airport transfer costs must be paid in cash to the taxi driver and may have additional parking fees added. For over 18 year olds, train and coach options are available and may cost less.

- Airport transfer costs: 
    Lewes campus: £65 (Gatwick); £105 (Heathrow); £160 (Stansted)
    Eastbourne campus: £70 (Gatwick); £110 (Heathrow); £140 (Stansted)

- For more details: 2018-19_International_Fee_Sheet.pdf




[2013-14 info]
approx GBP80 plus parking & waiting time, pay cash to taxi driver (Aug 10)

The driver of the taxi from 581 Travel will meet you at the main exit from Customs holding a board with 581 Travel and the Sussex Downs College logo on it. 

-- YOU MUST ASK THE DRIVER FOR THE PASSWORD, WHICH HE SHOULD TELL YOU, IS X-BOX? The driver will then ask to see a copy of your confirmation letter from Sussex Downs College and bring you to your accommodation address in Lewes. 

-- The cost of this will be approximately Ã"|"20171115112058"|"AA00078"|""|"2018-19"
517|"Accommodation"|"20171116:

Prices commencing 28 Aug 2018

- Eastbourne & Lewes - Homestay: £130 per week**
   No more than four students per household with meals

- Eastbourne & Lewes Residential Off-Campus:
   (a) Residential (with meals): may be more than four students per household living with a     host who provides meals: £130 per week**

   (b) Residential (self-catering): live with a host on a self-catering basis: £105 per week

** - If students choose not to stay in the accommodation for full weeks during study breaks authorised by the College, 50% of the weekly fee is payable.

- Lewes Residential On-Campus (Caburn House):
   Self catering in on-campus residence: £120 per week


Other Accommodation Charges:

- Accommodation Arrangement Fee- initial accommodation booking only: £60
- Accommodation Fee - for subsequent accommodation changes: £45
- Accommodation Payment Fee - applicable where off-campus accommodation fees are paid direct to Sussex Downs College. Please note: all students aged under 18 years will be required to pay their accommodation fees through the College: £5 per week
- Residential On Campus Bed Pack: £35"|"20171116110916"|"AA00078"|""|"2018-19"
370|"eNews"|"17 November 2017 eNews

Please click the following link for more details:

http://www.priorsfieldschool.net/#news"|"20171118095703"|"AA00078"|""|"2017-18"
17|"Eng and Math Requirement"|"20171128:

Provided the students have an IGCSE in Maths and English at grade C or above (grade 4 on the new system) then they will not have to take GCSE Maths or English when they join CRGS in sixth form."|"20171128150127"|"AA00007"|""|"2018-19"
515|"eNews"|"http://studylinks.com/news/study-links-newsletter-oct-17/"|"20171101110720"|"AA00078"|""|"2017-18"
286|"Registration"|"[25 Sep 17]Registrations are open to boys starting at Leweston in 2018 in Year 12.
We also welcome registrations for boys wanting to start in Year 9 in 2019 and for  immediate entry into Years 7 and 8.

Leweston plans to become a fully co-education by 2021."|"20170926094741"|"AA00079"|""|"2017-19"
286|"Registration"|"20170925: Leweston plans to become a fully co-education by 2021.  Boys will be welcomed into Year 12 from September 2018 and Year 9 from 2019 at which point they will be move naturally through the school until it is fully co-educational by 2021."|"20171206104202"|"AA00078"|""|"2018-21"
286|"Entrance Exam"|"The School shall be asking pupils to sit the UKISET test as the normal means of assessment. In addition, it shall also interview each candidate via Skype or equivalent."|"20171215100733"|"AA00078"|""|"2017-18"
370|"eNews"|"24 November 2017 eNews

Please click the following link for more details:

http://www.priorsfieldschool.net/#news"|"20171125112521"|"AA00078"|""|"2017-18"
472|"Airport Pickup"|"[26 Sep 2013] Gatwick GBP65, Heathrow GBP80"|"20130926170839"|"AA00025"|""|"2013-14"
41|"Airport Pickup"|"Yes"|"20121126153735"|"AA00032"|""|""
41|"Airport Pickup"|"20171219: Gatwick GBP30; Heathrow GBP90"|"20171219181657"|"AA00078"|""|"2017-18"
159|"Airport Pickup Remark"|"[21 May 2008]
About GBP60 by WHG (Aug 10)
When the pupil is current, we can of course accommodate arrangements for taxis."|"20121128104926"|"AA00032"|""|""
251|"Airport Pickup Remark"|"[3 Nov 2012]
Heathrow GBP 85, gatwick GBP 55, plus parking fees, if possible, cost can be shared between students"|"20121128150505"|"AA00032"|""|""
380|"Airport Pickup"|"17/5/12-All transport arrangements for students should be arranged by their guardians. 

We use Mr Geoff Cox of Quest Cars for long distance journeys. His telephone number is 01823 400706 and mobile 07971 523416. The local taxi company that the school uses for shorter journeys is Ace Taxis of 01823 330330."|"20130108170043"|"AA00032"|""|""
413|"Airport Pickup"|"[1 Aug 17] Unable to provide transportation from the Airport to students.
Recommend a local taxi company that we have used previously, Kendall Cars.  https://www.kendallcars.co.uk/

Due to the length of time that it is taking to clear Immigration at the airport, we are no longer able to arrange a pick-up for students as families were receiving large bills due to waiting time.

I can however recommend a Taxi Company that we use, Kendall Cars 020 8681 3535   https://www.kendallcars.co.uk/"|"20170801112816"|"AA00032"|""|"2017-18"
549|"Airport Pickup"|"[3 Nov 12] A private taxi from Heathrow costs approximately £120, but this figure may vary"|"20130111121949"|"AA00032"|""|""
543|"Airport Pickup"|"20160725: School will not arrange airport pickup"|"20160725095450"|"AA00007"|""|"2016-17"
543|"Airport Pickup"|"20171220: Heathrow: Taxi GBP 40; Coach GBP15"|"20171220173259"|"AA00078"|""|"2016-17"
593|"Airport Pickup"|"Janis Barnett JBarnett@worth.org.uk
 approx GBP100 per taxi from Heathrow airport (Aug 10)"|"20130110113420"|"AA00032"|""|""
197|"Admissions Info"|"20180123: The Board of Governors have agreed to increase the number of places available for Year 10."|"20180123110535"|"AA00078"|""|"2018-19"
676|"Consultant Comment"|"20180125:
one of my parents visited the school and found most of the boarders are Asian, Japanese, Chinese and HK. _ B"|"20180125125305"|"AA00007"|""|"2018-19"
9|"Term Dates"|"[14Jan15] Year 9 arrive on 6th September 2015. The year 10’s will be asked to arrive for 12noon on the 7th Sep 2015.

* See complete Term Dates 2015-16 at Filing System"|"20150114175528"|"AA00032"|""|"2015-16"
413|"EFL Cost"|"[24 Oct 2013]

No extras charge"|"20131024152744"|"AA00025"|""|"2013-14"
413|"No. of Chinese Student"|"76"|"20180221123520"|"AA00078"|""|"2018-19"
413|"Others"|"Campus size: 110 acres (45 hectares)"|"20180221123429"|"AA00078"|""|"2018-19"
413|"Others"|"20180221: Campus size: 110 acres (45 hectares)"|"20180221123622"|"AA00078"|""|"2018-19"
413|"Others"|"20180221: Campus size: 110 acres (45 hectares)

20180221: Class sizes at A Level: Varies according to subject popularity between 6 and 20; Class sizes at GCSE: Varies according to subject popularity between 3 and 24. Top sets in Core subjects are usually 24."|"20180221123909"|"AA00078"|""|"2018-19"
9|"Visa"|"AA CANNOT ASSIST IN VISA  APPLICATION"|"20170701195219"|"AA00027"|""|"2017-18"
9|"Visa"|"AA CANNOT ASSIST IN VISA  APPLICATION
School is using Mark Taylor"|"20180221155355"|"AA00007"|""|"2017-18"
9|"Visa"|"AA CANNOT ASSIST IN VISA  APPLICATION
School is using Mark Taylor

20180305: pls see link in school website about this issue: 

https://www.lancingcollege.co.uk/sites/default/files/inline-files/Tier4_Compliance_Information_0.pdf"|"20180305105338"|"AA00007"|""|"2017-18"
533|"Visa"|"AA CANNOT ASSIST IN VISA  APPLICATION"|"20170113175149"|"AA00027"|""|"2017-18"
554|"Visa"|"AA CANNOT ASSIST IN VISA  APPLICATION."|"20180209141109"|"AA00027"|""|"2017-18"
36|"Visa"|"AA CANNOT ASSIST IN VISA  APPLICATION

The registrar strongly insisted that all visa application has to be done by Mark Taylor and the school will charge GBP500.
Please don’t touch any visa application for this school, leave it all to Mark."|"20170113171233"|"AA00007"|""|"2016-17"
533|"Visa"|"AA CANNOT ASSIST IN VISA  APPLICATION
Charge : GBP500"|"20180316153510"|"AA00027"|""|"2017-18"
554|"Visa"|"AA CANNOT ASSIST IN VISA  APPLICATION.
Charge : GBP595"|"20180316153601"|"AA00027"|""|"2017-18"
9|"Visa"|"AA CANNOT ASSIST IN VISA  APPLICATION
School is using Mark Taylor

20180305: pls see link in school website about this issue: 

Yes, everyone’s visa is dealt with by the Taylor Partnership.  There is a fee to the parents of £95 per term which is billed by us but TTP don’t charge any extra.  It’s not just to apply for the visa but for the ongoing compliance which is quite stringent these days.  There is information on our website about this which you can pass on to the parents:

https://www.lancingcollege.co.uk/sites/default/files/inline-files/Tier4_Compliance_Information_0.pdf"|"20180305105729"|"AA00007"|""|"2017-18"
9|"Visa"|"AA CANNOT ASSIST IN VISA  APPLICATION
School is using Mark Taylor

20180305: pls see link in school website about this issue: 

Yes, everyone’s visa is dealt with by the Taylor Partnership.  There is a fee to the parents of £95 per term which is billed by us but TTP don’t charge any extra.  It’s not just to apply for the visa but for the ongoing compliance which is quite stringent these days.  There is information on our website about this which you can pass on to the parents:

https://www.lancingcollege.co.uk/sites/default/files/inline-files/Tier4_Compliance_Information_0.pdf
Charge : GBP285 (95x3)"|"20180316155649"|"AA00027"|""|"2017-18"
593|"Accommodation"|"Boarding"|"20130111134042"|""|""|"2013-14"
381|"Admissions Info for Mainland Chinese students"|"Queenswood procedure for our Mainland Chinese students: Queenswood have a sole agency agreement with the Association of Leading Independent Schools (ALIS) – www.alis.hk/en in Shanghai. Please contact Alice Zhang by email (education@alis.hk)."|"20180925095507"|"AA00078"|""|"2019-20"
554|"No. of Chinese Student"|"20180221: 7% overseas pupils (39% of boarders) which are made up of 15 different nationalities. 19 of current students are from Mainland China and 6 from Hong Kong."|"20180221104910"|"AA00078"|""|"2018-19"
554|"No. of Chinese Student"|"20180329:  97% of British pupils in school; over 50% of the boarders are British nationals


20180221: 7% overseas pupils (39% of boarders) which are made up of 15 different nationalities. 19 of current students are from Mainland China and 6 from Hong Kong."|"20180329111010"|"AA00078"|""|"2018-19"
133|"Airport Pickup"|"Yes"|"20121127161536"|"AA00032"|""|""
133|"Airport Pickup Remark"|"School can arrange taxi to pick up few students at once from Heathrow to Cranbrook, they share fee and can keep the cost low. Advanced notice with flight schedule details is preferred."|"20121127161549"|"AA00032"|""|""
554|"Visa"|"AA CANNOT ASSIST IN VISA  APPLICATION.
Charge : GBP595 (Mar 2018)"|"20180316153802"|"AA00027"|""|"2017-18"
17|"Admissions Info"|"20200731: We have not yet been told that we cannot continue to accept EU passport holders due to Brexit and the UK’s withdrawal from Europe, so I suggest that the student should make their application to us"|"20200731111315"|"AA00078"|""|"2020-21"
554|"Visa"|"AA CANNOT ASSIST IN VISA  APPLICATION.
Charge : GBP595 (Mar 2018)

from school on 28/3 
qte : 
We use TTP for students requiring sponsorship under our Tier 4 license, however, I can confirm Academic Asia students do not have any requirement to do so and we are more than happy for you to support students through the process. 
unqte"|"20180404101832"|"AA00027"|""|"2017-18"
554|"Visa"|"from school on 28/3 
qte : 
We use TTP for students requiring sponsorship under our Tier 4 license, however, I can confirm Academic Asia students do not have any requirement to do so and we are more than happy for you to support students through the process. 
unqte


TTLP charge visa service : GBP595 (Mar 2018)"|"20180404101934"|"AA00027"|""|"2017-18"
686|"Accommodation Remark"|"20170815: 
On the invoice, there is a clause  “Retainer of £40 per week to be invoiced separately as required”
the fee of GBP40 per week is for students to leave the luggage in host family, so that they can leave their room exactly as it is, they don’t pack anything away, that bedroom is theirs for the two years."|"20170815160458"|"AA00007"|""|"2017-18"
191|"Accommodation"|"Boarding"|"20130111134042"|""|""|"2013-14"
182|"VISA"|"AA CANNOT ASSIST IN VISA  APPLICATION"|"20180504113951"|"AA00027"|""|"2017-18"
103|"Visa"|"AA CANNOT ASSIST IN VISA  APPLICATION"|"20170509164734"|"AA00027"|""|"2017-18"
103|"Visa"|"School issue CAS, no handle by TTLP....5/5

AA CANNOT ASSIST IN VISA  APPLICATION"|"20180505120744"|"AA00027"|""|"2017-18"
383|"Host Family"|"A comfortable, safe and happy home for your child: we have a wide network of fully inspected, police checked and competent host families.   A host family would not be matched against your son until after we have met him during the first few weeks of term; all requests and preferences will be taken into consideration during the selection process however."|"20180510152450"|"AA00061"|""|"2018-19"
148|"ACL"|"2SC357"|"20180515111219"|"AA00027"|""|"2017-18"
377|"Long Weekend Arrangement"|"Cannot Stay"|"20130723170000"|""|""|"2013-14"
577|"ACL"|"2SC692"|"20160819094156"|"AA00027"|""|"2016-17"
577|"ACL"|"AA CANNOT ASSIST IN VISA  APPLICATION

2SC692"|"20180525094451"|"AA00027"|""|"2016-17"
577|"Visa"|"AA CANNOT ASSIST IN VISA  APPLICATION"|"20180525094538"|"AA00027"|""|"2018-19"
30034|"Name Tape"|"20180630:
In order to improve the current laundry provision, customised labelling will now be compulsory for all boarders from September 2018. The customised labels will be provided by the current laundry provider and will consist of 25 sew-in and 60 iron-on labels per pack. Each student will initially be provided with one pack at a cost of 170RM. This will automatically be added to Term 1 Fees. The expectation is that parents arrange for all uniform and non-uniform items that students will bring to the College in September, to be labelled over the coming break. It is appreciated that some new uniform items may be purchased in September, and these may be labelled at the start of term."|"20180630145333"|"AA00078"|""|"2018-19"
36|"Visa"|"AA CANNOT ASSIST IN VISA  APPLICATION

The registrar strongly insisted that all visa application has to be done by Mark Taylor and the school will charge GBP650. (Mar/2018)
Please don’t touch any visa application for this school, leave it all to Mark."|"20180316153652"|"AA00027"|""|"2016-17"
575|"Skype Account"|"Nigel.Walkey"|"20150626171208"|"AA00059"|""|"2015-16"
101|"Leavers' Destination"|"20180818: 15% of Cardiff Sixth Form College students have gained places at Oxbridge and 26% of the cohort will be going onto study Medicine."|"20180818102311"|"AA00078"|""|"2018-19"
101|"Leavers' Destination"|"20180818: 15% of Cardiff Sixth Form College students have gained places at Oxbridge and 26% of the cohort will be going onto study Medicine. 90% received offers at Russell Group universities whilst 100% gained top university places worldwide."|"20180818102356"|"AA00078"|""|"2018-19"
1|"Teacher/Pupil Ratio"|"1:10"|"20121207135931"|"AA00032"|""|""
1|"Teacher/Pupil Ratio"|"1:9"|"20180926095633"|"AA00078"|""|"2019-20"
2|"Long Weekend Arrangement"|"Can Stay, [19 Feb 2013] Girls in Year 9 and above have the option to stay in School at no extra charge during exeat weekends [12 Jan 2013] Exeat weekends are flexible for sixth formers so they can choose whether to stay in the boarding house"|"20130723170000"|""|""|"2013-14"
398|"Holiday Arrangement"|"20181208: Rendcomb College will not have any exeats during the Michaelmas or Lent terms from September 2019 onwards.  The Head of College has decided to leave one exeat in place during the summer term which sits by the bank holiday.  Please find the term dates here: https://www.rendcombcollege.org.uk/page/?title=Term+Dates&pid=12"|"20181208100852"|"AA00078"|""|"2019-20"
7|"Long Weekend Arrangement"|"Cannot Stay"|"20130723170000"|""|""|"2013-14"
30056|"Accommodation"|"Day School"|"20201230193045"|"AA00007"|""|"2020-21"
15|"Application"|"20190216: ""...In order to maintain Woldingham School’s low 10-15% nationality ratio and quality of applications, we will now require a full academic profile for all pupils interested in  a place, BEFORE arranging any visits/registrations and entry to our assessments.    UKiset results or your own assessments (which will include an English language and maths assessment) and a school report will be required prior to visits and registration.   Registration for places at Woldingham School for September 2020 and beyond will be very limited and, due to increased numbers of applications, we would like Registrations for 2020 to be submitted by June 2019."""|"20190216102138"|"AA00078"|""|"2020-21"
214|"Leavers' Destination"|"20180816: 1 Oxbridge place and 80% offers from Russell Group Universities"|"20180816182113"|"AA00078"|""|"2018-19"
302|"Airport Pickup"|"20190409: School provides transport at the start of term and for the Spring and Summer Terms 2020, this will be on Monday, 6th January and Sunday, 19th April.   Please note that the coach will leave Heathrow to return to school at 9.00 am, so flights must arrive before 8.00 am."|"20190409100021"|"AA00078"|""|"2019-20"
302|"Airport Pickup"|"20190409: 

School provides transport at the start of term and for the Spring and Summer Terms 2020, this will be on Monday, 6th January and Sunday, 19th April.   Please note that the coach will leave Heathrow to return to school at 9.00 am, so flights must arrive before 8.00 am. School can also arrange taxi’s to other airports if required – Birmingham is becoming quite popular as it is only a 40 minute taxi ride away."|"20190409100050"|"AA00078"|""|"2019-20"
497|"Admissions Info"|"20200317: Sixth form list for 2021 is still open and is not due to close until next term."|"20200317145538"|"AA00078"|""|"2021-22"
454|"Admissions Info"|"20200904: No longer admitting students into Year 10 a couple of years ago"|"20200904100511"|"AA00078"|""|"2021-22"
302|"Airport Pickup"|"20190409: 

School provides transport at the start of term and for the Spring and Summer Terms 2020, this will be on Monday, 6th January and Sunday, 19th April.   Please note that the coach will leave Heathrow to return to school at 9.00 am, so flights must arrive before 8.00 am. School can also arrange taxi’s to other airports if required – Birmingham is becoming quite popular as it is only a 40 minute taxi ride away.

For half terms, School also provides transport for the Autumn Term only – we do not provide transport for the Spring and Summer Half Terms as most boarders stay with their guardians."|"20190409100127"|"AA00078"|""|"2019-20"
177|"Admissions Info"|"20190504: From September 2019,  Farlington's Lower Sixth will become co-educational. This will be a transitional year. Years 3,7, and 9 will become entry points for boys from September 2020. Boys are already welcome to join Reception and Year 1 from September 2019"|"20190504100819"|"AA00078"|""|"2019-20"
483|"visa"|"TTLP"|"20190508130908"|"AA00027"|""|"2019-20"
15|"Application"|"20180925: School prefers bank transfer for reg fee."|"20180925213818"|"AA00007"|""|"2019-20"
545|"Induction"|"20190503: School will be holding a Boarders Induction on Wednesday 4th, beginning at 10.30 am.  This will include a lunch for parents and students and details will be sent out soon.  Parents are welcome to stay and settle the girls in and they will be free to leave around 3.00 pm."|"20190503134631"|"AA00078"|""|"2019-20"
591|"Long Weekend Arrangement"|"Cannot Stay"|"20130723170000"|""|""|"2013-14"
472|"No. of Chinese Student"|"[1 Nov 2012] 27 (Hong Kong)
 
[22 Feb 2012] My prediction for next year is that we will have about 40 HK and Chinese students in the school. [22 Feb 2012]
 
[10 Jan 2012] We have approximately 21 Chinese and 5 Hong Kong students in the school. 
Currently, 15 students from HK & Mainland China."|"20121128181335"|"AA00032"|""|""
61|"Accommodation Remark"|"20190703: 

Recommended accommodation by visitors:

- Bullocks Farm self-catering holiday cottages, Great Canfield (5 miles) 07956 428508 (Jenny) https://www.bullocks-farm.com/

- Latchmead B&B (3 miles, transport can be provided) 01279 758278 (Paola) http://www.latchmead.co.uk/

- Parsonage Stables self-catering holiday cottages, Henham (8 miles) 01279 850150 (Joanna) http://www.farmholidayinessex.co.uk"|"20190703173419"|"AA00078"|""|"2019-20"
61|"Accommodation Remark"|"20190703: 

1. Recommended accommodation by visitors:

- Bullocks Farm self-catering holiday cottages, Great Canfield (5 miles) 07956 428508 (Jenny) https://www.bullocks-farm.com/

- Latchmead B&B (3 miles, transport can be provided) 01279 758278 (Paola) http://www.latchmead.co.uk/

- Parsonage Stables self-catering holiday cottages, Henham (8 miles) 01279 850150 (Joanna) http://www.farmholidayinessex.co.uk

2. Hotels:

Link for the official Bishop's Stortford Tourist Information website with a full listing of local accommodation:

http://www.bishopsstortford.org/accommodation.php"|"20190703173609"|"AA00078"|""|"2019-20"
511|"Accommodation"|"2SC742"|"20180609213755"|"AA00027"|""|"2017-18"
130|"Guardianship"|"School help to arrange guardianship service."|"20121127161258"|"AA00032"|""|""
4|"Application"|"Registration link:

www.charterhouse.org.uk/admissions/registration-details"|"20190926094119"|"AA00078"|""|"2020-21"
4|"Online Registration Link"|"Registration link:

www.charterhouse.org.uk/admissions/registration-details"|"20190926120357"|"AA00078"|""|"2020-21"
21|"Academic"|"21090803: All AL subjects, no Pre-U"|"20190803214542"|"AA00007"|""|"2109-20"
506|"Online Registration Link"|"https://sgs.openapply.com/parents/sign_in 

battie@academic-asia.com"|"20191218225133"|"AA00007"|""|"2020-21"
508|"Summer school"|"20200201: For those interested in our Tennis Academy, please note our highly competitive 10% ‘Early Bird Discount’"|"20200201095207"|"AA00078"|""|"2020-21"
250|"Skype"|"20200218:"|"20200218123103"|"AA00078"|""|"2020-21"
611|"Entrance Exam"|"20200229: Entrance exam is held in January"|"20200229120108"|"AA00078"|""|"2020-21"
497|"Others"|"Applicants must be Catholic"|"20130111120344"|"AA00032"|""|""
235|"visa"|"AA CANNOT ASSIST IN VISA  APPLICATION"|"20200320144412"|"AA00027"|""|"2020-21"
549|"Accommodation Remark"|"Host Family Only"|"20130503131838"|"AA00007"|""|"2013-14"
549|"Accommodation"|"Home Stay"|"20130617002449"|"AA00007"|""|"2013-14"
384|"Visa"|"AA CANNOT ASSIST IN VISA  APPLICATION"|"20200325182327"|"AA00027"|""|"2020-21"
271|"VISA"|"AA CANNOT ASSIST IN VISA  APPLICATION"|"20180713190039"|"AA00027"|""|"2018-19"
595|"Accommodation"|"Boarding"|"20130111134042"|""|""|"2013-14"
9|"Visa"|"AA CANNOT ASSIST IN VISA  APPLICATION
School is using Mark Taylor

20180305: pls see link in school website about this issue: 

Yes, everyone’s visa is dealt with by the Taylor Partnership.  There is a fee to the parents of £95 per term which is billed by us but TTP don’t charge any extra.  It’s not just to apply for the visa but for the ongoing compliance which is quite stringent these days.  There is information on our website about this which you can pass on to the parents:

https://www.lancingcollege.co.uk/sites/default/files/inline-files/Tier4_Compliance_Information_0.pdf
Charge : GBP285 (95x3) (Mar 2018)"|"20180316160212"|"AA00027"|""|"2017-18"
36|"Visa"|"AA CANNOT ASSIST IN VISA  APPLICATION

The registrar strongly insisted that all visa application has to be done by Mark Taylor and the school will charge GBP650. (Mar/2018)
Please don’t touch any visa application for this school, leave it all to Mark."|"20180711202445"|"AA00027"|""|"2016-17"
611|"Proportion of International students"|"20200222: Approximately 15% of international pupils as per the ISC definition.  There are so many different types of pupils from all different backgrounds this is a hard one to pin down hence the use of the ISC guidelines.  This is the number of ‘true’ international pupils with parents living abroad."|"20200222190254"|"AA00078"|""|"2020-21"
611|"Proportion of HK vs mainland students"|"20200222: Currently we have 13 Chinese pupils and three Hong Kong Chinese"|"20200222190329"|"AA00078"|""|"2020-21"
674|"Airport Pickup"|"[18 Dec 2012]
 The best way to travel to and from London is by train. The train from Lincoln to Newark Northgate, and then a train from Newark Northgate to King’s Cross. To Manchester, the quickest way will be to get the train from Lincoln station to Manchester, changing at Sheffield. The following website is very useful for looking up such information: http://www.nationalrail.co.uk/.
 
As a boarding school, we haven’t been open long, so it is difficult to judge. Currently, it would seem that most students have travelled to and from London."|"20130109171259"|"AA00032"|""|""
265|"ACL"|"2SC482"|"20200515114841"|"AA00027"|""|"2019-20"
687|"Admissions Info"|"20200721: The closing date for SEP-2021 applications is 20 November 2020. This year we have made our application form completely online, this goes live at the end of August 2020."|"20200721095859"|"AA00078"|""|"2021-22"
10|"No. of Chinese Student"|"20200915: There are approx. 10% from China and 10% from HK and we have students from approx. 35 different countries so a great diversity."|"20200915192423"|"AA00078"|""|"2020-21"
687|"Admissions Info"|"20200915: Whitgift takes Day Places for BNO families for all year groups, ie. Y6,7, 9 and 12, except for Year 10 (boarding only).

20200721: The closing date for SEP-2021 applications is 20 November 2020. This year we have made our application form completely online, this goes live at the end of August 2020."|"20200915100723"|"AA00078"|""|"2021-22"
367|"Others"|"20200917: 

Prior Park College new website for agent:

www.priorparkcollege.com/admissions/agents
passkey: agent2020"|"20200917110515"|"AA00078"|""|"2020-21"
611|"Entrance Exam"|"20200922: We will most likely be asking all candidates to sit together (virtually) and we will invigilate them all at the same time."|"20200922095209"|"AA00078"|""|"2021-22"
130|"Entrance Exam"|"20200824: It is unlikely that we will be using UKiset going forward, but obviously there are some students who have already taken it. For those who have already taken it or who want to take it this year, the Principal will decide whether other entrance tests will be required in addition to UKiset."|"20200824203233"|"AA00078"|""|"2021-22"
411|"Application"|"20201106: Application form link:

http://www.raa-school.co.uk/application_form.asp"|"20201106144150"|"AA00078"|""|"2021-22"
306|"Proportion of International students"|"20201208: Our Chinese students is approximately 10% of the total student role. Our International students make up approximately 30% in total."|"20201208095706"|"AA00078"|""|"2020-21"
61|"Accommodation"|"Boarding"|"20130111134042"|""|""|"2013-14"
61|"Accommodation"|"Boarding factsheet: http://www.academic-asia.com/web/School/FactSheet/BishopsStortford_factsheet.pdf"|"20201215125020"|"AA00007"|""|"2013-14"
30043|"Nationality"|"20200917:

Nationality	Percentage
Belarussian	2%
Chinese	                29%
Cyprus             	2%
Iran	                3%
Kazakhstan	3%
Korean	                8%
Latvian	                2%
Malaysian	2%
Malta/Latvia	2%
Russian	                19%
Thai                         14%
Uganda	                2%
UK	                3%
Ukrainian	                5%
USA	                2%
Vietnam	                3%
Grand Total	100%"|"20200917100000"|"AA00078"|""|"2020-21"
61|"Accommodation"|"Boarding | School Factsheet: http://www.academic-asia.com/web/School/FactSheet/BishopsStortford_factsheet.pdf"|"20201215125436"|"AA00007"|""|"2013-14"
61|"Accommodation"|"Boarding | Click School Factsheet for detailed info: http://www.academic-asia.com/web/School/FactSheet/BishopsStortford_factsheet.pdf"|"20201230121655"|"AA00007"|""|"2013-14"
1|"Accommodation"|"Boarding"|"20130111134042"|""|""|"2013-14"
549|"Accommodation"|"20180929: Boarding from Sep 2019"|"20180929173455"|"AA00078"|""|"2019-20"
36|"Accommodation"|"Boarding"|"20130111134042"|""|""|"2013-14"
40|"Accommodation"|"Boarding"|"20130111134042"|""|""|"2013-14"
41|"Accommodation"|"Boarding"|"20130111134042"|""|""|"2013-14"
2|"Accommodation"|"Boarding"|"20130111134042"|""|""|"2013-14"
472|"Accommodation"|"Boarding"|"20130111134042"|""|""|"2013-14"
450|"Accommodation"|"Boarding"|"20130111134042"|""|""|"2013-14"
50|"Accommodation"|"Boarding"|"20130111134042"|""|""|"2013-14"
53|"Accommodation"|"Boarding"|"20130111134042"|""|""|"2013-14"
58|"Accommodation"|"Boarding"|"20130111134042"|""|""|"2013-14"
68|"Accommodation"|"Boarding & Host Family"|"20130702121752"|"AA00025"|""|"2013-14"
76|"Accommodation"|"Boarding"|"20130111134042"|""|""|"2013-14"
21|"Accommodation"|"Boarding."|"20140424101258"|"AA00044"|""|"2013-14"
3|"Accommodation"|"Boarding"|"20130111134042"|""|""|"2013-14"
85|"Accommodation"|"Boarding"|"20130111134042"|""|""|"2013-14"
89|"Accommodation"|"Boarding"|"20130111134042"|""|""|"2013-14"
101|"Accommodation"|"Boarding"|"20130111134042"|""|""|"2013-14"
103|"Accommodation"|"Boarding"|"20130111134042"|""|""|"2013-14"
4|"Accommodation"|"Boarding."|"20140424101428"|"AA00044"|""|"2013-14"
110|"Accommodation"|"Boarding"|"20130111134042"|""|""|"2013-14"
655|"Accommodation"|"Boarding"|"20130111134042"|""|""|"2013-14"
20|"Accommodation"|"Boarding"|"20130111134042"|""|""|"2013-14"
128|"Accommodation"|"Boarding"|"20130111134042"|""|""|"2013-14"
17|"Accommodation"|"Boarding"|"20130624105822"|"AA00007"|""|"2013-14"
140|"Accommodation"|"Boarding"|"20130111134042"|""|""|"2013-14"
141|"Accommodation"|"Boarding"|"20130111134042"|""|""|"2013-14"
159|"Accommodation"|"Boarding"|"20130111134042"|""|""|"2013-14"
16|"Accommodation"|"Boarding"|"20130111134042"|""|""|"2013-14"
30003|"Accommodation"|"20150324: All of our current international FE students stay in local homestay families that are managed by the College."|"20150324200541"|"AA00007"|""|"2015-16"
185|"Accommodation"|"Boarding"|"20130111134042"|""|""|"2013-14"
187|"Accommodation"|"Boarding"|"20130111134042"|""|""|"2013-14"
192|"Accommodation"|"Boarding"|"20130111134042"|""|""|"2013-14"
197|"Accommodation"|"Boarding"|"20130111134042"|""|""|"2013-14"
200|"Accommodation"|"Boarding"|"20130111134042"|""|""|"2013-14"
208|"Accommodation"|"Boarding"|"20130111134042"|""|""|"2013-14"
323|"Accommodation"|"Boarding"|"20130111134042"|""|""|"2013-14"
211|"Accommodation"|"Boarding"|"20130111134042"|""|""|"2013-14"
676|"Accommodation"|"Boarding"|"20130111134042"|""|""|"2013-14"
214|"Accommodation"|"Boarding"|"20130111134042"|""|""|"2013-14"
6|"Accommodation"|"Boarding"|"20130111134042"|""|""|"2013-14"
222|"Accommodation"|"Boarding"|"20130111134042"|""|""|"2013-14"
30051|"Accommodation"|"20180630: Yes

The College has two large boarding houses, each located on the upper floors of the teaching blocks. Each house provides bedroom accommodation for boys and girls in two separate wings, while the communal areas of the houses are shared.

When they first join the College, younger pupils share rooms in groups of three or four, and move into two-bed study rooms on the top floor of each building when they enter the Sixth Form. The rooms are light and contemporary, with generous storage and living space. Each floor of the houses provides modern showers and bathrooms and wifi access will be fitted throughout (but is turned off overnight).

At the heart of each boarding house, there are large, multi-function communal rooms spread across two floors, providing comfortable sofas, desks for working, library areas and other recreational areas. In addition, each of the separate boys’ and girls’ houses has a TV room with sofas and a fully equipped kitchen, in which boarders can make themselves hot drinks and snacks or share a pizza."|"20180630111649"|"AA00078"|""|"2018-19"
247|"Accommodation"|"Host family"|"20130822121500"|"AA00039"|""|"2013-14"
532|"Accommodation"|"Boarding"|"20130111134042"|""|""|"2013-14"
250|"Accommodation"|"Boarding"|"20130111134042"|""|""|"2013-14"
251|"Accommodation"|"Boarding"|"20130111134042"|""|""|"2013-14"
256|"Accommodation"|"Boarding"|"20130111134042"|""|""|"2013-14"
257|"Accommodation"|"Boarding"|"20130111134042"|""|""|"2013-14"
258|"Accommodation"|"Boarding"|"20130111134042"|""|""|"2013-14"
259|"Accommodation"|"Boarding"|"20130111134042"|""|""|"2013-14"
264|"Accommodation"|"Boarding"|"20130111134042"|""|""|"2013-14"
265|"Accommodation"|"Boarding"|"20130111134042"|""|""|"2013-14"
533|"Accommodation"|"Boarding."|"20140424101547"|"AA00044"|""|"2013-14"
278|"Accommodation"|"Boarding"|"20161217214443"|"AA00007"|""|"2017-18"
9|"Accommodation"|"Boarding"|"20130111134042"|""|""|"2013-14"
285|"Accommodation"|"Boarding"|"20130111134042"|""|""|"2013-14"
286|"Accommodation"|"Boarding"|"20130111134042"|""|""|"2013-14"
534|"Accommodation"|"Boarding"|"20130111134042"|""|""|"2013-14"
291|"Accommodation"|"Boarding"|"20130111134042"|""|""|"2013-14"
623|"Accommodation"|"Boarding"|"20130111134042"|""|""|"2013-14"
299|"Accommodation"|"Boarding"|"20130111134042"|""|""|"2013-14"
300|"Accommodation"|"Boarding"|"20130111134042"|""|""|"2013-14"
302|"Accommodation"|"Boarding"|"20130111134042"|""|""|"2013-14"
322|"Accommodation"|"Boarding"|"20130111134042"|""|""|"2013-14"
328|"Accommodation"|"Boarding"|"20130111134042"|""|""|"2013-14"
342|"Accommodation"|"Boarding"|"20130111134042"|""|""|"2013-14"
344|"Accommodation"|"Boarding"|"20130111134042"|""|""|"2013-14"
688|"Accommodation"|"Boarding"|"20130111134042"|""|""|"2013-14"
362|"Accommodation"|"Boarding"|"20130111134042"|""|""|"2013-14"
373|"Accommodation"|"Boarding"|"20130111134042"|""|""|"2013-14"
377|"Accommodation"|"Boarding"|"20130111134042"|""|""|"2013-14"
380|"Accommodation"|"Boarding"|"20130111134042"|""|""|"2013-14"
381|"Accommodation"|"Boarding"|"20130111134042"|""|""|"2013-14"
384|"Accommodation"|"Boarding"|"20130111134042"|""|""|"2013-14"
389|"Accommodation"|"Boarding"|"20130111134042"|""|""|"2013-14"
544|"Accommodation"|"Boarding"|"20130111134042"|""|""|"2013-14"
412|"Accommodation"|"Boarding"|"20130111134042"|""|""|"2013-14"
545|"Accommodation"|"Boarding"|"20130111134042"|""|""|"2013-14"
413|"Accommodation"|"Boarding"|"20130111134042"|""|""|"2013-14"
414|"Accommodation"|"Boarding"|"20130111134042"|""|""|"2013-14"
423|"Accommodation"|"Boarding"|"20130111134042"|""|""|"2013-14"
18|"Accommodation"|"Boarding"|"20130111134042"|""|""|"2013-14"
435|"Accommodation"|"Boarding"|"20130111134042"|""|""|"2013-14"
437|"Accommodation"|"Boarding"|"20130111134042"|""|""|"2013-14"
438|"Accommodation"|"Boarding"|"20130111134042"|""|""|"2013-14"
11|"Accommodation"|"Boarding."|"20140424101824"|"AA00044"|""|"2013-14"
471|"Accommodation"|"Boarding"|"20130111134042"|""|""|"2013-14"
480|"Accommodation"|"Boarding"|"20130111134042"|""|""|"2013-14"
611|"Accommodation"|"Boarding"|"20130111134042"|""|""|"2013-14"
455|"Accommodation"|"Boarding"|"20130111134042"|""|""|"2013-14"
483|"Accommodation"|"Boarding"|"20130111134042"|""|""|"2013-14"
456|"Accommodation"|"Boarding"|"20130111134042"|""|""|"2013-14"
488|"Accommodation"|"Boarding"|"20130111134042"|""|""|"2013-14"
457|"Accommodation"|"Boarding"|"20130111134042"|""|""|"2013-14"
494|"Accommodation"|"Boarding"|"20130111134042"|""|""|"2013-14"
464|"Accommodation"|"Boarding"|"20130111134042"|""|""|"2013-14"
468|"Accommodation"|"Boarding"|"20130111134042"|""|""|"2013-14"
504|"Accommodation"|"Boarding"|"20130111134042"|""|""|"2013-14"
549|"Accommodation"|"Boarding from Sep 2019"|"20201230155948"|"AA00007"|""|"2019-20"
549|"Accommodation"|"Boarding from Sep 2019 | Click School Factsheet link for more details: http://www.academic-asia.com/web/School/FactSheet/StephenPerse_factsheet.pdf"|"20201230170932"|"AA00079"|""|"2019-20"
507|"Accommodation"|"Boarding"|"20130111134042"|""|""|"2013-14"
508|"Accommodation"|"Boarding"|"20130111134042"|""|""|"2013-14"
511|"Accommodation"|"Boarding"|"20130111134042"|""|""|"2013-14"
518|"Accommodation"|"Boarding"|"20130111134042"|""|""|"2013-14"
524|"Accommodation"|"Boarding"|"20130111134042"|""|""|"2013-14"
522|"Accommodation"|"Boarding"|"20130111134042"|""|""|"2013-14"
12|"Accommodation"|"Boarding."|"20140424101936"|"AA00044"|""|"2013-14"
554|"Accommodation"|"Boarding"|"20130111134042"|""|""|"2013-14"
558|"Accommodation"|"Boarding"|"20130111134042"|""|""|"2013-14"
22|"Accommodation"|"Boarding"|"20130111134042"|""|""|"2013-14"
570|"Accommodation"|"Boarding"|"20130111134042"|""|""|"2013-14"
13|"Accommodation"|"Boarding"|"20130111134042"|""|""|"2013-14"
574|"Accommodation"|"Boarding"|"20130111134042"|""|""|"2013-14"
596|"Accommodation"|"Boarding"|"20130111134042"|""|""|"2013-14"
133|"Accommodation"|"Boarding"|"20201230192932"|"AA00007"|""|"2020-21"
30010|"Accommodation"|"Host Family"|"20201230193116"|"AA00007"|""|"2020-21"
30075|"Accommodation"|"Boarding"|"20201230193139"|"AA00007"|""|"2020-21"
403|"Accommodation"|"Boarding"|"20201230193210"|"AA00007"|""|"2020-21"
411|"Accommodation"|"Boarding"|"20201230193235"|"AA00007"|""|"2020-21"
433|"Accommodation"|"Boarding"|"20201230193258"|"AA00007"|""|"2020-21"
599|"Accommodation"|"Boarding"|"20201230193323"|"AA00007"|""|"2020-21"
7|"Long Weekend Arrangement"|"20190225: Exeats will cease from September 2019 and students will be able to stay at school if they wish.

Old info: Cannot Stay"|"20190225093544"|"AA00078"|""|"2019-20"
30051|"BNO applicants"|"20210122: Parents must be already resident in the UK with their proof of address before they submit the application."|"20210122114002"|"AA00078"|""|"2021-22"
62|"Info from Webinar"|"20210223: 

- There are up to 90 international students enrol each term, from around 30 nationalities- mainly from Russia (15%), China, Thailand.

- Weekly testing (Sat morning), focusing on English language

- Programme commences in June

- For the language choice, students can choose either English as first language, second language or own language

- Students must take History and Business in the prog

- Covid update: no cases in school
Teachers/ students are tested weekly
Students can take online lessons, if they think it is not safe to back in March"|"20210223112536"|"AA00078"|""|"2021-22"
36|"Guardianship"|"20210226: For UKVI purposes, a guardian would need to be British/Settled and if the student is a visa holder then the guardian cannot be a BNO passport holder."|"20210226172952"|"AA00078"|""|"2021-22"
265|"Sibling Discount"|"20210316: We do not offer sibling discount until a third child is within school."|"20210316102126"|"AA00078"|""|"2021-22"
351|"BNO Applicant Fees"|"20210317: 

Due to the increase of the enquiries for BNO students from Hong Kong, we are pleased to let you know that Inspiring Futures Education (Bishopstrow College & Padworth College) are welcoming students to join us with Domestic fee and they are also welcomed to study with us as Day Student!

Padworth Day student: £5,250 per term (Day students)

Bishopstrow Day student: 30% off from the published term fee"|"20210317105232"|"AA00078"|""|"2021-22"
62|"BNO Applicants Fees"|"20210317: 

Due to the increase of the enquiries for BNO students from Hong Kong, we are pleased to let you know that Inspiring Futures Education (Bishopstrow College & Padworth College) are welcoming students to join us with Domestic fee and they are also welcomed to study with us as Day Student!

Padworth Day student: £5,250 per term (Day students)

Bishopstrow Day student: 30% off from the published term fee"|"20210317105144"|"AA00078"|""|"2021-22"
525|"Accommodation"|"20210223: Video link on boarding house innovation:

https://youtu.be/LxrJ0zAIL_M"|"20210223105235"|"AA00078"|""|"2021-22"
15|"Scholarship Info"|"[25 Jul 2013] Music Scholarship - Student can record and send a DVD to the school for consideration."|"20130725121250"|"AA00025"|""|"2013-14"
15|"Scholarship Info"|"20210518: The scholarship application process will be adapted with portfolio submissions / Zoom interviews / video submissions (dependant on which scholarship she is applying for). 

[25 Jul 2013] Music Scholarship - Student can record and send a DVD to the school for consideration."|"20210518112144"|"AA00007"|""|"2013-14"
50|"1-Year GCSE Programme"|"20210525: We have very limited spaces for our 1 year GCSE programme, and we do prefer boys to stay with us into sixth form. The 1 year GCSE programme is specifically designed for boys where English is not their first language. Boys need to be very strong academically and have excellent English levels to manage this entry point into the school.

Entrants will take Maths / ESL / Biology / Chemistry / Physics + two other subjects

• The two other subjects must be selected from the following:
• Choice 1: French, Geography or History
• Choice 2: Art, History, RE or Geography
• Candidates will not be able to study GCSE German or Spanish"|"20210525115000"|"AA00078"|""|"2021-22"
103|"Day Place"|"20210513: School only consider correct age group for 11+, 13+, 16+

Message from school: 

Please direct the parents to the appropriate page on our website where parents can make their applications and pay the application day fee.  We will then acknowledge the parents applications to them.

https://www.caterhamschool.co.uk/admissions/11-admissions/

https://www.caterhamschool.co.uk/admissions/13-admissions/

https://www.caterhamschool.co.uk/admissions/16-admissions/"|"20210513133823"|"AA00078"|""|"2021-22"
103|"Day Place"|"20210527: School do not accept applications for Year 8 as this is not a usual intake year.  If a BNO family wish to apply for a day place for Year 7 for 2022 school would be delighted to receive an application.  The family can apply direct from the website for a day place and all of the relevant information regarding Admission Dates, testing and open days can be found on https://www.caterhamschool.co.uk/admissions/open-days-and-visits/

If you would like to enquire or if you need further advice regarding a day place, please do not hesitate to contact Diane Best (Diane.Best@caterhamschool.co.uk)  or Alison Jones (Alison.Jones@caterhamschool.co.uk).


20210513: School only consider correct age group for 11+, 13+, 16+

Message from school: 

Please direct the parents to the appropriate page on our website where parents can make their applications and pay the application day fee.  We will then acknowledge the parents applications to them.

https://www.caterhamschool.co.uk/admissions/11-admissions/

https://www.caterhamschool.co.uk/admissions/13-admissions/

https://www.caterhamschool.co.uk/admissions/16-admissions/"|"20210527115836"|"AA00078"|""|"2021-22"
20|"Pre-screening"|"20191002: UKiset is needed for Freemen’s from now on as a pre-screening"|"20191002101053"|"AA00078"|""|"2020-21"
462|"Entrance Exam"|"20200902: UKiset test is supplied for each candidate as this is one of the ways school will be assessing suitability for a place"|"20200902100403"|"AA00078"|""|"2021-22"
441|"Accommodation"|"Boarding"|"20130111134042"|""|""|"2013-14"
4|"Online form link"|"20230906: https://www.charterhouse.org.uk/admissions/welcome"|"20230906110744"|"AA00078"|""|"2024-25"
103|"Day Place"|"20210527: School do not accept applications for Year 8 as this is not a usual intake year. BNO family who wish to apply for a day place for Year 7 for 2022 can apply direct from school website and all of the relevant information regarding Admission Dates, testing and open days can be found on: 

https://www.caterhamschool.co.uk/admissions/open-days-and-visits/



20210513: School only consider correct age group for 11+, 13+, 16+

Message from school: 

Please direct the parents to the appropriate page on our website where parents can make their applications and pay the application day fee.  We will then acknowledge the parents applications to them.

https://www.caterhamschool.co.uk/admissions/11-admissions/

https://www.caterhamschool.co.uk/admissions/13-admissions/

https://www.caterhamschool.co.uk/admissions/16-admissions/"|"20210527120145"|"AA00078"|""|"2021-22"
685|"Video"|"20210417:

Topic: Lancaster University and ISC joint training
Date: Wednesday 14 April 2021

Meeting Recording:
https://studygroup.zoom.us/rec/share/liqoGHA6TtcLZFLtyxPkCiPzaysW66kKKRnneG5KNPeespFYZ0uUIvByf6DAWxNW.qahFXO0nOsgYXaG8 
Passcode: a9dLK?1E"|"20210417095151"|"AA00078"|""|"2021-22"
497|"Entrance Exam"|"20200317: The entrance assessment for that entry will take place here at St Mary’s on a Wednesday in November 2020.  All candidates must attend that assessment here (it cannot be taken overseas) as the sixth form examination takes the form of a cognitive test, written essay paper and also six interviews – one with the headmistress, one with the director of sixth form and four with the sixth form teachers of the four subjects the candidate is considering taking in the sixth form."|"20200317145611"|"AA00078"|""|"2021-22"
35|"Updates from School"|"20210723: 

Ampleforth College 
-40 mins coach from York station
-2 and a half acres
-500 students
-30% overseas students, 25% European
-80% boarding students (full boarding), no weekly boarding
-Day students can join weekend activities at school
-Catholic school (60% students are catholic)
-9 boarding houses; 3 girls boarding houses, 5 boys boarding houses, 1 co-Edu (year 7 and 8)
-With Tier 4 licence
-accept applications to all year groups from Year 7 to Year 12 
-international students do join into Year 8, 10 and 11 

Entry requirements - offers for any year group are dependent upon an interview with the Registrar, school reports and a reference from the students' current school.
•Year 9 and 10
-Math and English together with an EAL assessment
-offer in December of the year prior to entry
-if place available, welcome applications throughout the year

•Sixth form
-can register for Year 12 entry at any point or by Christmas of their son or daughter’s Year 10
-visit the school or have a virtual interview with our Registrar
-offers are dependent on an interview and a reference from the student’s current school and are conditional on successful performance in GCSEs or equivalent qualifications. 
-request in general a minimum of 3 Grade 5s and 2 Grade 6s for students following GCSE courses. Students who wish to study for BTECs must have a minimum of 5 Grade 4s.
University destination
-8 students go to Cambridge 
-65% of students go to Russell group University"|"20210723154046"|"AA00078"|""|"2021-22"
687|"Admissions Info"|"20200917: School does not allow boarding boys to change to day students, once they have accepted a boarding place

20200915: Whitgift takes Day Places for BNO families for all year groups, ie. Y6,7, 9 and 12, except for Year 10 (boarding only).

20200721: The closing date for SEP-2021 applications is 20 November 2020. This year we have made our application form completely online, this goes live at the end of August 2020."|"20200917095652"|"AA00078"|""|"2021-22"
30051|"BNO day applicants"|"20210122: Parents must be already resident in the UK with their proof of address before they submit the application."|"20210122114414"|"AA00078"|""|"2021-22"
133|"BNO Policy"|"day place application while families are still in HK

Successfully obtained BNO visa, waiting to fly to the UK, Year 7 = No, Year 9 = Yes

Applied BNO visa but have not yet received the visa, Year 7 = No, Year 9 = Yes

Have not applied BNO visa but planning to do so and expecting to receive BNO visa before September, Year 7 = No, Year 9 = Yes

Year 7 is not possible owing to the fact this Year Group of entry is controlled by our Local Authority, Kent County Council."|"20210813203248"|"AA00006"|""|"2022-23"
30051|"BNO Policy"|"Successfully obtained BNO visa, waiting to fly to the UK



They can apply for a boarding place only. They can’t apply for a day place without evidence of the family being actually resident in the UK (with proof of the UK address). There is no transfer from boarding to day place until Sixth Form.



Applied BNO visa but have not yet received the visa



They can apply for a boarding place but if a place is offered the child cannot be admitted until they have received the visa. We will charge for the bed that is being held while they are unable to start. The deposit to secure the place is one full term’s fees and this is non refundable if the visa is not obtained. They cannot apply for a day place.



Have not applied BNO visa but planning to do so and expecting to receive BNO visa before September



No application can be processed."|"20210808070008"|"AA00006"|""|"2022-23"
543|"BNO Policy"|"Accept BNO visa for both day and boarding place - I’ve spoken to our Senior staff regarding considering BNO applicants, and they have advised that we can start the process and look at references. We will not be able to accept them as a student and fully process the BNO unless they are already living in the UK."|"20210817151020"|"AA00006"|""|"2022-23"
611|"UKiset"|"20210112: 

We would normally expect pupils at non-British curriculum schools to sit the UKiset"|"20210112120008"|"AA00078"|""|"2021-22"
16|"Admissions Info"|"20210526: Yes, same process with UKiset for Year 7 applications please and they should sit it by the end of November in Year 6.

We would not accept Year 8 applications; sorry."|"20210526102030"|"AA00078"|""|"2022-23"
549|"Online Registration Form"|"20191022: 

Please use this link to complete the reg form: 

https://stephenperse.openapply.com/apply"|"20191022114330"|"AA00078"|""|"2020-21"
655|"Online form link"|"christs-hospital.org.uk/admissions/international-entry/international-registration-forms/"|"20211011101329"|"AA00078"|""|"2022-23"
212|"Online Application Form"|"20230908: https://www.haileybury.com/admissions/registration-form/"|"20230908180739"|"AA00011"|""|"2024-25"
418|"Accommodation"|"Boarding | Click School Factsheet link for more details: http://www.academic-asia.com/web/School/FactSheet/Rugby_factsheet.pdf"|"20240406165512"|"AA00078"|""|"2024-25"
573|"Admissions Info"|"20211030: For entry in 2022 at 14+ we do not, at present, have any places for boys or girls. From experience, we do expect one or two places to become available over the course of the next year. If you would like to register your interest, please complete an enquiry form and upload a copy of your child’s school report, together with a 500 word ‘pen portrait’ of your child. We will contact families if places become available and this will most likely be from January onwards."|"20211030092858"|"AA00078"|""|"2022-23"
611|"Admissions Info"|"20210728:

Updated information for 2022 applications:

Year 12:
We will be holding a virtual Sixth Form Open  Morning on Thursday 23rd September for those families unable to travel to the UK for our in-person event here at School on the 25th September.  If you have any families interested in St Edward’s and who would like to join the event online then please do let me know by the end of August.

The closing date for 2022 entry is 11th October 2021.  Candidates must be registered and submit a Sixth Form Application Form along with a personal statement (500 – 1000) words and school reports.  References will be sought from the candidate’s school.

Sixth Form candidates will sit the CAT4 online on Tuesday 26th October, then sit our own entrance exams and interviews on 2nd and 3rd November here at the School if possible. If not, then the candidate can sit the exams at the BC or with you.

Assessment:
• CAT4
• Three exams, each 30 minutes in duration.  The exam questions will be fairly broad in interpretation to allow pupils working under different curricula to show their knowledge and potential.
A Levels:  exam subjects based on the subjects they intend to study. 
N.B. Candidates whose first language is not English and who are not intending to study English at A Level will be required to sit an EAL exam in addition to their three chosen subject papers.
IB: English, Mathematics plus one exam of their choice based on their proposed Higher Level subjects.  
• Academic and Pastoral Interview
N.B. Those with EAL will have an additional EAL interview
 
Year 10: 
The closing date for 2022 entry is 26th October when candidates must be registered and submit a personal statement (around 500 words) and school reports.  References will be sought from the candidate’s school.

Year 10 candidates will sit the online CAT4 on Thursday 4th November and then our entrance exams and interviews here at the School if possible on Tuesday 9th November.

Assessment:
• CAT4
• Two exams each 30 minutes in duration – English/English as an Additional Language and Mathematics
• Academic and Pastoral Interview
N.B. Those with EAL will have an additional EAL interview
 
Year 9:
The closing date for 2022 entry is Monday 3rd January when candidates must be registered and submit school reports.  References will be sought from the candidate’s school.

Year 9 candidates will sit the online CAT4 on a date to be confirmed with entrance exams and interviews here at the School if possible on Tuesday 18th January 2022. 
Assessment
• CAT4
• Two exams each 30 minutes in duration – English/English as an Additional Language and Mathematics
• Academic and Pastoral Interview
N.B. Those with EAL will have an additional EAL interview"|"20210728152520"|"AA00078"|""|"2022-23"
274|"Accommodation"|"Boarding"|"20130111134042"|""|""|"2013-14"
22|"Admissions Info"|"20211109: Uppingham is happy for students to register for Y9 Sep2024 now even the students have not taken our AA test."|"20211109101925"|"AA00078"|""|"2024-25"
1|"Airport Pickup"|"No (Guardian's responsibility)"|"20121207122821"|"AA00032"|""|""
685|"LOGIN PAGE"|"https://partners.studygroup.com/StudyGlobal/UserLogin/WebAuth.aspx?Logout=1

battie@academic-asia.com

password: aastudy"|"20160408163656"|"AA00007"|""|"2015-16"
522|"Accommodation"|"Boarding | Click School Factsheet link for more details: http://www.academic-asia.com/web/School/FactSheet/Taunton_factsheet.pdf"|"20201230171128"|"AA00079"|""|"2013-14"
522|"Accommodation"|"• Taunton School International has its own garden leading on to playing fields, two recreation halls, a laundry, IT room, classrooms with interactive boards and a language laboratory. Wireless access is also available throughout the School campus.

• Good telephone and wireless access throughout the campus. Taunton School International boarding houses (Foxcombe House) accommodates 54 boys and 30 girls.
(The Middle School boarding house called The Grange, can accommodate 38 boys and 25 girls.)"|"20141124162117"|"AA00032"|""|"2014-15"
187|"Accommodation"|"Boarding | Click School Factsheet link for more details: http://www.academic-asia.com/web/School/FactSheet/FrenshamHeights_factsheet.pdf"|"20201230163706"|"AA00079"|""|"2013-14"
136|"Accommodation"|"Boarding"|"20130111134042"|""|""|"2013-14"
345|"Admissions Info"|"20210611: We would  be happy to receive overseas applications for 2023 at this stage.  Our registrar will need to see current school and Ukiset reports before advisng whether any pupil may register.  You are correct in that they will sit our entry assessments in January 2023."|"20210611103206"|"AA00078"|""|"2023-24"
687|"Insurance"|"20220205: Whitgift’s insurance, w only covers COVID-19 medical costs from the moment a student begins their travel to Whitgift. Therefore, we are strongly advising parents to take extra insurance that will cover the following COVID-19 related issues: 
 
1. A student testing positive/quarantining before their course begins and having to cancel.

2. At the end of the course at Whitgift, a student is unable to fly back home because they have had to quarantine or have tested positive for Covid-19 and a new plane ticket is required to fly home. 

3. Additional costs related to an extended stay in the UK due to a stduent testing positive at the end of their course. 

More information is attached (pls see Sch_Doc)"|"20220205101402"|"AA00078"|""|"2021-22"
103|"Admissions Info"|"20210914: 

Year 7 – Day place only (application form on our website
Year 8 – Not a usual intake year – no applications can be made
Year 9 – Day and Boarding (application form for Day only on our website, you have the link for Boarding Application Form, this is not available on our website)
Year 10 – Not a usual intake year – no applications can be made for Day.  We can accept Boarding Application’s however spaces for boys are extremely limited.
Year 11 - Not a usual intake year – no applications can be made
Year 12 - Day and Boarding (application form for Day only on our website, you have the link for Boarding Application Form, this is not available on our website)"|"20210914105705"|"AA00078"|""|"2022-23"
13|"Airport Pickup Remark"|"[12 Feb 2014]
Warwick allow new boys and their parents to ride on the coach on Tuesday 2nd Sept from Heathrow. Please make sure family are aware of below possible cost.

School: We book a 53 seat coach, but at this time we do not know how many of our returning boarders will need to travel on it.  Based on numbers though, it is likely to be approximately 37.  If we have many more than this, we will also have to book a van to transport the extra luggage, and this charge would need to be passed onto the parents.

To cost of the coach will be shared between all those travelling on it, and is normally in the region of £15 per person, the extra van cost is likely to be approximately £120 if it is required and this would be split between the families who use the service.

I am happy for you to inform new parents that there is the possibility of a coach, but there are obviously limited seats available."|"20140212134538"|"AA00025"|""|"2014-15"
500|"Admissions Info"|"20220308: Year 9 entry 2024: - 

Overseas candidates for year 9 entry 2024 are invited to ensure we have a full Ukiset report plus the appropriate English language certificate by 31 October 2022 (plus a formal registration form – the link to apply is here: https://www.cognitoforms.com/StSwithunsSchool1/applicationformseniorschool).

If we make an early offer and parents choose to secure the place by paying a deposit by 31 January 2023 then the candidate will take our entry papers in November 2023 and only needs to pass at 60%.  If parents choose not to secure the place then the offer comes off the table and candidates may still sit the November 2023 papers but will do so on a competitive basis.

Parents may also choose not to embark on the early offer pathway but simply register, supply Ukiset reports and English language certificate by 31 October 2023.  The candidate will then take the November 2023 papers on a competitive basis.

We are happy to accept the ISEB (www.iseb.co.uk) Common Pre-test (which all UK-based candidates take in November of their year 7) instead of Ukiset."|"20220308004235"|"AA00078"|""|"2024-25"
130|"Guardianship"|"20190719: from school: 
A guardian is not felt to be necessary for the majority of our boarders and the Principal acts as legal guardian for them when necessary. The College can provide contact details for a company which provides UK guardianship services in emergency situations. 



School help to arrange guardianship service."|"20190719171419"|"AA00007"|""|"2019-20"
30046|"Agent Zone"|"Web Address: https://www.herefordcs.com/international/agent-zone 
Password: HCSAgentZone1384!"|"20220316125941"|"AA00007"|""|"2022-23"
200|"Visa"|"20220325: 

School have appointed Holmes and Partners to support our families in making their visa applications for Autumn 2022."|"20220325114615"|"AA00078"|""|"2022-23"
367|"Visa"|"AA CANNOT ASSIST IN VISA  APPLICATION

Newland Chase Education (2/6/2021)"|"20210602201311"|"AA00027"|""|"2021-22"
638|"Login Link"|"password: aawhg2019"|"20210325181800"|"AA00007"|""|"2020-21"
251|"Visa"|"AA CANNOT ASSIST IN VISA  APPLICATION"|"20180502144348"|"AA00027"|""|"2018-19"
59|"Visa"|"AA CANNOT ASSIST IN VISA  APPLICATION

Newland Chase Education (21/4/2020)"|"20220426143424"|"AA00027"|""|"2022-23"
57|"visa"|"AA CANNOT ASSIST IN VISA  APPLICATION"|"20210414184719"|"AA00027"|""|"2021-22"
57|"visa"|"AA CANNOT ASSIST IN VISA  APPLICATION

Newland Chase Education (28/4/2022)"|"20220428154742"|"AA00027"|""|"2021-22"
101|"Agents Portal"|"https://dukeseducationportal.force.com/Agent/s/login/

Username: battie@academic-asia.com
password : Aa28330919"|"20211101145541"|"AA00098"|""|"2022-23"
16|"Admissions Info"|"20201230: We do not have an intake into Year 8 and, at present, we are not taking any further day applications for Year 9 entry 2023.  We will be making our first round of offers for Year 9 2023 day places in February 2021 and will have more of an idea of late availability by mid-March."|"20201230173419"|"AA00078"|""|"2023-24"
103|"Online Application Form"|"20220628: 

Our previous system of accepting applications (WisePay) will now cease to operate, please direct families to the new form instead.

https://caterham.openapply.eu/apply/forms/65210

If a child is schooled in the UK, but the parents reside overseas, please do ensure that the family use the Overseas form. Please note the application fee is £225."|"20220628173140"|"AA00078"|""|"2022-23"
110|"Agent page"|"20220114: 

If you follow the link below and enter this password 'Agents1841!' you will be able to enter:
https://www.cheltenhamcollege.org/admissions/information-for-agents/"|"20220114115644"|"AA00078"|""|"2022-23"
316|"Accommodation"|"Boarding"|"20130111134042"|""|""|"2013-14"
549|"Online form link"|"https://stephenperse.openapply.com/apply"|"20211011104526"|"AA00078"|""|"2022-23"
500|"Visa"|"AA CANNOT ASSIST IN VISA  APPLICATION"|"20180529175001"|"AA00027"|""|"2017-18"
130|"Discount"|"20220511: Concord College is delighted to offer a 50% Early Bird discount on the registration fee for applications for entry in September 2023 submitted online between 1st May and 30th June 2022.

https://concordcollegeuk.com/admissions/application-forms/"|"20220511110435"|"AA00078"|""|"2022-23"
4|"Online Registration Link"|"20190926: 

Registration link:

www.charterhouse.org.uk/admissions/registration-details"|"20190926120416"|"AA00078"|""|"2020-21"
22|"Admissions Info"|"20180925: Online registration link:
http://www.uppingham.co.uk/Registration"|"20180925162145"|"AA00078"|""|"2019-20"
549|"New Admissions Portal"|"20220712: 

If you want to submit an application please go to our website here (https://www.stephenperse.com/page/?title=Make+an+application&pid=1651) and download the application form. Please complete the application form and email it back to admissions@stephenperse.com with the copy of the BACS receipt of payment of the non-refundable registration fee. 
As soon as our new admissions portal is up and running you will receive an email notification with your login details to access your child’s profile."|"20220712094930"|"AA00078"|""|"2023-24"
394|"Admissions Info"|"20220810: Reed’s will not consider Y9 Sep2024 day place.
Normally need to apply 3 years before the entry year for Reeds for Y9 entry for day."|"20220810171650"|"AA00078"|""|"2024-25"
500|"Accommodation"|"Boarding"|"20130111134042"|""|""|"2013-14"
130|"Registration fee"|"20220511: No reg fee to be paid for day places"|"20220511110521"|"AA00078"|""|"2022-23"
218|"Admissions Info"|"20200121: Ukiset is required at application, with the minimum English score of IELTS 3.5 – 4.5 (B1)"|"20200121100211"|"AA00078"|""|"2020-21"
342|"Accommodation"|"Boarding | Click School Factsheet link for more details: http://www.academic-asia.com/web/School/FactSheet/TheOratory_factsheet.pdf"|"20201230165539"|"AA00079"|""|"2013-14"
373|"Accommodation"|"Boarding | Click School Factsheet link for more details: http://www.academic-asia.com/web/School/FactSheet/Queen Annes_factsheet.pdf"|"20201230165706"|"AA00079"|""|"2013-14"
17|"Accommodation"|"Boarding | Click School Factsheet link for more details: http://www.academic-asia.com/web/School/FactSheet/ColchesterRoyal_factsheet.pdf"|"20201230163247"|"AA00079"|""|"2013-14"
367|"No. of HK & mainland students"|"20221112: 

Hong Kong		
Year Group	Male	Female
Year 7	                 1	
Year 8	                 1	
Year 9	                 1	3
Year 10	                 8	3
Year 11	                 9	6
Year 12	                10	4
Year 13            	8	5
TOTAL        	38	21

Mainland China	
Year Group	Male	Female
Year 7	                 0	0
Year 8	                 1	0
Year 9	                 0	0
Year 10	                 3	0
Year 11	                 1	1
Year 12	                 1	0
Year 13	2	1
TOTAL	8	2"|"20221112111027"|"AA00078"|""|"2022-23"
36|"Reference from HK school"|"20221124: Yes"|"20221124124323"|"AA00007"|""|"2023-24"
549|"IB"|"[11 Jul 2013] It is likely that we will be offering Mandarin as a second language"|"20130711160947"|"AA00025"|""|"2013-14"
455|"Parent/Student Comment"|"ok"|"20221212174448"|"AA00096"|""|"2022-23"
30201|"Accommodation"|"Boarding"|"20240406171849"|"AA00078"|""|"2024-25"
455|"Parent/Student Comment"|"School life:
-Happy
-Friendly classmates 
-No bullying/racism (No discrimination between races but hard to mingle since       local students already formed their own social circle)
-Year 12: Hong Kong + Mainland total around 20 students
-Junior School: More HK students;  Senior School: more Mainland students
-Kary mostly play with other Hong Kong schoolmates"|"20221212174726"|"AA00096"|""|"2022-23"
607|"Online form link"|"20231031: 

https://forms.office.com/Pages/ResponsePage.aspx?id=CiRvUn5JzUmuhcPDzcC-lLuH1g_o-pVJlbTTTfw7b8NUMFlOR1RDQ0NRM0dCSEc2VVYwWVpZRlQxUiQlQCN0PWcu"|"20231031111705"|"AA00078"|""|"2023-24"
455|"Parent/Student Comment"|"(Interviewed student: 42487 CHING Kary, Year 12, DAY place)

School life:
-	Happy
-	Friendly classmates 
-	No bullying/racism (No discrimination between races but hard to mingle since local students already formed their own social circle)
-	Year 12: Hong Kong + Mainland total around 20 students
-	Junior School: More HK students;  Senior School: more Mainland students
-	Kary mostly play with other Hong Kong schoolmates 

Facilities:
-	New, in good condition
-	Visited friends’ boarding house  nice common room with warm atmosphere 

Academic:
-	Two EAL teachers are passionate and friendly
-	Computing teacher very supportive (1 on 1 teaching as only 1 student studying computing)
-	Some teachers are not very helpful
-	Have not provided Uni expos/ received any information and advice for different                  universities so far (only received information on university application procedure)
-	NOT much opportunities to speak English at school (As teachers allow students                 to speak Cantonese in English lesson)
-	Happy learning atmosphere but no exam/ tests, teachers do not check                 homework
           --> Parents do not know their children learning status/ subject performance at                      school 

Transport:
-	Kary’s mum and many parents choose to take taxi (arranged by school) when students back to and leave the school (300 GBP per term)

Co-curricular:
-	A bit boring after lunch
-	Have co-curricular activities but most of them are after-school activities 
-	Kary does not join any activities as she will miss the last taxi after school

Catering:
-	Wide range, nutritious, sufficient for Kary
-	Spaghetti, bread, sandwich 
-	Friday: Junk Food Day
-	Salad: Good quality
-	Veggie in lunchbox: Taste Bad"|"20221212175119"|"AA00096"|""|"2022-23"
455|"Parent/Student Comment"|"(Interviewed student: 42487 CHING Kary, Year 12, DAY place)

School life:
-	Happy
-	Friendly classmates 
-	No bullying/racism (No discrimination between races but hard to mingle since local students already formed their own social circle)
-	Year 12: Hong Kong + Mainland total around 20 students
-	Junior School: More HK students;  Senior School: more Mainland students
-	Kary mostly play with other Hong Kong schoolmates 

Facilities:
-	New, in good condition
-	Visited friends’ boarding house--> nice common room with warm atmosphere 

Academic:
-	Two EAL teachers are passionate and friendly
-	Computing teacher very supportive (1 on 1 teaching as only 1 student studying computing)
-	Some teachers are not very helpful
-	Have not provided Uni expos/ received any information and advice for different                  universities so far (only received information on university application procedure)
-	NOT much opportunities to speak English at school (As teachers allow students                 to speak Cantonese in English lesson)
-	Happy learning atmosphere but no exam/ tests, teachers do not check                 homework
           --> Parents do not know their children learning status/ subject performance at                      school 

Transport:
-	Kary’s mum and many parents choose to take taxi (arranged by school) when students back to and leave the school (300 GBP per term)

Co-curricular:
-	A bit boring after lunch
-	Have co-curricular activities but most of them are after-school activities 
-	Kary does not join any activities as she will miss the last taxi after school

Catering:
-	Wide range, nutritious, sufficient for Kary
-	Spaghetti, bread, sandwich 
-	Friday: Junk Food Day
-	Salad: Good quality
-	Veggie in lunchbox: Taste Bad"|"20221212175314"|"AA00096"|""|"2022-23"
455|"Parent/Student Comment"|"(Interviewed student: 42487 CHING Kary, Year 12, DAY place)

School life:
-	Happy
-	Friendly classmates 
-	No bullying/racism (No discrimination between races but hard to mingle since local students already formed their own social circle)
-	Year 12: Hong Kong + Mainland total around 20 students
-	Junior School: More HK students;  Senior School: more Mainland students
-	Kary mostly play with other Hong Kong schoolmates 

Facilities:
-	New, in good condition
-	Visited friends’ boarding house--> nice common room with warm atmosphere 

Academic:
-	Two EAL teachers are passionate and friendly
-	Computing teacher very supportive (1 on 1 teaching as only 1 student studying computing)
-	Some teachers are not very helpful
-	Have not provided Uni expos/ received any information and advice for different                  universities so far (only received information on university application procedure)
-	NOT much opportunities to speak English at school (As teachers allow students                 to speak Cantonese in English lesson)
-	Happy learning atmosphere but no exam/ tests, teachers do not check                 homework
           --> Parents do not know their children learning status/ subject performance at                      school 

Transport:
-	Kary’s mum and many parents choose to take taxi (arranged by school) when students back to and leave the school (300 GBP per term)

Co-curricular:
-	A bit boring after lunch
-	Have co-curricular activities but most of them are after-school activities 
-	Kary does not join any activities as she will miss the last taxi after school

Catering:
-	Wide range, nutritious, sufficient for Kary
-	Spaghetti, bread, sandwich 
-	Friday: Junk Food Day
-	Salad: Good quality
-	Veggie in lunchbox: Taste Bad"|"20221212175618"|"AA00096"|""|"2022-23"
13|"Online Registration Link"|"20220809: 

https://www.warwickschool.org/online-application-form"|"20220809113333"|"AA00078"|""|"2023-24"
430|"Accommodation"|"Boarding"|"20130111134042"|""|""|"2013-14"
590|"Accommodation"|"Boarding"|"20130111134042"|""|""|"2013-14"
318|"Accommodation"|"Boarding"|"20130111134042"|""|""|"2013-14"
21|"Online form link"|"20220126: 

Y10 online form link:

https://www.brightoncollege.org.uk/admissions/registration-overseas-14plus/"|"20220126145548"|"AA00078"|""|"2022-23"
322|"Visa"|"20230323: They have changed their partnership of visa application from Newland Chase to the other company, they no longer work with them."|"20230323164632"|"AA00078"|""|"2023-24"
4|"Entrance Exam"|"20230621: For students already in the UK we would only require a school report as part of the application form.

We are happy for them to come direct but equally through AA if this is easier for the parents."|"20230621094029"|"AA00078"|""|"2024-25"
103|"Day place"|"20220820: 

Caterham: for Y9 Sep2024, need to check with school again in 2023"|"20220820094641"|"AA00078"|""|"2024-25"
607|"Summer school"|"20231031: https://westonbirt.org/wp-content/uploads/2023/10/Westonbirt-Summer-School-brochure-2024.pdf"|"20231031112230"|"AA00078"|""|"2024-25"
536|"Accommodation"|"Boarding"|"20130111134042"|""|""|"2013-14"
306|"No. of Hong Kong & Chinese students"|"20211214:   Approximately 20% of the total pupil roll are from mainland China or Hong Kong.

We have approximately 70 Year 10 pupils, the majority of which are full boarders."|"20211214103544"|"AA00078"|""|"2021-22"
409|"Accommodation"|"Boarding | Click School Factsheet link for more details: http://www.academic-asia.com/web/School/FactSheet/MerchistonCastle_factsheet.pdf"|"20230304111343"|"AA00079"|""|"2013-14"
455|"Parent/Student Comment"|"(Interviewed student: 42487 CHING Kary, Year 12, DAY place)

School life:
-	Happy
-	Friendly classmates 
-	No bullying/racism (No discrimination between races but hard to mingle since local students already formed their own social circle)
-	Year 12: Hong Kong + Mainland total around 20 students
-	Junior School: More HK students;  Senior School: more Mainland students
-	Kary mostly play with other Hong Kong schoolmates 

Facilities:
-	New, in good condition
-	Visited friends’ boarding house--> nice common room with warm atmosphere 

Academic:
-	Two EAL teachers are passionate and friendly
-	Computing teacher very supportive (1 on 1 teaching as only 1 student studying computing)
-	Some teachers are not very helpful
-	Have not provided Uni expos/ received any information and advice for different                  universities so far (only received information on university application procedure)
-	NOT much opportunities to speak English at school (As teachers allow students                 to speak Cantonese in English lesson)
-	Happy learning atmosphere but no exam/ tests, teachers do not check                 homework
           --> Parents do not know their children learning status/ subject performance at                      school 

Transport:
-	Kary’s mum and many parents choose to take taxi (arranged by school) when students back to and leave the school (300 GBP per term)

Co-curricular:
-	A bit boring after lunch
-	Have co-curricular activities but most of them are after-school activities 
-	Kary does not join any activities as she will miss the last taxi after school

Catering:
-	Wide range, nutritious, sufficient for Kary
-	Spaghetti, bread, sandwich 
-	Friday: Junk Food Day
-	Salad: Good quality
-	Veggie in lunchbox: Taste Bad"|"20221212175637"|"AA00096"|""|"2022-23"
7|"Additional Info on Year 7"|"20221217: 

1. There are normally around 96 pupils in Year 7
2. There are 4 forms in Year 7 
3. All information on the academic scholarship can be read here. We normally offer 10 academic scholarships at 11+, two of which were to overseas pupils this year. 
4. Normally around 45 children move up from the Prep School, however it is on a different site, so technically they are all new starters into Year 7."|"20221217114431"|"AA00078"|""|"2022-23"
7|"Additional Info on Year 7"|"20221217: 

1. There are normally around 96 pupils in Year 7
2. There are 4 forms in Year 7 
3. All information on the academic scholarship can be read here -

https://publications.headington.org/scholarships-and-financial-assistance-at-11-and-13/academic-scholarships.

We normally offer 10 academic scholarships at 11+, two of which were to overseas pupils this year. 
4. Normally around 45 children move up from the Prep School, however it is on a different site, so technically they are all new starters into Year 7."|"20221217114517"|"AA00078"|""|"2022-23"
377|"No. of international students"|"one third of all students are international students"|"20230128131303"|"AA00078"|""|"2022-23"
475|"Accommodation"|"Boarding"|"20130111134042"|""|""|"2013-14"
313|"Accommodation"|"Boarding"|"20130111134042"|""|""|"2013-14"
409|"Accommodation"|"Boarding"|"20130111134042"|""|""|"2013-14"
419|"Accommodation"|"Boarding"|"20130111134042"|""|""|"2013-14"
50|"Visa"|"use Fragomen (a global immigration specialist) , charge GBP650"|"20230320180019"|"AA00027"|""|"2023-24"
383|"Online Registration Link"|"20230328: 

Please find the registration link here: 

https://www.questguardians.co.uk/guardianship-application-form/

Please ask the family to input our details to entitle the discount"|"20230328104942"|"AA00078"|""|"2023-24"
58|"VISA"|"AA CANNOT ASSIST IN VISA  APPLICATION

Newland Chase Education (29/3/2022)  GBP450"|"20230329102359"|"AA00027"|""|"2023-24"
431|"Age Issue"|"20220715: accept out of year applications within six months of the 1 September cut-off, ie 6 months older or younger"|"20220715191200"|"AA00007"|""|"2023-24"
431|"Age Issue"|"20230610: At Sevenoaks, we are happy to accept applications which fall outside of the normal age range by up to a maximum of six months

20220715: accept out of year applications within six months of the 1 September cut-off, ie 6 months older or younger"|"20230610141654"|"AA00078"|""|"2024-25"
492|"Boarding brochure"|"20230615:

Boys:
https://youtu.be/oxrsoE8MKgI

Girls:
https://youtu.be/oxrsoE8MKgI

Kirby House (boarding for pupils aged 7 to 13):
https://youtu.be/g6XCLEy5b4k"|"20230615111955"|"AA00078"|""|"2023-24"
46|"VISA"|"Visa handle by Holmes and Partners  23/6/2023"|"20230623150326"|"AA00027"|""|"2023-24"
60|"Accommodation"|"Boarding"|"20130111134042"|""|""|"2013-14"
585|"Accommodation"|"Boarding"|"20130111134042"|""|""|"2013-14"
30061|"Course info"|"20230810: International Foundation Diploma in Business (no longer an NCUK programme but our own curriculum) will be launched at Oxford International Pathway College, Oxford."|"20230810123727"|"AA00078"|""|"2023-24"
30041|"Exam"|"Info : 

The tests take about two-and-a-half hours to complete (English 40 minutes, mathematics 40 minutes, non-verbal reasoning 30 minutes, verbal reasoning 25 minutes) and can be taken together or at separate times, either in the child's own school or at the senior school for which he or she is entered.

Candidates could not go back to previous questions to review or change answer.

(https://www.iseb.co.uk/Parents/What-are-the-Common-Pre-Tests)"|"20230928174222"|"AA00097"|""|"2023-24"
30041|"Exam"|"The tests take about two-and-a-half hours to complete (English 40 minutes, mathematics 40 minutes, non-verbal reasoning 30 minutes, verbal reasoning 25 minutes) and can be taken together or at separate times, either in the child's own school or at the senior school for which he or she is entered.

Candidates could not go back to previous questions to review or change answer.

(https://www.iseb.co.uk/Parents/What-are-the-Common-Pre-Tests)"|"20230928174231"|"AA00097"|""|"2023-24"
2|"Exam"|"There is no difference between the entrance assessments  for boarders and day students"|"20231019204922"|"AA00097"|""|"2023-24"
101|"Online form link"|"https://www.ccoex.com/admissions/admissions-process/registration/"|"20211011100820"|"AA00078"|""|"2022-23"
259|"Online Application Form"|"20240201: 

https://powerforms.docusign.net/d528220c-83c6-41fc-83c0-b696fc4027fd?env=eu&acct=f4fdd680-965e-40a5-819d-e8720a042d7b&accountId=f4fdd680-965e-40a5-819d-e8720a042d7b"|"20240201164413"|"AA00078"|""|"2024-25"
409|"Online Application Form"|"20230203: https://rossall.org.uk/registration-forms/"|"20230203165428"|"AA00078"|""|"2023-24"
570|"Online form link"|"20221008: https://warminsterschool.fireflycloud.net/your-application/admissions-forms/begin-your-application/application-form"|"20221008095633"|"AA00078"|""|"2023-24"
423|"Accommodation"|"Boarding | Click School Factsheet link for more details: http://www.academic-asia.com/web/School/FactSheet/Ryde_factsheet.pdf"|"20201230170102"|"AA00079"|""|"2013-14"
306|"No. of Hong Kong & Chinese students"|"20240222: Apart from the 7 HK girls mentioned by MSJ yesterday, they also have 18 pupils from mainland China across the Senior School.

20211214:   Approximately 20% of the total pupil roll are from mainland China or Hong Kong.

We have approximately 70 Year 10 pupils, the majority of which are full boarders."|"20240222184154"|"AA00078"|""|"2023-24"
30118|"Admissions Info"|"20240312: I am now delighted to announce that we are accepting registrations from any families should they wish their daughters to be considered for entry to these year groups."|"20240312165725"|"AA00078"|""|"2024-25"
306|"Visa"|"AA CANNOT ASSIST IN VISA  APPLICATION

Newland Chase Education will handle all visa application process for students. (13/3/2024)"|"20240313122449"|"AA00027"|""|"2023-24"
306|"Visa"|"Newland Chase Education will handle all visa application process for students. (13/3/2024)"|"20240313122517"|"AA00027"|""|"2023-24"
441|"Visa"|"use Sable Education, FOC, parents no need to pay the visa service fee to Sable, paid by the school...19 Mar"|"20240319114343"|"AA00027"|""|"2024-25"
598|"Accommodation"|"Boarding"|"20130111134042"|""|""|"2013-14"
412|"visa"|"AA CANNOT ASSIST IN VISA  APPLICATION"|"20190608141611"|"AA00027"|""|"2018-19"
418|"Accommodation"|"Boarding"|"20130111134042"|""|""|"2013-14"
337|"Accommodation"|"Boarding."|"20140424101629"|"AA00044"|""|"2013-14"
367|"Accommodation"|"Boarding"|"20130111134042"|""|""|"2013-14"
62|"Accommodation"|"Boarding"|"20130111134042"|""|""|"2013-14"
124|"Accommodation"|"Boarding"|"20130111134042"|""|""|"2013-14"
30198|"Accommodation"|"Boarding"|"20240406181109"|"AA00078"|""|"2024-25"
271|"Accommodation"|"Boarding"|"20130111134042"|""|""|"2013-14"
351|"Accommodation"|"Boarding"|"20130111134042"|""|""|"2013-14"
460|"Accommodation"|"Boarding"|"20130111134042"|""|""|"2013-14"
631|"Accommodation"|"Boarding"|"20130111134042"|""|""|"2013-14"
552|"Accommodation"|"Boarding"|"20130111134042"|""|""|"2013-14"
607|"Accommodation"|"Boarding | Click School Factsheet link for more details: http://www.academic-asia.com/web/School/FactSheet/Westonbirt_Factsheet.pdf"|"20201230171355"|"AA00079"|""|"2013-14"
544|"Accommodation"|"Boarding | Click School Factsheet link for more details: http://www.academic-asia.com/web/School/FactSheet/TheRoyalHighBath_factsheet.pdf"|"20201230165940"|"AA00079"|""|"2013-14"
274|"Music Instrument"|"20240214: The music department does have a Cello for student to use."|"20240214160220"|"AA00078"|""|"2024-25"
62|"ACL"|"3SC492"|"20230602003456"|"AA00027"|""|"2023-24"
573|"Visa"|"AA CANNOT ASSIST IN VISA  APPLICATION

Wellington wishes to make every effort to make this process as easy as possible and so they are working with a law firm, Cater Leydon Millard, who will assist you with the visa process. ((from 4 May 2019))

There will be a non-refundable administrative cost of £575.00 to cover the additional work required to ensure the smooth running of the visa process  (from 4 May 2019)"|"20190504111441"|"AA00027"|""|"2018-19"
30198|"Newsletter link"|"20240131: https://www.davidgamecollege.com/news-events-media/londinium-e-magazine"|"20240131165556"|"AA00078"|""|"2024-25"
577|"Visa"|"handle by Sable International"|"20240503164912"|"AA00027"|""|"2024-25"
593|"Accommodation"|"Boarding | Click School Factsheet link for more details: http://www.academic-asia.com/web/School/FactSheet/Worth_factsheet.pdf"|"20201230171455"|"AA00079"|""|"2013-14"
687|"Accommodation"|"Boarding | Click School Factsheet link for more details: http://www.academic-asia.com/web/School/FactSheet/Whitgift_factsheet.pdf"|"20201230171409"|"AA00079"|""|"2013-14"
607|"Accommodation"|"Boarding | Click School Factsheet link for more details: http://www.academic-asia.com/web/School/FactSheet/Westonbirt_factsheet.pdf"|"20240406181929"|"AA00078"|""|"2013-14"
577|"Accommodation"|"Boarding | Click School Factsheet link for more details: http://www.academic-asia.com/web/School/FactSheet/WestBuckland_factsheet.pdf"|"20201230171340"|"AA00079"|""|"2013-14"
13|"Accommodation"|"Boarding | Click School Factsheet link for more details: http://www.academic-asia.com/web/School/FactSheet/Warwick_factsheet.pdf"|"20201230171300"|"AA00079"|""|"2013-14"
570|"Accommodation"|"Boarding | Click School Factsheet link for more details: http://www.academic-asia.com/web/School/FactSheet/Warminster_factsheet.pdf"|"20201230171245"|"AA00079"|""|"2013-14"
22|"Accommodation"|"Boarding | Click School Factsheet link for more details: http://www.academic-asia.com/web/School/FactSheet/Uppingham_factsheet.pdf"|"20201230171229"|"AA00079"|""|"2013-14"
533|"Accommodation"|"Boarding | Click School Factsheet link for more details: http://www.academic-asia.com/web/School/FactSheet/Kings_Canterbury_factsheet.pdf"|"20201230164930"|"AA00079"|""|"2013-14"
524|"Accommodation"|"Boarding | Click School Factsheet link for more details: http://www.academic-asia.com/web/School/FactSheet/Taunton_factsheet.pdf"|"20201230171120"|"AA00079"|""|"2013-14"
511|"Accommodation"|"Boarding | Click School Factsheet link for more details: http://www.academic-asia.com/web/School/FactSheet/Strathallan_factsheet.pdf"|"20201230171018"|"AA00079"|""|"2013-14"
549|"Accommodation"|"Boarding from Sep 2019 | Click School Factsheet link for more details: http://www.academic-asia.com/web/School/FactSheet/StephenPerse_factsheet.pdf"|"20201230170937"|"AA00079"|""|"2019-20"
460|"Accommodation"|"Boarding | Click School Factsheet link for more details: http://www.academic-asia.com/web/School/FactSheet/StLeonards_factsheet.pdf"|"20240406181626"|"AA00078"|""|"2013-14"
483|"Accommodation"|"Boarding | Click School Factsheet link for more details: http://www.academic-asia.com/web/School/FactSheet/StGeorge_factsheet.pdf"|"20201230170523"|"AA00079"|""|"2013-14"
455|"Accommodation"|"Boarding | Click School Factsheet link for more details: http://www.academic-asia.com/web/School/FactSheet/StFrancis_factsheet.pdf"|"20201230170511"|"AA00079"|""|"2013-14"
11|"Accommodation"|"Boarding | Click School Factsheet link for more details: http://www.academic-asia.com/web/School/FactSheet/Shrewsbury_factsheet.pdf"|"20201230170356"|"AA00079"|""|"2013-14"
430|"Accommodation"|"Boarding | Click School Factsheet link for more details: http://www.academic-asia.com/web/School/FactSheet/Sedbergh_factsheet.pdf"|"20230304111909"|"AA00079"|""|"2013-14"
384|"Accommodation"|"Boarding | Click School Factsheet link for more details: http://www.academic-asia.com/web/School/FactSheet/Radley_factsheet.pdf"|"20201230165813"|"AA00079"|""|"2013-14"
373|"Accommodation"|"Boarding | Click School Factsheet link for more details: http://www.academic-asia.com/web/School/FactSheet/QueenAnnes_factsheet.pdf"|"20221105144816"|"AA00079"|""|"2013-14"
367|"Accommodation"|"Boarding | Click School Factsheet link for more details: http://www.academic-asia.com/web/School/FactSheet/PriorPark_factsheet.pdf"|"20240406175745"|"AA00078"|""|"2024-25"
362|"Accommodation"|"Boarding | Click School Factsheet link for more details: http://www.academic-asia.com/web/School/FactSheet/Plymouth_factsheet.pdf"|"20201230165647"|"AA00079"|""|"2013-14"
351|"Accommodation"|"Boarding | Click School Factsheet link for more details: http://www.academic-asia.com/web/School/FactSheet/Padworth_factsheet.pdf"|"20240406181435"|"AA00078"|""|"2013-14"
344|"Accommodation"|"Boarding | Click School Factsheet link for more details: http://www.academic-asia.com/web/School/FactSheet/Oswestry_factsheet.pdf"|"20201230165611"|"AA00079"|""|"2013-14"
337|"Accommodation"|"Boarding | Click School Factsheet link for more details: http://www.academic-asia.com/web/School/FactSheet/Oakham_factsheet.pdf"|"20240406175545"|"AA00078"|""|"2024-25"
30010|"Accommodation"|"Host Family | Click School Factsheet link for more details: http://www.academic-asia.com/web/School/FactSheet/Norwich_factsheet.pdf"|"20210104125735"|"AA00011"|""|"2020-21"
313|"Accommodation"|"Boarding | Click School Factsheet link for more details: http://www.academic-asia.com/web/School/FactSheet/MerchistonCastle_factsheet.pdf"|"20230304110810"|"AA00079"|""|"2013-14"
9|"Accommodation"|"Boarding | Click School Factsheet link for more details: http://www.academic-asia.com/web/School/FactSheet/Lancing_factsheet.pdf"|"20201230165136"|"AA00079"|""|"2013-14"
274|"Accommodation"|"Boarding | Click School Factsheet link for more details: http://www.academic-asia.com/web/School/FactSheet/Kingswood_factsheet.pdf"|"20211023163513"|"AA00079"|""|"2013-14"
271|"Accommodation"|"Boarding | Click School Factsheet link for more details: http://www.academic-asia.com/web/School/FactSheet/KingsleyDevon_factsheet.pdf"|"20240406181328"|"AA00078"|""|"2013-14"
265|"Accommodation"|"Boarding | Click School Factsheet link for more details: http://www.academic-asia.com/web/School/FactSheet/KingsEly_factsheet.pdf"|"20201230164907"|"AA00079"|""|"2013-14"
30056|"Accommodation"|"Day School | Click School Factsheet link for more details: http://www.academic-asia.com/web/School/FactSheet/KingsHighWarwick_factsheet.pdf"|"20210104125705"|"AA00011"|""|"2020-21"
258|"Accommodation"|"Boarding | Click School Factsheet link for more details: http://www.academic-asia.com/web/School/FactSheet/KingEdwards_factsheet.pdf"|"20201230164701"|"AA00079"|""|"2013-14"
257|"Accommodation"|"Boarding | Click School Factsheet link for more details: http://www.academic-asia.com/web/School/FactSheet/Kimbolton_factsheet.pdf"|"20201230164642"|"AA00079"|""|"2013-14"
532|"Accommodation"|"Boarding | Click School Factsheet link for more details: http://www.academic-asia.com/web/School/FactSheet/TheJuniorKings_factsheet.pdf"|"20201230164541"|"AA00079"|""|"2013-14"
6|"Accommodation"|"Boarding | Click School Factsheet link for more details: http://www.academic-asia.com/web/School/FactSheet/Harrow_factsheet.pdf"|"20201230164245"|"AA00079"|""|"2013-14"
6|"Accommodation"|"Boarding | Click School Factsheet link for more details: http://www.academic-asia.com/School/FactSheet/harrow_school.pdf"|"20240518112134"|"AA00078"|""|"2013-14"
30203|"Accommodation"|"Boarding | Click School Factsheet link for more details: http://www.academic-asia.com/web/School/FactSheet/Monmouth_factsheet.pdf"|"20240406175405"|"AA00078"|""|"2024-25"
30198|"Accommodation"|"Boarding | Click School Factsheet link for more details: http://www.academic-asia.com/web/School/FactSheet/DavidGame_factsheet.pdf"|"20240406181132"|"AA00078"|""|"2024-25"
30201|"Accommodation"|"Boarding | Click School Factsheet link for more details: http://www.academic-asia.com/web/School/FactSheet/Cranleigh_factsheet.pdf"|"20240406171935"|"AA00078"|""|"2024-25"
124|"Accommodation"|"Boarding | Click School Factsheet link for more details: http://www.academic-asia.com/web/School/FactSheet/Clayesmore_factsheet.pdf"|"20240406180936"|"AA00078"|""|"2013-14"
655|"Accommodation"|"Boarding | Click School Factsheet link for more details: http://www.academic-asia.com/web/School/FactSheet/ChristsHospital_factsheet.pdf"|"20201230163139"|"AA00079"|""|"2013-14"
4|"Accommodation"|"Boarding | Click School Factsheet link for more details: http://www.academic-asia.com/web/School/FactSheet/Charterhouse_factsheet.pdf"|"20201230163036"|"AA00079"|""|"2013-14"
30162|"Accommodation"|"http://www.academic-asia.com/School/FactSheet/cats_cambridge.pdf"|"20240518113002"|"AA00078"|""|"2024-25"
103|"Accommodation"|"Boarding | Click School Factsheet link for more details: http://www.academic-asia.com/web/School/FactSheet/Caterham_factsheet.pdf"|"20201230162958"|"AA00079"|""|"2013-14"
21|"Accommodation"|"Boarding | Click School Factsheet link for more details: http://www.academic-asia.com/web/School/FactSheet/Brighton_factsheet.pdf"|"20201230162329"|"AA00079"|""|"2013-14"
62|"Accommodation"|"Boarding | Click School Factsheet link for more details: http://www.academic-asia.com/web/School/FactSheet/Bishopstrow_factsheet.pdf"|"20240406180721"|"AA00078"|""|"2013-14"
2|"Accommodation"|"Boarding | Click School Factsheet link for more details: http://www.academic-asia.com/web/School/FactSheet/Badminton_factsheet.pdf"|"20201230161855"|"AA00079"|""|"2013-14"
41|"Accommodation"|"Boarding | Click School Factsheet link for more details: http://www.academic-asia.com/web/School/FactSheet/Ashville_factsheet.pdf"|"20201230161753"|"AA00079"|""|"2013-14"
40|"Accommodation"|"Boarding | Click School Factsheet link for more details: http://www.academic-asia.com/web/School/FactSheet/Ashford_factsheet.pdf"|"20201230161639"|"AA00079"|""|"2013-14"
36|"Accommodation"|"Boarding | Click School Factsheet link for more details: http://www.academic-asia.com/web/School/FactSheet/Ardingly_factsheet.pdf"|"20201230161614"|"AA00079"|""|"2013-14"
1|"Accommodation"|"Boarding | Click School Factsheet link for more details: http://www.academic-asia.com/web/School/FactSheet/Abingdon_factsheet.pdf"|"20201230153312"|"AA00079"|""|"2013-14"
12|"Accommodation"|"Boarding | Click School Factsheet link for more details: http://www.academic-asia.com/web/School/FactSheet/Tonbridge_factsheet.pdf"|"20201230171150"|"AA00079"|""|"2013-14"
552|"Accommodation"|"Boarding | Click School Factsheet link for more details: http://www.academic-asia.com/web/School/FactSheet/Thornton_factsheet.pdf"|"20240406181828"|"AA00078"|""|"2013-14"
545|"Accommodation"|"Boarding | Click School Factsheet link for more details: http://www.academic-asia.com/web/School/FactSheet/RMS_factsheet.pdf"|"20201230170011"|"AA00079"|""|"2013-14"
518|"Accommodation"|"Boarding | Click School Factsheet link for more details: http://www.academic-asia.com/web/School/FactSheet/SuttonValence_factsheet.pdf"|"20201230171105"|"AA00079"|""|"2013-14"
508|"Accommodation"|"Boarding | Click School Factsheet link for more details: http://www.academic-asia.com/web/School/FactSheet/Stonyhurst_factsheet.pdf"|"20201230171006"|"AA00079"|""|"2013-14"
504|"Accommodation"|"Boarding | Click School Factsheet link for more details: http://www.academic-asia.com/web/School/FactSheet/Stamford_factsheet.pdf"|"20201230170911"|"AA00079"|""|"2013-14"
500|"Accommodation"|"Boarding | Click School Factsheet link for more details: http://www.academic-asia.com/web/School/FactSheet/StSwithuns_factsheet.pdf"|"20220920134227"|"AA00079"|""|"2013-14"
631|"Accommodation"|"Boarding | Click School Factsheet link for more details: http://www.academic-asia.com/web/School/FactSheet/StMichaels_factsheet.pdf"|"20240406181708"|"AA00078"|""|"2013-14"
413|"Accommodation"|"Boarding | Click School Factsheet link for more details: http://www.academic-asia.com/web/School/FactSheet/RoyalRussell_factsheet.pdf"|"20201230170026"|"AA00079"|""|"2013-14"
544|"Accommodation"|"Boarding | Click School Factsheet link for more details: http://www.academic-asia.com/web/School/FactSheet/TheRoyalHighBath_factsheet.pdf"|"20240415170412"|"AA00078"|""|"2013-14"
389|"Accommodation"|"Boarding | Click School Factsheet link for more details: http://www.academic-asia.com/web/School/FactSheet/Ratcliffe_factsheet.pdf"|"20201230165828"|"AA00079"|""|"2013-14"
259|"Accommodation"|"Boarding | Click School Factsheet link for more details: http://www.academic-asia.com/web/School/FactSheet/KingWilliams_factsheet.pdf"|"20201230164718"|"AA00079"|""|"2013-14"
7|"Accommodation"|"Boarding | Click School Factsheet link for more details: http://www.academic-asia.com/web/School/FactSheet/Headington_factsheet.pdf"|"20201230164323"|"AA00079"|""|"2013-14"
17|"Accommodation"|"2022-23: Boarding for 6th form only: 1 boys house and 1 co-ed house

Boarding | Click School Factsheet link for more details: http://www.academic-asia.com/web/School/FactSheet/ColchesterRoyal_factsheet.pdf"|"20221105150306"|"AA00007"|""|"2022-23"
101|"Accommodation"|"Boarding | Click School Factsheet link for more details: http://www.academic-asia.com/web/School/FactSheet/CardiffSixth_factsheet.pdf"|"20201230162546"|"AA00079"|""|"2013-14"
85|"Accommodation"|"Boarding | Click School Factsheet link for more details: http://www.academic-asia.com/web/School/FactSheet/Bryanston_factsheet.pdf"|"20201230162451"|"AA00079"|""|"2013-14"
3|"Accommodation"|"Boarding | Click School Factsheet link for more details: http://www.academic-asia.com/web/School/FactSheet/Bromsgrove_factsheet.pdf"|"20201230162400"|"AA00079"|""|"2013-14"
50|"Accommodation"|"Boarding | Click School Factsheet link for more details: http://www.academic-asia.com/web/School/FactSheet/Bedford_factsheet.pdf"|"20201230161957"|"AA00079"|""|"2013-14"
450|"Accommodation"|"Boarding | Click School Factsheet link for more details: http://www.academic-asia.com/web/School/FactSheet/Bedes_factsheet.pdf"|"20201230161933"|"AA00079"|""|"2013-14"
472|"Accommodation"|"Boarding | Click School Factsheet link for more details: http://www.academic-asia.com/web/School/FactSheet/Bedes_factsheet.pdf"|"20201230161923"|"AA00079"|""|"2013-14"
21|"Online form link"|"20230328:

https://www.brightoncollege.org.uk/admissions/registration-academic-asia-16plus/
https://www.brightoncollege.org.uk/admissions/registration-academic-asia-14plus/
https://www.brightoncollege.org.uk/admissions/registration-academic-asia-13plus/
https://www.brightoncollege.org.uk/admissions/registration-academic-asia-12plus/
https://www.brightoncollege.org.uk/admissions/registration-academic-asia-11plus/"|"20230328163134"|"AA00078"|""|"2024-25"
21|"Online form link"|"20240521:

https://www.brightoncollege.org.uk/admissions/registration-academic-asia-16plus/
https://www.brightoncollege.org.uk/admissions/registration-academic-asia-14plus/
https://www.brightoncollege.org.uk/admissions/registration-academic-asia-13plus/
https://www.brightoncollege.org.uk/admissions/registration-academic-asia-12plus/
https://www.brightoncollege.org.uk/admissions/registration-academic-asia-11plus/"|"20240521173712"|"AA00078"|""|"2025-26"
413|"Online form link"|"20231013: https://linkscan.io/scan/ux/aHR0cHM6Ly93d3cucm95YWxydXNzZWxsLmNvLnVrL2FkbWlzc2lvbnMvd2VsY29tZS9hcHBseW5vdw==/4843A1F4C8BF7436E4048E178945C7854F14CB2CB81255F194CB03567762986B?c=1&i=1&docs=1"|"20231013102217"|"AA00078"|""|"2024-25"
687|"Online Application Form"|"20240716: https://www.whitgift.co.uk/admissions/welcome-to-admissions"|"20240716153219"|"AA00078"|""|"2025-26"
687|"Online Application Links"|"20240716: https://www.whitgift.co.uk/admissions/welcome-to-admissions"|"20240716153332"|"AA00078"|""|"2025-26"
611|"Sixth form rooms"|"20240820: 99.9% of the rooms are single rooms in Years 12 and 13. We have just two rooms where a boarder will share a room with a day pupil.  In almost all cases these rooms are taken by friends who know each other well and actively choose to share.
The  pupils have joined in Year 9, formed great friendships and therefore are happy to share. 

We would not force a new pupil joining the Sixth Form to share a room with someone that they did now know."|"20240820104205"|"AA00078"|""|"2024-25"
500|"ISEB"|"20240906: Once the student is registered with the ISEB please complete and submit this form: 

https://www.cognitoforms.com/stswithunsschool1/year9entry2025whatweneednowos"|"20240906145320"|"AA00078"|""|"2024-25"
