"topschool_id"|"school_id"|"applyyear"|"entranceexamdate"|"confirmed"|"applicationdeadline"|"lastupdate"|"staffid"|"remarks"
4|1|"Year 9"|"20121110"|"Y"|"20120706"|""|""|""
4|1|"Year 10"|"20121110"|"Y"|"20120706"|""|""|""
4|1|"Year 12"|"20121110"|"Y"|"20120706"|""|""|""
4|21|"Year 10"|"20121021"|"Y"|"20120706"|""|""|""
4|21|"Year 9"|"20121021"|"Y"|"20120706"|""|""|""
4|21|"Year 12"|"20121021"|"Y"|"20120706"|""|""|""
4|3|"Year 7"|"20121007"|"Y"|"20120706"|""|""|""
4|3|"Year 8"|"20121007"|"Y"|"20120706"|""|""|""
4|3|"Year 9"|"20121007"|"Y"|"20120706"|""|""|""
4|3|"Year 10"|"20121007"|"Y"|"20120706"|""|""|""
4|3|"Year 12"|"20121007"|"Y"|"20120706"|""|""|""
4|4|"Year 9"|"20121118"|"Y"|"20120706"|""|""|""
4|4|"Year 10"|"20121118"|"Y"|"20120706"|""|""|""
4|4|"Year 12"|"20121111"|"Y"|"20120706"|""|""|""
4|16|"Year 9"|"20121104"|"Y"|"20120706"|""|""|""
4|16|"Year 10"|"20121104"|"Y"|"20120706"|""|""|""
4|16|"Year 12"|"20121104"|"Y"|"20120706"|""|""|""
4|6|"Year 9"|"20120929"|"Y"|"20120706"|""|""|""
4|6|"Year 10"|"20120929"|"Y"|"20120706"|""|""|""
4|6|"Year 12"|"20120929"|"Y"|"20120706"|""|""|""
4|7|"Year 8"|"20130106"|"Y"|"20120706"|""|""|""
4|7|"Year 9"|"20130106"|"Y"|"20120706"|""|""|""
4|7|"Year 7"|"20121118"|"Y"|"20120706"|""|""|""
4|7|"Year 10"|"20121118"|"Y"|"20120706"|""|""|""
4|7|"Year 12"|"20121104"|"Y"|"20120706"|""|""|""
4|533|"Year 9"|"20130119"|"Y"|"20120706"|""|""|""
4|533|"Year 10"|"20130119"|"Y"|"20120706"|""|""|""
4|533|"Year 12"|"20121103"|"Y"|"20120706"|""|""|""
4|9|"Year 9"|"20121013"|"Y"|"20120706"|""|""|""
4|9|"Year 10"|"20121013"|"Y"|"20120706"|""|""|""
4|11|"Year 9"|"20121118"|"Y"|"20120706"|""|""|""
4|11|"Year 10"|"20121118"|"Y"|"20120706"|""|""|""
4|11|"Year 12"|"20121118"|"Y"|"20120706"|""|""|""
4|12|"Year 9"|"20121110"|"Y"|"20120706"|""|""|""
4|12|"Year 10"|"20121110"|"Y"|"20120706"|""|""|""
4|12|"Year 12"|"20121110"|"Y"|"20120706"|""|""|""
4|22|"Year 9"|"20121104"|"Y"|"20120706"|""|""|""
4|22|"Year 10"|"20121104"|"Y"|"20120706"|""|""|""
4|22|"Year 12"|"20121104"|"Y"|"20120706"|""|""|""
4|13|"Year 9"|"20121014"|"Y"|"20120706"|""|""|""
4|13|"Year 10"|"20121014"|"Y"|"20120706"|""|""|""
4|13|"Year 12"|"20121014"|"Y"|"20120706"|""|""|""
4|9|"Year 12"|"20121013"|"Y"|"20120706"|""|"AA00007"|"Y12 applicants need to take IELTS and score 5.5"
4|3|"Year 11"|"20121007"|"Y"|""|""|""|""
5|4|"Year 10"|"20121118"|"Y"|"20121005"|""|"AA00003"|""
5|4|"Year 9"|"20121118"|"Y"|"20121005"|""|"AA00003"|""
5|4|"Year 12"|"20121111"|"Y"|"20121005"|""|"AA00003"|""
6|2|"Year 8"|"20140111"|"Y"|"20131122"|""|"AA00003"|""
6|2|"Year 10"|"20140104"|"Y"|"20131122"|""|"AA00003"|""
6|21|"Year 9"|"20131020"|"Y"|"20131009"|""|"AA00003"|""
6|21|"Year 10"|"20131020"|"Y"|"20131009"|""|"AA00003"|""
6|21|"Year 12"|"20131020"|"Y"|"20131009"|""|"AA00003"|""
6|11|"Year 12"|"20131117"|"Y"|"20131014"|"allow late application beyond deadline"|""|"* Please find attached the below documents to facilitate your application:
1. Academic Application Form
2. Personal Statement
3. Sixth Form Entrance Notes On Assessment
4. Art Scholarship Application Form
5. Drama Scholarship Application Form
6. Sport Scholarship Application Form

Please complete the below form and return to Academic Asia with the Reg Form and Fee. 
1. Academic Application Form
2. Personal Statement Exam Form 

If you are interested in applying for Art, Drama and Sports Scholarship, please complete the form and return to Academic Asia. Please note that student is required to fly to the UK for the assessment."
6|3|"Year 11"|"20131006"|"Y"|"20131002"|""|"AA00003"|""
7|11|"Year 10"|"20141116"|"Y"|"20141010"|""|""|"* Please also complete the Exam Form attached"
6|11|"Year 10"|"20131117"|"Y"|"20131012"|"allow late application beyond deadline"|"AA00007"|"* Please also complete the Exam Form attached"
6|11|"Year 9"|"20131117"|"Y"|"20131012"|"allow late application beyond deadline"|"AA00007"|"* Please also complete the Exam Form attached"
6|6|"Year 9"|"20130929"|"Y"|""|""|"AA00003"|""
6|6|"Year 12"|"20130929"|"Y"|""|""|"AA00003"|""
6|4|"Year 10"|"20131117"|"Y"|"20131004"|""|""|"* Please find attached the Math & Science syllabi for your reference."
6|4|"Year 12"|"20131110"|"Y"|"20131004"|""|""|"* Enclosed please find the Art Scholarship Note and Entry Form, if you are interested in applying for art scholarship, please complete the Art Scholarship Entry Form and return to Academic Asia with the Reg Form and Fee."
6|12|"Year 12"|"20131109"|"Y"|"20131012"|""|"AA00007"|"* Please complete the Sixth Form Questionnaire attached.
* Photo is needed to complete the Questionnaire."
6|533|"Year 7"|"20140111"|"Y"|"20140103"|""|"AA00007"|""
6|533|"Year 8"|"20140111"|"Y"|"20140103"|""|"AA00007"|""
10|4|"Year 10"|"20131117"|"Y"|"20131004"|""|""|"* Please find attached the Math & Science syllabi for your reference."
6|16|"Year 10"|"20131103"|"Y"|"20131012"|""|"AA00040"|""
6|16|"Year 12"|"20131103"|"Y"|"20131012"|""|"AA00040"|""
6|16|"Year 9"|"20131103"|"Y"|"20131012"|""|"AA00040"|""
6|9|"Year 9"|"20131012"|"Y"|"20131002"|""|"AA00040"|""
6|9|"Year 10"|"20131012"|"Y"|"20131002"|""|"AA00040"|""
6|12|"Year 10"|"20131109"|"Y"|"20131012"|""|"AA00040"|""
6|12|"Year 9"|"20131109"|"Y"|"20131012"|""|"AA00040"|""
6|1|"Year 10"|"20131109"|"Y"|"20131011"|""|"AA00039"|""
6|533|"Year 12"|"20131109"|"Y"|"20131007"|""|""|"* Student will need to complete an Online Application Form after registration is made. The link will be sent later."
6|13|"Year 12"|"20131013"|"Y"|"20131002"|""|"AA00040"|""
6|1|"Year 12"|"20131109"|"Y"|"20131011"|""|"AA00007"|"*Complete the attached Subjects Choices Form and return to Academic Asia with the Reg Form and Fee."
6|2|"Year 12"|"20131019"|"Y"|"20131005"|"application form & fee arrive school by 11 Oct 2013"|""|"* Please complete the Additional Form for Sixth Form application.
* If you are interested in applying for scholarship, please complete the scholarship application form. Please note that your child will need to fly to the UK for scholarship application except Academic Scholarship Application. Academic Scholarship paper will be sent to Academic Asia for invigilation."
6|3|"Year 10"|"20131006"|"Y"|"20131002"|""|"AA00040"|""
6|3|"Year 12"|"20131006"|"Y"|"20131002"|""|"AA00040"|""
6|3|"Year 7"|"20131006"|"Y"|"20131002"|""|"AA00040"|""
6|3|"Year 8"|"20131006"|"Y"|"20131002"|""|"AA00040"|""
6|3|"Year 9"|"20131006"|"Y"|"20131002"|""|"AA00040"|""
6|22|"Year 9"|"20131103"|"Y"|"20131004"|""|""|"* If you are interested in applying for scholarship, please complete the scholarship application form. Please note that your child will need to fly to the UK for scholarship application."
6|22|"Year 12"|"20131103"|"Y"|"20131004"|""|""|"* If you are interested in applying for scholarship, please complete the scholarship application form. Please note that your child will need to fly to the UK for scholarship application."
6|9|"Year 12"|"20131012"|"Y"|"20131002"|""|"AA00040"|""
6|533|"Year 9"|"20131109"|"Y"|"20131007"|""|"AA00007"|"* Please also complete the Special Entrance Y9 Application Form.
* Photo is needed to complete the form."
6|13|"Year 10"|"20131013"|"Y"|"20131002"|""|"AA00040"|""
6|13|"Year 7"|"20131013"|"Y"|"20131002"|""|"AA00040"|""
6|13|"Year 8"|"20131013"|"Y"|"20131002"|""|"AA00040"|""
6|13|"Year 9"|"20131013"|"Y"|"20131002"|""|"AA00040"|""
6|1|"Year 9"|"20131109"|"Y"|"20131011"|""|"AA00039"|""
6|22|"Year 10"|"20131103"|"Y"|"20131004"|""|"AA00039"|""
6|533|"Year 10"|"20131109"|"Y"|"20131007"|""|"AA00007"|"* Please also complete the Special Entrance Y10 Application Form.
* Photo is needed to complete the form."
6|7|"Year 12"|"20131103"|"Y"|"20131004"|""|""|"* Please find attached the below documents to facilitate your application:
1. Exam Form
2. Academic Scholarship Application Form
3. Sixth Form Booklet_AL
4. Sixth Form Booklet_IB
5. Sixth Form Guide to Courses
Please complete the Exam Form and return to Academic Asia with the Reg Form and Fee. Academic Scholarship Application Form is optional."
6|7|"Year 10"|"20140112"|"Y"|"20131004"|""|""|"* Please complete the Exam Form and return to Academic Asia with the Reg Form and Fee."
6|7|"Year 7"|"20131124"|"Y"|"20131114"|""|""|"* To complete the application, you are required to complete the Exam Form as well as the Reg Form, however, the Exam Form for Y7 is not available as at today. We expect it will be ready around 19 Oct 2013. Once it is ready, we will upload to the web for you to download, please login again to download the form nearer the time. Thank you."
19|1|"Year 9"|"20201017"|"Y"|"20201005"|"Y9 Sep2022"|"AA00007"|""
6|7|"Year 8"|"20140112"|"Y"|"20131121"|""|""|"* To complete the application, you are required to complete the Exam Form as well as the Reg Form, however, the Exam Form for Y8 is not available as at today. We expect it will be ready around 19 Oct 2013. Once it is ready, we will upload to the web for you to download, please login again to download the form nearer the time. Thank you."
6|2|"Year 9"|"20140104"|"Y"|"20131122"|""|""|"* If you are interested in applying for scholarship, please complete the scholarship application form. Please note that your child will need to fly to the UK for scholarship application except Academic Scholarship Application. Academic Scholarship paper will be sent to Academic Asia for invigilation."
6|7|"Year 9"|"20140112"|"Y"|"20131121"|""|""|"* To complete the application, you are required to complete the Exam Form as well as the Reg Form, however, the Exam Form for Y9 is not available as at today. We expect it will be ready around 19 Oct 2013. Once it is ready, we will upload to the web for you to download, please login again to download the form nearer the time. Thank you."
7|11|"Year 12"|"20141116"|"Y"|"20141010"|""|""|"* Please find attached the below documents to facilitate your application:
1. Academic Application Form
2. Personal Statement
3. Sixth Form Entrance Notes On Assessment
4. Art Scholarship Application Form
5. Drama Scholarship Application Form
6. Sport Scholarship Application Form

Please complete the below form and return to Academic Asia with the Reg Form and Fee. 
1. Academic Application Form
2. Personal Statement Exam Form 

If you are interested in applying for Art, Drama and Sports Scholarship, please complete the form and return to Academic Asia. Please note that student is required to fly to the UK for the assessment."
10|4|"Year 12"|"20131110"|"Y"|"20131004"|""|""|"* Enclosed please find the Art Scholarship Note and Entry Form, if you are interested in applying for art scholarship, please complete the Art Scholarship Entry Form and return to Academic Asia with the Reg Form and Fee."
6|4|"Year 9"|"20131117"|"Y"|"20131004"|""|""|"* Please find attached the Math & Science syllabi for your reference.
* Enclosed please find the Art Scholarship Note and Entry Form, if you are interested in applying for art scholarship, please complete the Art Scholarship Entry Form and return to Academic Asia with the Reg Form and Fee."
7|7|"Year 10"|"20150118"|"Y"|"20141120"|""|"30012"|"* Please complete the Exam Form and return to Academic Asia with the Reg Form and Fee."
8|21|"Year 12"|"20151018"|"Y"|"20151008"|""|"AA00007"|""
10|4|"Year 9"|"20131117"|"Y"|"20131004"|""|""|"* Please find attached the Math & Science syllabi for your reference.
* Enclosed please find the Art Scholarship Note and Entry Form, if you are interested in applying for art scholarship, please complete the Art Scholarship Entry Form and return to Academic Asia with the Reg Form and Fee."
7|21|"Year 10"|"20141019"|"Y"|"20141009"|""|"AA00003"|""
7|21|"Year 12"|"20141019"|"Y"|"20141009"|""|"AA00003"|""
7|21|"Year 9"|"20141019"|"Y"|"20141009"|""|"AA00003"|""
7|1|"Year 12"|"20141108"|"Y"|"20141010"|""|""|"Y12 Subject choice Form will be available online later. We will send you the link when we receive it."
7|1|"Year 10"|"20141108"|"Y"|"20141010"|""|""|""
7|7|"Year 7"|"20141130"|"Y"|"20141114"|""|""|"* To complete the application, you are required to complete the Exam Form as well as the Reg Form, however, the Exam Form for Y7 is not available as at today. We expect it will be ready around end of Oct 2014. Once it is ready, we will upload to the web for you to download, please login again to download the form nearer the time. Thank you."
7|7|"Year 9"|"20150118"|"Y"|"20141120"|""|""|"* To complete the application, you are required to complete the Exam Form as well as the Reg Form, however, the Exam Form for Y9 is not available as at today. We expect it will be ready around end of Oct 2014. Once it is ready, we will upload to the web for you to download, please login again to download the form nearer the time. Thank you."
7|22|"Year 10"|"20141102"|"Y"|"20141007"|"Online application form is available in September."|""|""
7|22|"Year 12"|"20141102"|"Y"|"20141007"|"Online application form is available in September."|""|"* If you are interested in applying for scholarship, please complete the scholarship application form. Please note that your child will need to fly to the UK for scholarship application."
7|22|"Year 9"|"20141102"|"Y"|"20141007"|"Online application form is available in September."|""|"* If you are interested in applying for scholarship, please complete the scholarship application form. Please note that your child will need to fly to the UK for scholarship application."
7|13|"Year 10"|"20141012"|"Y"|"20141006"|""|""|""
7|3|"Year 7"|"20141005"|"Y"|"20141003"|""|"AA00003"|""
7|3|"Year 8"|"20141005"|"Y"|"20141003"|""|"AA00003"|""
7|3|"Year 9"|"20141005"|"Y"|"20141003"|""|"AA00003"|""
7|3|"Year 10"|"20141005"|"Y"|"20141003"|""|"AA00003"|""
7|3|"Year 12"|"20141005"|"Y"|"20141003"|""|"AA00003"|""
7|13|"Year 12"|"20141012"|"Y"|"20141006"|""|""|""
7|13|"Year 7"|"20141012"|"Y"|"20141006"|""|""|""
7|13|"Year 8"|"20141012"|"Y"|"20141006"|""|""|""
7|6|"Year 9"|"20141005"|"Y"|""|""|"AA00003"|""
7|6|"Year 12"|"20141005"|"Y"|""|""|"AA00003"|""
7|13|"Year 9"|"20141012"|"Y"|"20141006"|""|""|""
7|533|"Year 8"|"20150110"|"Y"|"20141129"|""|""|""
7|533|"Year 7"|"20150110"|"Y"|"20141129"|""|""|""
7|12|"Year 9"|"20141108"|"Y"|"20141009"|""|"AA00003"|""
7|12|"Year 10"|"20141108"|"Y"|"20141009"|""|"AA00003"|""
7|11|"Year 9"|"20141116"|"Y"|"20141010"|""|""|"* Please also complete the Exam Form attached"
12|4|"Year 10"|"20141116"|"Y"|"20141007"|""|""|""
12|4|"Year 12"|"20141109"|"Y"|"20141007"|""|""|"* Enclosed please find the Art Scholarship Note and Entry Form, if you are interested in applying for art scholarship, please complete the Art Scholarship Entry Form and return to Academic Asia with the Reg Form and Fee.
* Please also find the notes for overseas students for your perusal."
12|4|"Year 9"|"20141116"|"Y"|"20141007"|""|""|"* Enclosed please find the Art Scholarship Note and Entry Form, if you are interested in applying for art scholarship, please complete the Art Scholarship Entry Form and return to Academic Asia with the Reg Form and Fee."
11|4|"Year 10"|"20141116"|"Y"|"20141007"|"."|""|""
11|4|"Year 12"|"20141109"|"Y"|"20141007"|""|""|"* Enclosed please find the Art Scholarship Note and Entry Form, if you are interested in applying for art scholarship, please complete the Art Scholarship Entry Form and return to Academic Asia with the Reg Form and Fee.
* Please also find the notes for overseas students for your perusal."
7|2|"Year 12"|"20141108"|"Y"|"20141010"|"Scholarship application deadlines are the same as the registration deadlines."|"AA00003"|"* Please complete the Additional Form for Sixth Form application.
* If you are interested in applying for scholarship, please complete the scholarship application form. Please note that your child will need to fly to the UK for scholarship application except Academic Scholarship Application. Academic Scholarship paper will be sent to Academic Asia for invigilation."
11|4|"Year 9"|"20141116"|"Y"|"20141007"|""|""|"* Enclosed please find the Art Scholarship Note and Entry Form, if you are interested in applying for art scholarship, please complete the Art Scholarship Entry Form and return to Academic Asia with the Reg Form and Fee."
7|533|"Year 10"|"20150117"|"Y"|"20150109"|""|""|"* Photo is needed to complete the form."
7|533|"Year 9"|"20150117"|"Y"|"20150109"|""|""|"* If you would like to apply for Art Scholarship, please complete the form and return with the reg form and fee to Academic Asia, please note that you will have to fly to the UK to attend the Art Scholarship assessment. 
* Photo is needed to complete the form."
7|533|"Year 12"|"20141108"|"Y"|"20141006"|""|""|"* Student will need to complete an Online Application Form regarding subject choice after registration is made. The link will be sent later."
7|1|"Year 9"|"20141108"|"Y"|"20141010"|""|"30012"|""
7|7|"Year 8"|"20150118"|"Y"|"20141120"|""|"30012"|"* Please complete the Exam Form and return to Academic Asia with the Reg Form and Fee."
7|2|"Year 7"|"20150117"|"Y"|"20141128"|"Scholarship application deadlines are the same as the registration deadlines."|"AA00003"|"* If you are interested in applying for scholarship, please complete the scholarship application form. Please note that your child will need to fly to the UK for scholarship application except Academic Scholarship Application. Academic Scholarship paper will be sent to Academic Asia for invigilation."
7|2|"Year 10"|"20150110"|"Y"|"20141128"|"Scholarship application deadlines are the same as the registration deadlines."|"AA00003"|""
7|9|"Year 10"|"20141011"|"Y"|"20141007"|""|""|""
7|9|"Year 12"|"20141011"|"Y"|"20141007"|""|""|""
7|9|"Year 9"|"20141011"|"Y"|"20141007"|""|""|""
7|4|"Year 10"|"20141116"|"Y"|"20141007"|""|""|""
7|4|"Year 12"|"20141109"|"Y"|"20141007"|""|""|"* Enclosed please find the Art Scholarship Note and Entry Form, if you are interested in applying for art scholarship, please complete the Art Scholarship Entry Form and return to Academic Asia with the Reg Form and Fee.
* Please also find the notes for overseas students for your perusal."
7|4|"Year 9"|"20141116"|"Y"|"20141007"|""|""|"* Enclosed please find the Art Scholarship Note and Entry Form, if you are interested in applying for art scholarship, please complete the Art Scholarship Entry Form and return to Academic Asia with the Reg Form and Fee."
8|13|"Year 7"|"20151011"|"Y"|"20151005"|""|"AA00007"|""
7|12|"Year 12"|"20141108"|"Y"|"20141009"|""|"AA00003"|"* Please complete the Sixth Form Questionnaire attached.
* Photo is needed to complete the Questionnaire."
8|13|"Year 8"|"20151011"|"Y"|"20151005"|""|"AA00007"|""
6|2|"Year 7"|"20140111"|"Y"|"20131122"|"Scholarship application deadlines are the same as the registration deadlines."|"AA00003"|"* If you are interested in applying for scholarship, please complete the scholarship application form. Please note that your child will need to fly to the UK for scholarship application except Academic Scholarship Application. Academic Scholarship paper will be sent to Academic Asia for invigilation."
9|3|"Year 7"|"20161002"|"Y"|"20160930"|""|"AA00062"|""
7|2|"Year 8"|"20150117"|"Y"|"20141128"|"Scholarship application deadlines are the same as the registration deadlines."|"AA00003"|""
7|2|"Year 9"|"20150110"|"Y"|"20141128"|"Scholarship application deadlines are the same as the registration deadlines."|"AA00003"|"* If you are interested in applying for scholarship, please complete the scholarship application form. Please note that your child will need to fly to the UK for scholarship application except Academic Scholarship Application. Academic Scholarship paper will be sent to Academic Asia for invigilation."
9|6|"Year 9"|"20160925"|"Y"|""|""|"AA00007"|""
9|6|"Year 12"|"20160925"|"Y"|""|""|"AA00007"|""
7|7|"Year 12"|"20141102"|"Y"|"20141007"|""|"AA00003"|"* Please find attached the below documents to facilitate your application:
1. Exam Form
2. Academic Scholarship Application Form
3. Sixth Form Booklet_AL
4. Sixth Form Booklet_IB
5. Sixth Form Guide to Courses
Please complete the Exam Form and return to Academic Asia with the Reg Form and Fee. Academic Scholarship Application Form is optional."
8|7|"Year 12"|"20151101"|"Y"|"20151007"|""|"AA00007"|""
8|7|"Year 7"|"20151129"|"Y"|"20151112"|""|"AA00007"|""
8|6|"Year 12"|"20150927"|"Y"|""|""|"AA00007"|""
8|7|"Year 10"|"20160117"|"Y"|"20151119"|""|"AA00007"|""
9|3|"Year 8"|"20161002"|"Y"|"20160930"|""|"AA00062"|""
9|3|"Year 9"|"20161002"|"Y"|"20160930"|""|"AA00062"|""
8|11|"Year 12"|"20151115"|"Y"|"20151009"|""|"AA00007"|"Please kindly make sure you submit the below pages to facilitate the application:

Registration Form (Page1-2)
Academic Application Form (Page 5)
Personal Statement (Page 6)

For student applying for music scholarship, please complete and submit Music Scholarship Application Form with the above documents. 

If you are interested in applying for Art, Drama and Sports Scholarship, please complete the form and return to Academic Asia. Please note that student is required to fly to the UK for the assessment."
8|4|"Year 12"|"20151108"|"Y"|"20151002"|""|"AA00007"|"* Enclosed please find the Art Scholarship Note and Entry Form, if you are interested in applying for art scholarship, please complete the Art Scholarship Entry Form and return to Academic Asia with the Reg Form and Fee.
* Please also find the notes for overseas students for your perusal."
8|2|"Year 12"|"20151031"|"Y"|"20151017"|"school suggested one week before exam date, AA set 2 weeks before"|"AA00007"|"* Please complete the Additional Form for Sixth Form application.
* If you are interested in applying for scholarship, please complete the scholarship application form. Please note that your child will need to fly to the UK for scholarship application except Academic Scholarship Application. Academic Scholarship paper will be sent to Academic Asia for invigilation."
9|3|"Year 12"|"20161002"|"Y"|"20160930"|""|"AA00062"|""
8|7|"Year 8"|"20160117"|"Y"|"20151119"|""|"AA00007"|""
8|6|"Year 9"|"20150927"|"Y"|""|""|"AA00007"|""
8|7|"Year 9"|"20160117"|"Y"|"20151119"|""|"AA00007"|""
8|13|"Year 10"|"20151011"|"Y"|"20151005"|""|"AA00007"|""
8|2|"Year 7"|"20160116"|"Y"|"20160102"|"school suggested one week before exam date, AA set 2 weeks before"|"AA00007"|"* If you are interested in applying for scholarship, please complete the scholarship application form. Please note that your child will need to fly to the UK for scholarship application except Academic Scholarship Application. Academic Scholarship paper will be sent to Academic Asia for invigilation."
9|7|"Year 10"|"20170122"|"Y"|"20161118"|""|"AA00007"|""
8|13|"Year 12"|"20151011"|"Y"|"20151005"|""|"AA00007"|""
8|11|"Year 9"|"20151115"|"Y"|"20151009"|""|"AA00007"|""
8|11|"Year 10"|"20151115"|"Y"|"20151009"|""|"AA00007"|""
14|21|"Year 10"|"20171015"|"Y"|"20171006"|""|"AA00007"|""
8|13|"Year 9"|"20151011"|"Y"|"20151005"|""|"AA00007"|""
8|4|"Year 10"|"20151115"|"Y"|"20151002"|""|"AA00007"|"* Please find attached the Math and Science syllabus for exam preparation. English syllabus is not provided by Charterhouse."
17|21|"Year 10"|"20181014"|"Y"|"20181005"|""|"AA00007"|""
13|4|"Year 10"|"20151115"|"Y"|"20151002"|""|"AA00007"|"* Please find attached the Math and Science syllabus for exam preparation. English syllabus is not provided by Charterhouse."
8|3|"Year 7"|"20151004"|"Y"|"20151002"|""|""|""
13|4|"Year 9"|"20151115"|"Y"|"20151002"|""|"AA00007"|"* Please find attached the Math and Science syllabus for exam preparation. English syllabus is not provided by Charterhouse."
14|1|"Year 10"|"20171104"|"Y"|"20171006"|""|"AA00007"|""
24|533|"Year 10"|"20200111"|"Y"|"20191008"|""|"AA00007"|""
8|2|"Year 10"|"20160102"|"Y"|"20151219"|"school suggested one week before exam date, AA set 2 weeks before"|"AA00007"|""
9|21|"Year 10"|"20161016"|"Y"|"20161006"|""|"AA00007"|""
14|1|"Year 7"|"20180113"|"Y"|"20171006"|""|"AA00007"|""
9|7|"Year 7"|"20161127"|"Y"|"20161111"|""|"AA00007"|""
9|16|"Year 10"|"20161031"|"Y"|""|""|""|""
8|2|"Year 8"|"20160116"|"Y"|"20160102"|"school suggested one week before exam date, AA set 2 weeks before"|"AA00007"|""
9|22|"Year 10"|"20161030"|"Y"|"20161004"|""|"AA00007"|""
9|16|"Year 12"|"20161031"|"Y"|""|""|""|""
9|9|"Year 10"|"20161031"|"Y"|"20161004"|"Lancing College will use UKiset again this year. All students have to complete UKiset by 31-Oct-2016"|"AA00007"|""
9|9|"Year 12"|"20161031"|"Y"|"20161004"|"Lancing College will use UKiset again this year. All students have to complete UKiset by 31-Oct-2016"|"AA00007"|""
8|533|"Year 10"|"20160116"|"Y"|"20160108"|""|"AA00007"|""
8|12|"Year 10"|"20151107"|"Y"|"20151008"|""|"AA00007"|""
9|533|"Year 7"|"20170114"|"Y"|"20161126"|""|"AA00007"|""
8|1|"Year 12"|"20151107"|"Y"|"20151009"|""|"AA00007"|"Y12 Subject choice Form will be available online later. We will send you the link when we receive it."
8|12|"Year 12"|"20151107"|"Y"|"20151008"|""|"AA00007"|""
9|2|"Year 8"|"20170114"|"Y"|"20170103"|""|"AA00007"|""
8|12|"Year 9"|"20151107"|"Y"|"20151008"|""|"AA00007"|""
18|11|"Year 10"|"20191117"|"Y"|"20191004"|""|"AA00083"|"Please download the Exam Entry Form to complete and return to AA with the Reg Form and Fee. Thank you.
For Music Scholarship application, your consultant-in-charge will contact you to advise the procedure."
8|4|"Year 9"|"20151115"|"Y"|"20151002"|""|"AA00007"|"* Please find attached the Math and Science syllabus for exam preparation. English syllabus is not provided by Charterhouse."
9|1|"Year 10"|"20161105"|"Y"|"20161007"|""|"AA00007"|""
8|533|"Year 12"|"20151107"|"Y"|"20151005"|""|"AA00007"|"* Student will need to complete an Online Application Form regarding subject choice after registration is made. The link will be sent later."
9|22|"Year 12"|"20161030"|"Y"|"20161004"|""|"AA00007"|""
8|533|"Year 9"|"20160116"|"Y"|"20151005"|""|"AA00007"|"* If you would like to apply for Art Scholarship, please complete the form and return with the reg form and fee to Academic Asia, please note that you will have to fly to the UK to attend the Art Scholarship assessment."
9|22|"Year 9"|"20161030"|"Y"|"20161004"|""|"AA00007"|""
13|4|"Year 12"|"20151108"|"Y"|"20151002"|""|"AA00007"|"* Enclosed please find the Art Scholarship Note and Entry Form, if you are interested in applying for art scholarship, please complete the Art Scholarship Entry Form and return to Academic Asia with the Reg Form and Fee.
* Please also find the notes for overseas students for your perusal."
9|7|"Year 8"|"20170122"|"Y"|"20161118"|""|"AA00007"|""
8|9|"Year 10"|"20151031"|"Y"|"20151006"|""|"AA00007"|""
9|7|"Year 12"|"20161106"|"Y"|"20161004"|""|"AA00007"|""
8|9|"Year 12"|"20151031"|"Y"|"20151006"|""|"AA00007"|""
9|533|"Year 10"|"20170114"|"Y"|"20161003"|""|"AA00007"|""
8|9|"Year 9"|"20151031"|"Y"|"20151006"|""|"AA00007"|""
9|13|"Year 10"|"20161009"|"Y"|"20161003"|""|"AA00007"|""
9|13|"Year 12"|"20161009"|"Y"|"20161003"|""|"AA00007"|""
9|16|"Year 9"|"20161031"|"Y"|""|""|""|""
14|11|"Year 9"|"20171112"|"Y"|"20171006"|""|""|"* Please kindly complete the exam form and submit to Academic Asia with the reg form and fee."
16|6|"Year 9"|"20160925"|"Y"|""|""|""|""
16|6|"Year 12"|"20160925"|"Y"|""|""|""|""
9|2|"Year 9"|"20170107"|"Y"|"20161219"|""|"AA00007"|"* If you are interested in applying for scholarship, please complete the scholarship application form. Please note that your child will need to fly to the UK for scholarship application except Academic Scholarship Application. Academic Scholarship paper will be sent to Academic Asia for invigilation."
14|3|"Year 12"|"20171008"|"Y"|"20171004"|""|"AA00007"|""
17|2|"Year 10"|"20181026"|"Y"|"20181005"|""|"AA00029"|"UKiset result must be received by the school on or before 26-Oct-2018
We suggest your child to take the UKiset on or before 22-Oct-2018 if possible."
8|1|"Year 10"|"20151107"|"Y"|"20151009"|""|"AA00007"|""
14|3|"Year 7"|"20171008"|"Y"|"20171004"|""|"AA00007"|""
21|4|"Year 10"|"20171112"|"Y"|"20171007"|"Please remind parents to submit form and fee on 30 Sep 2017 as 1 Oct 2017 is a public holiday."|""|""
14|3|"Year 8"|"20171008"|"Y"|"20171004"|""|"AA00007"|""
8|1|"Year 9"|"20151107"|"Y"|"20151009"|""|"AA00007"|""
21|4|"Year 12"|"20171105"|"Y"|"20171007"|"Please remind parents to submit form and fee on 30 Sep 2017 as 1 Oct 2017 is a public holiday."|""|""
8|533|"Year 7"|"20160109"|"Y"|"20151128"|""|"AA00007"|""
14|3|"Year 9"|"20171008"|"Y"|"20171004"|""|"AA00007"|""
8|533|"Year 8"|"20160109"|"Y"|"20151128"|""|"AA00007"|""
8|22|"Year 10"|"20151101"|"Y"|"20151006"|""|"AA00007"|""
8|22|"Year 12"|"20151101"|"Y"|"20151006"|""|"AA00007"|""
8|22|"Year 9"|"20151101"|"Y"|"20151006"|""|"AA00007"|""
8|3|"Year 10"|"20151004"|"Y"|"20151002"|""|""|""
8|3|"Year 12"|"20151004"|"Y"|"20151002"|""|""|""
8|21|"Year 10"|"20151018"|"Y"|"20151008"|""|"AA00007"|""
8|3|"Year 8"|"20151004"|"Y"|"20151002"|""|""|""
8|21|"Year 9"|"20151018"|"Y"|"20151008"|""|"AA00007"|""
8|3|"Year 9"|"20151004"|"Y"|"20151002"|""|""|""
8|2|"Year 9"|"20160102"|"Y"|"20151219"|"school suggested one week before exam date, AA set 2 weeks before"|"AA00007"|"* If you are interested in applying for scholarship, please complete the scholarship application form. Please note that your child will need to fly to the UK for scholarship application except Academic Scholarship Application. Academic Scholarship paper will be sent to Academic Asia for invigilation."
9|3|"Year 10"|"20161002"|"Y"|"20160930"|""|"AA00062"|""
9|12|"Year 9"|"20161105"|"Y"|"20161006"|""|"AA00062"|""
9|12|"Year 10"|"20161105"|"Y"|"20161006"|""|"AA00062"|""
9|12|"Year 12"|"20161105"|"Y"|"20161006"|""|"AA00062"|""
9|9|"Year 9"|"20161031"|"Y"|"20161004"|"Lancing College will use UKiset again this year. All students have to complete UKiset by 31-Oct-2016"|"AA00007"|""
9|533|"Year 8"|"20170114"|"Y"|"20161126"|""|"AA00007"|""
9|7|"Year 9"|"20170115"|"Y"|"20161118"|""|"AA00007"|""
14|13|"Year 10"|"20171008"|"Y"|"20171003"|""|"AA00007"|""
9|1|"Year 9"|"20161105"|"Y"|"20161007"|""|"AA00007"|""
9|533|"Year 9"|"20170114"|"Y"|"20161003"|""|"AA00007"|""
9|13|"Year 9"|"20161009"|"Y"|"20161003"|""|"AA00007"|""
9|2|"Year 10"|"20170107"|"Y"|"20161219"|""|"AA00007"|""
14|13|"Year 12"|"20171008"|"Y"|"20171003"|""|"AA00007"|""
14|16|"Year 10"|"20171031"|"Y"|""|""|"AA00007"|""
14|16|"Year 9"|"20171031"|"Y"|""|""|"AA00007"|""
9|1|"Year 12"|"20161105"|"Y"|"20161007"|""|"AA00007"|"Y12 Subject choice Form will be available online later. We will send you the link when we receive it."
14|16|"Year 12"|"20171031"|"Y"|""|""|"AA00007"|""
14|11|"Year 12"|"20171112"|"Y"|"20171006"|""|""|"Please kindly make sure you submit the below pages to facilitate the application:

Registration Form (Page1-4)

For student applying for music scholarship, please refer to your audition result and if you are encouraged to proceed, please complete and submit Music Scholarship Application Form (Page 7) with the above document.

If you are interested in applying for Art, Drama and Sports Scholarship, please complete the form and return to Academic Asia. Please note that student is required to fly to the UK for the assessment.

The Note on Academic Assessment is valid for 2017-18."
14|1|"Year 9"|"20171104"|"Y"|"20171006"|""|"AA00007"|""
17|7|"Year 7"|"20181124"|"Y"|"20181102"|"Scholarship Application closing date Noon 12 November 2018"|"AA00029"|""
14|1|"Year 12"|"20171104"|"Y"|"20171006"|""|"AA00007"|"Y12 Subject choice Form will be available online later. We will send you the link when we receive it."
14|3|"Year 10"|"20171008"|"Y"|"20171004"|""|"AA00007"|""
9|2|"Year 7"|"20170114"|"Y"|"20170103"|""|"AA00007"|"* If you are interested in applying for scholarship, please complete the scholarship application form. Please note that your child will need to fly to the UK for scholarship application except Academic Scholarship Application. Academic Scholarship paper will be sent to Academic Asia for invigilation."
17|7|"Year 12"|"20181104"|"Y"|"20181008"|"Scholarship Application closing date Noon 12 October 2018"|"AA00029"|""
17|1|"Year 10"|"20181103"|"Y"|"20181005"|""|"AA00007"|""
14|9|"Year 10"|"20171031"|"Y"|"20171003"|"Lancing College will use UKiset again this year. All students have to complete UKiset by 31-Oct-2017"|"AA00007"|""
14|9|"Year 9"|"20171031"|"Y"|"20171003"|"Lancing College will use UKiset again this year. All students have to complete UKiset by 31-Oct-2017"|"AA00007"|""
14|4|"Year 10"|"20171112"|"Y"|"20171007"|"Please remind parents to submit form and fee on 30 Sep 2017 as 1 Oct 2017 is a public holiday."|""|""
14|4|"Year 12"|"20171105"|"Y"|"20171007"|"Please remind parents to submit form and fee on 30 Sep 2017 as 1 Oct 2017 is a public holiday."|""|""
14|4|"Year 9"|"20171112"|"Y"|"20171007"|"Please remind parents to submit form and fee on 30 Sep 2017 as 1 Oct 2017 is a public holiday."|""|""
22|4|"Year 10"|"20171112"|"Y"|"20171007"|"Please remind parents to submit form and fee on 30 Sep 2017 as 1 Oct 2017 is a public holiday."|""|""
22|4|"Year 12"|"20171105"|"Y"|"20171007"|"Please remind parents to submit form and fee on 30 Sep 2017 as 1 Oct 2017 is a public holiday."|""|""
22|4|"Year 9"|"20171112"|"Y"|"20171007"|"Please remind parents to submit form and fee on 30 Sep 2017 as 1 Oct 2017 is a public holiday."|""|""
9|2|"Year 12"|"20161029"|"Y"|"20161017"|""|"AA00007"|"* Please complete the Additional Form for Sixth Form application. This is the 2016 version, please do not worry, this is the most updated version. If we  received the 2017 version in a later date, we will send to you to complete, meanwhile, please complete the 2016 version.
* If you are interested in applying for scholarship, please complete the scholarship application form. Please note that your child will need to fly to the UK for scholarship application except Academic Scholarship Application. Academic Scholarship paper will be sent to Academic Asia for invigilation."
14|13|"Year 9"|"20171008"|"Y"|"20171003"|""|"AA00007"|""
14|6|"Year 9"|"20171001"|"Y"|""|""|"AA00007"|""
17|7|"Year 9"|"20190112"|"Y"|"20181211"|"Scholarship Application closing date Noon 11 December 2018"|"AA00029"|""
21|4|"Year 9"|"20171112"|"Y"|"20171007"|"Please remind parents to submit form and fee on 30 Sep 2017 as 1 Oct 2017 is a public holiday."|""|""
24|533|"Year 12"|"20191109"|"Y"|"20191008"|""|"AA00007"|"* Student needs to complete an Online Examination Application Form on their subject choices. The link for the form will be sent to students after registration."
17|1|"Year 9"|"20181103"|"Y"|"20181005"|""|"AA00007"|""
24|533|"Year 9"|"20200111"|"Y"|"20191008"|""|"AA00007"|""
14|2|"Year 10"|"20171027"|"Y"|"20171006"|""|""|"UKiset result must be received by the school on or before 27-Oct-2017.
We suggest your child to take the UKiset on or before 23-Oct-2017 if possible. 
Results will be published on Friday 1st December 2017."
14|2|"Year 9"|"20171027"|"Y"|"20171006"|""|""|"* If you are interested in applying for scholarship, please complete the scholarship application form. Please note that your child will need to fly to the UK for scholarship application except Academic Scholarship Application. Academic Scholarship paper will be sent to Academic Asia for invigilation.

UKiset result must be received by the school on or before 27-Oct-2017.
We suggest your child to take the UKiset on or before 23-Oct-2017 if possible. 
Results will be published on Friday 1st December 2017.
Year 9 Scholarship Exam date: 4th November 2017"
14|21|"Year 12"|"20171015"|"Y"|"20171006"|""|"AA00029"|"Please find attached the Music Scholarship Application Form, if you are interested to apply for Music Scholarship, please follow the instruction on the form. If you have done a Music Audition at the Top Schools Event, we will send the music video to the school for you.
Any questions, please feel free to contact your Consultant-In-Charge. Thank you."
17|2|"Year 9"|"20181026"|"Y"|"20181005"|""|"AA00029"|"UKiset result must be received by the school on or before 26-Oct-2018
We suggest your child to take the UKiset on or before 22-Oct-2018 if possible."
24|6|"Year 12"|"20190929"|"Y"|""|""|"AA00007"|""
17|2|"Year 8"|"20181213"|"Y"|"20181207"|""|"AA00029"|"UKiset result must be received by the school on or before 13-Dec-2018
We suggest your child to take the UKiset on or before 8-Dec-2018 if possible."
17|3|"Year 7"|"20181007"|"Y"|"20181003"|""|"AA00007"|""
14|9|"Year 12"|"20171031"|"Y"|"20171003"|"Lancing College will use UKiset again this year. All students have to complete UKiset by 31-Oct-2017"|"AA00007"|""
17|3|"Year 8"|"20181007"|"Y"|"20181003"|""|"AA00007"|""
17|12|"Year 12"|"20181103"|"Y"|"20181005"|""|"AA00007"|""
17|12|"Year 9"|"20181103"|"Y"|"20181005"|""|"AA00007"|""
17|2|"Year 7"|"20181213"|"Y"|"20181207"|""|"AA00029"|"UKiset result must be received by the school on or before 13-Dec-2018
We suggest your child to take the UKiset on or before 8-Dec-2018 if possible."
17|3|"Year 12"|"20181007"|"Y"|"20181003"|""|"AA00007"|""
17|12|"Year 10"|"20181103"|"Y"|"20181005"|""|"AA00007"|""
17|3|"Year 9"|"20181007"|"Y"|"20181003"|""|"AA00007"|""
14|2|"Year 12"|"20171020"|"Y"|"20170929"|""|""|"* If you are interested in applying for scholarship, please complete the scholarship application form. Please note that your child will need to fly to the UK for scholarship application except Academic Scholarship Application. Academic Scholarship paper will be sent to Academic Asia for invigilation.

UKiset result must be received by the school on or before 20-Oct-2017.
We suggest your child to take the UKiset on or before 16-Oct-2017 if possible. 
Results will be published on Friday 1st December 2017.

Sixth Form Scholarship Exam date: 28th October 2017"
14|2|"Year 7"|"20171222"|"Y"|"20171208"|""|""|"* If you are interested in applying for scholarship, please complete the scholarship application form. Please note that your child will need to fly to the UK for scholarship application except Academic Scholarship Application. Academic Scholarship paper will be sent to Academic Asia for invigilation.

UKiset result must be received by the school on or before 22-Dec-2017
We suggest your child to take the UKiset on or before 18-Dec-2017 if possible. 
Results will be published on Thursday 1st February 2018.
Year 7 Scholarship Exam Date: 6th January 2018"
14|2|"Year 8"|"20171222"|"Y"|"20171208"|""|""|"UKiset result must be received by the school on or before 22-Dec-2017
We suggest your child to take the UKiset on or before 18-Dec-2017 if possible. 
Results will be published on Thursday 1st February 2018."
9|4|"Year 9"|"20161113"|"Y"|"20161001"|""|"AA00007"|"* Please find attached the Math and Science syllabus for exam preparation. English syllabus is not provided by Charterhouse."
14|22|"Year 10"|"20171029"|"Y"|"20171003"|""|"AA00007"|""
9|4|"Year 10"|"20161113"|"Y"|"20161001"|""|"AA00007"|"* Please find attached the Math and Science syllabus for exam preparation. English syllabus is not provided by Charterhouse."
14|22|"Year 9"|"20171029"|"Y"|"20171003"|""|"AA00007"|""
9|4|"Year 12"|"20161106"|"Y"|"20161001"|""|"AA00007"|"* Enclosed please find the Art Scholarship Note and Entry Form, if you are interested in applying for art scholarship, please complete the Art Scholarship Entry Form and return to Academic Asia with the Reg Form and Fee.
* Enclosed please find the Sir Robert Birley Scholarship Notes for your information, no need to complete any form for the application.
* Please also find the notes for overseas students for your perusal."
14|6|"Year 12"|"20171001"|"Y"|""|""|"AA00007"|""
9|533|"Year 12"|"20161112"|"Y"|"20161003"|""|"AA00007"|"* Student will need to complete an Online Application Form regarding subject choice after registration is made. The link will be sent later."
19|384|"Year 12"|"20201119"|"Y"|"20201104"|""|"AA00007"|""
36|533|"Year 9"|"20230114"|"Y"|"20221124"|""|"AA00079"|""
17|7|"Year 10"|"20190126"|"Y"|""|"Places are only offered if there are spaces available in the year group.  Applications can be taken prior to assessment but please make candidates aware that for 2019 there are limited spaces and it will be a highly competitive entry."|"AA00029"|""
9|11|"Year 9"|"20161113"|"Y"|"20161007"|""|"AA00007"|"* Please kindly complete the exam form and submit to Academic Asia with the reg form and fee."
9|11|"Year 10"|"20161113"|"Y"|"20161007"|""|"AA00007"|"* Please kindly complete the exam form and submit to Academic Asia with the reg form and fee."
24|6|"Year 9"|"20190929"|"Y"|""|""|"AA00007"|""
9|11|"Year 12"|"20161113"|"Y"|"20161007"|""|"AA00007"|"Please kindly make sure you submit the below pages to facilitate the application:

Registration Form (Page1-2)
Academic Application Form (Page 6-8)
Personal Statement (Page 9)

For student applying for music scholarship, please complete and submit Music Scholarship Application Form (Page 12-13) with the above documents. 

If you are interested in applying for Art, Drama and Sports Scholarship, please complete the form and return to Academic Asia. Please note that student is required to fly to the UK for the assessment.

The Note on Academic Assessment is the 2016-17 version, this version is still valid for 2017-18."
18|532|"Year 7"|"20200111"|"N"|"20191201"|""|"AA00029"|""
14|22|"Year 12"|"20171029"|"Y"|"20171003"|""|"AA00007"|""
17|103|"Year 10"|"20181013"|"Y"|"20181011"|"Caterham makes offers to successful candidates on Friday 16 November"|"AA00007"|""
9|21|"Year 12"|"20161016"|"Y"|"20161006"|""|"AA00007"|"Please find attached the Music Scholarship Application Form, if you are interested to apply for Music Scholarship, please follow the instruction on the form. If you need any assistance, please feel free to contact your Consultant-In-Charge. Thank you."
14|12|"Year 10"|"20171104"|"Y"|"20171006"|""|"AA00007"|""
15|4|"Year 10"|"20161113"|"Y"|"20161001"|""|"AA00007"|"* Please find attached the Math and Science syllabus for exam preparation. English syllabus is not provided by Charterhouse."
14|7|"Year 10"|"20180120"|"Y"|"20171214"|""|"AA00029"|""
15|4|"Year 9"|"20161113"|"Y"|"20161001"|""|"AA00007"|"* Please find attached the Math and Science syllabus for exam preparation. English syllabus is not provided by Charterhouse."
14|21|"Year 9"|"20171015"|"Y"|"20171006"|""|"AA00029"|"Please find attached the Music Scholarship Application Form, if you are interested to apply for Music Scholarship, please follow the instruction on the form. If you have done a Music Audition at the Top Schools Event, we will send the music video to the school for you.
Any questions, please feel free to contact your Consultant-In-Charge. Thank you."
17|6|"Year 12"|"20180930"|"Y"|""|""|"AA00029"|""
15|4|"Year 12"|"20161106"|"Y"|"20161001"|""|"AA00007"|"* Enclosed please find the Art Scholarship Note and Entry Form, if you are interested in applying for art scholarship, please complete the Art Scholarship Entry Form and return to Academic Asia with the Reg Form and Fee.
* Enclosed please find the Sir Robert Birley Scholarship Notes for your information, no need to complete any form for the application.
* Please also find the notes for overseas students for your perusal."
17|6|"Year 9"|"20180930"|"Y"|""|""|"AA00007"|""
14|13|"Year 7"|"20171008"|"Y"|"20171003"|""|"AA00007"|""
17|103|"Year 9"|"20181013"|"Y"|"20181011"|"Caterham makes offers to successful candidates on Friday 16 November"|"AA00007"|""
14|7|"Year 12"|"20171105"|"Y"|"20171009"|""|"AA00029"|"* To complete the application, you are required to complete the Exam Form as well as the Reg Form, however, the Exam Form for Y12 is not available as at today. We will send it to you via email once it is ready. 

* If you are interested to apply scholarships, you will be required to complete the scholarship application forms. However, the scholarship forms are not available as at today. We will send them to you via email once they are ready."
9|21|"Year 9"|"20161016"|"Y"|"20161006"|""|"AA00029"|"Please find attached the Music Scholarship Application Form, if you are interested to apply for Music Scholarship, please follow the instruction on the form. If you need any assistance, please feel free to contact your Consultant-In-Charge. Thank you."
24|4|"Year 10"|"20191110"|"Y"|"20191001"|""|"AA00007"|""
18|532|"Year 8"|"20200111"|"N"|"20191201"|""|"AA00029"|""
24|4|"Year 9"|"20191110"|"Y"|"20191001"|""|"AA00007"|""
17|22|"Year 12"|"20181028"|"Y"|"20181006"|""|"AA00073"|""
17|22|"Year 9"|"20181028"|"Y"|"20181006"|""|"AA00073"|""
17|22|"Year 10"|"20181028"|"Y"|"20181006"|""|"AA00073"|""
17|533|"Year 10"|"20190112"|"Y"|"20181009"|""|"AA00073"|""
14|533|"Year 10"|"20180113"|"Y"|"20171003"|""|"AA00007"|""
17|3|"Year 10"|"20181007"|"Y"|"20181003"|""|"AA00007"|""
17|103|"Year 12"|"20181013"|"Y"|"20181011"|"Caterham makes offers to successful candidates on Friday 16 November"|"AA00007"|""
14|7|"Year 7"|"20171125"|"Y"|"20171110"|""|"AA00029"|"* If you are interested to apply scholarships, you will be required to complete the scholarship application forms. However, the scholarship forms are not available as at today. We will send them to you via email once they are ready."
14|12|"Year 12"|"20171104"|"Y"|"20171006"|""|"AA00007"|""
14|7|"Year 9"|"20180113"|"Y"|"20171214"|""|"AA00029"|"* If you are interested to apply scholarships, you will be required to complete the scholarship application forms. However, the scholarship forms are not available as at today. We will send them to you via email once they are ready."
14|12|"Year 9"|"20171104"|"Y"|"20171006"|""|"AA00007"|""
14|533|"Year 12"|"20171111"|"Y"|"20171003"|""|"AA00007"|"* Student will need to complete an Online Application Form regarding subject choice after registration is made. The link will be sent later."
14|533|"Year 9"|"20180113"|"Y"|"20171003"|""|"AA00007"|""
17|533|"Year 9"|"20190112"|"Y"|"20181009"|""|"AA00073"|""
17|533|"Year 12"|"20181110"|"Y"|"20181009"|""|"AA00073"|"* Student needs to complete an Online Examination Application Form on their subject choices. The link for the form will be sent to students after registration.

* Deadline for the submission of the Online Examination Form is 22 October, 2018."
24|4|"Year 12"|"20191110"|"Y"|"20191001"|""|"AA00007"|""
18|384|"Year 12"|"20191121"|"Y"|"20191106"|""|"AA00007"|"If you are interested to apply, please download the Registration Form below and complete and return to AA on or before the deadline: 

Reg Fee : GBP200  
Payment Method: Bank Transfer and Sterling Pound Cheque (please see details on the application form)

Exam Details: Your consultant will contact you for further details"
18|7|"Year 7"|"20191124"|"Y"|"20191104"|""|"AA00029"|"*For student applying for music scholarship, please refer to your audition result and if you are encouraged to proceed, please complete the Co-Curricular Scholarship Application Form, select Music Scholarship and return to Academic Asia with the Reg Form and Fee."
24|103|"Year 10"|"20191012"|"Y"|"20191011"|""|""|""
14|11|"Year 10"|"20171112"|"Y"|"20171006"|""|"AA00081"|"* Please kindly complete the exam form and submit to Academic Asia with the reg form and fee."
24|103|"Year 12"|"20191012"|"Y"|"20191011"|""|""|""
18|7|"Year 9"|"20200119"|"Y"|"20191206"|""|"AA00029"|"*For student applying for music scholarship, please refer to your audition result and if you are encouraged to proceed, please complete the Co-Curricular Scholarship Application Form, select Music Scholarship and return to Academic Asia with the Reg Form and Fee."
24|103|"Year 9"|"20191012"|"Y"|"20191011"|""|""|""
17|1|"Year 12"|"20181103"|"Y"|"20181005"|""|"AA00007"|"Y12 Subject Choice Form will be available online later. We will send you the link when we receive it."
20|3|"Year 10"|"20211009"|"Y"|"20211007"|""|"AA00061"|""
17|21|"Year 12"|"20181014"|"Y"|"20181005"|""|"AA00007"|"Please find attached the following forms:

1. Year 12 Entry Assessment Form
2. Music Scholarship Application Form

Please complete and submit the Year 12 Entry Assessment Form with the Reg Form and Fee.

If you are interested to apply for Music Scholarship, please complete and return the Music Scholarship Form. If you have done a Music Audition at the Top Schools Event, we will send the music video to the school for you and you do not need to produce your own video.

If you have any questions, please feel free to contact your Consultant-In-Charge. Thank you."
24|22|"Year 10"|"20191027"|"Y"|"20191005"|""|"AA00007"|""
24|22|"Year 12"|"20191027"|"Y"|"20191005"|""|"AA00007"|""
24|22|"Year 9"|"20191027"|"Y"|"20191005"|""|"AA00007"|""
18|21|"Year 12"|"20191013"|"Y"|"20191004"|""|"AA00029"|"Please find below Brighton College's registration weblink for your completion:

https://www.brightoncollege.org.uk/admissions/registration-overseas-16plus/

When completing the online form, please ensure i) both parent details and ii) Academic Asia's details are completed on the form."
18|21|"Year 9"|"20191013"|"Y"|"20191004"|""|"AA00029"|"Please find below Brighton College's registration weblink for your completion:

https://www.brightoncollege.org.uk/admissions/registration-overseas-13plus/

When completing the online form, please ensure i) both parent details and ii) Academic Asia's details are completed on the form."
18|21|"Year 10"|"20191013"|"Y"|"20191004"|""|"AA00029"|"Please find below Brighton College's registration weblink for your completion:

https://www.brightoncollege.org.uk/admissions/registration-overseas-14plus/

When completing the online form, please ensure i) both parent details and ii) Academic Asia's details are completed on the form."
24|9|"Year 10"|"20191031"|"Y"|"20191005"|""|""|""
17|13|"Year 10"|"20181007"|"Y"|"20181006"|""|"AA00007"|""
17|13|"Year 12"|"20181007"|"Y"|"20181006"|""|"AA00007"|""
17|13|"Year 9"|"20181007"|"Y"|"20181006"|""|"AA00007"|""
17|21|"Year 9"|"20181014"|"Y"|"20181005"|""|"AA00029"|"Please find attached the Music Scholarship Application Form, if you are interested to apply for Music Scholarship, please follow the instruction on the form. If you have done a Music Audition at the Top Schools Event, we will send the music video to the school for you.
Any questions, please feel free to contact your Consultant-In-Charge. Thank you."
17|9|"Year 10"|"20181031"|"Y"|"20181006"|"Lancing College will use UKiset again this year but is flexible, can use CAT4, but need to register with the school first.  All students have to complete UKiset or CAT4 by 31-Oct-2018"|"AA00007"|"."
17|9|"Year 12"|"20181031"|"Y"|"20181006"|"Lancing College will use UKiset again this year but is flexible, can use CAT4, but need to register with the school first.  All students have to complete UKiset or CAT4 by 31-Oct-2018"|"AA00007"|""
17|9|"Year 9"|"20181031"|"Y"|"20181006"|"Lancing College will use UKiset again this year but is flexible, can use CAT4, but need to register with the school first.  All students have to complete UKiset or CAT4 by 31-Oct-2018"|"AA00007"|""
24|9|"Year 9"|"20191031"|"Y"|"20191005"|""|""|""
17|2|"Year 12"|"20181019"|"Y"|"20180928"|""|"AA00007"|"UKiset result must be received by the school on or before 19-Oct-2018
We suggest your child to take the UKiset on or before 13-Oct-2018 if possible."
24|9|"Year 12"|"20191031"|"Y"|"20191005"|""|""|""
17|11|"Year 12"|"20181111"|"Y"|"20181005"|""|"AA00029"|"Please kindly make sure you submit the below pages from Academic Application Form (included in the Reg Form) to facilitate the application:

Academic Application Form (Page1-4)

For student applying for music scholarship, please refer to your audition result and if you are encouraged to proceed, please complete and submit Music Scholarship Application Form (Page 7) with the above document.

If you are interested in applying for Art, Drama and Sports Scholarship, please complete the form and return to Academic Asia. Please note that student is required to fly to the UK for the assessment.

Please find a copy of the Sixth Form Entrance 2018-19 Notes on Academic Assessment for your reference."
18|1|"Year 10"|"20191102"|"Y"|"20191004"|""|"AA00029"|""
18|1|"Year 12"|"20191102"|"Y"|"20191004"|""|"AA00029"|""
18|1|"Year 9"|"20191102"|"Y"|"20191004"|""|"AA00029"|""
24|11|"Year 10"|"20191117"|"Y"|"20191004"|""|"AA00029"|"Please download the Exam Entry Form to complete and return to AA with the Reg Form and Fee. Thank you.
For Music Scholarship application, your consultant-in-charge will contact you to advise the procedure."
17|11|"Year 10"|"20181111"|"Y"|"20181005"|""|""|"Please download the Exam Entry Form to complete and return to AA with the Reg Form and Fee. Thank you.
For Music Scholarship application, your consultant-in-charge will contact you to advise the procedure."
17|11|"Year 9"|"20181111"|"Y"|"20181005"|""|""|"Please download the Exam Entry Form to complete and return to AA with the Reg Form and Fee. 

Please find attached the scholarship forms below for your reference, if you are interested in applying to the scholarship, please kindly complete the form and send back to us with the registration form:


1. Art Scholarship 
2. Drama Scholarship
3. Design & Technology Scholarship"
17|4|"Year 10"|"20181111"|"Y"|"20181006"|""|"AA00007"|"For preparation of the entrance exam, please download the Math and Science syllabus.
Charterhouse does not provide English syllabus."
17|4|"Year 12"|"20181104"|"Y"|"20181006"|""|"AA00007"|"Please find the following forms and information note available for download:

1. Admission Process Timeline (for reference only)
2. Art Scholarship Application Note
3. Art Scholarship Application Form
4. Entry Tests Subject Guidance Notes
5. Sir Robert Birley Scholarship Note
6. Sixth Form Candidate Form
7. Sporting Excellence Award Application Form
8. Sporting Excellence Award Note
9. The Sixth Form at Charterhouse

Please complete the Sixth Form Candidate Form, and send back to AA with the Reg Form and Fee.

If you are interested in applying to the award, please complete the form and send back to AA with the Reg Form and Fee."
17|4|"Year 9"|"20181111"|"Y"|"20181006"|""|"AA00007"|"For preparation of the entrance exam, please download the Math and Science syllabus.
Charterhouse does not provide English syllabus."
18|2|"Year 10"|"20191101"|"Y"|"20191014"|""|"AA00029"|"UKiset result must be received by the school on or before 01-Nov-2019
We suggest your child to take the UKiset on or before 28-Oct-2019 if possible."
20|3|"Year 12"|"20211009"|"Y"|"20211007"|""|"AA00061"|""
18|2|"Year 9"|"20191101"|"Y"|"20191014"|""|"AA00029"|"UKiset result must be received by the school on or before 01-Nov-2019
We suggest your child to take the UKiset on or before 28-Oct-2019 if possible."
18|2|"Year 7"|"20191220"|"Y"|"20191209"|""|"AA00029"|"UKiset result must be received by the school on or before 20-Dec-2019
We suggest your child to take the UKiset on or before 16-Dec-2019 if possible."
18|2|"Year 8"|"20191220"|"Y"|"20191209"|""|"AA00029"|"UKiset result must be received by the school on or before 20-Dec-2019
We suggest your child to take the UKiset on or before 16-Dec-2019 if possible."
18|2|"Year 12"|"20191018"|"Y"|"20191007"|""|"AA00029"|"UKiset result must be received by the school on or before 18-Oct-2019
We suggest your child to take the UKiset on or before 14-Oct-2019 if possible."
18|3|"Year 7"|"20191006"|"Y"|"20191002"|""|"AA00029"|""
18|3|"Year 8"|"20191006"|"Y"|"20191002"|""|"AA00029"|""
18|3|"Year 9"|"20191006"|"Y"|"20191002"|""|"AA00029"|""
18|3|"Year 10"|"20191006"|"Y"|"20191002"|""|"AA00029"|""
24|11|"Year 12"|"20191117"|"Y"|"20191004"|""|"AA00029"|"Please kindly make sure you submit the below pages from Academic Application Form (included in the Reg Form) to facilitate the application:

Academic Application Form (Page1-4)

For student applying for music scholarship, please refer to your audition result and if you are encouraged to proceed, please complete and submit Music Scholarship Application Form (Page 7) with the above document.

If you are interested in applying for Art, Drama and Sports Scholarship, please complete the form and return to Academic Asia. Please note that student is required to fly to the UK for the assessment.

Please find a copy of the Sixth Form Entrance 2019-20 Notes on Academic Assessment for your reference."
18|3|"Year 12"|"20191006"|"Y"|"20191002"|""|"AA00029"|""
18|103|"Year 10"|"20191012"|"Y"|"20191011"|""|"AA00029"|""
24|11|"Year 9"|"20191117"|"Y"|"20191004"|""|"AA00029"|"Please download the Exam Entry Form to complete and return to AA with the Reg Form and Fee. 

Please find attached the scholarship forms below for your reference, if you are interested in applying to the scholarship, please kindly complete the form and send back to us with the registration form:


1. All Rounder Scholarship
2. Art Scholarship 
3. Drama Scholarship
4. Design & Technology Scholarship
5. Music Scholarship
6. Sports Scholarship"
18|103|"Year 12"|"20191012"|"Y"|"20191011"|""|"AA00029"|""
18|103|"Year 9"|"20191012"|"Y"|"20191011"|""|"AA00029"|""
18|7|"Year 12"|"20191103"|"Y"|"20191009"|""|"AA00029"|"*For student applying for music scholarship, please refer to your audition result and if you are encouraged to proceed, please complete the Co-Curricular Scholarship Application Form, select Music Scholarship and return to Academic Asia with the Reg Form and Fee."
18|4|"Year 12"|"20191110"|"Y"|"20191001"|""|"AA00029"|""
18|4|"Year 10"|"20191110"|"Y"|"20191001"|""|"AA00029"|""
18|4|"Year 9"|"20191110"|"Y"|"20191001"|""|"AA00029"|""
18|6|"Year 9"|"20190929"|"Y"|""|""|"AA00029"|""
18|7|"Year 10"|"20200119"|"Y"|""|""|"AA00029"|""
18|533|"Year 10"|"20200111"|"Y"|"20191008"|""|"AA00029"|""
18|533|"Year 9"|"20200111"|"Y"|"20191008"|""|"AA00029"|""
18|11|"Year 12"|"20191117"|"Y"|"20191004"|""|"AA00029"|"Please kindly make sure you submit the below pages from Academic Application Form (included in the Reg Form) to facilitate the application:

Academic Application Form (Page1-4)

For student applying for music scholarship, please refer to your audition result and if you are encouraged to proceed, please complete and submit Music Scholarship Application Form (Page 7) with the above document.

If you are interested in applying for Art, Drama and Sports Scholarship, please complete the form and return to Academic Asia. Please note that student is required to fly to the UK for the assessment.

Please find a copy of the Sixth Form Entrance 2019-20 Notes on Academic Assessment for your reference."
18|533|"Year 12"|"20191109"|"Y"|"20191008"|""|"AA00029"|"* Student needs to complete an Online Examination Application Form on their subject choices. The link for the form will be sent to students after registration."
18|11|"Year 9"|"20191117"|"Y"|"20191004"|""|"AA00029"|"Please download the Exam Entry Form to complete and return to AA with the Reg Form and Fee. 

Please find attached the scholarship forms below for your reference, if you are interested in applying to the scholarship, please kindly complete the form and send back to us with the registration form:


1. All Rounder Scholarship
2. Art Scholarship 
3. Drama Scholarship
4. Design & Technology Scholarship
5. Sports Scholarship"
18|9|"Year 10"|"20191031"|"Y"|"20191005"|"Lancing College will use UKiset again this year but is flexible, can use CAT4, but need to register with the school first.  All students have to complete UKiset or CAT4 by 31-Oct-2019"|"AA00029"|""
18|9|"Year 9"|"20191031"|"Y"|"20191005"|"Lancing College will use UKiset again this year but is flexible, can use CAT4, but need to register with the school first.  All students have to complete UKiset or CAT4 by 31-Oct-2019"|"AA00029"|""
18|9|"Year 12"|"20191031"|"Y"|"20191005"|"Lancing College will use UKiset again this year but is flexible, can use CAT4, but need to register with the school first.  All students have to complete UKiset or CAT4 by 31-Oct-2019"|"AA00029"|""
18|12|"Year 10"|"20191102"|"Y"|"20191004"|""|"AA00029"|""
18|12|"Year 9"|"20191102"|"Y"|"20191004"|""|"AA00029"|""
18|12|"Year 12"|"20191102"|"Y"|"20191004"|""|"AA00029"|""
18|22|"Year 10"|"20191027"|"Y"|"20191005"|""|"AA00029"|""
18|22|"Year 12"|"20191027"|"Y"|"20191005"|""|"AA00029"|""
18|22|"Year 9"|"20191027"|"Y"|"20191005"|""|"AA00029"|""
18|13|"Year 10"|"20191006"|"Y"|"20191005"|""|"AA00029"|""
18|13|"Year 12"|"20191006"|"Y"|"20191005"|""|"AA00029"|""
18|13|"Year 9"|"20191006"|"Y"|"20191005"|""|"AA00029"|""
18|6|"Year 12"|"20190929"|"Y"|""|""|"AA00007"|""
23|11|"Year 10"|"20221106"|"Y"|"20221001"|""|"AA00080"|"Please download the Exam Entry Form to complete and return by email only, to your Consultant-In-Charge with the Reg Form and Fee.  Please only pay by bank transfer.

For Music Scholarship application, your consultant-in-charge will contact you to advise the procedure."
20|22|"Year 9"|"20211030"|"Y"|"20211002"|""|"AA00061"|""
19|12|"Year 10"|"20201107"|"Y"|"20201001"|""|"AA00007"|"Registration is done through the school's online registration form:

https://tonbridge-school.hub-apply.com/application/home

Payment of registration fee is also done through the online platform.

After you have completed the registration process, please kindly email the confirmation of registration to your Consultant-In-Charge and we will follow up for you with the exam arrangement."
19|12|"Year 12"|"20201107"|"Y"|"20201001"|""|"AA00007"|"Registration is done through the school's online registration form:

https://tonbridge-school.hub-apply.com/application/home

Payment of registration fee is also done through the online platform.

After you have completed the registration process, please kindly email the confirmation of registration to your Consultant-In-Charge and we will follow up for you with the exam arrangement."
19|6|"Year 12"|"20200927"|"Y"|""|""|"AA00007"|""
19|12|"Year 9"|"20201107"|"Y"|"20201001"|""|"AA00007"|"Please complete the Registration Form and pay the Reg Fee by bank transfer. The school bank details are stated on the Registration Form.

After the Registration Form is completed, please email the completed Form and Reg fee payment receipt to your Consultant-In-Charge."
19|3|"Year 12"|"20201010"|"Y"|"20201008"|""|"AA00007"|""
19|3|"Year 9"|"20201010"|"Y"|"20201008"|""|"AA00007"|""
19|13|"Year 10"|"20201011"|"Y"|"20201009"|""|"AA00007"|""
19|13|"Year 12"|"20201011"|"Y"|"20201009"|""|"AA00007"|""
19|13|"Year 9"|"20201011"|"Y"|"20201009"|""|"AA00007"|""
19|4|"Year 9"|"20201115"|"Y"|"20201001"|""|"AA00007"|""
23|12|"Year 10"|"20221029"|"Y"|"20221003"|""|"AA00007"|""
23|103|"Year 12"|"20221016"|"Y"|"20221014"|""|"AA00007"|""
23|12|"Year 9"|"20221029"|"Y"|"20221003"|""|"AA00007"|""
23|103|"Year 9"|"20221016"|"Y"|"20221014"|""|"AA00007"|""
19|11|"Year 9"|"20201108"|"Y"|"20201001"|""|"AA00084"|"Please download the Exam Entry Form to complete and return by email to your Consultant-In-Charge with the Reg Form and Fee.  Please only pay by bank transfer.

Please find attached the scholarship forms below for your reference, if you are interested in applying to the scholarship, please kindly complete the form and send back to us with the registration form:


1. All Rounder Scholarship
2. Art Scholarship 
3. Drama Scholarship
4. Design & Technology Scholarship
5. Sports Scholarship"
23|3|"Year 9"|"20221015"|"Y"|"20221013"|""|"AA00080"|""
19|21|"Year 12"|"20201011"|"Y"|"20201002"|""|"AA00029"|"Please find below Brighton College's registration weblink for your completion:

https://www.brightoncollege.org.uk/admissions/registration-overseas-16plus/

Please also complete the online Overseas Assessment Form here:
https://forms.gle/NAjbkiWGG5QFfXXS8

For details on the A Level courses offered at Brighton, please click on the following link:
https://www.brightoncollege.org.uk/media/336237/brighton-college-options-at-16.pdf

When completing the online form, please ensure i) both parent details and ii) Academic Asia's details are completed on the form."
19|6|"Year 10"|"20200927"|"Y"|""|""|"AA00007"|""
19|9|"Year 9"|"20201031"|"Y"|"20201003"|""|"AA00032"|""
19|103|"Year 12"|"20201108"|"Y"|"20201009"|""|""|""
19|9|"Year 10"|"20201031"|"Y"|"20201003"|""|"AA00032"|""
19|6|"Year 9"|"20200927"|"Y"|""|""|"AA00007"|""
19|9|"Year 12"|"20201031"|"Y"|"20201003"|""|"AA00032"|""
19|103|"Year 10"|"20201108"|"Y"|"20201009"|""|""|""
19|2|"Year 10"|"20201030"|"Y"|"20201012"|""|"AA00029"|"UKiset result must be received by the school on or before 30-Oct-2020.
We suggest your child to take the UKiset on or before 26-Oct-2020 if possible."
19|3|"Year 10"|"20201010"|"Y"|"20201008"|""|"AA00007"|""
19|21|"Year 9"|"20201011"|"Y"|"20201002"|""|"AA00029"|"Please find below Brighton College's registration weblink for your completion:

https://www.brightoncollege.org.uk/admissions/registration-overseas-13plus/

When completing the online form, please ensure i) both parent details and ii) Academic Asia's details are completed on the form."
19|103|"Year 9"|"20201108"|"Y"|"20201009"|""|""|""
19|2|"Year 12"|"20201023"|"Y"|"20201005"|""|"AA00029"|"UKiset result must be received by the school on or before 23-Oct-2020.
We suggest your child to take the UKiset on or before 19-Oct-2020 if possible."
19|3|"Year 7"|"20201010"|"Y"|"20201008"|""|"AA00007"|""
19|2|"Year 7"|"20201217"|"Y"|"20201207"|""|"AA00029"|"UKiset result must be received by the school on or before 17-Dec-2020.
We suggest your child to take the UKiset on or before 12-Dec-2020 if possible."
19|3|"Year 8"|"20201010"|"Y"|"20201008"|""|"AA00007"|""
19|7|"Year 12"|"20201101"|"Y"|"20201007"|""|"AA00029"|"* To complete the application, you are required to complete the school's online exam form as well as the online application form, however, the Y12 online exam form is not available as at today. We will send the weblink to you via email once it is ready. 

** If you are interested in applying scholarships, you will be required to complete the scholarship application forms. However, the online scholarship forms are not available as at today. We will send the weblinks to you via email once they are ready."
19|4|"Year 10"|"20201115"|"Y"|"20201001"|""|"AA00007"|""
19|2|"Year 8"|"20201217"|"Y"|"20201207"|""|"AA00029"|"UKiset result must be received by the school on or before 17-Dec-2020.
We suggest your child to take the UKiset on or before 12-Dec-2020 if possible."
19|4|"Year 12"|"20201108"|"Y"|"20201001"|""|"AA00007"|""
19|7|"Year 7"|"20201122"|"Y"|"20201102"|""|"AA00029"|"* To complete the application, you are required to complete the school's online exam form as well as the online application form, however, the Y7 online exam form is not available as at today. We will send the weblink to you via email once it is ready. 

** If you are interested in applying scholarships, you will be required to complete the scholarship application forms. However, the online scholarship forms are not available as at today. We will send the weblinks to you via email once they are ready."
19|532|"Year 7"|"20210109"|"Y"|"20201201"|""|"AA00007"|""
20|22|"Year 10"|"20211030"|"Y"|"20211002"|""|"AA00061"|""
20|22|"Year 12"|"20211030"|"Y"|"20211002"|""|"AA00061"|""
19|2|"Year 9"|"20201030"|"Y"|"20201012"|""|"AA00029"|"UKiset result must be received by the school on or before 30-Oct-2020.
We suggest your child to take the UKiset on or before 26-Oct-2020 if possible."
19|532|"Year 8"|"20210109"|"Y"|"20201201"|""|"AA00007"|""
19|22|"Year 10"|"20201031"|"Y"|"20201003"|""|"AA00007"|""
19|22|"Year 12"|"20201031"|"Y"|"20201003"|""|"AA00007"|""
19|22|"Year 9"|"20201031"|"Y"|"20201003"|""|"AA00007"|""
19|1|"Year 10"|"20201107"|"Y"|"20201005"|""|"AA00007"|""
19|1|"Year 12"|"20201107"|"Y"|"20201005"|""|"AA00007"|""
19|533|"Year 10"|"20210109"|"Y"|"20201201"|""|"AA00007"|""
19|533|"Year 9"|"20210109"|"Y"|"20201201"|""|"AA00007"|""
19|533|"Year 12"|"20201107"|"Y"|"20201008"|""|"AA00007"|""
23|12|"Year 12"|"20221029"|"Y"|"20221003"|""|"AA00007"|""
23|13|"Year 7"|"20221008"|"Y"|"20221006"|""|"AA00080"|""
25|30056|"Year 12"|"20231007"|"Y"|"20231005"|""|"AA00100"|""
19|21|"Year 10"|"20201011"|"Y"|"20201002"|""|"AA00029"|"Please find below Brighton College's registration weblink for your completion:

https://www.brightoncollege.org.uk/admissions/registration-overseas-14plus/

When completing the online form, please ensure i) both parent details and ii) Academic Asia's details are completed on the form."
19|7|"Year 9"|"20201101"|"Y"|"20201014"|""|"AA00029"|"* To complete the application, you are required to complete the school's online exam form as well as the online application form, however, the Y9 online exam form is not available as at today. We will send the weblink to you via email once it is ready. 

** If you are interested in applying scholarships, you will be required to complete the scholarship application forms. However, the online scholarship forms are not available as at today. We will send the weblinks to you via email once they are ready."
19|7|"Year 10"|"20201101"|"Y"|""|""|"AA00029"|"* To complete the application, you are required to complete the school's online exam form as well as the online application form, however, the Y10 online exam form is not available as at today. We will send the weblink to you via email once it is ready."
23|2|"Year 9"|"20221031"|"Y"|"20221017"|""|"AA00080"|"Please find below Badminton School's registration weblink for your completion:

https://www.badmintonschool.co.uk/admissions/registration-forms/junior-and-senior-boarder

Overseas candidates can choose to take either UKiset or Badminton School's exams. 

UKiset result must be received by the school on or before 31-Oct-2022.
We suggest your child to take the UKiset on or before 24-Oct-2022 if possible. 
Alternatively, your child can choose to sit Badminton School’s entrance examinations on Wednesday 16-Nov-2022*.  She will need to take English and Mathematics along with an online cognitive ability (verbal and non-verbal reasoning) test.

*Test date cannot be changed

For students wishing to apply for a Scholarship, please be aware that they cannot submit UKiset results but the Badminton entrance exams which must be taken on Wednesday 16-Nov-2022 and in some instances the Scholarship Assessment will only take place at Badminton.

If you are interested in applying scholarships, applications must be submitted by 17 October 2022 in addition to completing the online Registration Form.

For more information about the scholarships offered at Badminton, please visit the below link to the school's Scholarship Booklet:

https://badmintonschool.fireflycloud.net/scholarships-and-awards/year-9-scholarships"
20|21|"Year 10"|"20211010"|"Y"|"20211001"|""|"AA00029"|"Please find below Brighton College's registration weblink for your completion:

https://www.brightoncollege.org.uk/admissions/registration-overseas-14plus/

When completing the online form, please ensure i) both parent details and ii) Academic Asia's details are completed on the form."
23|4|"Year 10"|"20221112"|"Y"|"20221008"|""|"AA00007"|""
23|2|"Year 7"|"20221230"|"Y"|"20221205"|""|"AA00080"|"Please find below Badminton School's registration weblink for your completion:

https://www.badmintonschool.co.uk/admissions/registration-forms/junior-and-senior-boarder

Overseas candidates can choose to take either UKiset or Badminton School's exams. 

UKiset result must be received by the school on or before 30-Dec-2022.
We suggest your child to take the UKiset on or before 23-Dec-2022 if possible. 
Alternatively, your child can choose to sit Badminton School’s entrance examinations on Wednesday 11-Jan-2023*.  She will need to take English and Mathematics along with an online cognitive ability (verbal and non-verbal reasoning) test.

*Test date cannot be changed

For students wishing to apply for a Scholarship, please be aware that they cannot submit UKiset results but the Badminton entrance exams which must be taken on Wednesday 11-Jan-2023 and in some instances the Scholarship Assessment will only take place at Badminton.

If you are interested in applying scholarships, applications must be submitted by 5 December 2022 in addition to completing the online Registration Form.

For more information about the scholarships offered at Badminton, please visit the below link to the school's Scholarship Booklet:

https://badmintonschool.fireflycloud.net/scholarships-and-awards/year-7-scholarships"
23|21|"Year 12"|"20221009"|"Y"|"20221001"|""|"AA00084"|"Please find below Brighton College's registration weblink for your completion:

https://www.brightoncollege.org.uk/admissions/registration-academic-asia-16plus/

Please also complete the online Overseas Assessment Form here:
https://docs.google.com/forms/d/e/1FAIpQLSdDTlJGB21_Ew-e-1YVqoR_SSpB10tS3P-x9kdY4m_g9nr4bQ/viewform

For details on the A Level courses offered at Brighton, please click on the following link:
https://www.academic-asia.com/web/School/Brighton/Options_at_16_2023.pdf

When completing the online form, please ensure i) both parent details and ii) Academic Asia's details are completed on the form."
23|532|"Year 8"|"20230115"|"Y"|"20221111"|""|"AA00080"|""
20|12|"Year 9"|"20211030"|"Y"|"20211004"|""|"AA00061"|""
20|384|"Year 12"|"20211116"|"Y"|"20211101"|""|"AA00007"|""
20|12|"Year 10"|"20211030"|"Y"|"20211004"|""|"AA00061"|""
20|12|"Year 12"|"20211030"|"Y"|"20211004"|""|"AA00061"|""
20|6|"Year 9"|"20211003"|"Y"|""|""|"AA00007"|""
20|6|"Year 12"|"20211003"|"Y"|""|""|"AA00007"|""
20|1|"Year 10"|"20211106"|"Y"|"20211004"|""|"AA00061"|""
20|1|"Year 12"|"20211106"|"Y"|"20211004"|""|"AA00061"|""
20|3|"Year 7"|"20211009"|"Y"|"20211007"|""|"AA00061"|""
20|3|"Year 8"|"20211009"|"Y"|"20211007"|""|"AA00061"|""
20|3|"Year 9"|"20211009"|"Y"|"20211007"|""|"AA00061"|""
20|1|"Year 7"|"20220108"|"Y"|"20211210"|""|"AA00061"|""
23|1|"Year 8"|"20220704"|"N"|""|""|"AA00080"|""
20|13|"Year 10"|"20211010"|"Y"|"20211008"|""|"AA00061"|""
33|533|"Year 10"|"20220108"|"Y"|"20211201"|""|"AA00079"|""
20|13|"Year 9"|"20211010"|"Y"|"20211008"|""|"AA00061"|""
20|21|"Year 9"|"20211010"|"Y"|"20211001"|""|"AA00029"|"Please find below Brighton College's registration weblink for your completion:

https://www.brightoncollege.org.uk/admissions/registration-overseas-13plus/

When completing the online form, please ensure i) both parent details and ii) Academic Asia's details are completed on the form."
20|13|"Year 12"|"20211010"|"Y"|"20211008"|""|"AA00061"|""
23|4|"Year 9"|"20221112"|"Y"|"20221008"|""|"AA00007"|""
20|21|"Year 12"|"20211010"|"Y"|"20211001"|""|"AA00029"|"Please find below Brighton College's registration weblink for your completion:

https://www.brightoncollege.org.uk/admissions/registration-overseas-16plus/

Please also complete the online Overseas Assessment Form here:
https://forms.gle/Y1Ht6PMQwgF18uv59 

For details on the A Level courses offered at Brighton, please click on the following link:
https://www.brightoncollege.org.uk/media/3896/options-at-16-2021.pdf

When completing the online form, please ensure i) both parent details and ii) Academic Asia's details are completed on the form."
20|7|"Year 12"|"20211031"|"Y"|"20211006"|""|"AA00029"|"* To complete the application, you are required to complete the school's online exam form as well as the online application form. However, the Y12 online exam form is not available as at today, we will send you the weblink via email once it is ready. 

** If you are interested in applying scholarships, you will be required to complete the scholarship application forms. However, the online scholarship forms are not available as at today. We will send you the weblinks via email once they are ready."
20|532|"Year 4"|"20220129"|"Y"|"20211201"|""|"AA00029"|""
20|532|"Year 5"|"20220129"|"Y"|"20211201"|""|"AA00029"|""
23|2|"Year 12"|"20221031"|"Y"|"20221010"|""|"AA00080"|"Please find below Badminton School's registration weblink for your completion:

https://www.badmintonschool.co.uk/admissions/registration-forms/sixth-form-boarder

Overseas candidates can choose to take either UKiset or Badminton School's exams. 

UKiset result must be received by the school on or before 31-Oct-2022.
We suggest your child to take the UKiset on or before 24-Oct-2022 if possible.
Alternatively, your child can choose to sit Badminton School’s entrance examinations on Friday 04-Nov-2022*. She will need to take two subjects papers of her choosing A-Level subjects along with an online cognitive ability (verbal and non-verbal reasoning) test.

*Test date cannot be changed

For students wishing to apply for a Scholarship, please be aware that they cannot submit UKiset results but the Badminton entrance exams which must be taken on Friday 04-Nov-2022 and in some instances the Scholarship Assessment will only take place at Badminton.

If you are interested in applying scholarships, applications must be submitted by 10 October 2022 in addition to completing the online Registration Form.

For more information about the scholarships offered at Badminton, please visit the below link to the school's Scholarship Booklet:

https://badmintonschool.fireflycloud.net/scholarships-and-awards/lower-sixth-scholarships"
20|532|"Year 6"|"20220129"|"Y"|"20211201"|""|"AA00029"|""
23|2|"Year 8"|"20221230"|"Y"|"20221205"|""|"AA00080"|"Please find below Badminton School's registration weblink for your completion:

https://www.badmintonschool.co.uk/admissions/registration-forms/junior-and-senior-boarder

Overseas candidates can choose to take either UKiset or Badminton School's exams. 

UKiset result must be received by the school on or before 30-Dec-2022.
We suggest your child to take the UKiset on or before 23-Dec-2022 if possible. 
Alternatively, your child can choose to sit Badminton School’s entrance examinations on Wednesday 11-Jan-2023**.  She will need to take English and Mathematics along with an online cognitive ability (verbal and non-verbal reasoning) test.

**Test date cannot be changed"
23|2|"Year 10"|"20221031"|"Y"|"20221017"|""|"AA00080"|"Please find below Badminton School's registration weblink for your completion:

https://www.badmintonschool.co.uk/admissions/registration-forms/junior-and-senior-boarder

Overseas candidates can choose to take either UKiset or Badminton School's exams. 

UKiset result must be received by the school on or before 31-Oct-2022.
We suggest your child to take the UKiset on or before 24-Oct-2022 if possible. 
Alternatively, your child can choose to sit Badminton School’s entrance examinations on Wednesday 16-Nov-2022**.  She will need to take English and Mathematics along with an online cognitive ability (verbal and non-verbal reasoning) test.

**Test date cannot be changed"
20|9|"Year 10"|"20211030"|"Y"|"20211002"|""|"AA00029"|""
20|4|"Year 9"|"20211114"|"Y"|"20211001"|""|"AA00007"|""
20|4|"Year 10"|"20211114"|"Y"|"20211008"|""|"AA00007"|""
23|7|"Year 8"|"20221030"|"Y"|"20221007"|""|"AA00080"|"* To complete the application, you are required to complete the school's online exam form before the registration deadline, in order for your daughter to be included to sit the school's entrance examination. 

Please find below the weblink to the exam form:

https://docs.google.com/forms/d/e/1FAIpQLSflPjM7IKyg8bEr3q9q-CoLyH1CU4EuWpys6nvR804nvXQSvg/viewform"
20|4|"Year 12"|"20211107"|"Y"|"20211008"|""|"AA00007"|""
20|533|"Year 9"|"20220108"|"Y"|"20211201"|""|"AA00007"|""
20|533|"Year 10"|"20220108"|"Y"|"20211201"|""|"AA00007"|""
20|533|"Year 12"|"20211106"|"Y"|"20211008"|""|"AA00007"|""
20|103|"Year 10"|"20211106"|"Y"|"20211018"|""|"AA00007"|""
20|103|"Year 9"|"20211106"|"Y"|"20211018"|""|"AA00007"|""
20|103|"Year 12"|"20211031"|"Y"|"20211029"|""|"AA00007"|""
20|1|"Year 9"|"20211016"|"Y"|"20211004"|""|"AA00007"|"Y9 Sep2023"
20|532|"Year 7"|"20220115"|"Y"|"20211201"|""|"AA00029"|""
20|11|"Year 10"|"20211107"|"Y"|"20211001"|""|"AA00084"|"Please download the Exam Entry Form to complete and return by email only, to your Consultant-In-Charge with the Reg Form and Fee. Thank you.
For Music Scholarship application, your consultant-in-charge will contact you to advise the procedure."
27|2|"Year 8"|"20251018"|"Y"|"20250930"|""|"AA00007"|""
27|2|"Year 9"|"20251018"|"Y"|"20250930"|""|"AA00146"|""
27|2|"Year 10"|"20251018"|"Y"|"20250930"|""|"AA00146"|""
27|2|"Year 12"|"20251018"|"Y"|"20250930"|""|"AA00146"|""
23|11|"Year 12"|"20221113"|"Y"|"20221001"|""|"AA00080"|"Apart from Registration Form, please kindly make sure you submit the below pages from Academic Application Form to facilitate the application:

Academic Application Form (Page1-4)

For student applying for music scholarship, kindly refer to your audition result.  If you are encouraged to proceed, please complete and submit Music Scholarship Application Form (Page 7) with the above document.

If you are interested in applying for Art, Drama and Sports Scholarship, please complete the relevant form and return by email to your Consultant-In-Charge.  Please note that student is required to fly to the UK for the assessments.

Please find a copy of the Sixth Form Entrance 2022-23 Notes on Academic Assessment for your reference."
33|533|"Year 12"|"20211106"|"Y"|"20211008"|""|"AA00079"|""
23|4|"Year 12"|"20221106"|"Y"|"20221008"|""|"AA00007"|""
23|6|"Year 12"|"20221002"|"Y"|""|""|"AA00007"|""
23|11|"Year 9"|"20221106"|"Y"|"20221001"|""|"AA00080"|"Please download the Exam Entry Form to complete and return by email to your Consultant-In-Charge with the Reg Form and Fee.  Please only pay by bank transfer.

Attached are the scholarship entry forms and guidance notes for pupils applying for Septmeber 2023 entry.  If you are interested in applying  the scholarship/s, please complete the following scholarship form/s and send back to us with the registration form and exam entry form:

1. All-Rounder Scholarship
2. Art Scholarship 
3. Drama Scholarship
4. Design & Technology Scholarship
5. Sports Scholarship
6. Music Scholarship*

* For students applying for music scholarship, please refer to your audition result.  If you are encouraged to proceed, please complete the Music Scholarship Form and return to us."
23|3|"Year 12"|"20221015"|"Y"|"20221013"|""|"AA00080"|""
23|13|"Year 9"|"20221008"|"Y"|"20221006"|""|"AA00080"|"If your son wishes to apply for a music scholarship, please click the below link to complete the online form no later than 31 October 2022:

https://www.warwickschool.org/musicscholarshipapplication"
23|22|"Year 12"|"20221030"|"Y"|"20220930"|""|"AA00080"|"Year 12 candidates should also complete the Sixth Form Application Form by clicking the below link:

https://www.uppingham.co.uk/admissions/sixth-form-application-form-for-2023-entry

The entrance exam will take place on 30 October 2022.  Please do not tick any exam date on the Sixth Form Application Form.  
If the system demands a date is entered, then just enter 7 November."
20|7|"Year 10"|"20211031"|"Y"|""|""|"AA00029"|"* To complete the application, you are required to complete the school's online exam form before the registration deadline, in order for your daughter to be included to take the school's entrance examination. 

Please find below the weblink to the exam form:

https://docs.google.com/forms/d/e/1FAIpQLScTzvCR6hKdip76gXfeqgD3CJHqHtS3wApAnHeIko97gR-UQA/viewform"
20|7|"Year 9"|"20211031"|"Y"|"20211015"|""|"AA00029"|"* To complete the application, you are required to complete the school's online exam form before the registration deadline, in order for your daughter to be included to sit the school's entrance examination. 

Please find below the weblink to the exam form:

https://docs.google.com/forms/d/e/1FAIpQLScKypjTdhf3Ykq27rCqzzgP0yd--_XOzDf-7OYJQE0OQ5_qSA/viewform

** If you are interested in applying scholarships, please complete the Scholarship Application Form before 14th October 2021:

https://docs.google.com/forms/d/e/1FAIpQLSc7NDq5IfiA7tFW-lSHhmt3Ag5pbld65cnt-5Q1a1ZW0RYWvg/viewform

***For more information about the scholarships offered at Headington, please visit below link to the school's Scholarship Booklet:

https://publications.headington.org/scholarships-and-financial-assistance-at-11-and-13/cover/"
23|13|"Year 10"|"20221008"|"Y"|"20221006"|""|"AA00080"|""
23|21|"Year 9"|"20221009"|"Y"|"20221001"|""|"AA00084"|"Please find below Brighton College's registration weblink for your completion:

https://www.brightoncollege.org.uk/admissions/registration-academic-asia-13plus/

Please also complete the online Year 9 Entrance Assessment Form here:
https://docs.google.com/forms/d/e/1FAIpQLSfFWA9umc9BHkA7pJ7-veuapLB5Gn2MqOkky9Ik7IVCq_1Qfw/viewform

When completing the online form, please ensure i) both parent details and ii) Academic Asia's details are completed on the form."
20|11|"Year 12"|"20211107"|"Y"|"20211001"|""|"AA00029"|"Please kindly make sure you submit the below pages from Academic Application Form (included in the Reg Form) to facilitate the application:

Academic Application Form (Page1-4)

For student applying for music scholarship, please refer to your audition result and if you are encouraged to proceed, please complete and submit Music Scholarship Application Form (Page 7) with the above document.

If you are interested in applying for Art, Drama and Sports Scholarship, please complete the relevant form and return by email to your Consultant-In-Charge. Please note that student is required to fly to the UK for the assessments.

Please find a copy of the Sixth Form Entrance 2021-22 Notes on Academic Assessment for your reference."
25|6|"Year 12"|"20231001"|"Y"|"20231001"|""|"AA00007"|""
23|13|"Year 12"|"20221008"|"Y"|"20221006"|""|"AA00080"|"If your son wishes to apply for a music scholarship, please click the below link to complete the online form no later than 31 October 2022:

https://www.warwickschool.org/musicscholarshipapplication"
36|533|"Year 10"|"20230114"|"Y"|"20221124"|""|"AA00079"|""
23|6|"Year 9"|"20221002"|"Y"|""|""|"AA00007"|""
26|11|"Year 10"|"20241110"|"Y"|"20241001"|""|"AA00007"|""
20|532|"Year 8"|"20220115"|"Y"|"20211201"|""|"AA00029"|""
20|2|"Year 10"|"20211029"|"N"|"20211011"|""|"AA00082"|"Please find below Badminton School's registration weblink for your completion:

https://www.badmintonschool.co.uk/admissions/registration-forms/junior-and-senior-boarder

Overseas candidates can choose to take either UKiset or Badminton School's exams. 

UKiset result must be received by the school on or before 29-Oct-2021.
We suggest your child to take the UKiset on or before 25-Oct-2021 if possible.
Alternatively, your child can choose to sit Badminton School’s entrance examinations on Wednesday 10-Nov-2021. She will need to take English and Mathematics along with an online cognitive ability (verbal and non-verbal reasoning) test."
23|7|"Year 9"|"20221030"|"Y"|"20221007"|""|"AA00080"|"* To complete the application, you are required to complete the school's online exam form before the registration deadline, in order for your daughter to be included to sit the school's entrance examination. 

Please find below the weblink to the exam form:

https://docs.google.com/forms/d/e/1FAIpQLScB6bEONVStrbWwsuxRibVau-aGTa3egLW_bkFIOhXWQI0LdQ/viewform

* If you are interested in applying scholarships, please complete the Scholarship Application Form before 14 October 2022:

https://docs.google.com/forms/d/e/1FAIpQLSfizoK6N3LkZz8wTJeeT2f4i2QHgr4Cxb8VnE5x1bHhv7_HgQ/viewform

*** For more information about the scholarships offered at Headington, please visit below link to the school's Scholarship Booklet:

https://publications.headington.org/scholarships-and-financial-assistance-at-11-and-13/"
33|533|"Year 9"|"20220108"|"Y"|"20211201"|""|"AA00079"|""
23|532|"Year 7"|"20230115"|"Y"|"20221111"|""|"AA00080"|""
23|384|"Year 12"|"20221114"|"Y"|"20221101"|""|"AA00007"|""
23|532|"Year 4"|"20230204"|"Y"|"20221111"|""|"AA00080"|""
23|9|"Year 12"|"20221106"|"Y"|"20221001"|""|"AA00080"|"Year 12 candidates need to sit Lancing College’s entrance examinations no later than 6 November 2022. 

Applicants will need to take CAT4 and an English Written Task. 

* Please kindly inform your Consultant-In-Charge the date and time your child wishes to sit the tests at our office.  We will make an appointment for you."
20|7|"Year 7"|"20211121"|"Y"|"20211101"|""|"AA00029"|"* To complete the application, you are required to complete the school's online exam form before the registration deadline, in order for your daughter to be included to sit the school's entrance examination. 

Please find below the weblink to the exam form:

https://docs.google.com/forms/d/e/1FAIpQLSeAk_f3w-I7jgvilh4J7EOKkMXiR7mVAluCJh4hQmg9SSCydA/viewform

** If you are interested in applying scholarships, please complete the Scholarship Application Form before 5th November 2021:

https://docs.google.com/forms/d/e/1FAIpQLSeaq7IMAlDbosKjCQmTFMik0bL0ae1BJE0nXwaI37boHQcl4A/viewform

***For more information about the scholarships offered at Headington, please visit below link to the school's Scholarship Booklet:

https://publications.headington.org/scholarships-and-financial-assistance-at-11-and-13/cover/"
20|9|"Year 9"|"20211030"|"Y"|"20211002"|""|"AA00029"|""
20|9|"Year 12"|"20211030"|"Y"|"20211002"|""|"AA00029"|"- All Y12 entry applicants are required to submit a handwritten personal statement.  It can be submitted to your Consultant-In-Charge, by 30 October 2021 the latest."
23|7|"Year 10"|"20221023"|"Y"|""|""|"AA00080"|"* To complete the application, you are required to complete the school's online exam form before the registration deadline, in order for your daughter to be included to take the school's entrance examination. 

Please find below the weblink to the exam form:

https://docs.google.com/forms/d/e/1FAIpQLScuSlL0f05cK7MHRCc_HUYaqCpQ0okYWz-WRV0fxhdpy7D9JA/viewform"
23|7|"Year 7"|"20221120"|"Y"|"20221104"|""|"AA00080"|"* To complete the application, you are required to complete the school's online exam form before the registration deadline, in order for your daughter to be included to sit the school's entrance examination. 

Please find below the weblink to the exam form:

https://docs.google.com/forms/d/e/1FAIpQLSe8z_Mr1gGqmi5qm1dIaj_rZl5rJdhDdxtjltZjuD8mSgefMg/viewform

* If you are interested in applying scholarships, please complete the Scholarship Application Form before 4 November 2022:

https://docs.google.com/forms/d/e/1FAIpQLSdcpCBp_WNiFM9rIXOJYBrsdicmocxGms3lF9pheUTK9zwdEw/viewform

** For more information about the scholarships offered at Headington, please visit below link to the school's Scholarship Booklet:

https://publications.headington.org/scholarships-and-financial-assistance-at-11-and-13/"
23|7|"Year 12"|"20221023"|"Y"|"20221007"|""|"AA00080"|"* To complete the application, you are required to complete the school's online exam form before the registration deadline, in order for your daughter to be included to sit the school's entrance examination. 

Please find below the weblink to the exam form:

https://docs.google.com/forms/d/e/1FAIpQLSdG7HKRaL8JuYjPnrlfvz4xZjD94qleKZUlAQ_3j6-vaHEXxg/viewform

* If you are interested in applying scholarships, please complete the Scholarship Application Form before 14 October 2022:

https://docs.google.com/forms/d/e/1FAIpQLSf4lOUBn7rzzhxDThc30zygsOJA7i7a0YB7NdgISZT9GRZKWQ/viewform

** For more information about the scholarships offered at Headington, please visit below link to the school's Scholarship Booklet:

https://publications.headington.org/scholarships-and-special-awards-16/"
23|532|"Year 5"|"20230204"|"Y"|"20221111"|""|"AA00080"|""
23|9|"Year 10"|"20000101"|"N"|"20221001"|""|"AA00080"|"Year 10 candidates need to sit Lancing College’s entrance examinations as soon as registration is made.  Please ignore the above exam date.  Applicants will need to take CAT4 and an English Written Task.  

* Please kindly inform your Consultant-In-Charge the date and time your child wishes to sit the tests at our office.  We will make an appointment for you."
23|532|"Year 6"|"20230204"|"Y"|"20221111"|""|"AA00080"|""
25|22|"Year 10"|"20231029"|"Y"|"20230930"|""|"AA00007"|""
23|22|"Year 10"|"20221030"|"Y"|"20220930"|""|"AA00007"|""
25|3|"Year 9"|"20231014"|"Y"|"20231012"|""|"AA00007"|""
23|533|"Year 10"|"20230114"|"Y"|"20221124"|""|"AA00007"|""
23|22|"Year 9"|"20221030"|"Y"|"20220930"|""|"AA00007"|""
23|1|"Year 9"|"20221015"|"Y"|"20221003"|"Y9 Sep2024"|"AA00007"|"Y9 Sep2024"
23|21|"Year 10"|"20221009"|"Y"|"20221001"|""|"AA00084"|"Please find below Brighton College's registration weblink for your completion:

https://www.brightoncollege.org.uk/admissions/registration-academic-asia-14plus/

Please also complete the online Year 10 Entrance Assessment Form here:
https://docs.google.com/forms/d/e/1FAIpQLSeLaGAzDYPN6kwFjSmP40UnNAoiWDbwZb-aV7N8Bu4ABlj-Hg/viewform

When completing the online form, please ensure i) both parent details and ii) Academic Asia's details are completed on the form."
20|11|"Year 9"|"20211107"|"Y"|"20211001"|""|"AA00029"|"Please download the Exam Entry Form to complete and return by email to your Consultant-In-Charge with the Reg Form and Fee. Please only pay by bank transfer.

Please find attached the scholarship forms below for your reference, if you are interested in applying to the scholarship, please kindly complete the form and send back to us with the registration form:


1. All Rounder Scholarship
2. Art Scholarship 
3. Drama Scholarship
4. Design & Technology Scholarship
5. Sports Scholarship"
19|11|"Year 10"|"20201108"|"Y"|"20201001"|""|"AA00084"|"Please download the Exam Entry Form to complete and return by email only, to your Consultant-In-Charge with the Reg Form and Fee. Thank you.
For Music Scholarship application, your consultant-in-charge will contact you to advise the procedure."
19|11|"Year 12"|"20201108"|"Y"|"20201001"|""|"AA00084"|"Please kindly make sure you submit the below pages from Academic Application Form (included in the Reg Form) to facilitate the application:

Academic Application Form (Page1-4)

For student applying for music scholarship, please refer to your audition result and if you are encouraged to proceed, please complete and submit Music Scholarship Application Form (Page 7) with the above document.

If you are interested in applying for Art, Drama and Sports Scholarship, please complete the form and return by email to your Consultant-In-Charge. Please note that student is required to fly to the UK for the assessments.

Please find a copy of the Sixth Form Entrance 2020-21 Notes on Academic Assessment for your reference."
25|1|"Year 10"|"20231105"|"Y"|"20231002"|""|"AA00007"|""
23|103|"Year 7"|"20220704"|"N"|""|""|"AA00080"|""
20|2|"Year 12"|"20211022"|"N"|"20211004"|""|"AA00082"|"Please find below Badminton School's registration weblink for your completion:

https://www.badmintonschool.co.uk/admissions/registration-forms/sixth-form-boarder

Overseas candidates can choose to take either UKiset or Badminton School's exams. 

UKiset result must be received by the school on or before 22-Oct-2021.
We suggest your child to take the UKiset on or before 18-Oct-2021 if possible.
Alternatively, your child can choose to sit Badminton School’s entrance examinations on Friday 5-Nov-2021. She will need to take two subjects papers of her choosing A-Level subjects along with an online cognitive ability (verbal and non-verbal reasoning) test."
27|21|"Year 9"|"20251012"|"N"|"20251005"|""|"AA00082"|""
23|3|"Year 7"|"20221015"|"Y"|"20221013"|""|"AA00080"|""
23|1|"Year 7"|"20220704"|"N"|""|""|"AA00080"|""
20|7|"Year 8"|"20211031"|"Y"|"20211015"|""|"AA00029"|"* To complete the application, you are required to complete the school's online exam form before the registration deadline, in order for your daughter to be included to sit the school's entrance examination. 

Please find below the weblink to the exam form:

https://docs.google.com/forms/d/e/1FAIpQLSdzAjlDZW9C4OlZcRhFa-Mtwza2H5pduhzc6QEwE8DLs9IfEg/viewform"
23|3|"Year 8"|"20221015"|"Y"|"20221013"|""|"AA00080"|""
36|533|"Year 12"|"20221112"|"Y"|"20221007"|""|"AA00079"|""
23|533|"Year 9"|"20230114"|"Y"|"20221124"|""|"AA00007"|""
23|533|"Year 12"|"20221112"|"Y"|"20221007"|""|"AA00007"|""
23|103|"Year 10"|"20221016"|"Y"|"20221014"|""|"AA00007"|""
26|532|"Year 7"|"20250111"|"Y"|"20241125"|""|"AA00082"|""
20|2|"Year 7"|"20211216"|"N"|"20211206"|""|"AA00082"|"Please find below Badminton School's registration weblink for your completion:

https://www.badmintonschool.co.uk/admissions/registration-forms/junior-and-senior-boarder

Overseas candidates can choose to take either UKiset or Badminton School's exams. 

UKiset result must be received by the school on or before 16-Dec-2021.
We suggest your child to take the UKiset on or before 11-Dec-2021 if possible. 
Alternatively, your child can choose to sit Badminton School’s entrance examinations on Wednesday 12-Jan-2022. She will need to take English and Mathematics along with an online cognitive ability (verbal and non-verbal reasoning) test."
20|2|"Year 8"|"20211216"|"N"|"20211206"|""|"AA00082"|"Please find below Badminton School's registration weblink for your completion:

https://www.badmintonschool.co.uk/admissions/registration-forms/junior-and-senior-boarder

Overseas candidates can choose to take either UKiset or Badminton School's exams. 

UKiset result must be received by the school on or before 16-Dec-2021.
We suggest your child to take the UKiset on or before 11-Dec-2021 if possible. 
Alternatively, your child can choose to sit Badminton School’s entrance examinations on Wednesday 12-Jan-2022. She will need to take English and Mathematics along with an online cognitive ability (verbal and non-verbal reasoning) test."
20|2|"Year 9"|"20211029"|"N"|"20211011"|""|"AA00082"|"Please find below Badminton School's registration weblink for your completion:

https://www.badmintonschool.co.uk/admissions/registration-forms/junior-and-senior-boarder

Overseas candidates can choose to take either UKiset or Badminton School's exams.

UKiset result must be received by the school on or before 29-Oct-2021.
We suggest your child to take the UKiset on or before 25-Oct-2021 if possible.
Alternatively, your child can choose to sit Badminton School’s entrance examinations on Wednesday 10-Nov-2021. She will need to take English and Mathematics along with an online cognitive ability (verbal and non-verbal reasoning) test."
23|3|"Year 10"|"20221015"|"Y"|"20221013"|""|"AA00007"|""
26|11|"Year 12"|"20241110"|"Y"|"20241001"|""|"AA00007"|""
25|3|"Year 12"|"20231014"|"Y"|"20231012"|""|"AA00007"|""
27|21|"Year 10"|"20251012"|"N"|"20251005"|""|"AA00082"|""
26|11|"Year 9"|"20241110"|"Y"|"20241001"|""|"AA00007"|""
25|1|"Year 12"|"20231105"|"Y"|"20231002"|""|"AA00007"|""
27|21|"Year 12"|"20251012"|"N"|"20251005"|""|"AA00082"|""
25|1|"Year 7"|"20240113"|"Y"|"20231002"|""|"AA00007"|""
26|2|"Year 8"|"20241020"|"Y"|"20240930"|""|"AA00082"|"Please find below Badminton School's registration weblink for your completion:

<a href=""https://www.badmintonschool.co.uk/admissions/registration-forms/junior-and-senior-boarder"">BadmintonRegistrationFormJuniorSeniorLink</a>

Overseas candidates can choose to take either UKiset or Badminton School's exams. 

UKiset result must be received by the school on or before 2-Jan-2024.
We suggest your child to take the UKiset on or before 26-Dec-2023 if possible. 
Alternatively, your child can choose to sit Badminton School’s entrance examinations on Saturday 6-Jan-2024*.  She will need to take English and Mathematics along with an online cognitive ability (verbal and non-verbal reasoning) test.

*Test date cannot be changed"
25|6|"Year 9"|"20231001"|"Y"|"20231001"|""|"AA00007"|"Y9 Sep2025 
Y9 Sep2024 reassess"
25|3|"Year 10"|"20231014"|"Y"|"20231012"|""|"AA00007"|""
25|9|"Year 9"|"20000101"|"Y"|""|"Apply ASAP and take exam ASAP"|"AA00084"|"Year 9 candidates need to sit Lancing College’s entrance examinations as soon as registration is made.  Please ignore the above exam date.  Applicants will need to take CAT4 and an English Written Task.

* Please kindly inform your Consultant-In-Charge the date and time your child wishes to sit the tests at our office.  We will make an appointment for you."
27|11|"Year 10"|"20251109"|"Y"|"20251001"|""|"AA00007"|""
27|11|"Year 12"|"20251109"|"Y"|"20251001"|""|"AA00007"|""
27|11|"Year 9"|"20251109"|"Y"|"20251001"|""|"AA00007"|""
25|11|"Year 9"|"20231105"|"Y"|"20231004"|""|"AA00084"|"Please download the Exam Entry Form to complete and return by email to your Consultant-In-Charge with the Reg Form and Fee.  Please only pay by bank transfer.

Attached are the scholarship entry forms and guidance notes for pupils applying for Septmeber 2024 entry.  If you are interested in applying for the scholarship/s, please complete the following scholarship form/s and send back to us with the registration form and exam entry form:

1. All-Rounder Scholarship
2. Art Scholarship 
3. Drama Scholarship
4. Design & Technology Scholarship
5. Sports Scholarship
6. Music Scholarship*

* For students applying for music scholarship, please refer to your audition result.  If you are encouraged to proceed, please complete the Music Scholarship Form and return to us."
23|1|"Year 10"|"20221105"|"Y"|"20221003"|""|"AA00007"|""
23|1|"Year 12"|"20221105"|"Y"|"20221003"|""|"AA00007"|""
25|103|"Year 12"|"20231104"|"Y"|"20231016"|""|"AA00007"|"Please also complete the online Overseas Assessment Form here:
<a href=""https://docs.google.com/forms/d/e/1FAIpQLSfsU76bYNmHuqulZIhcg3rIhBaWSTXQxA3CC4LlKBouji96Mg/viewform"">CaterhamOverseasAssessmentForm</a>"
25|2|"Year 12"|"20231031"|"Y"|"20231009"|"Date to submit UKiset : Tuesday 31 October 2023
Badminton’s entrance examinations on Saturday 4 November 2023."|""|"Please find below Badminton School's registration weblink for your completion:

<a href=""https://www.badmintonschool.co.uk/admissions/registration-forms/sixth-form-boarder"">BadmintonRegistrationLinkSixthForm</a>

Overseas candidates can choose to take either UKiset or Badminton School's exams. 

UKiset result must be received by the school on or before 31-Oct-2023.
We suggest your child to take the UKiset on or before 24-Oct-2023 if possible.
Alternatively, your child can choose to sit Badminton School’s entrance examinations on Saturday 4-Nov-2023*. She will need to take two subjects papers of her choosing A-Level subjects along with an online cognitive ability (verbal and non-verbal reasoning) test.

*Test date cannot be changed

For students wishing to apply for a Scholarship, please be aware that they cannot submit UKiset results but the Badminton entrance exams which must be taken on Saturday 4-Nov-2022 and in some instances the Scholarship Assessment will only take place at Badminton.

If you are interested in applying scholarships, applications must be submitted by 9 October 2023 in addition to completing the online Registration Form.

For more information about the scholarships offered at Badminton, please visit the below link to the school's Scholarship Booklet:

<a href=""https://badmintonschool.fireflycloud.net/scholarships-and-awards/lower-sixth-scholarships"">BadmintonScholarshipBooklet</a>"
23|500|"Year 7"|"20221029"|"Y"|"20221010"|""|"AA00007"|""
25|12|"Year 10"|"20231104"|"Y"|"20231007"|""|"AA00007"|"Y10 Sep2024"
23|500|"Year 12"|"20221029"|"Y"|"20220930"|""|"AA00007"|""
23|500|"Year 10"|"20000101"|"N"|""|""|"AA00007"|""
23|500|"Year 8"|"20000101"|"N"|""|""|"AA00007"|""
25|12|"Year 12"|"20231104"|"Y"|"20231007"|""|"AA00007"|"Y12 Sep2024"
23|500|"Year 9"|"20221029"|"Y"|"20221014"|"Y9 Sep2023"|"AA00007"|"The Application Deadline and Entrance Exam dates are for Y9 Sep2023 Entry. 

For Y9 Sep2024 application, your Consultant-In-Charge will contact you to follow up. Thank you."
25|12|"Year 9"|"20231104"|"Y"|"20231007"|""|"AA00007"|"Y9 Sep2024"
25|103|"Year 10"|"20231104"|"Y"|"20231016"|""|"AA00007"|""
25|103|"Year 9"|"20231104"|"Y"|"20231016"|""|"AA00007"|""
25|13|"Year 10"|"20231007"|"Y"|"20231005"|""|"AA00007"|""
25|7|"Year 7"|"20231119"|"Y"|"20231103"|""|""|"* To complete the application, you are required to complete the school's online exam form before 3 November 2023, in order for your daughter to be included to sit the school's entrance examination. 
Please find the exam form in the attached overseas entrance information letter.

* If you are interested in applying scholarships, please complete the Scholarship Application Form before 3 November 2023. This can be found in the attached letter as well. For more information about the scholarships offered at Headington, please visit below link to the school's Scholarship Booklet:
<a href=""https://publications.headington.org/scholarships-and-financial-assistance-at-11-and-13-headington-rye-oxford/"">HeadingtonScholarshipBooklet</a>"
25|500|"Year 9"|"20231028"|"Y"|"20230930"|"applicants should take school exam on 28 Oct 2023
EAL cert by 31 Oct 2023
applicants should take ISEB by 10 Nov 2023"|"AA00007"|""
25|4|"Year 10"|"20231112"|"Y"|"20230930"|""|"AA00007"|""
25|2|"Year 10"|"20231031"|"Y"|"20231016"|"Date to submit UKiset: Tuesday 31 October 2023 
Badminton’s entrance examinations on  Saturday 11-Nov-2023."|"AA00007"|"Please find below Badminton School's registration weblink for your completion:

<a href=""https://www.badmintonschool.co.uk/admissions/registration-forms/junior-and-senior-boarder"">BadmintonRegistrationFormJuniorSeniorLink</a>

Overseas candidates can choose to take either UKiset or Badminton School's exams. 
UKiset result must be received by the school on or before 31-Oct-2023.

We suggest your child to take the UKiset on or before 24-Oct-2023 if possible. 
Alternatively, your child can choose to sit Badminton School’s entrance examinations on Saturday 11-Nov-2023**.  She will need to take English and Mathematics along with an online cognitive ability (verbal and non-verbal reasoning) test.

**Test date cannot be changed"
26|532|"Year 5"|"20250201"|"Y"|"20241125"|""|"AA00082"|""
25|4|"Year 9"|"20231112"|"Y"|"20230930"|""|"AA00007"|""
25|384|"Year 12"|"20231114"|"Y"|"20231031"|""|"AA00007"|""
26|7|"Year 7"|"20241117"|"Y"|"20241011"|""|"AA00082"|""
25|2|"Year 8"|"20240102"|"Y"|"20231211"|"Date to submit UKiset: 2 Jan 2024
Badminton’s entrance examinations on Wednesday 10 January 2024."|"AA00007"|"Please find below Badminton School's registration weblink for your completion:

<a href=""https://www.badmintonschool.co.uk/admissions/registration-forms/junior-and-senior-boarder"">BadmintonRegistrationFormJuniorSeniorLink</a>

Overseas candidates can choose to take either UKiset or Badminton School's exams. 

UKiset result must be received by the school on or before 2-Jan-2024.
We suggest your child to take the UKiset on or before 26-Dec-2023 if possible. 
Alternatively, your child can choose to sit Badminton School’s entrance examinations on Saturday 6-Jan-2024*.  She will need to take English and Mathematics along with an online cognitive ability (verbal and non-verbal reasoning) test.

*Test date cannot be changed"
25|4|"Year 12"|"20231105"|"Y"|"20230930"|""|"AA00007"|""
25|1|"Year 9"|"20000101"|"Y"|"20231002"|""|"AA00082"|"Exam Date for Year 9 2024 Entry: 8 October 2023
Exam Date for Year 9 2025 Entry: 15 October 2023"
25|7|"Year 9"|"20231029"|"Y"|"20231006"|""|""|"* To complete the application, you are required to complete the school's online exam form before Friday 6 October 2023, in order for your daughter to be included to sit the school's entrance examination. 
Please find the exam form in the attached overseas entrance information letter.

* If you are interested in applying scholarships, please complete the Scholarship Application Form before 7pm HK Time on 11 October 2023. This can be found in the attached letter as well. For more information about the scholarships offered at Headington, please visit below link to the school's Scholarship Booklet:
<a href=""https://publications.headington.org/scholarships-and-financial-assistance-at-11-and-13-headington-rye-oxford/"">HeadingtonScholarshipBooklet</a>"
26|1|"Year 9"|"20000101"|"N"|""|"Y9 Sep 2026 Application Deadline: 2 Oct 2024
Y9 Sep 2025 Application Deadline: 27 Sept 2024"|"AA00082"|"Y9 Sep 2026 Exam Date	13 Oct 2024
Y9 Sep 2025 Exam Date	29 Sep 2024"
26|7|"Year 8"|"20241103"|"Y"|"20241011"|""|"AA00082"|""
25|7|"Year 12"|"20231022"|"Y"|"20231006"|""|""|"* To complete the application, you are required to complete the school's online exam form before Friday 6 October 2023, in order for your daughter to be included to sit the school's entrance examination. 
Please find the exam form in the attached overseas entrance information letter.

* If you are interested in applying scholarships, please complete the Scholarship Application Form before 7pm HK Time on 11 October 2023. This can be found in the attached letter as well. For more information about the scholarships offered at Headington, please visit below link to the school's Scholarship Booklet:
<a href=""https://publications.headington.org/scholarships-and-special-awards-16-headington-rye-oxford/"">HeadingtonScholarshipBooklet</a>"
26|7|"Year 9"|"20241103"|"Y"|"20241011"|""|"AA00082"|""
26|532|"Year 8"|"20250111"|"Y"|"20241125"|""|"AA00082"|""
26|7|"Year 10"|"20241103"|"Y"|"20241011"|""|"AA00082"|""
26|418|"Year 9"|"20241020"|"Y"|"20240930"|""|"AA00082"|"We welcome applicants for Year 9 2026, availability for 2025 is extremely limited."
25|418|"Year 10"|"20231015"|"Y"|"20231006"|""|"AA00007"|""
25|418|"Year 9"|"20231015"|"Y"|"20231006"|""|"AA00007"|""
25|418|"Year 12"|"20231015"|"Y"|"20231006"|""|"AA00007"|""
25|500|"Year 7"|"20231028"|"Y"|"20230930"|"applicants should take school exam on 28 Oct 2023
EAL cert by 31 Oct 2023
applicants should take ISEB by 10 Nov 2023"|"AA00007"|""
25|500|"Year 12"|"20231028"|"Y"|"20230930"|"applicants should take school exam on 28 Oct 2023
EAL cert by 31 Oct 2023
Ukiset to school by 30 September 2023"|"AA00007"|""
26|2|"Year 7"|"20241020"|"Y"|"20240930"|""|"AA00082"|"Please find below Badminton School's registration weblink for your completion:

<a href=""https://www.badmintonschool.co.uk/admissions/registration-forms/junior-and-senior-boarder"">BadmintonRegistrationFormJuniorSeniorLink</a>

*Test date cannot be changed

For students wishing to apply for a Scholarship, please be aware that they cannot submit UKiset results but the Badminton entrance exams which must be taken on Saturday 6-Jan-2024 and in some instances the Scholarship Assessment will only take place at Badminton.

If you are interested in applying scholarships, applications must be submitted by Monday 11 December 2023 in addition to completing the online Registration Form.

For more information about the scholarships offered at Badminton, please visit the below link to the school's Scholarship Booklet:

<a href=""https://badmintonschool.fireflycloud.net/scholarships-and-awards/year-7-scholarships"">BadmintonScholarshipBooklet</a>"
26|7|"Year 12"|"20241103"|"Y"|"20241011"|""|"AA00082"|""
25|21|"Year 10"|"20231008"|"Y"|"20231003"|""|"AA00007"|"Please find below Brighton College's registration weblink for your completion:

<a href=""https://www.brightoncollege.org.uk/admissions/registration-academic-asia-14plus/"">BrightonRegistrationLink14</a>

When completing the online form, please ensure both parent details are completed on the form."
25|7|"Year 8"|"20231029"|"Y"|"20231006"|""|"AA00082"|"* To complete the application, you are required to complete the school's online exam form before Friday 6 October 2023, in order for your daughter to be included to sit the school's entrance examination. 
Please find the exam form in the attached overseas entrance information letter."
26|6|"Year 12"|"20240929"|"Y"|"20240929"|""|"AA00082"|""
26|500|"Year 12"|"20241026"|"Y"|"20240930"|"EAL Cert  by 30 Sept for all year groups
UKiset ASAP"|"AA00082"|"applicants should take school exam on 26 Oct 2024; English language (if English is not her first language) and three papers of the subjects 
EAL cert by 30 Sept 2024
Ukiset to school by 30 September 2024"
25|21|"Year 9"|"20231008"|"Y"|"20231003"|""|"AA00007"|"Please find below Brighton College's registration weblink for your completion:

<a href=""https://www.brightoncollege.org.uk/admissions/registration-academic-asia-13plus/"">BrightonRegistrationLink13</a>

When completing the online form, please ensure both parent details are completed on the form."
25|7|"Year 10"|"20231029"|"Y"|"20231006"|""|"AA00082"|"* To complete the application, you are required to complete the school's online exam form before Friday 6 October 2023, in order for your daughter to be included to sit the school's entrance examination. 
Please find the exam form in the attached overseas entrance information letter."
25|21|"Year 12"|"20231008"|"Y"|"20231003"|""|""|"Please find below Brighton College's registration weblink for your completion:

<a href=""https://www.brightoncollege.org.uk/admissions/registration-academic-asia-16plus/"">BrightonRegistrationLink16</a>

Please also complete the online Overseas Assessment Form here:

<a href=""https://docs.google.com/forms/d/e/1FAIpQLSeztRVjJIM1nfLTHHg4V-aAsMMtEdyolYw8TI1m7oHoh_5DVw/viewform"">BrightonOverseasAssessmentForm</a>


For details on the A Level courses offered at Brighton, please click on the following link:
<a href=""http://academic-asia.com/web/School/Brighton/BC_2024_entry.pdf"">ALevelCourses</a>


When completing the online form, please ensure both parent details are completed on the form."
25|9|"Year 10"|"20000101"|"Y"|""|"Apply ASAP and take exam ASAP"|"AA00084"|"You are adivsed to formally register with the school as soon as possible.

Year 10 candidates need to sit Lancing College’s entrance examinations as soon as registration is made.  Please ignore the above exam date.  Applicants will need to take CAT4 and an English Written Task.  

* Please kindly inform your Consultant-In-Charge the date and time your child wishes to sit the tests at our office.  We will make an appointment for you."
25|533|"Year 10"|"20240113"|"Y"|"20231124"|""|"AA00100"|""
26|3|"Year 11"|"20241012"|"Y"|"20241010"|""|"AA00082"|""
25|533|"Year 12"|"20231111"|"Y"|"20231006"|""|"AA00100"|""
26|2|"Year 9"|"20241020"|"Y"|"20240930"|""|"AA00082"|"Please find below Badminton School's registration weblink for your completion:

<a href=""https://www.badmintonschool.co.uk/admissions/registration-forms/junior-and-senior-boarder"">BadmintonRegistrationFormJuniorSeniorLink</a>

Overseas candidates can choose to take either UKiset or Badminton School's exams. 

UKiset result must be received by the school on or before 31-Oct-2023.
We suggest your child to take the UKiset on or before 24-Oct-2023 if possible. 
Alternatively, your child can choose to sit Badminton School’s entrance examinations on Saturday 11-Nov-2023*.  She will need to take English and Mathematics along with an online cognitive ability (verbal and non-verbal reasoning) test.

*Test date cannot be changed

For students wishing to apply for a Scholarship, please be aware that they cannot submit UKiset results but the Badminton entrance exams which must be taken on Saturday 11-Nov-2023 and in some instances the Scholarship Assessment will only take place at Badminton.

If you are interested in applying scholarships, applications must be submitted by 16 October 2023 in addition to completing the online Registration Form.

For more information about the scholarships offered at Badminton, please visit the below link to the school's Scholarship Booklet:

<a href=""https://badmintonschool.fireflycloud.net/scholarships-and-awards/year-9-scholarships"">BadmintonScholarshipBooklet</a>"
26|611|"Year 9"|"20241027"|"Y"|"20241016"|"CAT4 for Y9 & Y10: Sunday 27 October 2024
Exam Date for Y9 & Y10: Saturday 16 November 2024"|"AA00082"|""
26|1|"Year 10"|"20241110"|"Y"|"20241002"|""|"AA00082"|""
26|532|"Year 6"|"20250201"|"Y"|"20241125"|""|"AA00082"|""
26|1|"Year 12"|"20241110"|"Y"|"20241002"|""|"AA00082"|""
26|418|"Year 10"|"20241020"|"Y"|"20240930"|""|"AA00082"|"Year 10 boys, extremely limited availability. Girls, almost none."
25|9|"Year 12"|"20231105"|"Y"|""|"Apply asap"|"AA00084"|"You are adivsed to formally register with the school as soon as possible.

Year 12 candidates need to sit Lancing College’s entrance examinations no later than 5 November 2023.

Applicants will need to take CAT4 and an English Written Task. 

* Please kindly inform your Consultant-In-Charge the date and time your child wishes to sit the tests at our office.  We will make an appointment for you."
26|6|"Year 9"|"20240929"|"Y"|"20240929"|""|"AA00098"|""
25|11|"Year 10"|"20231105"|"Y"|"20231004"|""|"AA00084"|"Please download the Exam Entry Form to complete and return by email only, to your Consultant-In-Charge with the Reg Form and Fee.  Please only pay by bank transfer.

For Music Scholarship application, your consultant-in-charge will contact you to advise the procedure."
25|11|"Year 12"|"20231112"|"Y"|"20231004"|""|"AA00084"|"Apart from Registration Form, please make sure you submit the below pages from Academic Application Form to facilitate the application:

Academic Application Form (Page1-4)

For student applying for music scholarship, kindly refer to your audition result.  If you are encouraged to proceed, please complete and submit Music Scholarship Application Form (Page 7) with the above document.

If you are interested in applying for Art, Drama and Sports Scholarship, please complete the relevant form and return by email to your Consultant-In-Charge.  Please note that student is required to fly to the UK for the assessments.

Please find a copy of the Sixth Form Entrance 2023-24 Notes on Academic Assessment for your reference."
26|418|"Year 12"|"20241020"|"Y"|"20240930"|""|"AA00082"|""
26|2|"Year 10"|"20241020"|"Y"|"20240930"|""|"AA00082"|"Please find below Badminton School's registration weblink for your completion:

<a href=""https://www.badmintonschool.co.uk/admissions/registration-forms/junior-and-senior-boarder"">BadmintonRegistrationFormJuniorSeniorLink</a>

Overseas candidates can choose to take either UKiset or Badminton School's exams. 
UKiset result must be received by the school on or before 31-Oct-2023.

We suggest your child to take the UKiset on or before 24-Oct-2023 if possible. 
Alternatively, your child can choose to sit Badminton School’s entrance examinations on Saturday 11-Nov-2023**.  She will need to take English and Mathematics along with an online cognitive ability (verbal and non-verbal reasoning) test.

**Test date cannot be changed"
25|13|"Year 12"|"20231007"|"Y"|"20231005"|""|"AA00109"|"If your son wishes to apply for a music scholarship, please click the below link to complete the online form no later than 30 October 2023:


<a href=""https://www.warwickschool.org/musicscholarshipapplication"">Warwick School Music Scholarship Registration Link</a>"
26|13|"Year 10"|"20241005"|"Y"|"20241003"|""|"AA00082"|""
26|13|"Year 12"|"20241005"|"Y"|"20241003"|""|"AA00082"|""
26|13|"Year 9"|"20241005"|"Y"|"20241003"|""|"AA00082"|""
26|2|"Year 12"|"20241020"|"Y"|"20240930"|""|"AA00082"|"Please find below Badminton School's registration weblink for your completion:

<a href=""https://www.badmintonschool.co.uk/admissions/registration-forms/sixth-form-boarder"">BadmintonRegistrationLinkSixthForm</a>

Overseas candidates can choose to take either UKiset or Badminton School's exams. 

UKiset result must be received by the school on or before 31-Oct-2023.
We suggest your child to take the UKiset on or before 24-Oct-2023 if possible.
Alternatively, your child can choose to sit Badminton School’s entrance examinations on Saturday 4-Nov-2023*. She will need to take two subjects papers of her choosing A-Level subjects along with an online cognitive ability (verbal and non-verbal reasoning) test.

*Test date cannot be changed

For students wishing to apply for a Scholarship, please be aware that they cannot submit UKiset results but the Badminton entrance exams which must be taken on Saturday 4-Nov-2022 and in some instances the Scholarship Assessment will only take place at Badminton.

If you are interested in applying scholarships, applications must be submitted by 9 October 2023 in addition to completing the online Registration Form.

For more information about the scholarships offered at Badminton, please visit the below link to the school's Scholarship Booklet:

<a href=""https://badmintonschool.fireflycloud.net/scholarships-and-awards/lower-sixth-scholarships"">BadmintonScholarshipBooklet</a>"
26|384|"Year 12"|"20241114"|"Y"|"20241021"|""|"AA00082"|""
26|103|"Year 10"|"20241102"|"Y"|"20241014"|""|"AA00082"|""
26|103|"Year 12"|"20241102"|"Y"|"20241014"|""|"AA00082"|""
26|103|"Year 9"|"20241102"|"Y"|"20241014"|""|"AA00082"|""
26|4|"Year 10"|"20241110"|"Y"|"20241009"|""|"AA00082"|""
26|4|"Year 12"|"20241103"|"Y"|"20241009"|""|"AA00082"|""
26|4|"Year 9"|"20241110"|"Y"|"20241009"|""|"AA00082"|""
26|9|"Year 9"|"20240828"|"N"|""|""|"AA00082"|""
26|9|"Year 10"|"20240828"|"N"|""|""|"AA00082"|""
26|9|"Year 12"|"20240828"|"N"|""|""|"AA00082"|""
25|22|"Year 12"|"20231029"|"Y"|"20230930"|""|"AA00101"|"Year 12 candidates should also complete the Sixth Form Application Form by clicking the below link:

https://www.uppingham.co.uk/admissions/sixth-form-application-route-form-2024-entry

The entrance exam will take place on 29 October 2023.  Please do not tick any exam date on the Sixth Form Application Form.  
If the system demands a date is entered, then just enter 9 November."
25|533|"Year 9"|"20240113"|"Y"|"20231124"|""|"AA00100"|""
26|22|"Year 12"|"20241027"|"Y"|"20240930"|""|"AA00082"|""
26|22|"Year 9"|"20241027"|"Y"|"20240930"|""|"AA00082"|""
26|22|"Year 10"|"20241027"|"Y"|"20240930"|""|"AA00082"|""
26|533|"Year 10"|"20250111"|"Y"|"20241122"|""|"AA00082"|""
26|3|"Year 12"|"20241012"|"Y"|"20241010"|""|"AA00082"|""
25|2|"Year 9"|"20231031"|"Y"|"20231016"|"Date to submit UKiset: Tuesday 31 October 2023 
Badminton’s entrance examinations on Saturday 11 November 2023."|""|"Please find below Badminton School's registration weblink for your completion:

<a href=""https://www.badmintonschool.co.uk/admissions/registration-forms/junior-and-senior-boarder"">BadmintonRegistrationFormJuniorSeniorLink</a>

Overseas candidates can choose to take either UKiset or Badminton School's exams. 

UKiset result must be received by the school on or before 31-Oct-2023.
We suggest your child to take the UKiset on or before 24-Oct-2023 if possible. 
Alternatively, your child can choose to sit Badminton School’s entrance examinations on Saturday 11-Nov-2023*.  She will need to take English and Mathematics along with an online cognitive ability (verbal and non-verbal reasoning) test.

*Test date cannot be changed

For students wishing to apply for a Scholarship, please be aware that they cannot submit UKiset results but the Badminton entrance exams which must be taken on Saturday 11-Nov-2023 and in some instances the Scholarship Assessment will only take place at Badminton.

If you are interested in applying scholarships, applications must be submitted by 16 October 2023 in addition to completing the online Registration Form.

For more information about the scholarships offered at Badminton, please visit the below link to the school's Scholarship Booklet:

<a href=""https://badmintonschool.fireflycloud.net/scholarships-and-awards/year-9-scholarships"">BadmintonScholarshipBooklet</a>"
26|611|"Year 10"|"20241027"|"Y"|"20241016"|"CAT4 for Y9 & Y10: Sunday 27 October 2024
Exam Date for Y9 & Y10: Saturday 16 November 2024"|"AA00082"|""
25|532|"Year 2"|"20240203"|"Y"|"20231110"|""|"AA00100"|""
26|12|"Year 10"|"20241102"|"Y"|"20241007"|""|"AA00082"|""
25|532|"Year 5"|"20240203"|"Y"|"20231110"|""|"AA00100"|""
23|9|"Year 9"|"20000101"|"N"|"20221001"|""|"AA00084"|"Year 9 candidates need to sit Lancing College’s entrance examinations as soon as registration is made.  Please ignore the above exam date.  Applicants will need to take CAT4 and an English Written Task.

* Please kindly inform your Consultant-In-Charge the date and time your child wishes to sit the tests at our office.  We will make an appointment for you."
26|611|"Year 12"|"20241019"|"Y"|"20241011"|"CAT4 for Y12: Saturday 19 October 2024
Exam Date for Y12: Sunday 3 November 2024"|"AA00082"|""
26|12|"Year 12"|"20241102"|"Y"|"20241007"|""|"AA00082"|""
25|532|"Year 6"|"20240203"|"Y"|"20231110"|""|"AA00100"|""
26|533|"Year 12"|"20241109"|"Y"|"20241004"|""|"AA00082"|""
26|532|"Year 4"|"20250201"|"Y"|"20241125"|""|"AA00082"|""
25|532|"Year 7"|"20240114"|"Y"|"20231110"|""|"AA00100"|""
25|13|"Year 9"|"20231007"|"Y"|"20231005"|""|"AA00109"|"If your son wishes to apply for a music scholarship, please click the below link to complete the online form no later than 30 October 2023:


<a href=""https://www.warwickschool.org/musicscholarshipapplication"">Warwick School Music Scholarship Registration Link</a>"
25|532|"Year 8"|"20240114"|"Y"|"20231110"|""|"AA00100"|""
25|2|"Year 7"|"20240102"|"Y"|"20231211"|"Date to submit UKiset: 2 Jan 2024
Badminton’s entrance examinations on Saturday 6 January 2024."|""|"Please find below Badminton School's registration weblink for your completion:

<a href=""https://www.badmintonschool.co.uk/admissions/registration-forms/junior-and-senior-boarder"">BadmintonRegistrationFormJuniorSeniorLink</a>


Overseas candidates can choose to take either UKiset or Badminton School's exams. 

UKiset result must be received by the school on or before 2-Jan-2024.
We suggest your child to take the UKiset on or before 26-Dec-2023 if possible. 
Alternatively, your child can choose to sit Badminton School’s entrance examinations on Saturday 6-Jan-2024*.  She will need to take English and Mathematics along with an online cognitive ability (verbal and non-verbal reasoning) test.

*Test date cannot be changed

For students wishing to apply for a Scholarship, please be aware that they cannot submit UKiset results but the Badminton entrance exams which must be taken on Saturday 6-Jan-2024 and in some instances the Scholarship Assessment will only take place at Badminton.

If you are interested in applying scholarships, applications must be submitted by Monday 11 December 2023 in addition to completing the online Registration Form.

For more information about the scholarships offered at Badminton, please visit the below link to the school's Scholarship Booklet:

<a href=""https://badmintonschool.fireflycloud.net/scholarships-and-awards/year-7-scholarships"">BadmintonScholarshipBooklet</a>"
26|533|"Year 9"|"20250111"|"Y"|"20241122"|""|"AA00082"|""
26|3|"Year 10"|"20241012"|"Y"|"20241010"|""|"AA00082"|""
37|12|"Year 10"|"20241102"|"Y"|"20241007"|""|"AA00082"|""
26|21|"Year 10"|"20241013"|"Y"|"20241006"|""|"AA00082"|""
26|21|"Year 9"|"20241013"|"Y"|"20241006"|""|"AA00082"|""
26|3|"Year 9"|"20241012"|"Y"|"20241010"|""|"AA00082"|""
37|12|"Year 12"|"20241102"|"Y"|"20241007"|""|"AA00082"|""
25|22|"Year 9"|"20231029"|"Y"|"20230930"|""|"AA00082"|""
37|12|"Year 9"|"20241102"|"Y"|"20241007"|""|"AA00082"|""
26|12|"Year 9"|"20241102"|"Y"|"20241007"|""|"AA00082"|""
26|500|"Year 7"|"20241026"|"Y"|"20240930"|""|"AA00082"|""
26|500|"Year 9"|"20241026"|"Y"|"20240930"|""|"AA00082"|"EAL Cert: by 30 Sept for all year groups
ISEB Common Pre-test: the deadline for year 9 2025 or 2026 is 22 November"
26|30056|"Year 12"|"20241005"|"Y"|"20241003"|""|"AA00082"|""
26|21|"Year 12"|"20241013"|"Y"|"20241006"|""|"AA00082"|""
27|2|"Year 7"|"20251018"|"Y"|"20250930"|""|"AA00007"|""
27|1|"Year 12"|"20251108"|"Y"|"20251010"|""|"AA00007"|""
27|1|"Year 10"|"20251108"|"N"|"20251010"|""|"AA00007"|""
27|1|"Year 9"|"20000101"|"N"|""|"Y9 Sep2027 entry Application Deadline: 1 Oct  2025 (Confirmed)
Y9 Sep2026 entry Application Deadline: 25 Sep 2025 (TBC)"|"AA00007"|"Y9 Sep 2027 Exam Date	18 Oct 2025 (Confirmed)
Y9 Sep 2026 Exam Date	27 Sep 2025 (TBC)"
27|3|"Year 10"|"20251011"|"N"|"20251009"|""|"AA00007"|""
27|3|"Year 12"|"20251011"|"N"|"20251009"|""|"AA00007"|""
27|3|"Year 9"|"20251011"|"N"|"20251009"|""|"AA00007"|""
27|103|"Year 10"|"20251102"|"N"|"20251013"|""|"AA00007"|""
27|103|"Year 9"|"20251102"|"N"|"20251013"|""|"AA00007"|""
27|103|"Year 12"|"20251102"|"N"|"20251013"|""|"AA00007"|""
27|6|"Year 9"|"20250928"|"N"|"20250927"|"Late application Y9 Sep 2026"|"AA00007"|""
27|6|"Year 12"|"20250928"|"N"|"20250927"|""|"AA00007"|""
27|12|"Year 12"|"20251101"|"Y"|"20251001"|""|"AA00007"|""
27|12|"Year 10"|"20251101"|"Y"|"20251001"|""|"AA00007"|""
27|12|"Year 9"|"20251101"|"Y"|"20251001"|""|"AA00007"|""
