"school_id"|"name"|"address"|"country"|"city"|"county"|"postcode"|"tel"|"fax"|"website"|"email"|"schooltype"|"si"|"sp"|"ra"|"pupilno"|"boarderno"|"boarderage"|"lastupdate"|"staffid"|"remarks"|"lat"|"lng"|"childvisaage"|"case"|"case"|"case"|"loginname"|"loginpassword"|"keyword"
383|"Quest Guardians"|"Alexander House, 2 Acorn Business Park"|"UK"|"Ling Road"|"Poole, Dorset"|"BH12 4NZ"|"44 12 0288 2299 (44 75 4550 2255-emerg.out of hrs)"|"44 12 0274 1668"|"www.questguardians.co.uk/"|"office@questguardians.co.uk"|"Co-Ed"|""|""|""|0|0|""|"20170720130804"|"AA00032"|"The guardianship rates for Academic Year 2013/2014 have not quite yet been finalised, however Chris has approved that any new applications that we receive for the next Academic Year, i.e. September 2013 onwards, can be charged at this academic year 2012/2013 rates. The proviso incentive for this gesture is that full payment must have reached us before the 31/01/2013, whereby after which the new guardianship rates will become applicable. Once these rates have been finalised, Chris will be advising you accordingly. Any outstanding payment requests at the 2012/2013 guardianship rates that have not been paid by the 31st January 2013 will have to be reissued at that point to reflect the new guardianship charges. [30 Nov 2012]
 
GBP930 will be the price for every year for our (Academic Asia) students [30 Jan 2012]"|0|0|17|"N"|"Y"|"N"|""|"***********************"|""
209|"Guildford College Group"|"Stoke Park Campus, Stoke Road"|"UK"|"Guildford"|"Surrey"|"GU1 1EZ"|""|""|"www.guildford.ac.uk"|""|"Co-Ed"|"Further Education College"|"All"|""|0|0|"Host family only (16-18)"|"20200226151812"|"AA00078"|"merged with Merrist Wood College and Farnham Sixth Form College Merrist Wood College Faculty - Animal Management, Public Services & Sports Studies), Worplesdon, Guildford, Surrey, GU3 3PE"|0|0|17|"Y"|"Y"|"Y"|""|"***********************"|""
176|"Farleigh School"|"Red Rice"|"UK"|"Andover"|"Hampshire"|"SP11 7PW"|""|""|"www.farleighschool.com"|"office@farleighschool.co.uk"|"Co-Ed"|"Independent School"|"Prep"|"Roman Catholic"|450|95|"7-13 (3-13)"|"20200222183359"|"AA00078"|""|0|0|17|"Y"|"Y"|"N"|""|"***********************"|"rural, football, Tennis, chinese_few"
30044|"FunTech"|"1a The Colonnade, High Street"|"UK"|"Maidenhead"|"Berkshire"|"SL6 1QL"|"44 16 2862 1215"|""|"https://funtechsummercamps.com/"|"info@funtech.co.uk"|"Co-Ed"|""|""|""|0|0|"7-18"|"20170516103230"|"AA00065"|""|0|0|17|"N"|"Y"|"N"|""|"***********************"|""
515|"Study Links Guardianship"|"6 Carr Lane, Low Moor"|"UK"|"Bradford"|"West Yorkshire"|"BD12 0QS"|"44 12 7467 0784 / 7467 9710"|"44 12 7460 3029 / 7467 0052"|"www.studylinks.co.uk"|"hello@studylinks.co.uk"|"Co-Ed"|""|""|""|0|0|""|"20180416124453"|"AA00007"|"[6Jan15] From 5 Jan 2015, the email account info@studylinks.co.uk is no longer in use.

[4May13] online application form for Standard & Full guardianship services:
http://studylinksdb.co.uk/OnlineForm/studentRegistration.aspx?"|0|0|17|"N"|"Y"|"N"|""|"***********************"|""
30072|"Westminster Under School"|"Little Dean's Yard"|"United Kingdom"|"London"|"London"|"SW1P 3PF"|"44 020 7821 5788"|""|"www.westminsterunder.org.uk"|"penny.keeley@westminster.org.uk"|"Boys"|""|""|""|279|0|"Day (7-13)"|"20200616172944"|"AA00007"|"Westminster School (SCID:582) is the senior school of Westminster Under School.
School does not support any application for children who need visas to study in the UK under the age of 16."|0|0|17|"N"|"Y"|"N"|""|"***********************"|""
315|"Belmont Mill Hill Preparatory School"|"The Ridgeway, Mill Hill Village"|"UK"|"London"|"London & Greater London"|"NW7 4ED"|""|""|"www.millhill.org.uk/prep/"|""|"Co-Ed"|"Independent School 1"|"Prep_S"|""|568|0|"Day (7-13)"|"20241206152558"|"AA00107"|"20200218: Belmont Mill Hill Preparatory School is the preparatory school that linked with Mill Hill School (SCID:316), Mill Hill Pre-Prep - Grimsdell, and The Mount, Mill Hill International (SCID:30022)."|0|0|17|"Y"|"Y"|"N"|""|"***********************"|""
30149|"Queen Elizabeth's Hospital"|"Berkeley Place,"|"UK"|"Clifton"|"Bristol"|"BS8 1JX"|"+44 (0)117 930 3040"|""|"http://www.qehbristol.co.uk/"|"office@qehbristol.co.uk"|"Boys (6G)"|"Independent School"|""|""|776|0|"Day (7-18)"|"20221104103831"|"AA00078"|"QEH Junior School Address:
Upper Berkeley Place
Clifton, Bristol BS8 1JS

+44 (0)117 930 3087
juniors@qehbristol.co.uk"|0|0|17|"N"|"Y"|"N"|""|"***********************"|""
30094|"Bolton School Boys' Division"|"Boys’ Division, Chorley New Road"|"UK"|"Bolton"|"Bolton"|"BL1 4PA"|"44 01204 840201"|""|"https://www.boltonschool.org/"|"info@boltonschool.org"|"Boys"|""|""|""|1123|0|"Day (7-18)"|"20210304161340"|"AA00078"|""|0|0|17|"N"|"Y"|"N"|""|"***********************"|""
30042|"Pippa's Guardians"|"5 Grosvernor House,127 Church St"|"UK"|"Malvern"|"Worcestershire"|"WR14 2BA"|"+44 (0)1684 252757"|""|"www.pippasguardians.co.uk"|"info@pippasguardians.co.uk"|"Co-Ed"|""|""|""|0|0|""|"20170218114138"|"AA00065"|"Emergency: +44 77 2137 2865"|0|0|17|"N"|"Y"|"N"|""|"***********************"|""
30142|"The Manchester Grammar School"|"Old Hall Lane"|"UK"|"Manchester"|"Greater Manchester"|"M13 0XT"|"+44 (0)161 224 7201"|""|"https://www.mgs.org/"|"general@mgs.org"|"Boys"|"Independent School"|""|""|1640|0|"Day (7-18)"|"20220111145304"|"AA00078"|""|0|0|17|"N"|"Y"|"N"|""|"***********************"|""
30148|"Lady Eleanor Holles School"|"Hanworth Road"|"UK"|"Hampton"|"Hampton"|"TW12 3HF"|"+44 (0)20 8979 1601"|""|"https://www.lehs.org.uk/"|"office@lehs.org.uk"|"Girls"|"Independent School"|""|""|977|0|"Day (7-18)"|"20230406002249"|"AA00007"|""|0|0|17|"N"|"Y"|"N"|""|"***********************"|""
30125|"Latymer Upper School"|"King Street"|"UK"|"Hammersmith"|"London"|"W6 9LR"|"44 020 8629 2024"|""|"http://www.latymer-upper.org/"|"head@latymer-upper.org"|"Co-Ed"|"Independent School"|""|""|1430|0|"Day (7-18)"|"20211026101213"|"AA00078"|""|0|0|17|"N"|"Y"|"N"|""|"***********************"|""
30036|"Magdalen College School"|"Cowley Place"|"UK"|"Oxford"|"Oxfordshire"|"OX4 1DZ"|"44 18 6524 2191"|"44 18 6524 0379"|"https://www.mcsoxford.org/"|"enquiries@mcsoxford.org"|"Boys (6G)"|"Independent School 1"|"All"|"Church of England"|957|0|"Day (7-18)"|"20241210152734"|"AA00107"|""|0|0|17|"N"|"Y"|"N"|""|"***********************"|""
30126|"St Helen and St Katharine"|"Faringdon Road"|"UK"|"Abingdon"|"Oxfordshire"|"OX14 1BE"|"+44 (0)1235 520173"|""|"https://shsk.org.uk/home.aspx#"|"info@shsk.org.uk"|"Girls"|"Independent School"|""|""|713|0|"Day (9-18)"|"20211110182334"|"AA00078"|""|0|0|17|"N"|"Y"|"N"|""|"***********************"|""
30093|"University College School"|"Frognal"|"UK"|"Hampstead"|"London"|"NW3 6XH"|"44 020 7435 2215"|""|"www.ucs.org.uk"|"seniorschool@ucs.org.uk"|"Boys (6G Day only)"|""|""|""|903|0|"Day (B:11-18;G:16-18)"|"20210303105841"|"AA00078"|""|0|0|17|"N"|"Y"|"N"|""|"***********************"|""
30212|"King Henry VIII School"|""|"UK"|"UK"|"UK"|""|""|""|""|"henrysadmissions@csfoundation.org.uk"|"Co-Ed"|""|""|""|0|0|""|"20240626175953"|"AA00084"|""|0|0|17|"N"|"Y"|"N"|""|"***********************"|""
30124|"St Albans School"|"Abbey Gateway"|"UK"|"St Albans"|"Hertfordshire"|"AL3 4HB"|"+44 (0)1727 855521"|""|"https://www.st-albans.herts.sch.uk/"|"hm@st-albans-school.org.uk"|"Boys (6G)"|"Independent School"|""|""|890|0|"Day (B:11-18;G:16-18)"|"20211022161100"|"AA00078"|""|0|0|17|"N"|"Y"|"N"|""|"***********************"|""
675|"The University of Law"|"Braboeuf Manor, Portsmouth Road, St. Catherines,"|"UK"|"Guildford"|"Surrey"|"GU3 1HA"|"44 14 8321 6000"|""|"www.college-of-law.co.uk"|"admissions@lawcol.co.uk"|"Co-Ed"|""|""|""|0|0|""|"20140313205702"|""|"old name : The College of Law, updated name on 20140313"|53.933453|-1.089544|17|"Y"|"Y"|"Y"|""|"***********************"|""
682|"College Guardians"|"College Road"|"UK"|"Malvern"|"Worcestershire"|"WR14 3DF"|"44 16 8458 1600"|"44 16 8458 1684"|"www.collegeguardians.co.uk"|"info@collegeguardians.co.uk"|"Co-Ed"|""|""|""|0|0|""|"20131224110857"|"AA00025"|""|52.104165|-2.326113|17|"Y"|"Y"|"Y"|""|"***********************"|""
672|"Gateways School"|"Harewood"|"UK"|"Leeds"|"West Yorkshire"|"LS17 9LE"|"44 11 3288 6345"|"44 11 3288 6148"|"www.gatewaysschool.co.uk"|"gateways@gatewayschool.co.uk"|"Co-Ed"|"Independent School"|"All"|"Inter denominational"|331|0|"Day (B:2-12,G:2-18)"|"20200222205426"|"AA00078"|""|0|0|17|"N"|"Y"|"N"|""|"***********************"|""
30052|"Warwick Preparatory School"|"Bridge Field, Banbury Road,"|"United Kingdom"|"Warwick"|"Warwickshire"|"CV34 6PL"|"(01926) 491 545"|""|"www.warwickprep.com/"|"info@warwickprep.com"|"Co-Ed"|"Independent School"|"Prep School"|""|486|0|"Day (B:3-7,G:3-11)"|"20200222173122"|"AA00078"|"An independent day school and nursery for boys aged 3-7 and girls 3-11"|0|0|17|"N"|"Y"|"N"|""|"***********************"|""
30067|"Eltham College"|"Grove Park Road"|"United Kingdom"|"Mottingham"|"London"|"SE9 4QF"|"44 020 8857 1455"|""|"www.elthamcollege.london"|"admissions@eltham-college.org.uk"|"Co-Ed"|""|""|""|954|0|"Day (B:7-18,G:16-18)"|"20200227142200"|"AA00078"|""|0|0|17|"N"|"Y"|"N"|""|"***********************"|""
30083|"Trinity School"|"Shirley Park"|"United Kingdom"|"Croydon"|"Surrey"|"CR9 7AT"|"+44 (0)20 8656 9541"|""|"https://www.trinity-school.org/"|"hmsec@trinity.croydon.sch.uk"|"Boys (6G Day only)"|""|""|""|1032|0|"Day (B-10-18;G16-18)"|"20201125151325"|"AA00078"|""|0|0|17|"N"|"Y"|"N"|""|"***********************"|""
30081|"King's College School"|"Southside"|"United Kingdom"|"Wimbledon Common"|"London"|"SW19 4TT"|"+44 (0)20 8255 5300"|""|"https://www.kcs.org.uk/"|"reception@kcs.org.uk"|"Boys (6G Day only)"|""|""|""|1002|0|"Day (B-11-18;G-16-18)"|"20210806122506"|"AA00078"|"20210806: School will not work with agent. If any parents ask for this school, they have to work directly with the school."|0|0|17|"N"|"Y"|"N"|""|"***********************"|""
30091|"Queen’s Gate School"|"131-133 Queen’s Gate, South Kensington"|"UK"|"London"|"Greater London"|"SW7 5LE"|"44 (0)20 7589 3587"|""|"www.queensgate.org.uk"|"registrar@queensgate.org.uk"|"Girls"|"Independent School 1"|"S"|"Non-denominational"|479|0|"Day only (4-18)"|"20241206174427"|"AA00011"|"Day: 4 to 18 (533) Sixth form: (95)"|0|0|17|"N"|"Y"|"N"|""|"***********************"|""
286|"Leweston School"|""|"UK"|"Sherborne"|"Dorset"|"DT9 6EN"|"44 19 6321 0691"|"44 19 6321 0786"|"www.leweston.co.uk"|"admin@leweston.dorset.sch.uk"|"Co-Ed"|"Independent School 1"|"Senior"|"Roman Catholic"|270|83|"G:7-18,B:11-18 (0-18)"|"20200622100555"|"AA00006"|"20171111: Leweston School will be taking in 6th form boys in 2018."|0|0|17|"Y"|"Y"|"Y"|""|"***********************"|"friendly, school_near_town, Caring_ex"
30199|"King's Colleges"|"The Old Market, Upper Market Street"|"UK"|"Hove"|"Hove"|"BN3 1AS"|"+44 (0)1273 806 010"|""|"https://www.kingseducation.com/"|"enquiries@kingseducation.com"|"Co-Ed"|""|""|""|0|0|""|"20230630161235"|"AA00078"|""|0|0|17|"N"|"Y"|"N"|""|"***********************"|""
30066|"Bristol Grammar School"|"University Road"|"United Kingdom"|"Bristol"|"Bristol"|"BS8 1SR"|"44 0117 973 6006"|""|"www.bristolgrammarschool.co.uk"|"website@bgs.bristol.sch.uk"|"Co-Ed"|""|""|""|1355|0|"Day (4-18)"|"20200227120921"|"AA00078"|""|0|0|17|"N"|"Y"|"N"|""|"***********************"|""
30060|"Oxford High School GDST"|"Belbroughton Road"|"United Kingdom"|"Oxford"|"Oxfordshire"|"OX2 6XA"|"44 01865 559888"|""|"www.oxfordhigh.gdst.net"|"oxfordhigh@oxf.gdst.net"|"Girls"|""|""|""|857|0|"Day (4-18)"|"20200228162544"|"AA00078"|"Day school"|0|0|17|"N"|"Y"|"N"|""|"***********************"|""
30110|"Guildford High School"|"London Road"|"UK"|"Guildford"|"Guildford"|"GU1 1SJ"|"+44 (0)1483 561440"|""|"https://www.guildfordhigh.co.uk/"|""|"Girls"|""|""|""|985|0|"Day (4-18)"|"20210720175805"|"AA00078"|""|0|0|17|"N"|"Y"|"N"|""|"***********************"|""
638|"White House Guardianships"|"711- 715 Wimborne Road"|"UK"|"Bournemouth"|"Dorset"|"BH9 2AU"|"44 12 0252 1100"|"44 12 0277 6509"|"www.whg.eu.com"|"info@whg.eu.com"|"Co-Ed"|""|""|""|0|0|""|"20160428115457"|"AA00044"|"[28Apr16] White House Guardianships has launched an agent and parent portal, My WHG. This can be accessed via our website to view all your students’ expenses statements, travel information, reports & further details. 
[4 Jul 2013] Please take note the amount P need to pay if they wish to terminate contract with WHG without 1 term notice is GBP230.

old address: 34 Talbot Road, Bournemouth, Dorset, BH9 2JF, UK"|0|0|17|"N"|"Y"|"N"|""|"***********************"|""
30086|"Tormead School"|"Cranley Road"|"UK"|"Guildford"|"Surrey"|"GU1 2JD"|"+44 (0) 01483 575101"|""|"https://www.tormeadschool.org.uk/"|"office@tormeadschool.org.uk"|"Girls"|""|""|""|736|0|"Day (4-18)"|"20201202153643"|"AA00078"|""|0|0|17|"N"|"Y"|"N"|""|"***********************"|""
452|"Bede's Summer School"|"Upper Dicker"|"UK"|"Hailsham"|"East Sussex"|"BN27 3QH"|"44 13 2344 3818"|"44 13 2384 8188"|"www.bedessummerschool.org"|"summer.school@bedes.org"|"Co-Ed"|"Summer School"|""|""|0|0|""|"20140325105326"|"AA00044"|""|50.866575|0.202519|17|"Y"|"Y"|"N"|""|"***********************"|""
30112|"Nottingham High School"|"Waverley Mount"|"UK"|"Nottingham"|"Nottinghamshire"|"NG7 4ED"|"+44 (0)115 978 6056"|""|"https://nottinghamhigh.co.uk/"|"info@nottinghamhigh.co.uk"|"Co-Ed"|"Independent School"|""|""|1095|0|"Day (4-18)"|"20210731144641"|"AA00078"|""|0|0|17|"N"|"Y"|"N"|""|"***********************"|""
30070|"Scottish Overseas Guardianship Association"|"52 Glasgow Road"|"United Kingdom"|"Perth, Perthshire"|"Scotland"|"PH2 0PB"|"44 01738 562036"|""|"scottishoverseasguardianship.co.uk"|"info@scottishoverseasguardianship.co.uk"|"Co-Ed"|""|""|""|0|0|""|"20200421105035"|"AA00078"|""|0|0|17|"N"|"Y"|"N"|""|"***********************"|""
30088|"St. Albans High School for Girls"|"Townsend Avenue"|"UK"|"St Albans"|"Hertfordshire"|"AL1 3SJ"|"44 0 1582 839 270"|""|"www.stahs.org.uk"|"info@stahs.org.uk"|"Girls"|""|""|""|1119|0|"Day (4-18)"|"20201209125718"|"AA00078"|""|0|0|17|"N"|"Y"|"N"|""|"***********************"|""
143|"Devon School of English"|"The Old Vicarage, 1 Lower Polsham Road"|"UK"|"Paignton"|"Devon"|"TQ3 2AF"|""|""|"www.devonschool.co.uk"|""|"Co-Ed"|""|""|""|0|0|""|"20151106170633"|"AA00027"|""|0|0|17|"N"|"Y"|"Y"|""|"***********************"|""
30076|"Wimbledon High School"|"Mansel Road,"|"United Kingdom"|"Wimbledon"|"London Area"|"SW19 4AB"|"+44 (0)20 8971 0900"|""|""|""|"Girls"|""|""|""|1034|0|"Day (4-18)"|"20201021160820"|"AA00078"|""|0|0|17|"N"|"Y"|"N"|""|"***********************"|""
30089|"James Allen’s Girls’ School"|"144 East Dulwich Grove"|"UK"|"Dulwich"|"London"|"SE22 8TE"|"44 020 8693 1181"|""|"https://www.jags.org.uk/"|"enquiries@jags.org.uk"|"Girls"|"Independent School"|""|""|1124|0|"Day (4-18)"|"20220719144937"|"AA00078"|""|0|0|17|"N"|"Y"|"N"|""|"***********************"|""
30146|"Francis Holland School, Sloane Square"|"39 Graham Terrace"|"UK"|"London"|"London"|"SW1W 8JF"|"+44 (0)20 7730 2971"|""|"fhs-sw1.org.uk"|"office@fhs-sw1.org.uk"|"Girls"|"Independent School"|""|""|656|0|"Day (4-18)"|"20220209105949"|"AA00078"|""|0|0|17|"N"|"Y"|"N"|""|"***********************"|""
30200|"Academic Camps in the UK, Germany and Canada"|"Academic Camp, 7 Soundwell Road, Staple Hill"|"UK"|"Bristol"|"Bristol"|"BS16 4QG"|"44 20 3959 9370"|""|"https://www.academiccamp.org/"|"info@academiccamp.org"|"Co-Ed"|"Summer"|""|""|0|0|""|"20230707101730"|"AA00078"|""|0|0|17|"N"|"Y"|"N"|""|"***********************"|""
30012|"Adcote International"|"11th Floor, Centre City, 5-7 Hill Street"|"UK"|"Birmingham"|"Birmingham"|"B5 4UA"|"44 19 3932 8228"|""|"www.adcoteinternational.com"|"int@adcoteinternational.com"|"Girls"|""|""|""|0|0|""|"20181205162644"|"AA00078"|"20181205: The above website will be redirected to http://www.adcoteschool.org.uk/
[21Nov14] Updated address which before: 2nd Floor, 3 Brindley Place, Birmingham, B1 2JB"|0|0|17|"N"|"Y"|"N"|""|"***********************"|""
30078|"The King's School, Chester"|"Wrexham Road"|"UK"|"Chester"|"Cheshire"|"CH4 7QL"|"+44 (0)1244 689500"|""|"https://www.kingschester.co.uk/"|"admissions@kingschester.co.uk"|"Co-Ed"|""|""|""|0|0|"Day (4-18)"|"20201113174641"|"AA00078"|""|0|0|17|"N"|"Y"|"N"|""|"***********************"|""
30108|"North London Collegiate School"|"Canons, Canons Drive"|"UK"|"Edgware"|"Middlesex"|"HA8 7RJ"|"+44 (0)20 8952 0912"|""|"https://www.nlcs.org.uk/"|"office@nlcs.org.uk"|"Girls"|""|""|""|1097|0|"Day (4-18)"|"20210720173800"|"AA00078"|""|0|0|17|"N"|"Y"|"N"|""|"***********************"|""
30080|"Bromley High School GDST"|"Blackbrook Lane"|"United Kingdom"|"Bromley"|"Kent"|"BR1 2TW"|"+44 (0)20 8781 7000"|""|"https://www.bromleyhigh.gdst.net/"|"bhs@bro.gdst.net"|"Girls"|""|""|""|867|0|"Day (4-18)"|"20201124114038"|"AA00078"|""|0|0|17|"N"|"Y"|"N"|""|"***********************"|""
116|"Churchill House School of English Language"|"Spencer Square"|"UK"|"Ramsgate"|"Kent"|"CT11 9EQ"|"44 18 4359 3630"|"44 18 4358 4827"|"www.churchillhouse.com"|"welcome@churchillhouse.co.uk"|"Co-Ed"|""|""|""|0|0|""|"20140509134127"|"AA00003"|""|0|0|17|"N"|"Y"|"Y"|""|"***********************"|""
30151|"Putney High School"|"35 Putney Hill"|"UK"|"London"|"London"|"SW15 6BH"|"44 020 8788 6523"|""|"https://www.putneyhigh.gdst.net/"|"putneyhigh@put.gdst.net"|"Girls"|"Independent School"|""|""|1073|0|"Day (4-18)"|"20221108172154"|"AA00078"|""|0|0|17|"N"|"Y"|"N"|""|"***********************"|""
30038|"Elac Study Vacatioins"|"22 Milsom Street"|"UK"|"Bath"|"-"|"BA1 1DE"|"44 12 2544 3261"|"44 12 2542 0585"|"www.elac.co.uk"|"info@elac.co.uk"|"Co-Ed"|"Summer School"|""|""|0|0|""|"20160503170804"|"AA00044"|""|0|0|17|"N"|"Y"|"N"|""|"***********************"|""
184|"Forest School"|""|"UK"|"Snaresbrook"|"London & Greater London"|"E17 3PY"|"44 20 8520 1744(boy's)/ 44 20 8521 7477(girl's"|"44 20 8520 3656(boy's)/ 44 20 8520 7381(girl's"|"www.forest.org.uk/"|"boys.school@forest.org.uk/ girls.school@forest.org.uk/ prep@forest.org.uk"|"Co-Ed"|"Independent School"|""|"Church of England"|1432|0|"Day (4-18)"|"20200222204821"|"AA00078"|""|0|0|17|"Y"|"N"|"Y"|""|"***********************"|""
30136|"Highgate School"|"North Road"|"UK"|"Highgate"|"Highgate"|"N6 4AY"|"+44 (0)20 8340 1524"|""|"http://www.highgateschool.org.uk/"|"office@highgateschool.org.uk"|"Co-Ed"|"Independent School"|""|""|1881|0|"Day (4-18)"|"20211203104701"|"AA00078"|""|0|0|17|"N"|"Y"|"N"|""|"***********************"|""
30158|"Sydenham High School GDST"|"19 Westwood Hill"|"UK"|"London"|"London"|"SE26 6BL"|"44 020 8557 7000"|""|"http://www.sydenhamhighschool.gdst.net/"|"senior@syd.gdst.net"|"Girls"|"Independent School"|""|""|726|0|"Day (4-19)"|"20230104145300"|"AA00078"|""|0|0|17|"N"|"Y"|"N"|""|"***********************"|""
126|"Clifton College - Academic Prep Course"|""|"UK"|"Bristol"|"Bristol"|""|""|""|"experiolife.com/experio-summer"|""|"Co-Ed"|""|""|""|0|0|""|"20180615182026"|"AA00078"|""|0|0|17|"Y"|"Y"|"Y"|""|"***********************"|""
30119|"Hampton Court House"|"Hampton Court Road"|"UK"|"East Molesey"|"Surrey"|"KT8 9BS"|"44 020 8614 0857"|""|"https://www.hamptoncourthouse.co.uk/"|"reception@hchnet.co.uk"|"Co-Ed"|"Independent School"|""|""|247|0|"Day (5-18)"|"20210922105010"|"AA00078"|""|0|0|17|"N"|"Y"|"N"|""|"***********************"|""
30144|"Downsend School"|"1 Leatherhead Road"|"UK"|"Leatherhead"|"Surrey"|"KT22 8TJ"|"+44 (0)1372 372197"|""|"http://www.downsend.co.uk/"|"office@downsend.co.uk"|"Co-Ed"|"Independent School"|""|""|513|0|"Day (6-16)"|"20220112151135"|"AA00078"|""|0|0|17|"N"|"Y"|"N"|""|"***********************"|""
660|"Concord College - Summer School"|"Acton Burnell Hall, Acton Burnell"|"UK"|"Shrewsbury"|"Shropshire"|"SY5 7PF"|"44 16 9473 1633"|"44 16 9473 1219"|"www.concordsummerschool.com"|"summercourse@concordcollegeuk.com"|"Co-Ed"|"Summer School"|"All"|""|0|0|""|"20131224111113"|"AA00025"|""|52.614308|-2.687438|17|"Y"|"Y"|"N"|""|"***********************"|""
670|"Discovery Summer"|"33 Kensington High Street"|"UK"|"London"|"London & Greater London"|"W8 5EA"|"44 20 7937 1199"|"44 20 7937 3344"|"www.discoverysummer.co.uk"|"info@discoverysummer.co.uk"|"Co-Ed"|"Summer School"|""|""|0|0|""|"20131029163520"|"AA00027"|""|51.502218|-0.188828|17|"Y"|"Y"|"N"|""|"***********************"|""
30133|"King Edward's School, Bath"|"North Road"|"UK"|"Bath"|"Somerset"|"BA2 6HU"|"+44 (0)1225 464313"|""|"https://www.kesbath.com/"|"admissions@kesbath.com"|"Co-Ed"|"Independent School"|""|""|1086|0|"Day (3-18)"|"20221009224833"|"AA00007"|""|0|0|17|"N"|"Y"|"N"|""|"***********************"|""
30138|"Bridgewater School"|"Drywood Hall, Worsley Road, Worsley"|"UK"|"Manchester"|"Greater Manchester"|"M28 2WQ"|"+44 (0)161 794 1463"|""|"https://www.bridgewater-school.co.uk/"|"admin@bwslive.co.uk"|"Co-Ed"|"Independent School"|""|""|447|0|"Day (3-18)"|"20220111111802"|"AA00078"|""|0|0|17|"N"|"Y"|"N"|""|"***********************"|""
679|"Heathfield Summer School"|"London Road"|"UK"|"Ascot"|"Berkshire"|"SL5 8BQ"|"44 13 4488 5197"|"44 13 4488 2235"|"www.heathfieldsummerschool.co.uk"|"summerschool@heathfieldschool.net"|"Girls"|"Summer School"|"Senior"|""|0|0|""|"20131227121113"|"AA00025"|""|51.413608|-0.710334|17|"N"|"Y"|"N"|""|"***********************"|""
99|"Camp Beaumont"|"Kingswood House, Alkmaar Way,"|"UK"|"Norwich"|"Norfolk"|"NR6 6BF"|""|""|"http://www.campbeaumont.com/"|""|"Co-Ed"|""|""|""|0|0|""|"20200227122551"|"AA00078"|"Day camp provider"|0|0|17|"Y"|"Y"|"Y"|""|"***********************"|""
659|"Gabbitas Language & Business Summer School"|"Norfolk House"|"UK"|"30 Charles II Street"|"London & Greater London"|"SW1Y 4AE"|"44 20 7734 0161"|"44 20 7437 1764"|"www.gabbitas.co.uk"|""|"Co-Ed"|""|""|""|0|0|""|"20160205104647"|"AA00027"|""|0|0|17|"N"|"Y"|"N"|""|"***********************"|""
346|"Our World English Schools"|"South Tower, 26 Elmfield Road"|"UK"|"Bromley"|"London & Greater London"|"BR1 1LR"|"44 20 7868 1737"|"44 20 7868 1727"|"www.ourworldenglish.com"|"info@ourworldenglish.com"|"Co-Ed"|"Summer School"|""|""|0|0|""|"20131227163006"|"AA00025"|"all documents please send directly to BINNS' office (address: Our World English School, South Tower, 26 Elmfield Road, Bromley, BR1 1LR, United Kingdom)
 
Old Address: 68 Lombard Street, London, EC3V 9LJ, United Kingdom"|51.400744|0.017953|17|"Y"|"Y"|"Y"|""|"***********************"|""
30130|"St Benedict's School"|"54 Eaton Rise"|"UK"|"Ealing"|"London"|"W5 2ES"|"44 0208 8622010"|""|"http://www.stbenedicts.org.uk"|"juniorschool@stbenedicts.org.uk"|"Co-Ed"|"Independent School"|""|""|1070|0|"Day (3-18)"|"20211118165751"|"AA00078"|"juniorschool@stbenedicts.org.uk is the general contact point for Junior School"|0|0|17|"N"|"Y"|"N"|""|"***********************"|""
348|"Oxford Royale Academy"|"St Catherine's College, Manor Road"|"UK"|"Oxford"|"Oxfordshire"|"OX1 3UJ"|"44 84 5130 6021"|"44 84 5280 0122"|"www.oxford-royale.co.uk"|"admin@oxford-royale.co.uk"|"Co-Ed"|"Summer School"|""|""|0|0|""|"20131227163131"|"AA00025"|""|51.757725|-1.246163|17|"Y"|"Y"|"Y"|""|"***********************"|""
30096|"The Perse School"|"Hills Road"|"UK"|"Cambridge"|"Cambridge"|"CB2 8QF"|"44 (0) 1223 403800"|""|"www.perse.co.uk"|"schooloffice@perse.co.uk"|"Co-Ed"|""|""|""|1647|0|"Day (3-18)"|"20210428131630"|"AA00078"|""|0|0|17|"N"|"Y"|"N"|""|"***********************"|""
649|"Sedbergh International Summer School"|"."|"UK"|"Sedbergh"|"Cumbria"|"LA10 5HG"|"44 15 3962 2613"|"44 15 3962 2228"|"www.sedberghschool.org/iss-course-overview.html"|"enquiries@sedberghsummerschool.org"|"Co-Ed"|"Summer School"|""|""|0|0|""|"20131228102355"|"AA00025"|"[30 Jan 2013] Joint venture with LAL Languages Schools."|54.32184|-2.531363|17|"Y"|"Y"|"Y"|""|"***********************"|""
661|"Summer Boarding Courses Ltd. (Headington Oxford Summer School)"|"Suite 2, 10 Towngate"|"UK"|"Guiseley, Leeds"|"Lancashire"|"LS20 9JA"|"44 19 4387 8518"|"44 19 4387 8195"|"http://www.headingtonoxfordsummerschool.co.uk"|"info@summerboardingcourses.co.uk"|"Co-Ed"|"Summer School"|""|""|0|0|""|"20131228110548"|"AA00025"|"max 10% Chi"|53.852654|-1.711346|17|"Y"|"Y"|"Y"|""|"***********************"|""
30141|"Bury Grammar School"|"Tenterden Street"|"UK"|"Bury"|"Greater Manchester"|"BL9 0HN"|"+44 (0)161 696 8600"|""|"http://www.burygrammar.com/"|"schooloffice@burygrammar.com"|"Co-Ed"|"Independent School"|""|""|1194|0|"Day (3-18)"|"20220111144856"|"AA00078"|"Boys and girls taught separately (diamond structure)"|0|0|17|"N"|"Y"|"N"|""|"***********************"|""
30005|"Sussex Summer Schools"|"29 Shorncliffe Road"|"UK"|"Folkestone"|"Kent"|"CT20 2NB"|"44 14 2481 5255"|""|"www.sussexsummerschools.com/index.php"|"bookings@sussexsummerschools.com"|"Co-Ed"|""|""|""|0|0|""|"20131030103859"|"AA00027"|""|51.082037|1.166123|17|"Y"|"Y"|"N"|""|"***********************"|""
30135|"The Mall School"|"185 Hampton Road"|"UK"|"Twickenham"|"Twickenham"|"TW2 5NQ"|"+44 (0)20 8977 2523"|""|"http://www.themallschool.org.uk/"|"reception@themallschool.org.uk"|"Boys"|"Independent School"|""|""|189|0|"Day (4-11)"|"20211127163915"|"AA00078"|""|0|0|17|"N"|"Y"|"N"|""|"***********************"|""
30129|"Hornsby House School"|"Hearnville Road"|"UK"|"London"|"London"|"SW12 8RS"|"+44 (0)20 8673 7573"|""|"http://www.hornsbyhouse.org.uk/"|"school@hornsbyhouse.org.uk"|"Co-Ed"|"Independent School"|""|""|429|0|"Day (4-11)"|"20230817163042"|"AA00078"|""|0|0|17|"N"|"Y"|"N"|""|"***********************"|""
663|"Edinburgh School of English"|"271 Canongate"|"UK"|"The Royal Mile"|"Edinburgh"|"EH8 8BQ"|"44 131 557 9200"|"44 131 557 9192"|"www.edinburghschoolofenglish.com"|"info@edinburghschoolofenglish.com"|"Co-Ed"|""|""|""|0|0|""|"20151106174632"|"AA00027"|""|0|0|17|"N"|"Y"|"Y"|""|"***********************"|""
689|"Sidmouth International School"|""|"UK"|"Sidmouth"|"Devon"|"EX10 8EN"|"44 13 9551 6754"|"44 13 9557 9270"|"www.sidmouth-int.co.uk"|"efl@sidmouth-int.co.uk"|"Co-Ed"|"Independent School"|""|"Non denominational"|0|0|""|"20200225170205"|"AA00078"|"20200225: English learning school - Open all year for long and short stays and offer a wide range of courses for students of all language levels from 14 years old. Junior department (8-13 years) offers spring and summer courses"|0|0|17|"Y"|"Y"|"Y"|""|"***********************"|""
30105|"Holy Cross Preparatory School"|"George Road"|"UK"|"Kingston Upon Thames"|"Surrey"|"KT2 7NU"|"+44 (0)20 8942 0729"|""|"https://www.holycrossprepschool.co.uk/"|"secretary@holycrossprep.com"|"Girls"|""|""|""|281|0|"Day (4-11)"|"20210720170329"|"AA00078"|""|0|0|17|"N"|"Y"|"N"|""|"***********************"|""
30116|"Ravenscourt Park Preparatory School"|"16 Ravenscourt Avenue"|"UK"|"London"|"London"|"W6 0SL"|"44 020 8846 9153"|""|"https://www.rpps.co.uk/"|"office@rpps.co.uk"|"Co-Ed"|"Independent School"|"Prep"|""|412|0|"Day (4-11)"|"20210807095631"|"AA00078"|"Day school"|0|0|17|"N"|"Y"|"N"|""|"***********************"|""
30106|"Glendower Preparatory School"|"86/87 Queen’s Gate"|"UK"|"South Kensington"|"London"|"SW7 5JX"|"44 020 7370 1927"|""|"https://www.glendowerprep.org/"|"office@glendowerprep.org"|"Girls"|""|""|""|250|0|"Day (4-11)"|"20210720171314"|"AA00078"|""|0|0|17|"N"|"Y"|"N"|""|"***********************"|""
30107|"Kensington Prep School GDST"|"596 Fulham Road"|"UK"|"London"|"London"|"SW6 5PA"|"44 020 7731 9300"|""|"https://www.kensingtonprep.gdst.net/"|"enquiries@kenprep.gdst.net"|"Girls"|""|""|""|298|0|"Day (4-11)"|"20210720172038"|"AA00078"|""|0|0|17|"N"|"Y"|"N"|""|"***********************"|""
628|"Buckswood St George's"|"Westwood House, 7 Holmesdale Gardens"|"UK"|"Hastings"|"East Sussex"|"TN34 1LY"|"44 14 2481 3696"|""|"www.buckswoodstgeorges.co.uk"|""|"Co-Ed"|""|""|""|0|0|""|"20200228152638"|"AA00078"|"Provides summer and English courses
same group as Buckswood School"|0|0|17|"Y"|"Y"|"Y"|""|"***********************"|""
30118|"Abingdon Preparatory School"|"Josca's House, Kingston Road, Frilford,"|"UK"|"Abingdon"|"Oxfordshire"|"OX13 5NX"|"44 01865 391570"|""|"https://www.abingdon.org.uk/prep"|"school.sec@abingdonprep.org.uk"|"Boys"|"Independent School"|"Prep"|""|245|0|"Day (4-13)"|"20210914144110"|"AA00078"|""|0|0|17|"N"|"Y"|"N"|""|"***********************"|""
30115|"Twickenham Prep School"|"43 High Street"|"UK"|"Hampton"|"Hampton"|"TW12 2SA"|"44 020 8979 6216"|""|"https://twickenhamprep.org.uk/"|"office@twickenhamprep.co.uk"|"Co-Ed"|"Independent School"|"Prep"|""|283|0|"Day (4-13)"|"20210806103521"|"AA00078"|""|0|0|17|"N"|"Y"|"N"|""|"***********************"|""
630|"Oxford International Study Centre"|""|"UK"|"-"|"-"|"-"|"44 18 6520 1009"|"44 18 6520 1006"|"www.oxintstudycentre.com"|""|"Co-Ed"|""|""|""|0|0|""|"20140318170638"|"AA00044"|"[18Mar14] 
Offer a very wide range of programmes including:
• English Language at various levels 
• School holiday revision 
• Pre-university 
• Pre-boarding school 
• Oxford Summer Experience (a cultural programme for those fluent in English) 
• Business programmes 
• Specially designed programmes for individuals and groups"|51.75129|-1.25708|17|"Y"|"Y"|"Y"|""|"***********************"|""
581|"Westgate School"|"Cheriton Road"|"UK"|"Winchester"|"Hampshire"|"SO22 5AZ"|""|""|"www.westgate.hants.sch.uk/"|""|"Co-Ed"|"Stabis School"|"Senior"|""|1150|35|"Day (4-16)"|"20200226122642"|"AA00078"|"20191017: No boarding facilities
boarding for girls only"|0|0|17|"N"|"Y"|"N"|""|"***********************"|"Non-comm"
30079|"Fulham School"|"200 Greyhound Road"|"UK"|"London"|"London"|"W14 9SD"|"44 020 7386 2444"|""|"https://fulham.school/"|"admin@fulham.school"|"Co-Ed"|""|""|""|722|0|"Day (4-18)"|"20210427184127"|"AA00078"|"20210427: Fulham Senior has recently moved to a new site on Chesilton Road, Fulham SW6 5AA and will also be opening Sixth Form this September, 2021."|0|0|17|"N"|"Y"|"N"|""|"***********************"|""
665|"EduWise Macau Ltd"|"Rm 1709, 1-3 Rua Pedro Jose Lobo, Luso International Bank Building"|"Macau"|"-"|"-"|""|"853 2871 5989"|""|""|""|"Co-Ed"|""|""|""|0|0|""|"20131228153330"|"AA00025"|""|0|0|17|"Y"|"Y"|"Y"|""|"***********************"|""
666|"British Summer School (Formerly Exsportise)"|"Aberdeen House, South Road"|"UK"|"Haywards Heath"|"West Sussex"|"RH16 4NG"|"44 14 4444 4777"|"44 14 4444 4744"|"www.britishsummerschool.co.uk"|"admin@britishsummerschool.co.uk"|"Co-Ed"|"Summer School"|""|""|0|0|""|"20220315114245"|"AA00078"|"20220315: Formerly known as Exsportise"|0|0|17|"N"|"Y"|"N"|""|"***********************"|""
30143|"Manchester High School for Girls"|"Grangethorpe Road"|"UK"|"Manchester"|"Greater Manchester"|"M14 6HS"|"+44 (0)161 224 0447"|""|"http://www.manchesterhigh.co.uk/"|"administration@mhsg.manchester.sch.uk"|"Girls"|"Independent School"|""|""|981|0|"Day (4-18)"|"20220111145756"|"AA00078"|""|0|0|17|"N"|"Y"|"N"|""|"***********************"|""
30154|"The Harrodian School"|"Lonsdale Road"|"UK"|"London"|"London"|"SW13 9QN"|"44 020 8762 6321"|""|"https://www.harrodian.com/"|"admin@harrodian.com"|"Co-Ed"|"Independent School"|""|""|1000|0|"Day (4-18)"|"20221125115658"|"AA00078"|""|0|0|17|"N"|"Y"|"N"|""|"***********************"|""
360|"Pipers Corner School"|"Great Kingshill"|"UK"|"High Wycombe"|"Buckinghamshire"|"HP15 6LP"|"44 14 9471 8255"|"44 14 9471 9806"|"www.piperscorner.co.uk"|"theschool@piperscorner.co.uk"|"Girls"|"Independent School"|"All"|"Church of England"|568|0|"Day (4-18)"|"20200225151613"|"AA00078"|"[4Aug14] no longer going to be in a position to offer places to any overseas-based students due to a decision that has been taken by our Board of Governors regarding school status. From September 2015 school will be a DAY only school. Whilst the closure of Boarding provision is not coming into effect until July 2015, the Governors have taken the decision that school will NOT accept any new boarders with immediate effect. 

SLN : 37MVHGFW1

********Pipers Corner is closing their boarding from July 2015.********"|0|0|17|"Y"|"Y"|"Y"|""|"***********************"|""
292|"Living Learning English"|"20 Portland Square"|"UK"|"Bristol"|"Bristol"|"BS2 8SJ"|"44 11 7904 2483"|"44 11 7904 2483"|"www.livingenglish.com"|"info@livingenglish.com"|"Co-Ed"|""|""|""|0|0|""|"20131227135806"|"AA00025"|"[18 Jan 2013] now offer courses for families in Bristol, please refer to 'English for Families' in server

24 hours emergency contact number 44 7766 798 679
 other email used: intern@livingenglish.com and admin@livingenglish.com
 
School's old address (20 Portland Square, Bristol, BS2 8SJ) will be obsolete w.e.f. 31 Aug 2012:"|51.461321|-2.586064|17|"Y"|"Y"|"Y"|""|"***********************"|""
650|"Project International"|"114a Regent Street, Royal Leamington Spa"|"UK"|"-"|"Warwickshire"|"CV32 4NR"|"+44 (0) 333 123 0044"|"44 20 7916 8586"|"www.projectinternational.uk.com"|"info@projectinternational.uk.com"|"Co-Ed"|""|""|""|0|0|""|"20221103103932"|"AA00078"|"Summer Schools
20221103: new address: 114a Regent Street, Royal Leamington Spa, Warwickshire, CV32 4NR, United Kingdom
old address: 20 Fitzroy Square, London & Greater London, W1T 6EJ

new contact no.: +44 (0) 333 123 0044
old contact no.: 44 20 7916 8580 / 85281 / 2522"|0|0|17|"Y"|"Y"|"Y"|""|"***********************"|""
642|"ZZZ - TEST ONLY"|""|""|""|""|""|""|""|""|""|""|""|""|""|0|0|""|"20120806190152"|""|""|0|0|17|"Y"|"Y"|"Y"|""|"***********************"|""
30132|"Notting Hill & Ealing High School GDST"|"2 Cleveland Road"|"UK"|"Ealing"|"London"|"W13 8AX"|"+44 (0)20 8799 8400"|""|"http://www.nhehs.gdst.net/"|"enquiries@nhehs.gdst.net"|"Girls"|"Independent School"|""|""|907|0|"Day (4-18)"|"20211123100338"|"AA00078"|""|0|0|17|"N"|"Y"|"N"|""|"***********************"|""
30092|"Royal Grammar School Worcester"|"Upper Tything Worcester"|"UK"|"Worcestershire"|"Worcestershire"|"WR1 1HP"|"44 01905 613391"|""|"www.rgsw.org.uk"|"office@rgsw.org.uk"|"Co-Ed"|""|""|""|801|0|"Day (2-18)"|"20210303104751"|"AA00078"|""|0|0|17|"N"|"Y"|"N"|""|"***********************"|""
30193|"Walthamstow Hall"|"Holly Bush Lane"|"UK"|"Sevenoaks"|"Kent"|"TN13 3UL"|"+44 (0)1732 451334"|""|"http://www.walthamstow-hall.co.uk/"|"headmistress@whall.school"|"Girls"|"Independent School"|""|""|537|0|"Day (2-18)"|"20230218101321"|"AA00078"|"for exam"|0|0|17|"N"|"Y"|"N"|""|"***********************"|""
30139|"Oldham Hulme Grammar School"|"Chamber Road"|"UK"|"Oldham"|"Greater Manchester"|"OL8 4BX"|"+44 (0)161 624 4497"|""|"https://www.ohgs.co.uk/#"|"admin@ohgs.co.uk"|"Co-Ed"|"Independent School"|""|""|795|0|"Day (2-18)"|"20220111143948"|"AA00078"|"Boys and girls taught separately (diamond structure)"|0|0|17|"N"|"Y"|"N"|""|"***********************"|""
201|"Gosfield School"|"Halstead Road, Gosfield"|"UK"|"Halstead"|"Essex"|"CO9 1PF"|"44 17 8747 4040"|"44 17 8747 8228"|"www.gosfieldschool.org.uk/"|"admissions@gosfieldschool.org.uk"|"Co-Ed"|"Independent School"|"All"|"Non denominational"|257|0|"Day (2-18)"|"20200222205547"|"AA00078"|""|0|0|17|"Y"|"Y"|"Y"|""|"***********************"|"value_for_money, friendly, down_to_earth"
477|"St. David's School"|"Woodcote Valley Road"|"UK"|"Purley"|"Surrey"|"CR8 3AL"|""|""|"www.stdavidsschool.co.uk"|""|"Girls"|"Independent School"|"All"|""|150|0|"Day (3-11)"|"20200225172206"|"AA00078"|""|0|0|17|"Y"|"Y"|"Y"|""|"***********************"|""
30213|"Brighton College Prep Kensington"|"10 Prince's Gardens"|"UK"|"London"|"London"|"SW7 1ND"|"+44 (0)20 7591 4620"|""|"https://www.brightoncollegeprepkensington.co.uk/"|"info@brightoncollgeprepkensington.co.uk"|"Co-Ed"|"Independent School"|"P"|""|278|0|"Day (3-11)"|"20240719121522"|"AA00078"|""|0|0|17|"N"|"Y"|"N"|""|"***********************"|""
30127|"Hampton Pre-Prep & Prep School"|"Gloucester Road"|"UK"|"Hampton"|"Hampton"|"TW12 2UQ"|"+44 (0)20 8979 1844"|""|"https://hamptonprep.org.uk/"|"Secretary@hamptonprep.org.uk"|"Boys"|"Independent School"|""|""|228|0|"Day (3-11)"|"20211118161749"|"AA00078"|""|0|0|17|"N"|"Y"|"N"|""|"***********************"|""
30157|"Cheadle Hulme School"|"Claremont Rd, Cheadle Hulme,"|"UK"|"Cheadle"|"Cheshire"|"SK8 6EF"|"44 01614883330"|""|"cheadlehulmeschool.co.uk"|"enquiries@chschool.co.uk"|"Co-Ed"|"Independent School"|""|""|1542|0|"Day (3-11)"|"20240625115614"|"AA00115"|""|0|0|17|"N"|"Y"|"N"|""|"***********************"|""
30117|"Lancing College Preparatory School Hove"|"The Droveway"|"UK"|"Hove"|"East Sussex"|"BN3 6LU"|"+44 (0)1273 503452"|""|"www.lancingcollege.co.uk/prep-hove"|"hove@lancing.org.uk"|"Co-Ed"|"Independent School"|"Prep"|""|275|0|"Day (3-13)"|"20210907105016"|"AA00078"|""|0|0|17|"N"|"Y"|"N"|""|"***********************"|""
30128|"King's House School"|"68 King's Road"|"UK"|"Richmond"|"Surrey"|"TW10 6ES"|"+44 (0)20 8940 1878"|""|"https://kingshouseschool.org/"|"schooloffice@kingshouseschool.org"|"Boys"|"Independent School"|""|""|439|0|"Day (3-13)"|"20211118162356"|"AA00078"|""|0|0|17|"N"|"Y"|"N"|""|"***********************"|""
692|"St. Dominic's Priory School"|"21 Station Road"|"UK"|"Stone"|"Staffordshire"|"ST15 8EN"|"44 17 8581 4181"|"44 17 8581 9361"|"www.stdominicspriory.co.uk"|"info@stdominicspriory.co.uk"|"Girls"|"Independent School"|"All"|"Catholic"|163|0|"Day (3-16)"|"20200225172336"|"AA00078"|"have boys upto 11 years old, day school"|0|0|17|"Y"|"Y"|"N"|""|"***********************"|"school_near_town, chinese_few, value_for_money"
30147|"Solihull School"|"793 Warwick Road"|"UK"|"Solihull"|"West Midlands"|"B91 3DJ"|"+44 (0)121 705 0958"|""|"http://www.solsch.org.uk/"|"admin@solsch.org.uk"|"Co-Ed"|"Independent School"|""|""|1208|0|"Day (3-18)"|"20220223154125"|"AA00078"|""|0|0|17|"N"|"Y"|"N"|""|"***********************"|""
30090|"St Helen’s School"|"Eastbury Road"|"UK"|"Northwood"|"London"|"HA6 3AS"|"44 01923 843210"|""|"https://www.sthelens.london/"|"enquiries@sthelens.london"|"Girls"|""|""|""|1152|0|"Day (3-18)"|"20201229153423"|"AA00078"|""|0|0|17|"N"|"Y"|"N"|""|"***********************"|""
30006|"Sutton High School"|"55 Cheam Road"|"UK"|"Sutton"|"Surrey"|"SM1 2AX"|"44 20 8642 0594"|""|"http://www.suttonhigh.gdst.net/"|"office@sut.gdst.net"|"Girls"|""|""|""|573|0|"Day (3-18)"|"20200228141133"|"AA00078"|""|0|0|17|"N"|"N"|"N"|""|"***********************"|""
30111|"Abbey School (The)"|"17 Kendrick Road"|"UK"|"Reading"|"Berkshire"|"RG1 5DZ"|"+44 (0)118 987 2256"|""|"https://theabbey.co.uk/"|"schooloffice@theabbey.co.uk"|"Girls"|"Independent School"|""|""|1007|0|"Day (3-18)"|"20221122164629"|"AA00007"|"20221122: non-comm school"|0|0|17|"N"|"N"|"N"|""|"***********************"|""
30113|"Nottingham Girls' High School GDST"|"9 Arboretum Street"|"UK"|"Nottingham"|"Nottinghamshire"|"NG1 4JB"|"+44 (0)115 941 7663"|""|"https://nottinghamgirlshigh.gdst.net/"|"enquiries@not.gdst.net"|"Girls"|"Independent School"|""|""|696|0|"Day (3-18)"|"20210731144614"|"AA00078"|""|0|0|17|"N"|"Y"|"N"|""|"***********************"|""
30137|"St Dunstan's College"|"Stanstead Road"|"UK"|"London"|"London"|"SE6 4TY"|"44 020 8516 7200"|""|"http://www.stdunstans.org.uk/"|"collegeoffice@stdunstans.org.uk"|"Co-Ed"|"Independent School"|""|""|1012|0|"Day (3-18)"|"20211217111534"|"AA00078"|""|0|0|17|"N"|"Y"|"N"|""|"***********************"|""
191|"George Watson's College"|"Colinton Road"|"UK"|"Edinburgh"|"East Lothian"|"EH10 5EG"|"44 13 1446 6000"|"44 13 1446 6090"|"www.gwc.org.uk"|""|"Co-Ed"|"Independent School 1"|""|"Inter denominational"|2466|0|"Day (3-18)"|"20241207174255"|"AA00107"|"Day School"|0|0|17|"Y"|"Y"|"N"|""|"***********************"|"IB"
30097|"St. Bede's College"|"Alexandra Park"|"UK"|"Manchester"|"Manchester"|"M16 8HX"|"44 0161 226 3323"|""|"sbcm.co.uk"|"enquiries@stbedescollege.co.uk"|"Co-Ed"|""|""|""|735|0|"Day (3-18)"|"20210506181429"|"AA00078"|""|0|0|17|"N"|"Y"|"N"|""|"***********************"|""
30102|"St. Paul's Girls' School"|"Brook Green"|"UK"|"Hammersmith"|"London"|"W6 7BS"|"44 (0)20 7603 2288"|""|"https://spgs.org/"|"frontoffice@spgs.org"|"Girls"|"Independent School 1"|"S"|"All Faiths"|806|0|"Day (11-18)"|"20241207182223"|"AA00011"|""|0|0|17|"N"|"Y"|"N"|""|"***********************"|""
30120|"Surbiton High School"|"Surbiton Crescent"|"UK"|"Kingston upon Thames"|"Surrey"|"KT1 2JT"|"+44 (0)20 8546 5245"|""|"https://www.surbitonhigh.com/senior/"|"surbiton.high@surbitonhigh.com"|"Girls"|"Independent School"|""|""|1065|0|"Day (11-18)"|"20210924162456"|"AA00078"|""|0|0|17|"N"|"Y"|"N"|""|"***********************"|""
30082|"Reigate Grammar School"|"Reigate Road"|"United Kingdom"|"Reigate"|"Surrey"|"RH2 0QS"|"44 01737 222231"|""|"https://www.reigategrammar.org/"|"info@reigategrammar.org"|"Co-Ed"|""|""|""|1057|0|"Day (11-18)"|"20201125150455"|"AA00078"|""|0|0|17|"N"|"Y"|"N"|""|"***********************"|""
30084|"Hampton School"|"Hanworth Road"|"UK"|"Hampton"|"Middlesex"|"TW12 3HD"|"+44 (0)20 8979 5526"|""|"https://hamptonschool.org.uk/"|"info@hamptonschool.org.uk"|"Boys"|""|""|""|1337|0|"Day (11-18)"|"20201128114453"|"AA00078"|""|0|0|17|"N"|"Y"|"N"|""|"***********************"|""
30028|"Oxford Summer College"|"Belsyre Court, 57 Woodstock road"|"UK"|"Oxford"|"Oxfordshire"|"OX2 6HJ"|"44 18 6580 7140"|""|"www.oxfordsummercollege.ac"|"info@oxfordsummercollege.ac"|"Co-Ed"|"Summer"|""|""|0|0|""|"20200225145259"|"AA00078"|"20200225: Invalid web address. No search results for ""Oxford Summer College""."|0|0|17|"N"|"Y"|"N"|""|"***********************"|""
129|"Colston's School"|"Bell Hill, Stapleton"|"UK"|"Bristol"|"Bristol"|"BS16 1BJ"|"44 11 7965 5207"|"44 11 7958 5652"|"www.colstons.bristol.sch.uk"|"schooladmin@colstons.bristol.sch.uk"|"Co-Ed"|"Independent School"|"Senior"|"Church of England"|525|0|"Day (11-18)"|"20200222181058"|"AA00078"|""|0|0|17|"Y"|"Y"|"Y"|""|"***********************"|""
30103|"Alleyn's School"|"Townley Road"|"UK"|"London"|"London"|"SE22 8SU"|"44 020 8557 1500"|""|"www.alleyns.org.uk"|"reception@alleyns.org.uk"|"Co-Ed"|"Independent School"|""|""|1059|0|"Day (11-18)"|"20211204164605"|"AA00078"|""|0|0|17|"N"|"Y"|"N"|""|"***********************"|""
30121|"Royal Grammar School Guildford"|"High Street"|"UK"|"Guildford"|"Surrey"|"GU1 3BB"|"+44 (0)1483 880600"|""|"http://www.rgs-guildford.co.uk/"|"rgs-office@rgsg.co.uk"|"Boys"|"Independent School"|""|""|974|0|"Day (11-18)"|"20211010103330"|"AA00078"|"Prep (Ages 3-11). Pupil No - 974 pupils includes senior school only."|0|0|17|"N"|"Y"|"N"|""|"***********************"|""
30071|"Colchester County High School For Girls"|"Norman Way"|"United Kingdom"|"Colchester"|"Essex"|"CO3 3US"|"44 01206 576973"|"44 01206 769302"|"www.cchsg.com"|"office@cchsg.com"|"Girls"|"Stabis"|""|""|800|0|"Day (11-18)"|"20200507101904"|"AA00078"|"Day school, no boarding"|0|0|17|"N"|"Y"|"N"|""|"***********************"|""
30046|"Hereford Cathedral School"|"Old Deanery, The Cathedral Close"|"UK"|"Hereford"|"Herefordshire"|"HR1 2NG"|"01432363522"|""|"https://www.herefordcs.com/"|"schoolsec@herefordcs.com"|"Co-Ed"|"Independent School"|"Senior"|"Church of England"|774|31|"Day (11-19)"|"20230630210900"|"AA00078"|""|0|0|17|"Y"|"Y"|"Y"|""|"***********************"|""
30059|"Fine Arts College"|"Centre Studios, 41 - 43 Englands Lane"|"United Kingdom"|"London"|"London"|"NW3 4YD"|"+44 (0)20 7586 0312"|""|"www.hampsteadfinearts.com"|"mail@hampsteadfinearts.com"|"Co-Ed"|""|""|""|204|0|"Day (14-19)"|"20200227143858"|"AA00078"|"Co-ed day school for pupils aged 14-19 who follow GCSE programmes in Y10 & 11, and A Level or portfolio programmes in the sixth form."|0|0|17|"N"|"Y"|"N"|""|"***********************"|""
654|"Mander Portman Woodward (MPW)"|"MPW China Office, Room 1502, Portman Tower"|"China"|"No.48 North Caihong Road, Ningbo, Zhejiang"|"Zhejiang"|"315040"|"86 574 8774 2358"|"86 574 8774 2368"|"www.mpw.co.uk"|"international@mpw.co.uk"|"Co-Ed"|""|""|"Non denominational"|606|0|"Day (14-20)"|"20200227163441"|"AA00078"|"3 campuses:
 
MPW London
 90-92 Queen's Gate, London SW7 5AB
 tel: 44 207 835 1355
 
MPW Birmingham
 17-18 Greenfield Crescent, Birmingham B15 3AU
 tel: 44 121 454 6433
 
MPW Cambridge
 3-4 Brookside, Cambridge CB2 1JE
 tel: 44 1223 350 158
 MPW Licence number 7YTJR3CX9
 


--------------------------------------------------------------------------------




FEE"|0|0|17|"Y"|"Y"|"Y"|""|"***********************"|""
30025|"Experio Study Abroad"|"8 Northumberland Avenue"|"England"|"London"|"Greater London"|"WC2N 5BY"|""|""|"experiolife.com/experio-summer"|"enquiries@experiolife.com"|"Co-Ed"|""|""|""|0|0|""|"20180727162105"|"AA00078"|""|0|0|17|"N"|"Y"|"N"|""|"***********************"|""
30208|"The Roche School"|"11 Frogmore"|"UK"|"Wandsworth"|"London"|"SW18 1HW"|"+44 2088770823"|""|"https://therocheschool.com/"|"office@therocheschool.com"|"Co-Ed"|"Independent School"|""|""|267|0|"Day (2-11)"|"20240424101348"|"AA00078"|""|0|0|17|"N"|"Y"|"N"|""|"***********************"|""
421|"Rydal Penrhos Prep School"|"Pwllycrochan Avenue, Colwyn Bay"|"UK"|"Colwyn"|"North Wales"|"LL29 7BP"|""|""|"www.rydalpenrhos.com"|"prep@rydal-penrhos.com"|"Co-Ed"|"Independent School 1"|"Prep_S"|"Methodist"|126|0|"Day (2-11)"|"20200623104748"|"AA00006"|"20200220: Rydal Penrhos Senior School (SCID:422) is the senior school of Rydal Penrhos Prep School."|0|0|17|"Y"|"Y"|"N"|""|"***********************"|""
30209|"Hurlingham School"|"122 Putney Bridge Road"|"UK"|"Putney"|"London"|"SW15 2NQ"|"44 020 8874 7186"|""|"http://www.hurlinghamschool.co.uk/"|"admin@hurlinghamschool.co.uk"|"Co-Ed"|"Independent School"|""|""|355|0|"Day (2-11)"|"20240424103015"|"AA00078"|""|0|0|17|"N"|"Y"|"N"|""|"***********************"|""
30131|"Eaton Square School"|"55-57 Eccleston Square"|"UK"|"London"|"London"|"SW1V 1PP"|"44 020 79319469"|""|"www.eatonsquareschool.com"|"registrar@eatonsquareschool.com"|"Co-Ed"|"Independent School"|""|""|316|0|"Day (2-11)"|"20211118170223"|"AA00078"|""|0|0|17|"N"|"Y"|"N"|""|"***********************"|""
30020|"Select English"|"(London) 144 Church Road"|"UK"|"Crystal Palace"|"London"|"SE19 2NT"|"+44 20 8653 7285 (London)"|"+44 20 8653 9667 (London)"|"www.selectenglish.co.uk/"|"london@selectenglish.co.uk"|"Co-Ed"|""|""|""|0|0|""|"20180727115900"|"AA00078"|"www.facebook.com/selectenglishlondon 
Video: http://www.youtube.com/watch?v=w23Lfc86KE0"|0|0|17|"N"|"Y"|"N"|""|"***********************"|""
553|"Tockington Manor School"|""|"UK"|"Tockington"|"Bristol"|"BS32 4NY"|"44 14 5461 3229"|"44 14 5461 3676"|"www.tockingtonmanorschool.com"|"admin@tockingtonmanorschool.com"|"Co-Ed"|"Independent School 1"|"Prep"|"Church of England"|267|0|"Day (2-13)"|"20241209152914"|"AA00011"|""|0|0|17|"Y"|"Y"|"N"|""|"***********************"|""
368|"Cricklade Manor Prep"|"Cricklade"|"UK"|"Swindon"|"Wiltshire"|"SN6 6BB"|"+44 (0)1793 750 275"|""|"https://www.cricklademanor.com/"|"office@cricklademanor.com"|"Co-Ed"|"Independent School"|"Prep_S"|"Roman Catholic"|153|153|"Day (2-13)"|"20200222181801"|"AA00078"|"20180627: formerly Prior Park Preparatory School"|0|0|17|"Y"|"Y"|"N"|""|"***********************"|""
204|"Great Ballard School"|"Eartham"|"UK"|"Chichester"|"West Sussex"|"PO18 0LR"|"44 12 4381 4236"|"44 12 4381 4586"|"www.greatballard.co.uk"|"office@greatballard.co.uk"|"Co-Ed"|"Independent School 1"|"Prep"|"Church of England"|104|0|"Day (2-16)"|"20220430153908"|"AA00078"|""|0|0|17|"Y"|"Y"|"Y"|""|"***********************"|"chinese_few, rural"
30140|"Bolton School Girls' Division"|"Chorley New Road"|"UK"|"Bolton"|"Greater Manchester"|"BL1 4PB"|"+44 (0)1204 840201"|""|"https://www.boltonschool.org/seniorgirls"|"seniorgirls@boltonschool.org"|"Girls"|"Independent School"|""|""|1218|0|"Day (0-18)"|"20220111144405"|"AA00078"|""|0|0|17|"N"|"Y"|"N"|""|"***********************"|""
30153|"Merchant Taylors' School"|"Sandy Lodge"|"UK"|"Northwood"|"Hertfordshire"|"HA6 2HT"|"44 01923 835110"|""|"http://www.mtsn.org.uk/"|"info@mtsn.org.uk"|"Boys"|"Independent School"|""|""|946|0|"Day (10-18)"|"20221122181716"|"AA00078"|""|0|0|17|"N"|"Y"|"N"|""|"***********************"|""
30063|"Guardians UK"|"Staplegrove Road"|"United Kingdom"|"Taunton"|"Somerset"|"TA2 6AD"|"00 44 1823 703199"|""|"www.guardiansuk.com"|"info@guardiansuk.com"|"Co-Ed"|""|""|""|0|0|""|"20200609095900"|"AA00078"|"20200609: This company is the guardian company for Taunton School"|0|0|17|"N"|"Y"|"N"|""|"***********************"|""
30205|"City of London School"|"Queen Victoria Street"|"UK"|"London"|"London"|"EC4V 3AL"|"44 020 3680 6300"|""|"https://www.cityoflondonschool.org.uk/"|"enquiries@cityoflondonschool.org.uk"|"Boys"|"Independent School"|""|""|1045|0|"Day (10-18)"|"20231208121013"|"AA00078"|"20231208: for a Y9 Sep-25 day school client"|0|0|17|"N"|"Y"|"N"|""|"***********************"|""
269|"Kings' School Winchester"|"Romsey Road"|"UK"|"Winchester"|"Hampshire"|"SO22 5PN"|"44 19 6286 1161"|"44 19 6284 9224"|"www.kings-winchester.hants.sch.uk"|""|"Co-Ed"|"Stabis School"|"Senior"|""|1820|31|"Day (11-16)"|"20200226104355"|"AA00078"|"20191024: Boarding house closed in July 2015
NON-COMM 
No Sixth Form"|0|0|0|"N"|"Y"|"N"|""|"***********************"|"Non-comm"
422|"Rydal Penrhos Senior School"|"Pwllycrochan Avenue, Colwyn Bay"|"UK"|"Conwy"|"North Wales"|"LL29 7BT"|"44 14 9253 0155"|"44 14 9253 1872"|"http://www.rydalpenrhos.com"|"info@rydal-penrhos.com"|"Co-Ed"|"Independent School 1"|"Senior"|"Methodist"|372|0|"Day (11-18)"|"20220503172449"|"AA00078"|"20200220: Rydal Penrhos Prep School (SCID:421) is the prep school of Rydal Penrhos Senior School.

20190109: Becoming a full day school in 2021
HTS, child"|0|0|17|"Y"|"Y"|"Y"|""|"***********************"|"rural, activities_gd, down_to_earth, good feedback, IB"
442|"Sir Roger Manwood's School"|"Manwood Road"|"UK"|"Sandwich"|"Kent"|"CT13 9JX"|""|""|"http://www.manwoods.co.uk/"|""|"Co-Ed"|"Stabis School_Comm"|"Senior"|""|900|0|"Day (11-18)"|"20200609162054"|"AA00078"|"20200609: School will no longer be providing boarding.

pls contact the HM.

[6 Dec 2013] Please be aware that we will not be taking any students who are not taking any exams eg GCSE or IGCSE’s for September 2014. This is due to the British Government stopping state funding for students who do not have Maths and English GCSE or equivalent.
 
For future applicants students who wish to take A levels need to take the above exams plus those subjects they wish to take at A level."|0|0|17|"N"|"Y"|"N"|""|"***********************"|"school_near_town, good feedback, friendly, chinese_few"
647|"Focus International Overseas Student Service"|"Rua do Campo No.117,"|"Macau"|"Edf. Mei Mei, 2 Andar,"|"Macau"|""|"853 2837 3809"|""|"www.focus.com.mo"|""|"Co-Ed"|""|""|""|0|0|""|"20131121111920"|"AA00003"|"skype ID: focus.macau"|0|0|17|"Y"|"Y"|"Y"|""|"***********************"|""
30068|"Stockport Grammar School"|"Buxton Road"|"United Kingdom"|"Stockport"|"Cheshire"|"SK2 7AF"|"+44 (0)161 456 9000"|""|"www.stockportgrammar.co.uk"|"sgs@stockportgrammar.co.uk"|"Co-Ed"|"Independent School"|"Senior"|""|1014|0|"Day (11-18)"|"20200226192931"|"AA00078"|"20200226: Stockport Grammar Junior School (Age Range:3-11) is the junior school of Stockport Grammar School."|0|0|17|"N"|"Y"|"N"|""|"***********************"|""
564|"Ursuline College"|"Westgate on Sea"|"UK"|"Westgate on Sea"|"Kent"|"CT8 8LX"|"44 18 4383 4431"|"44 18 4385 3365"|"www.ursuline.kent.sch.uk"|"info@ursuline.kent.sch.uk"|"Co-Ed"|"Stabis School"|""|""|0|0|"Day (11-18)"|"20200226135854"|"AA00078"|""|0|0|17|"N"|"Y"|"N"|""|"***********************"|"Non-comm"
668|"Mount House School"|"Camlet Way"|"UK"|"Hadley Wood, Herts"|"London & Greater London"|"EN4 0NJ"|"44 20 8449 6889"|"44 20 8441 5632"|"www.mounthouse.org.uk"|"schooladminofficer@mounthouse.org.uk"|"Co-Ed"|""|""|""|190|0|"Day (11-18)"|"20200227163621"|"AA00078"|"20191015: Transit from St. Martha's Senior School to Mount House School
St Martha's expect overseas students to pay school fees in two instalments in Sept and Feb or normally one in Sept [29 Aug 2011]
SLN : 0PQBVQYF7"|0|0|17|"Y"|"Y"|"Y"|""|"***********************"|""
30206|"The King's School, Worcester"|"5 College Green"|"UK"|"Worcester"|"Worcestershire"|"WR1 2LL"|"44 0 1905 721700"|""|"https://www.ksw.org.uk/"|"info@ksw.org.uk"|"Co-Ed"|"Independent School"|""|""|870|0|"Day (11-18)"|"20240305184453"|"AA00078"|""|0|0|17|"N"|"Y"|"N"|""|"***********************"|""
30085|"Bablake and King Henry VIII School"|"Coundon Road"|"UK"|"Coventry"|"West Midlands"|"CV1 4AU"|"44 024 7627 1200"|""|"https://www.bkhs.org.uk/"|"info.bablake@bkhs.org.uk / info.khviii@bkhs.org.uk"|"Co-Ed"|""|""|""|771|0|"Day (11-18)"|"20211023155930"|"AA00078"|"In September 2021, Bablake and King Henry VIII School came together to bring best practice and facilities from each school, offering a first-class independent education for 3 to 18 year olds."|0|0|17|"N"|"Y"|"N"|""|"***********************"|""
30074|"King Edward's School, Birmingham"|"Edgbaston Park Road"|"United Kingdom"|"Birmingham"|"West Midlands"|"B15 2UA"|"+44 (0)121 472 1672"|""|"https://kes.org.uk/"|"office@kes.org.uk"|"Boys"|""|""|""|877|0|"Day (11-18)"|"20201008110811"|"AA00078"|""|0|0|17|"N"|"Y"|"N"|""|"***********************"|""
30134|"Haberdashers' Boys' School"|"Butterfly Lane"|"UK"|"Elstree"|"Hertfordshire"|"WD6 3AF"|"+44 (0)20 8266 1700"|""|"https://www.habsboys.org.uk/"|"hm@habsboys.org.uk"|"Boys"|""|""|""|1138|0|"Day (11-18)"|"20211126162644"|"AA00078"|""|0|0|17|"N"|"Y"|"N"|""|"***********************"|""
30202|"Maven Education"|""|"."|"."|"."|""|""|""|""|""|"."|""|""|""|0|0|""|"20230807184308"|"AA00007"|""|0|0|17|"N"|"Y"|"N"|""|"***********************"|""
674|"The Priory Academy LSST"|"Cross O'Cliff Hill"|"UK"|"Lincoln"|"Lincolnshire"|"LN5 8PW"|"44 15 2288 9977"|"44 15 2287 1300"|"www.priorylsst.co.uk"|"generalenquiries@prioryacademylsst.co.uk"|"Co-Ed"|"Stabis School_Comm"|"Senior"|""|1800|60|"Day (11-18)"|"20201009173836"|"AA00078"|"20200519: School will stop boarding in Sep-2020
Website: www.prioryacademies.co.uk/priory
Email: generalenquiries@prioryacademies.co.uk
Sixth Form boarding only"|0|0|17|"N"|"Y"|"N"|""|"***********************"|"chinese_few, friendly, down_to_earth"
30087|"Kew House School"|"6 Capital Interchange Way"|"UK"|"Brentford"|"London"|"TW8 0EX"|"+44 (0)20 8742 2038"|""|"www.kewhouseschool.com"|"info@kewhouseschool.com"|"Co-Ed"|"Independent School"|""|""|566|0|"Day (11-18)"|"20211204165749"|"AA00078"|""|0|0|17|"N"|"Y"|"N"|""|"***********************"|""
30114|"Loughborough High School"|"Burton Walks"|"UK"|"Loughborough"|"Leicestershire"|"LE11 2DU"|"+44 (0)1509 212348"|""|"http://lsf.org/high/"|"high.office@lsf.org"|"Girls"|"Independent School"|""|""|544|0|"Day (11-18)"|"20210731160159"|"AA00078"|""|0|0|17|"N"|"Y"|"N"|""|"***********************"|""
415|"Royal School Armagh"|"College Hill"|"UK"|"Armagh"|"Northern Ireland"|"BT61 9DH"|"44 28 3752 2807"|"44 28 3752 5014"|"www.royalschool.com"|"info@royalschool.com"|"Co-Ed"|"Independent School 1"|"All"|"All Faiths"|873|87|"9-19 (4-19)"|"20241207112152"|"AA00011"|""|0|0|17|"Y"|"Y"|"Y"|""|"***********************"|"value_for_money, friendly, down_to_earth, chinese_few"
30037|"Frewen College"|"Northiam"|"UK"|"Rye"|"East Sussex"|"TN31 6NL"|"44 17 9725 2494"|""|"www.frewencollege.co.uk"|"office@frewencollege.co.uk"|"Co-Ed"|"Independent School"|"Senior"|"Non-denominational"|100|30|"9-19 (7-19)"|"20200222204923"|"AA00078"|"specialists in Specific Learning Difficulties, including dyslexia, dyspraxia and dyscalculia"|0|0|17|"N"|"N"|"N"|""|"***********************"|""
476|"St. David's College"|"Gloddaeth Hall"|"UK"|"Llandudno"|"Conwy, North Wales"|"LL30 1RD"|"44 14 9287 5974"|"44 14 9287 0383"|"www.stdavidscollege.co.uk"|"hmsec@stdavidscollege.co.uk"|"Co-Ed"|"Independent School"|"All"|"Inter denominational"|258|108|"9-19 (9-19)"|"20200225171628"|"AA00078"|"not academically selective. School SEN department has an enviable international reputation, especially in the area of dyslexia. Offer Occupational Therapy and have Speech and Language specialists on site.
20140821: Around 40% of pupils have a diagnosis of dyslexia or another specific learning difficulty. Nineteen per cent of pupils have a statement of special educational needs and their placements are funded by their home local authorities. The school offers a high level of additional specialist support"|0|0|17|"Y"|"Y"|"Y"|""|"***********************"|"special_need_school, chinese_few, rural"
371|"Purcell School"|"Aldenham Road"|"UK"|"Bushey"|"Hertfordshire"|"WD23 2TS"|"44 19 2333 1100"|"44 19 2333 1166"|"www.purcell-school.org"|"info@purcell-school.org"|"Co-Ed"|"Independent School 1"|"All"|"Nondenominational"|194|149|"9-19 (9-19)"|"20241206171244"|"AA00011"|"NON COM"|0|0|17|"Y"|"N"|"Y"|""|"***********************"|"Non-comm"
394|"Reed's School"|"Sandy Lane"|"UK"|"Cobham"|"Surrey"|"KT11 2ES"|"44 19 3286 9044"|"44 19 3286 9046"|"www.reeds.surrey.sch.uk"|"admissions@reeds.surrey.sch.uk"|"Boys"|"Independent School 1"|"All"|"Church of England"|825|85|"B:11-18,G:16-18 (11-18)"|"20241206180833"|"AA00011"|"[25Mar14] An INDUCTION DAY for ALL NEW PUPILS (include HK Boarders) on Wednesday 03SEPT2014. For further information, please go FilingSystem-> Reed's School-> ArrivalForm->InductionDaySept2014

[02Aug11] For 2012 application, we will be able to take 4 or 5 Sixth Formers (a mixture of boys and girls), for year 9 places, we are already full, but We can certainly consider boys for both Year 7 and Year 10 places but again they would need to be very strong candidates with music being an advantage
 
[29July11]The Close (which is the Boarding House for Years 7 & 8 can take 12 boys and will be full in September with 6 in Year 7 and 6 in Year 8. 

School House (for Years 9, 10 & 11) holds 42 boys and is also full.
 
Sixth Form House (Years 12& 13) can take 43 Sixth Formers and again full with 31 Boys and 12 Girls.
 
Reed’s Sponsor License Number was 4N52AJRGX"|0|0|17|"Y"|"Y"|"Y"|"reeds"|"***********************"|"Caring_ex, induction, Tennis, Skiing"
37|"Ardingly Prep"|""|"UK"|"Haywards Heath"|"West Sussex"|"RH17 6SQ"|""|""|"https://www.ardingly.com/prep/"|""|"Co-Ed"|"Independent School 1"|"Prep_S"|"Church of England"|217|31|"9-13 (2-13)"|"20241212121546"|"AA00107"|""|0|0|17|"Y"|"Y"|"Y"|""|"***********************"|""
30099|"Sutton Grammar School"|"Manor Lane"|"UK"|"Sutton"|"Surrey"|"SM1 4AS"|"44 020 8642 3821"|""|"https://www.suttongrammar.sutton.sch.uk/"|"office@suttongrammar.sutton.sch.uk"|"Boys (6G)"|"Stabis"|""|""|0|0|""|"20210612132302"|"AA00078"|""|0|0|17|"N"|"N"|"N"|""|"***********************"|""
439|"Shiplake College"|"-"|"UK"|"Henley on Thames"|"Oxfordshire"|"RG9 4BW"|"44 11 8940 2455"|"44 11 8940 5204"|"www.shiplake.org.uk"|"info@shiplake.org.uk"|"Boys (6G)"|"Independent School"|"Senior"|"Church of England"|475|159|"B:11-18,G:17-18 (11-18)"|"20200225165640"|"AA00078"|""|0|0|17|"Y"|"Y"|"N"|""|"***********************"|"Caring_ex, friendly, special_need"
582|"Westminster School"|"17 Dean's Yard"|"UK"|"Westminster"|"London & Greater London"|"SW1P 3PB"|"44 20 7963 1003"|"44 20 7963 1006"|"www.westminster.org.uk"|""|"Boys (6G)"|"Independent School 1"|"All"|"Anglican"|774|166|"B:13-18,G:16-18 (13-18)"|"20241209161953"|"AA00011"|"Westminster Under School (SCID:30072) is the prep school of Westminster School.
School does not support any application for children who need visas to study in the UK under the age of 16.
HTS, GENERAL
School does not offer private tour visit, family can only join open day."|0|0|17|"Y"|"N"|"Y"|""|"***********************"|"Non-comm"
168|"Elstree School"|"Woolhampton"|"UK"|"Reading"|"Berkshire"|"RG7 5TD"|"44 11 8971 3302"|""|"www.elstreeschool.org.uk"|"office@elstreeschool.org.uk"|"Boys"|"Independent School"|""|"Church of England"|228|42|"B:8-13 (B:3-13,G:Day 3-8)"|"20200222182658"|"AA00078"|"16Nov13: some Day girls"|0|0|17|"Y"|"Y"|"N"|""|"***********************"|""
30077|"Kingston Grammar School"|"London Road"|"UK"|"Kingston upon Thames"|"Greater London"|"KT2 6PY"|"44 020 8546 5875"|""|"https://www.kgs.org.uk/"|""|"Co-Ed"|""|""|""|809|70|"Boarding:11-18 Day 3-18)"|"20241209175856"|"AA00107"|""|0|0|17|"N"|"Y"|"N"|""|"***********************"|""
30150|"Kneller Hall School"|"65 Kneller Road,"|"UK"|"Twickenham"|"London"|"TW2 7DH"|"44 020 8891 6264"|""|"https://www.radnor-twickenham.org/"|"info@radnorhouse.org"|"Co-Ed"|"Independent School"|""|""|0|0|"Day"|"20221105150631"|"AA00078"|"20221105: Kneller Hall School - Radnor House Twickenham

For Radnor House Senior and Kneller Hall:

Admissions: admissions@radnorhouse.org
General Enquiry: info@radnorhouse.org

Telephone:  020 8891 6264

For Radnor House Prep School: 

Admissions: admissions@radnor-twickenham.org
General Enquiry: info@radnor-twickenham.org

Telephone: 020 3040 0633"|0|0|17|"N"|"Y"|"N"|""|"***********************"|""
30145|"Godolphin and Latymer School"|"Iffley Road"|"UK"|"Hammersmith"|"London"|"W6 0PG"|"44 020 8741 1936"|""|"https://www.godolphinandlatymer.com/"|"office@godolphinandlatymer.com"|"Girls"|"Independent School"|""|""|823|0|"Day (11-18)"|"20220119102541"|"AA00078"|""|0|0|17|"N"|"Y"|"N"|""|"***********************"|""
30073|"King Edward VI High School for Girls"|"Edgbaston Park Road"|"United Kingdom"|"Birmingham"|"West Midlands"|"B15 2UB"|"+44 (0)121 472 1834"|""|"https://www.kehs.org.uk/"|"enquiries@kehsmail.co.uk"|"Girls"|""|"Senior"|""|622|0|"Day (11-18)"|"20200925162025"|"AA00078"|""|0|0|17|"N"|"Y"|"N"|""|"***********************"|""
30104|"Bute House Preparatory School for Girls"|"Luxemburg Gardens"|"UK"|"Hammersmith"|"London"|"W6 7EA"|"44 0207 603 7381"|""|"https://www.butehouse.co.uk/"|"mail@butehouse.co.uk"|"Girls"|""|""|""|304|0|"Day (4-11)"|"20210720165547"|"AA00078"|""|0|0|17|"N"|"Y"|"N"|""|"***********************"|""
653|"British Boarding Schools Workshop"|"SR Events Ltd"|"UK"|"Maple House, Goudhurst Road, Horsmonden"|"Kent"|"TN12 8AE"|"44 18 9272 4926"|"44 87 0706 2718"|"http://bbsw.org.uk/"|""|"Co-Ed"|""|""|""|0|0|""|"20131224103646"|"AA00025"|""|0|0|17|"Y"|"Y"|"Y"|""|"***********************"|""
30109|"City of London School For Girls"|"St Giles’ Terrace"|"UK"|"Barbican"|"London"|"EC2Y 8BB"|"44 020 7847 5500"|""|"https://clsg.org.uk/"|"reception@clsg.org.uk"|"Girls"|""|""|""|769|0|"Day (7-18)"|"20210720175247"|"AA00078"|""|0|0|17|"N"|"Y"|"N"|""|"***********************"|""
507|"Stonar School"|"Cottles Park"|"UK"|"Atworth Melksham"|"Wiltshire"|"SN12 8NT"|"44 12 2570 1740"|"44 12 2579 0830"|"www.stonarschool.com"|""|"Co-Ed"|"Independent School 1"|"All"|"Non denominational"|426|126|"9-18 (2-19)"|"20241209134803"|"AA00011"|""|0|0|17|"Y"|"Y"|"Y"|""|"***********************"|"Riding_ex, friendly, Caring_ex, rural, down_to_earth"
151|"Dragon School"|"Bardwell Road"|"UK"|"Oxford"|"Oxfordshire"|"OX2 6SS"|""|""|"www.dragonschool.org/"|""|"Co-Ed"|"Independent School 1"|"Prep"|"Non denominational"|807|241|"8-13 (4-13)"|"20241207124317"|"AA00107"|""|0|0|17|"Y"|"Y"|"N"|""|"***********************"|""
30196|"InvestIN Education"|"Beaumont Midtown, 322 High Holborn"|"UK"|"London"|"London"|"WC1V 7PB"|"+44 (0)20 3488 5089"|""|"www.investin.org"|"info@investin.org"|"Co-Ed"|""|""|""|0|0|""|"20230224120418"|"AA00078"|"We offer teenagers the chance to test drive their dream career, through our range of immersive career experiences. On our programmes, students gain hands-on experience alongside top industry professionals, enabling them to make the right career decisions and maximise their potential."|0|0|17|"N"|"Y"|"N"|""|"***********************"|""
2|"Badminton School"|"Westbury Road"|"UK"|"Westbury-On-Trym"|"Bristol"|"BS9 3BA"|"44 11 7905 5200"|"44 11 7962 8963"|"http://www.badmintonschool.co.uk/"|""|"Girls"|"Independent School 1"|"Senior"|"Non denominational"|541|167|"9-18 (3-18)"|"20241212123419"|"AA00107"|"[10 Oct 2017] No. of pupils: 310 in Senior School; 140 in Junior School
[13Sept17] use Online registration https://www.badmintonschool.co.uk/admissions/the-admissions-process)
[17Nov15] new online applicant registration process (http://www.badmintonschool.co.uk/2409/admissions/registration/).
School (soft-)launched this today in order to make the application process a little easier for parents/ pupils. Although School  would PREFER registrations to be made online, we can still ACCEPT paper copy registrations. 


[Nov2014] school confirms no need to upload completed exam papers after TS"|0|0|17|"Y"|"Y"|"Y"|""|"***********************"|"academic_push, down_to_earth, campus_enclosed, Caring_ex"
85|"Bryanston School"|"Bryanston"|"UK"|"Blanford"|"Dorset"|"DT11 0PX"|"44 12 5845 2411"|""|"www.bryanston.co.uk"|"post@bryanston.co.uk"|"Co-Ed"|"Independent School 1"|"Senior"|"Church of England"|819|564|"9-18 (3-18)"|"20240202150504"|"AA00078"|""|0|0|17|"Y"|"Y"|"Y"|""|"***********************"|"activities_ex, chinese_few, campus_huge, traditional, IB"
557|"Truro High School For Girls"|"Falmouth Road"|"UK"|"Truro"|"Cornwall"|"TR1 2HU"|"44 18 7227 2830"|"44 18 7227 9393"|"www.trurohigh.co.uk"|"admin@trurohigh.co.uk"|"Girls"|"Independent School 1"|"All"|"Church of England"|385|37|"9-18 (4-18)"|"20241209153443"|"AA00011"|"20191012: The school will be no longer be publishing its GCSE and A Level results. It has also withdrawn from league tables.
New Features:
 Video Link from School Website: http://www.trurohigh.co.uk/videos"|0|0|17|"Y"|"Y"|"Y"|""|"***********************"|"rural, value_for_money, good feedback, friendly, down_to_earth"
50|"Bedford School"|"De Pary's Avenue"|"UK"|"Bedford"|"Bedfordshire"|"MK40 2TU"|"44 12 3436 2200"|"44 12 3436 2283"|"www.bedfordschool.org.uk"|"info@bedfordschool.org.uk"|"Boys"|"Independent School 1"|"Senior"|"Church of England"|1071|246|"9-18 (7-18)"|"20241212175035"|"AA00107"|"20200218: Bedford Preparatory School (SCID:49) is the prep school of Bedford School. (Please note Boarder No. includes prep students)
The Sponsor Licence number is: 3QVCNTJP6"|0|0|17|"Y"|"Y"|"Y"|"bedford"|"***********************"|"campus_enclosed, down_to_earth, geog, music_gd, math, science, IB"
623|"Lomond School"|"10 Stafford Street"|"UK"|"Helensburgh, Argyll & Bute"|"Scotland"|"G84 9JX"|"44 14 3667 2476"|"44 14 3667 8320"|"http://www.lomondschool.com/"|"admin@lomondschool.com"|"Co-Ed"|"Independent School 1"|"All"|"Non denominational"|367|54|"9-18 (9-18)"|"20230321150730"|"AA00078"|"This school uses Scottish System: Standard Grade - Intermediate 1&2 - Higher & Advanced Higher"|0|0|17|"Y"|"Y"|"Y"|""|"***********************"|"Caring_ex, friendly, school_near_town, value_for_money"
482|"Saint Felix School"|"Halesworth Road, Reydon"|"UK"|"Southwold"|"Suffolk"|"IP18 6SD"|"44 15 0272 2175"|"44 15 0272 2641"|"www.stfelix.co.uk"|"schooladmin@stfelix.co.uk"|"Co-Ed"|"Independent School"|"All"|"Non denominational"|329|78|"9-19 (2-19)"|"20200225162947"|"AA00078"|"[11 May 2012] All overseas students who wish to apply to study at Saint Felix School are required to sit their English Placement Test. This gives school a good indication of their level of English in order that school may place them in the relevant EAL classes. School would also like to see a copy of their most recent report (translated if possible). Student also need to complete Student Application Questionnaire for application."|0|0|17|"Y"|"Y"|"Y"|""|"***********************"|"Swimming, special_need, rural, chinese_many"
24|"Abbotsholme School"|"Roceste"|"UK"|"Uttoxeter"|"Staffordshire"|"ST14 5BS"|"44 18 8959 0217"|"44 18 8959 1001"|"www.abbotsholme.co.uk"|"enquiries@abbotsholme.co.uk"|"Co-Ed"|"Independent School"|"Senior"|"Inter denominational"|259|93|"9-19 (2-19)"|"20200222155629"|"AA00078"|"headabbotsholme@btconnect.com (if confidential)"|0|0|17|"Y"|"Y"|"Y"|""|"***********************"|"down_to_earth, friendly, rural"
556|"Trinity School"|"Buckeridge Road"|"UK"|"Teignmouth"|"Devon"|"TQ14 8LY"|""|""|"www.trinityschool.co.uk/"|"enquiries@trinityschool.co.uk"|"Co-Ed"|"Independent School"|"All"|"Roman Catholic/Church of England"|282|47|"9-19 (3-19)"|"20200222213515"|"AA00078"|"[13 Apr 2013] School will be running a new Sixth Form Foundation course in Sept 2013. Please see server for details

Sponsor Licence Number: P2E4DHHAX"|0|0|17|"Y"|"Y"|"Y"|""|"***********************"|"YES School, Tennis, rural, down_to_earth, value_for_money"
450|"Bede's Prep School"|"Dukes Drive"|"UK"|"Eastbourne"|"East Sussex"|"BN20 7XL"|"44 13 2374 6413"|""|"www.bedes.org"|"prep.school@bedes.org"|"Co-Ed"|"Independent School 1"|"Prep_S"|"Nondenominational"|313|23|"9-13 (0-13)"|"20241212150355"|"AA00107"|"20200218: Bede's School (SCID:472) is the senior school of Bede's Prep School."|0|0|17|"Y"|"Y"|"N"|"bedeprep"|"***********************"|""
676|"Handcross Park School"|"London Road, Handcross"|"UK"|"Haywards Heath"|"West Sussex"|"RH17 6HF"|"44 14 4440 0526"|"44 14 4440 0527"|"www.handcrossparkschool.co.uk"|"info@handxpark.com"|"Co-Ed"|"Independent School 1"|"Prep"|"Church of England"|407|52|"9-13 (2-13)"|"20250115102806"|"AA00132"|"Handcross Park School is the trading name of Newells School Trust Ltd, which is a registered company, 
registered in England with registration number 932584, with a registered address of Newells School Trust Ltd.

From September 2025, Handcross Park School will be known as Brighton College Prep Handcross."|0|0|17|"N"|"Y"|"N"|""|"***********************"|"chinese_few, activities_gd, busy_life"
30050|"Caldicott Preparatory School"|"Crown Lane, Farnham Royal"|"UK"|"Slough"|"Berkshire"|"SL2 3SL"|"+44 (0) 1753 649 300"|""|"https://www.caldicott.com/default.aspx"|"office@caldicott.com"|"Boys"|""|""|""|244|115|"9-13 (7-13)"|"20200227122048"|"AA00078"|""|0|0|13|"Y"|"N"|"N"|""|"***********************"|""
30041|"ISEB"|"Endeavour House, Crow Arch Lane"|"UK"|"Ringwood"|"-"|""|"44 014 2547 0555"|""|"https://www.iseb.co.uk/"|"enquiries@iseb.co.uk"|"Co-Ed"|""|""|""|0|0|""|"20161019104641"|"AA00044"|""|0|0|17|"N"|"Y"|"N"|""|"***********************"|""
485|"St. Hugh's School"|"Carswell Manor"|"UK"|"Faringdon"|"Oxfordshire"|"SN7 8PT"|"44 13 6787 0700"|"44 13 6787 0707"|"www.st-hughs.co.uk"|"office@st-hughs.co.uk"|"Co-Ed"|"Independent School"|"Prep"|"Church of England"|341|60|"9-14 (3-14)"|"20200225172556"|"AA00078"|""|0|0|17|"Y"|"Y"|"N"|""|"***********************"|""
651|"St. John's International School"|"Broadway"|"UK"|"Sidmouth"|"Devon"|"EX10 8RG"|"44 13 9551 3984"|"44 13 9551 4539"|"www.stjohnsdevon.co.uk"|"contact.stjohns@iesmail.com"|"Co-Ed"|"Independent School"|"All"|"Inter denominational"|165|38|"9-17 (2-17)"|"20200225173504"|"AA00078"|"for non-English speaking students
No Places available in Year 6 in Term 3 (DOB: 01Sept99 to 31Aug00)
Year 10 places available only in Term 1 (DOB:01Sept95 to 31Aug96)"|0|0|17|"Y"|"Y"|"N"|""|"***********************"|""
185|"Framlingham College"|"College Road"|"UK"|"Framlingham"|"Suffolk"|"IP13 9EY"|"44 17 2872 3789"|""|"www.framcollege.co.uk"|"reception@framcollege.co.uk"|"Co-Ed"|"Independent School 1"|"Senior"|"Church of England"|686|190|"9-18 (3-18)"|"20210119115731"|"AA00078"|"20200215: Framlingham College Prep School (SCID:186) is the prep school of Framlingham College.
HTS"|0|0|17|"Y"|"Y"|"Y"|"framlingham"|"***********************"|"rural, friendly, good feedback, campus_huge"
46|"Reddam House Berkshire"|"Bearwood Rd"|"UK"|"Sindlesham, Wokingham"|"Berkshire"|"RG41 5BG"|"44 11 8974 8300"|"44 11 8977 3186"|"http://reddamhouse.org.uk"|"registrar@reddamhouse.org.uk"|"Co-Ed"|"Independent School"|"Senior"|"Church of England"|587|49|"9-18 (0-18)"|"20200225155923"|"AA00078"|"20180614: Formerly Bearwood College
[2Feb15] In Sep 2015, Bearwood College will re-launch under the Reddam House banner as ""Reddam House Bearwood"". (News saved in Filing System).

[16Mar13] we would consider applications from students who are 18 years old. This would be done on a case by case basis and language dependent.

Ideally we would prefer students to be 17 years of age or under but would not dismiss an application from a student who is 18 years of age.

[14Feb13] Please note that Bearwood College is able to issue Tier 4 Child and General CAS numbers"|0|0|17|"Y"|"Y"|"Y"|""|"***********************"|""
627|"Sherfield School"|"Sherfield-on-Loddon"|"UK"|"Hook, Hants"|"Hampshire"|"RG27 0HU"|"1256 884 800"|"1256 883 172"|"www.sherfieldschool.co.uk"|"info@sherfieldschool.co.uk"|"Co-Ed"|"Independent School"|"Senior"|"Non denominational"|384|44|"9-18 (1-18)"|"20200225165333"|"AA00078"|""|0|0|17|"Y"|"Y"|"Y"|""|"***********************"|""
363|"Pocklington School"|"West Green"|"UK"|"Pocklington"|"East Riding of Yorkshire"|"YO42 2NJ"|"44 17 5930 3200"|"44 17 5930 6366"|"www.pocklingtonschool.com"|"mainoffice@pocklingtonschool.com"|"Co-Ed"|"Independent School 1"|"All"|"Christian"|802|84|"9-18 (2-18)"|"20241211173034"|"AA00011"|""|0|0|17|"Y"|"Y"|"N"|""|"***********************"|"value_for_money, good feedback, chinese_few, school_near_town"
30204|"Haberdashers’ Girls’ School"|"Aldenham Road"|"UK"|"Elstree"|"Hertfordshire"|"WD6 3BT"|"44 020 8266 2300"|""|"www.habsgirls.org.uk"|"office@habsgirls.org.uk"|"Girls"|"Independent School"|""|""|0|0|""|"20231130141202"|"AA00078"|"20231130: School profile opened for exam purpose"|0|0|17|"N"|"Y"|"N"|""|"***********************"|""
566|"Victoria College Belfast"|""|"Northern Ireland"|"2A Cranmore Park"|"Belfast"|"BT9 6JA"|"44 28 9066 1506"|"44 028 9066 6898"|"https://www.victoriacollege.org.uk/"|"nmawhinney170@c2kni.net"|"Girls"|"Independent School 1"|""|"Non denominational"|1076|2|"9-18 (2-18)"|"20241122172019"|"AA00127"|"20241122: No longer operates boarding dept.

20221011: New website will be launced soon.
20200310: School main page- www.victoriacollege.org.uk"|0|0|17|"Y"|"Y"|"Y"|""|"***********************"|"value_for_money, traditional, school_near_town, friendly, down_to_earth"
183|"Finborough School"|"The Hall, GT. Finborough"|"UK"|"Stowmarket"|"Suffolk"|"IP14 3EF"|"44 14 4977 3600"|"44 14 4977 3601"|"www.finboroughschool.co.uk"|"admin@finboroughschool.co.uk"|"Co-Ed"|"Independent School"|"All"|"Non denominational"|445|70|"9-18 (2-18)"|"20200222204735"|"AA00078"|"HTS"|0|0|17|"Y"|"Y"|"Y"|""|"***********************"|"rural, Golf, chinese_few"
525|"Tettenhall College"|"Wood Road, Tettenhall"|"UK"|"Wolverhampton"|"West Midlands"|"WV6 8QX"|"44 19 0275 1119"|"44 19 0274 1940"|"www.tettenhallcollege.co.uk"|""|"Co-Ed"|"Independent School"|"All"|"Inter denominational"|420|77|"9-18 (2-18)"|"20210511102401"|"AA00078"|"For Overseas Admissions, pls contact Miss Annabelle Addison,"|0|0|17|"Y"|"Y"|"Y"|""|"***********************"|"special_need_school, school_near_town, friendly"
200|"Gordonstoun School"|"ELGIN"|"UK"|"Moray"|"Scotland"|"IV30 5RF"|"44 13 4383 7837"|"44 13 4383 7838"|"www.gordonstoun.org.uk"|"lambies@gordonstoun.org.uk"|"Co-Ed"|"Independent School 1"|"Senior"|"Non denominational"|549|381|"8-18 (5-18)"|"20231028120401"|"AA00078"|"[19May16]  cannot find regform hard copy on web, only find online registration on web
[28 Jul 17] The school have a pool of local guardians and can appoint one at a cost of approximately £350 per term."|0|0|17|"Y"|"Y"|"Y"|"gordonstoun"|"***********************"|"dance_academic, activities_gd, rural, campus_huge"
30|"Adcote School For Girls"|"Little Ness"|"UK"|"Shrewsbury"|"Shropshire"|"SY4 2JY"|"44 19 3932 8228"|""|"www.adcoteschool.org.uk"|"office@adcoteschool.co.uk"|"Girls"|"Independent School"|"All"|"Church of England"|176|71|"8-18 (7-18)"|"20200214124537"|"AA00078"|"[5Apr16]The Adcote website for international students is http://adcoteinternational.com/. This school website you have been looking at is usually used for HOME students, which is why you may find different information on there. 

[31May14] require online registration https://portal.adcoteinternational.com/login.php
Email: battie@academic-asia.com Password: hl2007"|0|0|17|"Y"|"Y"|"Y"|""|"***********************"|"rural, campus_enclosed, Caring_ex"
290|"Lime House School"|"Holm Hill, Dalston"|"UK"|"Carlisle"|"Cumbria"|"CA5 7BX"|"44 12 2871 0225"|"44 12 2871 0508"|"www.limehouseschool.co.uk"|"office@limehouseschool.co.uk"|"Co-Ed"|"Independent School"|"All"|"Inter denominational"|161|112|"8-18 (7-18)"|"20200222211239"|"AA00078"|"HTS"|0|0|17|"Y"|"Y"|"Y"|""|"***********************"|"YES School, value_added, chinese_many"
552|"Thornton College"|"Convent of Jesus and Mary, Thornton"|"UK"|"Milton Keynes"|"Buckinghamshire"|"MK17 0HJ"|"44 12 8081 2610"|"44 12 8082 4042"|"www.thorntoncollege.com"|"office@thorntoncollege.com"|"Girls"|"Independent School"|"All"|"Roman Catholic"|402|57|"8-18 (B:3-5,G:3-18)"|"20240208114737"|"AA00078"|"The School do not teach to A-Level and the girls study to GCSE, they then move on to Sixth Forms at other schools and colleges."|0|0|17|"Y"|"Y"|"Y"|""|"***********************"|"campus_small, chinese_few, Caring_ex, value_for_money"
486|"St. James' School"|"22 Bargate"|"UK"|"Great Grimsby"|"Lincolnshire"|"DN34 4SY"|"44 14 7250 3260"|"44 14 7250 3275"|"www.saintjamesschool.co.uk"|"enquiries@saintjamesschool.co.uk"|"Co-Ed"|"Independent School"|"All"|"Church of England"|248|28|"8-19 (2-19)"|"20200225173241"|"AA00078"|""|0|0|17|"Y"|"Y"|"Y"|""|"***********************"|"value_for_money, campus_small, down_to_earth, school_near_town"
30017|"UKiset"|"4 Carlton Gardens, St James’s,"|"UK"|"London"|"London"|"SW1Y 5AA"|"44 20 7734 0161"|"44 20 7437 1764"|"www.ukiset.com"|"enquiries@ukiset.com"|"Co-Ed"|""|""|""|0|0|""|"20200512095912"|"AA00078"|"[3Aug17] Ukiset will increase the fee to GBP295 from 1 Sep 2017
[13Jan16] ukiset testcode: the logins are VALID for TWO WEEKS
[12Aug15] of 1stSeptember 2015 will NO LONGER ACCEPT scanned registration  forms, all registrations will require to be done ONLINE
[17July15] Please note for the future reference that  our ONLINE registrations is active now  so please do register your clients online, it’s faster  and easier. Please also note there is a choice of FIVE schools instead of three  to select from as it has been extended from the 1st of July."|0|0|17|"N"|"Y"|"N"|""|"***********************"|""
545|"Royal Masonic School for Girls (The)"|"Rickmansworth Park"|"UK"|"Rickmansworth"|"Hertfordshire"|"WD3 4HF"|"44 19 2377 3168"|"44 19 2389 6729"|"https://www.rmsforgirls.com/"|"enquiries@royalmasonic.herts.sch.uk"|"Girls"|"Independent School 1"|"All"|"Non denominational"|976|81|"8-19 (2-19)"|"20241211181203"|"AA00011"|"[22Sep15] School will not insist on UKiset testing-If a family names us as one of their choices for the UKiset tests, we would like you to send us as much information as possible about the student, to help with our selection.  Once we receive the results from UKiset we will look at them, in conjunction with the information you have sent us, and let you know if we feel that candidate is suitable for our school.  If suitable, we would then expect the family to register and will look at all candidates in each year group who are suitable, before making our offers.  There will be no further tests required for students applying for entry to Years 10 and below, but girls applying to Year 12 will be asked to take papers in the subjects the wish to study

If a family decides NOT TO USE the UKiset test they should register in the normal way and their daughter will be asked to complete our own entrance papers, as in the past"|0|0|17|"Y"|"Y"|"Y"|"rms"|"***********************"|"down_to_earth, campus_enclosed, value_for_money"
404|"Rishworth School"|"Rishworth"|"UK"|"Sowerby Bridge"|"West Yorkshire"|"HX6 4QA"|"44 14 2282 2217"|"44 14 2282 0911"|"www.rishworth-school.co.uk"|"admin@rishworth-school.co.uk"|"Co-Ed"|"Independent School 1"|"Senior"|"Church of England"|418|25|"8-19 (3-19)"|"20241211175118"|"AA00011"|""|0|0|17|"Y"|"Y"|"Y"|"rishworth"|"***********************"|"down_to_earth, friendly, rural, value_for_money, chinese_many"
30047|"King Henry VIII College, Malaysia"|"Persiaran Bestari, Cyber 9, 63000 Cyberjaya, Selangor, Malaysia"|"Malaysia"|"Cyberjaya"|"Selangor"|""|""|""|"www.kinghenryviii.edu.my"|""|"Co-Ed"|""|""|""|0|0|""|"20200226161035"|"AA00007"|""|0|0|17|"N"|"Y"|"N"|""|"***********************"|""
509|"Stover School"|"Stover"|"UK"|"Newton Abbot"|"Devon"|"TQ12 6QG"|"44 16 2635 4505"|"44 16 2636 1475"|"www.stover.co.uk"|"mail@stover.co.uk"|"Co-Ed"|"Independent School 1"|"All"|"Church of England"|529|32|"8-19 (3-19)"|"20220504115141"|"AA00078"|"[03Nov11] From September 2012 Stover will become a fully co-educational day and boarding school. Boys Boarding on site."|0|0|17|"Y"|"Y"|"Y"|""|"***********************"|"YES School, down_to_earth, value_for_money, uni_link, induction"
298|"Longridge Towers School"|""|"UK"|"Berwick-upon-Tweed"|"Northumberland"|"TD15 2XQ"|"44 12 8930 7584"|"44 12 8930 2581"|"www.lts.org.uk"|""|"Co-Ed"|"Independent School"|"All"|"Non denominational"|326|18|"8-19 (3-19)"|"20200222211444"|"AA00078"|""|0|0|17|"N"|"Y"|"Y"|""|"***********************"|"down_to_earth, rural, value_for_money, friendly"
586|"Windermere School"|"Patterdale Road"|"UK"|"Windermere"|"Cumbria"|"LA23 1NW"|"44 15 3944 6164"|"44 15 3948 8414"|"www.windermereschool.co.uk"|"reception@wsaschool.com"|"Co-Ed"|"Independent School"|"All"|"Non denominational"|361|142|"8-19 (3-19)"|"20200222212751"|"AA00078"|"Old web site address: www.wsaschool.com/default.htm
 
When calling the School during Office hours, you will hear a list of options. pressing 0 to contact the School Office.
 
After the School Office is closed an alternative message can be heard, giving details for contacting the Boarding Houses."|0|0|17|"Y"|"Y"|"Y"|""|"***********************"|"rural, chinese_few, facilities_gd, IB"
30031|"Ludgrove School"|"Ludgrove,"|"UK"|"Wokingham,"|"Berkshire"|"RG40 3AB"|"118 978 9881"|""|"www.ludgrove.net"|""|"Boys"|"Independent School 1"|"Prep"|"Church of England"|182|182|"9 -13 (9-13)"|"20241206104041"|"AA00127"|"Full boarding"|0|0|17|"Y"|"N"|"N"|""|"***********************"|""
325|"Moreton Hall"|"Weston Rhyn"|"UK"|"Oswestry"|"Shropshire"|"SY11 3EW"|"44 16 9177 3671"|""|"www.moretonhall.org"|"admin@moretonhall.com"|"Girls"|"Independent School 1"|"Senior"|"Ecumenical"|390|257|"8-18 (0.25 -18)"|"20241211165305"|"AA00011"|""|0|0|17|"Y"|"Y"|"Y"|"moreton"|"***********************"|"campus_enclosed, campus_huge, rural, math, science"
134|"Culford School"|"Culford"|"UK"|"Bury St Edmunds"|"Suffolk"|"IP28 6TX"|"44 12 8472 8615"|"44 12 8472 8631"|"www.culford.co.uk"|"culfordschool@culford.co.uk"|"Co-Ed"|"Independent School 1"|"All"|"Methodist"|877|192|"8-18 (1-18)"|"20241207120845"|"AA00107"|""|0|0|17|"Y"|"Y"|"Y"|"culford"|"***********************"|"campus_huge, facilities_gd, activities_gd"
142|"Derby College"|"Derby College"|"UK"|"Derby"|"Derbyshire"|""|""|""|"www.derby-college.ac.uk"|""|"Co-Ed"|""|""|""|0|0|"16+ (16+)"|"20200313173805"|"AA00078"|""|0|0|17|"N"|"Y"|"Y"|""|"***********************"|""
30058|"GLPT"|""|"."|"."|"."|""|""|""|""|""|"Co-Ed"|""|""|""|0|0|""|"20191004151115"|"AA00007"|""|0|0|17|"N"|"Y"|"N"|""|"***********************"|""
30016|"AMADEUS International School Vienna"|"Bastiengasse 36-38"|"Austria"|"1180"|"Vienna"|""|"43 14 7030 3700"|"43 14 7030 3799"|"www.amadeus-vienna.com"|"info@amadeus-vienna.at"|"Co-Ed"|""|""|""|0|0|""|"20140430161201"|"AA00044"|"IB Primary Years Programme(PYP):grades1–5
IB Middle Years Programme(MYP):grades6–10
IB!Diploma Programme (DP): grades11–12"|0|0|17|"N"|"Y"|"N"|""|"***********************"|""
30021|"Rockport School"|"Craigavad, Holywood"|"UK"|"Co. Down"|"Northern Ireland"|"BT18 0DD"|"44 28 9042 8372"|"44 28 9042 2608"|"www.rockportschool.com"|"info@rockportschool.com"|"Co-Ed"|"Independent School 1"|"All"|"Non-denominational"|265|34|"8-18 (2.5-18)"|"20241211175220"|"AA00011"|""|0|0|17|"N"|"Y"|"N"|"rockport"|"***********************"|"Caring_ex, down_to_earth, friendly, football, value_for_money, value_added"
570|"Warminster School"|"Church Street"|"UK"|"Warminster"|"Wiltshire"|"BA12 8PJ"|"44 19 8521 0100"|""|"www.warminsterschool.org.uk"|"admin@warminsterschool.org.uk"|"Co-Ed"|"Independent School 1"|"Senior"|"Church of England"|529|126|"8-18 (2-18)"|"20241209155325"|"AA00011"|"Only 10 Hong Kong & 10 Mainland this year [04 June 2012]
 HTS - licence number : 0XQ81NEW6"|0|0|17|"Y"|"Y"|"Y"|"warminster"|"***********************"|"Caring_ex, activities_gd, down_to_earth, friendly, IB"
288|"LVS Ascot"|"London Road"|"UK"|"Ascot"|"Berkshire"|"SL5 8DR"|"44 13 4488 2770"|""|"www.lvs.ascot.sch.uk"|"office@lvs.ascot.sch.uk"|"Co-Ed"|"Independent School 1"|"All"|"Christian"|796|146|"8-18 (4-18)"|"20220503105926"|"AA00078"|"[Dec14] previously named Licensed Victuallers' School"|0|0|17|"Y"|"Y"|"Y"|"lvs"|"***********************"|"chinese_few, friendly, induction, Caring_ex"
468|"St. Peter's School"|"Clifton"|"UK"|"York"|"East Riding of Yorkshire"|"YO30 6AB"|"44 19 0452 7300"|"44 19 0452 7302"|"https://www.stpetersyork.org.uk/"|"enquiries@st-peters.york.sch.uk"|"Co-Ed"|"Independent School 1"|"Senior"|"Church of England"|924|151|"8-18 (2-18)"|"20241209115632"|"AA00011"|"20200228: St. Olave's School (SCID:498) is the prep school of St. Peter's School.

4 Oct 13: DO NOT RECOMMEND ST PETER FROM NOW ON UNTIL FURTHER NOTICE. 

Entry criteria:
•Successful completion of entrance exam
•Good written and spoken English
•Academically strong
•L6 – must not be older than 17 years 3 months
•Year 10 – must not be older than 15 years and 3 months
•Year 9 – must not be older than 14 years and 3 months
Once a place has been offered and accepted we require a deposit equal to one term’s school fees. [08 Oct 2011]

we have 36 overseas students, 22 of which are from China or Hong Kong [24 Sept 2011]

age limits for 6th form entry:
Pupils should be at least 16 before September 1st
Pupils should be no more than 17 years and 3 months on September 1st. (7/9/2011)
Message from Jean:
We have about 25 international students at St Peter’s School and most of these are from China and Hong Kong with a few from Germany, Russia and America [02 March 11]"|0|0|17|"Y"|"N"|"Y"|""|"***********************"|""
391|"Read School"|"Drax"|"UK"|"Selby"|"North Yorkshire"|"YO8 8NL"|"44 17 5761 8248"|"44 17 5761 7432"|"www.readschool.co.uk"|"enquiries@readschool.co.uk"|"Co-Ed"|"Independent School"|"All"|"Church of England"|185|20|"8-18 (3-18)"|"20200225155043"|"AA00078"|""|0|0|17|"Y"|"Y"|"Y"|""|"***********************"|"rural, Caring_ex, YES School, value_for_money, football"
60|"Bilton Grange School"|"Dunchurch"|"UK"|"Rugby"|"Warwickshire"|"CV22 6QU"|"44 17 8881 0217"|"44 17 8881 6922"|"www.biltongrange.co.uk"|""|"Co-Ed"|"Independent School 1"|"Prep"|"Church of England"|388|72|"8-13 (3-13)"|"20241206154006"|"AA00107"|""|0|0|17|"Y"|"Y"|"Y"|""|"***********************"|""
30162|"CATS Cambridge"|""|"N/A"|"N/A"|"N/A"|""|""|""|""|""|"Co-Ed"|""|""|""|0|0|""|"20230207225319"|"AA00079"|""|0|0|17|"N"|"Y"|"N"|"catscam"|"***********************"|""
314|"Methodist College"|"1 Malone Road"|"UK"|"Belfast"|"Northern Ireland"|"BT9 6BY"|"44 28 9020 5205"|""|"www.methody.org"|"admissions@methody.org"|"Co-Ed"|"Independent School 1"|"All"|"Methodist"|2199|42|"8-18 (4-18)"|"20231027175140"|"AA00078"|"20231027: The College is no longer a Boarding School since 2010 and we no longer hold a licence to sponsor students.
HTS
School has changed to day school in 2010

20220503: No info on ISC/ ISI"|0|0|17|"Y"|"N"|"Y"|""|"***********************"|""
364|"Polam Hall School"|"Grange Road"|"UK"|"Darlington"|"County Durham"|"DL1 5PA"|"44 13 2546 3383"|"44 13 2538 3539"|"www.phs.woodard.co.uk"|"information@polamhall.com"|"Co-Ed"|"Stabis School"|"All"|"Non denominational"|298|51|"8-18 (4-19)"|"20200226115409"|"AA00078"|"[11Apr14] It is likely that it will become a free school starting from Sep15.  Sep 14 will be the last chance for non EU students joining the school. And starting from Sep15, most of the students will be British students in the school giving overseas student a genuine “British” boarding life.

HTS
 start boy boarding from Sep11"|0|0|17|"Y"|"Y"|"Y"|""|"***********************"|""
30075|"Orwell Park School"|"Nacton"|"UK"|"Ipswich"|"Suffolk"|"IP10 0ER"|"+44 (0)1473 659225"|""|"https://orwellpark.co.uk"|""|"Co-Ed"|""|"Prep"|""|286|134|"8-13 (2.5-13)"|"20201222154302"|"AA00078"|""|0|0|17|"N"|"Y"|"N"|""|"***********************"|""
156|"Eagle House"|"Eagle House"|"UK"|"Sandburst"|"Berkshire"|"GU47 8PH"|"44 13 4477 2134"|"44 13 4477 9039"|"www.eaglehouseschool.com"|"info@eaglehouseschool.com"|"Co-Ed"|"Independent School"|"Prep"|"Church of England"|385|50|"8-13 (2-13)"|"20221117120340"|"AA00078"|""|0|0|17|"Y"|"Y"|"Y"|""|"***********************"|""
222|"Highfield & Brookham Schools"|"Highfield Lane"|"UK"|"Liphook"|"West Sussex"|"GU30 7LQ"|"44 14 2872 8000"|"44 14 2872 8001"|"www.highfieldschool.org.uk"|""|"Co-Ed"|"Independent School 1"|"Prep"|"Church of England"|474|66|"8-13 (2-13)"|"20241209153528"|"AA00107"|""|0|0|17|"Y"|"Y"|"N"|""|"***********************"|""
127|"Clifton College Preparatory School"|"The Avenue"|"UK"|"Clifton"|"Bristol"|"BS8 3HE"|"44 11 7315 7502"|"44 11 7315 7504"|"www.cliftoncollegeuk.com/prep/"|"lwoodward@clifton-college.avon.sch.uk"|"Co-Ed"|"Independent School"|"Prep"|"Inter denominational"|596|69|"8-13 (2-13)"|"20200218193324"|"AA00078"|"20200218: Clifton College (SCID:125) is the senior school of Clifton College Preparatory School. There are also pre-prep school and nursery in Clifton College."|0|0|17|"Y"|"Y"|"N"|""|"***********************"|""
108|"Cheam School"|"Headley"|"UK"|"Newbury"|"Berkshire"|"RG19 8LD"|"44 16 3526 8242"|"44 16 3526 9345"|"www.cheamschool.com"|"office@cheamschool.co.uk"|"Co-Ed"|"Independent School"|"Prep"|"Church of England"|395|60|"8-13 (2-13)"|"20200222175420"|"AA00078"|"[11May16] do NOT offer full boarding at Cheam"|0|0|17|"Y"|"Y"|"Y"|""|"***********************"|""
617|"Old Buckenham Hall"|"Brettenham Park"|"UK"|"Brettenham, Ipswich"|"Suffolk"|"IP7 7PH"|"44 14 4974 0252"|"44 14 4974 0955"|"www.obh.co.uk"|"registar@obh.co.uk"|"Co-Ed"|"Independent School"|"Prep"|"Non denominational"|202|70|"7-13 (7-13)"|"20200225145032"|"AA00078"|""|0|0|17|"Y"|"Y"|"N"|""|"***********************"|"rural, chinese_few"
540|"Pilgrims' School (The)"|"3 The Close"|"UK"|"Winchester"|"Hampshire"|"SO23 9LT"|"44 19 6285 4189"|"44 19 6284 3610"|"www.thepilgrims-school.co.uk/"|"info@pilgrims-school.co.uk"|"Boys"|"Independent School 1"|"Prep"|"Church of England"|235|78|"8-13 (4-13)"|"20241206161823"|"AA00011"|""|0|0|17|"Y"|"N"|"Y"|""|"***********************"|"Non-comm, chinese_few, music_ex, school_near_town, traditional"
179|"Felsted Preparatory School"|"Felsted"|"UK"|"Dunmow"|"Essex"|"CM6 3JL"|"44 13 7182 2610"|"44 13 7182 2617"|"https://www.felsted.org/"|"info@felstedprep.org"|"Co-Ed"|"Independent School"|"Prep"|"Church of England"|509|44|"8-13 (4-13)"|"20200222183613"|"AA00078"|""|0|0|17|"Y"|"Y"|"N"|""|"***********************"|""
587|"Windlesham House School"|"Washington"|"UK"|"Pulborough"|"West Sussex"|"RH20 4AY"|""|"44 19 0387 4702"|"www.windlesham.com"|""|"Co-Ed"|"Independent School"|"Prep"|"Church of England"|326|163|"8-13 (4-13)"|"20200222212610"|"AA00078"|"[19Jan17] Pls note that from Sep 2017, application to Caterham for Y7 & 8 will join Windlesham House (a prep school), but the progression to Caterham is guaranteed."|0|0|17|"Y"|"Y"|"N"|""|"***********************"|""
30019|"Summer Fields School"|"Mayfield Road"|"UK"|"Oxford"|"Oxford"|"OX2 7EN"|"44 1865 454433"|""|"www.summerfields.com"|""|"Boys"|"Independent School 1"|"Prep"|"Church of England"|335|171|"8-13 (4-13)"|"20220730203224"|"AA00007"|""|0|0|17|"N"|"N"|"N"|""|"***********************"|"Non-comm"
30032|"Papplewick"|"Windsor Road"|"UK"|"Ascot"|"Berkshire"|"SL5 7LH"|"1344 621488"|""|"www.papplewick.org.uk"|""|"Boys"|"Independent School 1"|"Prep"|"Church of England"|223|88|"8-13 (6-13)"|"20241211172504"|"AA00011"|""|0|0|17|"Y"|"Y"|"N"|""|"***********************"|""
131|"Cothill House"|"."|"UK"|"Nr. Abingdon"|"Oxfordshire"|"OX13 6JL"|"44 18 6539 0800"|"44 18 6539 0205"|"www.cothill.net"|"jane@cothill.net"|"Boys"|"Independent School"|"Prep"|"Church of England"|187|187|"8-13 (8-13)"|"20200313164224"|"AA00078"|"Full boarding
14Nov13: Cothill House is part of the Cothill Educational Trust (www.cothill-trust.net)"|0|0|17|"Y"|"Y"|"Y"|""|"***********************"|"rural, football"
30216|"Charterhouse Square School"|""|"UK"|"London"|"London & Greater London"|""|""|""|""|""|"Co-Ed"|""|""|""|0|0|""|"20241116104706"|"AA00084"|""|0|0|17|"N"|"Y"|"N"|""|"***********************"|""
673|"Moyles Court School"|"Moyles Court"|"UK"|"Ringwood"|"Hampshire"|"BH24 3NF"|"44 14 2547 2856"|"44 14 2547 4715"|"www.moylescourt.co.uk"|"info@moylescourt.co.uk"|"Co-Ed"|"Independent School"|"All"|"Church of England"|207|33|"8-16 (3-16)"|"20200225142844"|"AA00078"|""|0|0|17|"Y"|"Y"|"N"|"moylescourt"|"***********************"|""
30218|"Oporto British School"|"Rua da Cerca, 338 Foz do Douro 4150-201 Porto"|"Portugal"|"Porto"|"Porto"|""|""|""|""|""|"Co-Ed"|""|""|""|0|0|""|"20241125123820"|"AA00127"|""|0|0|17|"N"|"Y"|"N"|""|"***********************"|""
30055|"Global Space Design Challenge"|""|"UK"|"NA"|"NA"|""|"44 (0)7584 190 961"|""|""|""|"Co-Ed"|"Summer School"|""|""|0|0|""|"20200214185345"|"AA00078"|""|0|0|17|"N"|"Y"|"N"|""|"***********************"|""
435|"Sherborne International"|"Newell Grange"|"UK"|"Sherborne"|"Dorset"|"DT9 3HF"|"44 19 3581 4743"|"44 19 3581 6863"|"www.sherborne-international.org"|"reception@sherborne-international.org"|"Co-Ed"|"Independent School 1"|"Senior"|"Non denominational"|130|130|"8-17 (8-17)"|"20221126155421"|"AA00078"|"Offers summer and easter courses
Full boarding
[28Jan15] Amended email & website, which before they're reception@sherborne-ic.net & www.sherborne-ic.net"|0|0|17|"Y"|"Y"|"Y"|""|"***********************"|""
411|"Royal Alexandra And Albert School"|"Gatton Park"|"UK"|"Reigate"|"Surrey"|"RH2 0TD"|"44 17 3764 9001"|"44 17 3764 9002"|"www.raa-school.co.uk"|""|"Co-Ed"|"Stabis School_Comm"|"All"|""|1137|482|"7-18 (7-18)"|"20220113153546"|"AA00078"|"Message from Fiona, please return Senior School application form to 
Admissions and Transport
 Quadrant Court
 35 Guildford Road
 Woking 
Surrey GU22 7QQ
 other forms to
 Royal Alexandra and Albert School
 Gatton Park
 Reigate
 Surrey RH2 0TD
 All Forms had indicated the return address, please follow.
 [18 Oct 2011]
 
NON-COMM SCH
 www.gatton-park.org.uk"|0|0|17|"N"|"Y"|"N"|""|"***********************"|"campus_huge, rural, activities_gd, facilities_gd"
295|"Lockers Park School"|"Lockers Park Lane"|"UK"|"Hemel Hempstead"|"Hertfordshire"|"HP1 1TL"|"44 14 4225 1712"|"44 14 4223 4150"|"www.lockerspark.co.uk"|""|"Boys"|"Independent School 1"|"Prep"|"Church of England"|205|37|"7-13 (4-13)"|"20241210122111"|"AA00107"|""|0|0|17|"Y"|"Y"|"Y"|""|"***********************"|""
524|"Taunton Senior School"|"Staplegrove Road"|"UK"|"Taunton"|"Somerset"|"TA2 6AD"|"+44 18 2370 3703"|"+44 18 2370 3704"|"www.tauntonschool.co.uk"|"enquiries@tauntonschool.co.uk"|"Co-Ed"|"Independent School 1"|"Senior"|"Inter denominational"|727|377|"7-18 (7-18)"|"20241209151224"|"AA00011"|"20200221: Taunton Preparatory School (SCID:523) is the prep school of Taunton School. It is linked with Taunton School International (SCID:522)."|0|0|17|"Y"|"Y"|"Y"|"taunton"|"***********************"|"activities_gd, friendly, art_gd"
75|"Bredon School"|"Pull Court"|"UK"|"Bushley, Tewkesbury"|"Gloucestershire"|"GL20 6AH"|"44 16 8429 3156"|"44 16 8427 6392"|"www.bredonschool.org"|"enquiries@bredonschool.co.uk"|"Co-Ed"|"Independent School"|"All"|"Church of England"|208|89|"7-18 (7-18)"|"20200222172315"|"AA00078"|""|0|0|17|"Y"|"Y"|"Y"|""|"***********************"|"special_need_school, football, value_added, Caring_ex"
634|"Lucton School"|"Lucton"|"UK"|"Leominster"|"Herefordshire"|"HR6 9PN"|"44 15 6878 2000"|"44 15 6878 2000"|"www.luctonschool.org"|"admissions@luctonschool.org"|"Co-Ed"|"Independent School"|"All"|"Christian"|344|77|"7-19 (0-19)"|"20200222211742"|"AA00078"|"Our Sponsor No: FJ2RCMQF1"|0|0|17|"Y"|"Y"|"Y"|""|"***********************"|"YES School, rural, good feedback, friendly, down_to_earth, Caring_ex"
376|"Queen Ethelburga's College"|"Thorpe Underwood Hall, Ouseburn"|"UK"|"York"|"North Yorkshire"|"YO26 9SS"|"44 14 2333 3330"|""|"www.qe.org"|"remember@compuserve.com"|"Co-Ed"|"Independent School"|"Senior"|"Non denominational"|1041|814|"7-19 (0-19)"|"20220916110957"|"AA00006"|""|0|0|17|"Y"|"N"|"Y"|""|"***********************"|"chinese_many, facilities_ex, International_environment"
508|"Stonyhurst College"|"Stonyhurst"|"UK"|"Clitheroe"|"Lancashire"|"BB7 9PZ"|"44 12 5482 6345"|"44 12 5482 7123"|"www.stonyhurst.ac.uk"|""|"Co-Ed"|"Independent School 1"|"Senior"|"Roman Catholic"|722|420|"7-19 (2-19)"|"20241209135230"|"AA00011"|"20200307: Stonyhurst St. Mary's Hall (SCID:496) is the prep school of Stonyhurst College.
[16Feb16] after serious consideration the Headmaster and Bursar of Stonyhurst College have decided to cancel our Course 3 (1-15 August) Language School due to insufficient student bookings"|0|0|17|"Y"|"Y"|"Y"|"stonyhurst"|"***********************"|"chinese_few, facilities_ex, rural, value_added, reglious, activities_gd, IB"
30014|"British Study Centres School of English"|"2nd Floor, 37 Duke Street"|"UK"|"London"|"London & Greater London"|"W1U 1LN"|"44 20 7487 9030"|"44 20 7487 9051"|"www.british-study.com"|""|"Co-Ed"|""|""|""|0|0|""|"20160411101236"|"AA00007"|""|0|0|17|"N"|"Y"|"N"|""|"***********************"|""
306|"Malvern St James Girls' School"|"15 Avenue Road"|"UK"|"Great Malvern"|"Worcestershire"|"WR14 3BA"|"44 16 8489 2288"|"44 16 8456 6204"|"www.malvernstjames.co.uk"|"admissions@malvernstjames.co.uk"|"Girls"|"Independent School 1"|"Senior"|"Inter denominational"|310|130|"7-19 (3-19)"|"20241210165547"|"AA00107"|"[1Feb17] The Headmistress is prepared to accept girls on the basis of UKiset scores for 2017 entry and therefore they will not need to complete our own entrance examinations, we would just ask that they take part in a brief skype interview with us.

[11 Apr 2013] Malvern St James Girls’ School, ranked number 12 in the UK for all girls’ independent boarding schools. Please note our League Table document is attached herewith for your reference

[10 August 2012] School now offer 3-Years Sixth Form Course 

[09 June 2012] School prefer their students to use Pippa's Guardian, please refer to supplementary info for more details 
HTS
 
Skype Address: msjadmissions
 
Guardian: use Pippa's Guardian"|0|0|17|"Y"|"Y"|"Y"|""|"***********************"|"facilities_gd, rural, chinese_many, math, science"
248|"Mount Kelly"|"."|"UK"|"Tavistock"|"Devon"|"PL19 0HZ"|"44 18 2281 3100"|"44 18 2261 2050"|"www.mountkelly.com"|"admissions@kellycollege.com"|"Co-Ed"|"Independent School 1"|"Senior"|"Christian"|594|209|"7-19 (3-19)"|"20241206120959"|"AA00011"|"Percentage of Boys and Girls: 45% Girls and 55% Boys
 Number of Boarders: 50% Boarding (27% Full, 23% Weekly), 50% Day Pupils
 Kelly College’s Sponsor Licence number is X9GYXQCW6"|0|0|17|"Y"|"Y"|"Y"|"mkelly"|"***********************"|"rural, Swimming, activities_gd"
229|"Horris Hill School"|"Newtown"|"UK"|"Newbury"|"Berkshire"|"RG20 9DJ"|"44 16 3540 594"|"44 16 3539 586"|"www.horrishill.com"|"enquiries@horrishill.com"|"Co-Ed"|"Independent School 1"|"Prep"|"Christian"|117|39|"8 -13 (2-13)"|"20241212175154"|"AA00107"|"[19May16] cannot find regform hard copy on web, only online registration on school website"|0|0|17|"Y"|"Y"|"N"|""|"***********************"|"chinese_few, friendly"
429|"Casterton, Sedbergh Preparatory School"|"Casterton"|"UK"|"Kirkby Lonsdale"|"Cumbria"|"LA6 2SG"|"15 2427 9200"|""|"http://www.sedberghschool.org/junior"|"hmpa@sedberghprep.org"|"Co-Ed"|"Independent School 1"|"Prep_S"|"Church of England"|206|87|"8-13 (0-13)"|"20241206181031"|"AA00107"|"20200218: Sedbergh School (SCID:430) is the senior school of Casterton, Sedbergh Preparatory School."|0|0|17|"Y"|"Y"|"N"|"sedberghprep"|"***********************"|""
407|"Rookwood School"|"Weyhill Road"|"UK"|"Andover"|"Hampshire"|"SP10 3AL"|"44 12 6432 5900"|"44 12 6432 5909"|"https://rookwoodschool.org/"|"office@rookwood.hants.sch.uk"|"Co-Ed"|"Independent School"|""|"Christian"|251|19|"7-18 (2-18)"|"20221110104018"|"AA00078"|"20221110: First sixth form cohort in September 2022"|0|0|17|"Y"|"Y"|"Y"|""|"***********************"|"campus_small, Caring_ex, school_near_town"
575|"Wells Cathedral School"|"The Liberty"|"UK"|"Wells"|"Somerset"|"BA5 2ST"|"44 17 4983 4200"|""|"https://wells.cathedral.school/"|"main-office@wells-cathedral-school.com"|"Co-Ed"|"Independent School 1"|"Senior"|"Church of England"|780|244|"7-18 (3-18)"|"20241209160511"|"AA00011"|"[24Jan15] With immediate effect, all emails to Wells should be cc to Mark Coote.

[28Feb13] The induction course is for all new international students and runs from Monday, 2nd September prior to term starting on Thursday, 5th September.

Sponsor Licence No: 5PY5COFJ2
 Registered Charity no.310212
 Registered Company no.564883"|0|0|17|"Y"|"Y"|"Y"|""|"***********************"|"music_ex, town school, math"
30203|"Haberdashers' Monmouth School"|"St Catherine's House, 17, Hereford Road"|"UK"|"Monmouth"|"Monmouthshire"|"NP25 3HG"|"+44 (0)1600 710401"|""|"https://www.habsmonmouth.org/"|"enquiries@habsmonmouth.org"|"Co-Ed"|"Independent School 1"|"All"|""|1066|212|"7-18 (3-18)"|"20241207180559"|"AA00107"|"Monmouth School for Boys
Almshouse Street
Monmouth
NP25 3XP

Monmouth School for Girls
Hereford Road
Monmouth
NP25 5XT

Monmouth Schools Sixth Form
Girls: Hereford Road, Monmouth, NP25 5XT
Boys: Almshouse Street, Monmouth, NP25 3XP"|0|0|17|"N"|"Y"|"N"|""|"***********************"|""
197|"Godolphin School"|"Milford Hill"|"UK"|"Salisbury"|"Wiltshire"|"SP1 2RA"|"44 17 2243 0500"|"44 17 2243 0501"|"www.godolphin.org"|""|"Girls"|"Independent School 1"|"Senior"|"Church of England"|394|95|"7-18 (3-18)"|"20241207175058"|"AA00107"|"HTS, Sponsor Licence Number: YATGQMHY3"|0|0|17|"Y"|"Y"|"Y"|"godolphin"|"***********************"|"down_to_earth, friendly, school_near_town, campus_small"
30172|"Royal Hospital School (Day Place Application Fee)"|""|"N/A"|"N/A"|"N/A"|""|""|""|""|""|"Co-Ed"|""|""|""|0|0|""|"20230207084621"|"AA00079"|""|0|0|17|"N"|"Y"|"N"|""|"***********************"|""
324|"Moorland School"|"Ribblesdale Avenue"|"UK"|"Clitheroe"|"Lancashire"|"BB7 2JA"|"44 12 0042 3833"|"44 12 0042 9339"|"www.moorlandschool.co.uk"|"info@moorlandschool.co.uk"|"Co-Ed"|"Independent School"|"All"|"Inter denominational"|189|86|"7-18 (4-18)"|"20200225142406"|"AA00078"|"will start 6th form in sept 2012"|0|0|17|"Y"|"Y"|"Y"|""|"***********************"|"campus_small, YES School, value_for_money, football"
43|"Barnard Castle School"|"Barnard Castle"|"UK"|"Durham"|"County Durham"|"DL12 8UN"|"44 18 3369 0222"|"44 18 3363 8985"|"www.barnardcastleschool.org.uk"|"secretary@barneyschool.org.uk"|"Co-Ed"|"Independent School"|"All"|"Inter denominational"|656|127|"7-18 (4-18)"|"20200222162837"|"AA00078"|""|0|0|17|"Y"|"Y"|"Y"|""|"***********************"|"value_for_money, rural, down_to_earth"
293|"Llandovery College"|"."|"UK"|"Llandovery"|"Carmarthenshire"|"SA20 0EE"|"44 15 5072 3000"|"44 15 5072 3002"|"www.llandoverycollege.com"|"mail@LlandoveryCollege.com"|"Co-Ed"|"Independent School"|"All"|"Church in Wales"|260|115|"7-18 (4-18)"|"20200222211348"|"AA00078"|"On 1st August 2012, Llandovery College (the college which the applicant is applying to return to as a ‘Child Visitor’) went into Creditors’ Voluntary Liquidation.
 BBC News: Llandovery College faces GBP 2 millions debts [30 June 2012]
 Please stop using this school for the time being until we feel confident with the school again. [30 June 2012]
 HTS, License number : 0PKFD4YP0"|0|0|17|"Y"|"Y"|"Y"|""|"***********************"|"chinese_few, friendly, down_to_earth, value_for_money"
61|"Bishop's Stortford College"|"10 Maze Green Road"|"UK"|"Bishop's Stortford"|"Hertfordshire"|"CM23 2PJ"|""|""|"http://www.bishopsstortfordcollege.org/"|"general.enqiry@bishopsstortfordcollege.org"|"Co-Ed"|"Independent School 1"|"Senior"|"Inter denominational"|1289|152|"7-18 (4-18)"|"20241206154430"|"AA00107"|"20241202: From Sep 2025, no longer offer a boarding option at the Prep School
[10 Jul] School normally confirm by e mail for single year pre paid fees."|0|0|17|"Y"|"Y"|"Y"|""|"***********************"|"down_to_earth, friendly, value_for_money"
115|"Christ College"|"Brecon Powys"|"UK"|"Brecon"|"Powys"|"LD3 8AF"|"44 18 7461 5440"|"44 18 7461 5475"|"www.christcollegebrecon.com"|"enquiries@christcollegebrecon.com"|"Co-Ed"|"Independent School 1"|"Senior"|"Church in Wales"|371|179|"7-18 (7-18)"|"20220430143803"|"AA00078"|"HTS, SLN : FDVHJ6EBX"|0|0|17|"Y"|"Y"|"Y"|""|"***********************"|"rural, chinese_few, activities_gd, busy_life, value_for_money, sport_gd"
313|"Merchiston Castle School"|"294 Colinton Road"|"UK"|"Midlothian, Edinburgh"|"Scotland"|"EH13 0PU"|"44 13 1312 2200"|"44 13 1441 6060"|"www.merchiston.co.uk"|"headmaster@merchiston.co.uk"|"Boys"|"Independent School 1"|"All"|"All Faiths"|350|195|"7-18 (7-18)"|"20241211164539"|"AA00011"|"HTS

Summer School website: http://www.merchiston.co.uk/english-summer-school-sports-camps/english-language-summer-school.aspx"|0|0|17|"Y"|"Y"|"Y"|"merchiston"|"***********************"|"activities_gd, friendly, Tennis, science, math"
182|"Fettes College"|"Carrington Road"|"UK"|"Edinburgh"|"Scotland"|"EH4 1QX"|"44 13 1332 2281"|"44 13 1332 3081"|"www.fettes.com"|"enquiries@fettes.com"|"Co-Ed"|"Independent School 1"|"All"|"Inter denominational"|744|465|"7-18 (7-18)"|"20241207173924"|"AA00107"|"20171201: For overage students, a May/June birthday would be the oldest the School would look at"|0|0|17|"Y"|"Y"|"Y"|""|"***********************"|"traditional, chinese_few, good feedback, famous_uk, IB"
49|"Bedford Preparatory School"|"De Pary's Avenue"|"UK"|"Bedford"|"Bedfordshire"|"MK40 2TU"|""|""|"www.bedfordschool.org.uk"|""|"Boys"|"Independent School 1"|"Prep_S"|"Church of England"|401|21|"7-13 (7-13)"|"20200218160558"|"AA00078"|"20200218: Full boarding from Y5. Weekly boarding from Y3.
Bedford School (SCID:50) is the senior school of Bedford Preparatory School.

The Sponsor Licence number is: 3QVCNTJP6"|0|0|17|"Y"|"Y"|"N"|""|"***********************"|"friendly, good feedback, activities_gd"
572|"Wellesley House"|"."|"UK"|"Broadstairs"|"Kent"|"CT10 2DG"|"44 18 4386 2991"|"44 18 4360 2068"|"www.wellesleyhouse.org"|"office@wellesleyhouse.org"|"Co-Ed"|"Independent School"|"Prep"|"Church of England"|91|47|"7-13 (7-13)"|"20200222213147"|"AA00078"|"Sponsor Licence Number: F1EY82MU4"|0|0|17|"Y"|"Y"|"Y"|""|"***********************"|"school_near_town, International_environment, football, art_gd"
30210|"Cranleigh Preparatory School"|"Horseshoe Lane"|"UK"|"Cranleigh"|"Surrey"|"GU6 8QH"|"+44 (0)1483 542058"|""|"http://www.cranprep.org/"|"reception@cranprep.org"|"Co-Ed"|"Independent School"|""|""|319|52|"7-13 (7-13)"|"20240516122906"|"AA00078"|"20240516: Cranleigh Preparatory School is the prep school of Cranleigh School (SCID: 30201)"|0|0|17|"N"|"Y"|"N"|""|"***********************"|""
30033|"Sunningdale School"|"Dry Arch Road"|"UK"|"Sunningdale"|"Berkshire"|"SL5 9PY"|"1344 620159"|""|"www.sunningdaleschool.co.uk"|""|"Boys"|"Independent School 1"|"Prep"|"Christian"|94|75|"7-14 (7-14)"|"20241209141957"|"AA00011"|"89 Full 4 Weekly"|0|0|17|"Y"|"Y"|"N"|""|"***********************"|""
378|"Queen Mary's School"|"Topcliffe"|"UK"|"Thirsk"|"North Yorkshire"|"YO7 3BZ"|"44 18 4557 5000"|"44 18 4557 7001"|"www.queenmarys.org"|""|"Girls"|"Independent School"|"Senior"|"Church of England"|211|40|"7-16 (B:4-7,G:4-16)"|"20200225154802"|"AA00078"|""|0|0|17|"Y"|"Y"|"Y"|""|"***********************"|"chinese_few, Riding_ex, friendly, rural"
322|"Monkton Combe School"|"Monkton Combe"|"UK"|"Bath"|"Bath & NE Somerset"|"BA2 7HG"|"44 12 2572 1102"|"44 12 2572 1181"|"www.monktoncombeschool.com"|"admissions@monkton.org.uk"|"Co-Ed"|"Independent School 1"|"Senior"|"Christian"|687|249|"7-18 (2-18)"|"20241206115726"|"AA00011"|"20200219: Monkton Combe Junior School (SCID:321) is the junior school of Monkton Combe School.

[3 Oct 2013] Monkton Combe Senior School will no longer be running Year 7 and 8 course (they used to do Year 7 and 8 too)
All Year 7 and 8 students should go to the Prep School starting Sep2014


[22 Mar 2013]Not sure if you know that monkton combe runs Y7 and 8 in BOTH their junior and senior school. 

If you have Y7 or Y8 applications please let school know which campus you are applying for. Please see others in supplementary info for more details"|0|0|17|"Y"|"Y"|"N"|"monkton"|"***********************"|"chinese_few, Caring_ex, special_need, friendly"
629|"Harrow House International College"|"Harrow Drive"|"UK"|"Swanage"|"Dorset"|"BH19 1PE"|"44 19 2942 4421"|"44 19 2942 7175"|"www.harrowhouse.com"|"info@harrowhouse.co.uk"|"Co-Ed"|""|""|""|0|0|""|"20190620113552"|"AA00078"|"English courses
[16Nov13] We are a Licensed  Highly Trusted Sponsor under Tier 4 of the Points Based System."|0|0|17|"Y"|"Y"|"Y"|""|"***********************"|""
380|"Queen's College"|"Trull Road"|"UK"|"Taunton"|"Somerset"|"TA1 4QS"|"44 18 2327 2559"|"44 18 2333 8430"|"www.queenscollege.org.uk"|"contact@queenscollege.org.uk"|"Co-Ed"|"Independent School 1"|"Senior"|"Methodist"|643|0|"7-18 (0.25-18)"|"20241211173926"|"AA00011"|"Number of Pupils in 6th Form: School currently have 149 students in the Sixth Form, 69 of whom are boarders [06 June 2012]
 SLN : F3C8VXBMX"|0|0|17|"Y"|"Y"|"Y"|"queens"|"***********************"|"dance_academic, friendly, good feedback"
492|"St. Lawrence College"|"College Road"|"UK"|"Ramsgate"|"Kent"|"CT11 7AE"|"44 018 4358 7666"|"44  018 4357 2915"|"www.slcuk.com/"|"info@slcuk.com"|"Co-Ed"|"Independent School"|"Senior"|"Church of England"|610|184|"7-18 (11-18)"|"20210828121911"|"AA00079"|""|0|0|17|"Y"|"Y"|"Y"|"stlawrence"|"***********************"|"value_added, Caring_ex, special_need_school, school_near_town"
512|"Strode College"|"Church Road"|"UK"|"Street"|"Somerset"|"BA16 0AB"|""|""|"www.strode-college.ac.uk"|""|"Co-Ed"|"Further Education College"|""|""|0|0|"(16-18)"|"20200226152538"|"AA00078"|""|0|0|17|"Y"|"Y"|"Y"|""|"***********************"|""
330|"New Hall School"|"The Avenue, Boreham"|"UK"|"Chelmsford"|"Essex"|"CM3 3HS"|"44 12 4546 7588"|"44 12 4546 4348"|"www.newhallschool.co.uk"|"admin@newhallschool.co.uk"|"Co-Ed"|"Independent School 1"|"All"|"Roman Catholic"|1349|208|"7-18 (1-18)"|"20241211165901"|"AA00011"|"HTS"|0|0|17|"Y"|"Y"|"Y"|""|"***********************"|"diamond_school, good feedback, dance_academic, rural"
434|"Shebbear College"|"Shebbear"|"UK"|"Beaworthy"|"Devon"|"EX21 5HJ"|"44 14 0928 2000"|"44 14 0928 1784"|"www.shebbearcollege.co.uk"|"enquiries@shebbearcollege.co.uk"|"Co-Ed"|"Independent School"|"All"|"Methodist"|331|78|"7-18 (2-18)"|"20200225165209"|"AA00078"|""|0|0|17|"Y"|"Y"|"Y"|""|"***********************"|"campus_enclosed, special_need, rural, value_for_money"
30101|"M3"|""|"."|"."|"."|""|""|""|""|""|"."|""|""|""|0|0|""|"20210703210737"|"AA00007"|""|0|0|17|"N"|"Y"|"N"|""|"***********************"|""
30015|"Cheltenham College Preparatory School"|"Thirlestaine Road"|"UK"|"Cheltenham"|"Gloucestershire"|"GL53 7AB"|"44 12 4252 2697"|"44 12 4226 5620"|"https://www.cheltenhamcollege.org/the-prep-7-13-/welcome-from-the-prep-head"|"prep.reception@cheltenhamcollege.org"|"Co-Ed"|"Independent School 1"|"Prep_S"|"Church of England"|433|37|"7-13 (3-13)"|"20241207103220"|"AA00107"|"20200218: Cheltenham College (SCID:110) is the senior school of Cheltenham College Preparatory School.

boarder: 37 (35 Full & 2 Weekly)"|0|0|17|"N"|"Y"|"N"|""|"***********************"|""
664|"International Summer School of Scotland (The)"|"69 St. Vincent Street"|"Scotland"|"Glasgow"|"-"|"G2 5TF"|"44 33 0077 7247"|"44 33 0077 7248"|"www.summerschoolscotland.com"|"info@summerschoolscotland.com"|"Co-Ed"|"Summer School"|""|""|0|0|""|"20160205111553"|"AA00027"|""|0|0|17|"N"|"Y"|"N"|""|"***********************"|""
667|"Northbourne Park School"|"Betteshanger"|"UK"|"Deal"|"Kent"|"CT14 0NW"|"44 13 0461 1215 (/218)"|"44 13 0461 9020"|"www.northbournepark.com"|"office@northbournepark.com"|"Co-Ed"|""|""|"Church of England"|176|53|"7-13 (3-13)"|"20200227170951"|"AA00078"|""|0|0|17|"Y"|"Y"|"N"|""|"***********************"|""
458|"Dean Close St John's"|"Castleford Hill, Tutshill"|"UK"|"Chepstow"|"Gloucestershire"|"NP16 7LE"|"+44 (0)1291 622045"|""|"http://www.deanclosestjohns.org.uk/"|"info@deanclosestjohns.org.uk"|"Co-Ed"|"Independent School"|"Prep"|"Church of England"|129|7|"7-13 (3-13)"|"20221105115053"|"AA00078"|"Old name: St. John's-on-the-Hill. Merged with Dean Close Cheltenham and became Dean Close St John's"|0|0|17|"Y"|"Y"|"Y"|""|"***********************"|"Caring_ex, campus_small"
633|"SKOLA"|"1st Floor, 111 Baker Street"|"UK"|"London"|"London & Greater London"|"W1U 6SG"|"44 20 7298 8877"|"44 20 7706 8171"|"www.skola.co.uk"|""|"Co-Ed"|""|""|""|0|0|""|"20200228151615"|"AA00078"|"Provide English courses

[19Mar15]  Ascot Summer School 2015  http://www.skola-ascot.co.uk/

The product is aimed at 15 year old students doing 1 year IB Diploma foundation (English + IB MYP) followed by the two year IB Diploma
Old Address: 21 Star Street, London, W2 1QB"|0|0|17|"Y"|"Y"|"Y"|""|"***********************"|""
496|"Stonyhurst St. Mary's Hall"|"Stonyhurst"|"UK"|"Clitheroe"|"Lancashire"|"BB7 9PU"|"44 12 5482 6242"|"44 12 5482 7136"|"https://www.stonyhurst.ac.uk/prospective-pupils-and-parents/stonyhurst-college-13-18-year-olds-stmarys"|"saintmaryshall@stonyhurst.ac.uk"|"Co-Ed"|"Independent School 1"|"Prep_S"|"Roman Catholic"|207|39|"7-13 (3-13)"|"20210320104631"|"AA00078"|"20200307: Stonyhurst College (SCID:508) is the senior school of Stonyhurst St. Mary's Hall."|0|0|17|"Y"|"Y"|"Y"|""|"***********************"|""
532|"Junior King's School (The)"|"Milner Court, Sturry"|"UK"|"Canterbury"|"Kent"|"CT2 0AY"|"44 12 2771 4000"|"44 12 2771 3171"|"www.junior-kings.co.uk"|"office@junior-kings.co.uk"|"Co-Ed"|"Independent School 1"|""|"Church of England"|364|68|"7-13 (3-13)"|"20241209160355"|"AA00107"|"20200219: Junior King's School is the prep school of The King's School,Canterbury (SCID:533)."|0|0|17|"Y"|"Y"|"N"|""|"***********************"|""
198|"Godstowe Preparatory School"|"Shrubbery Road"|"UK"|"High Wycombe"|"Buckinghamshire"|"HP13 6PR"|"44 14 9452 9273"|"44 14 9442 9009"|"www.godstowe.org"|"schooloffice@godstowe.org"|"Girls"|"Independent School 1"|"Prep"|"Church of England"|442|79|"7-13 (3-13)"|"20220430153706"|"AA00078"|""|0|0|17|"Y"|"Y"|"N"|""|"***********************"|"campus_small, chinese_few, friendly"
437|"Sherborne Preparatory School"|"Acreman Street"|"UK"|"Sherborne"|"Dorset"|"DT9 3NY"|"44 19 3581 2097"|"44 19 3581 3948"|"www.sherborneprep.org/"|""|"Co-Ed"|"Independent School 1"|"Prep"|"Church of England"|208|34|"7-13 (3-13)"|"20241207142435"|"AA00011"|"20210121: Sherborne School (SCID: 438) will merge with Sherborne Preparatory School (SCID: 437) on 1 April 2021."|0|0|17|"Y"|"Y"|"N"|""|"***********************"|"football, school_near_town"
181|"Feltonfleet School"|""|"UK"|"Cobham"|"Surrey"|"KT11 1DR"|"44 19 3286 2264"|"44 19 3286 0280"|"www.feltonfleet.co.uk"|"office@feltonfleet.co.uk"|"Co-Ed"|"Independent School"|""|"Church of England"|394|26|"7-13 (3-13)"|"20230313193340"|""|""|0|0|17|"Y"|"N"|"N"|""|"***********************"|"Non-comm"
30049|"Chafyn Grove School"|"33 Bourne Avenue"|"UK"|"Salisbury"|"Wiltshire"|"SP1 1LR"|"44 17 2233 3423"|""|"www.chafyngrove.co.uk"|"office@chafyngrove.co.uk"|"Co-Ed"|"Independent School 1"|"Prep"|""|196|29|"7-13 (3-13)"|"20241207101907"|"AA00107"|""|0|0|17|"Y"|"Y"|"Y"|""|"***********************"|""
488|"St. John's Beaumont"|"Priest Hill"|"UK"|"Old Windsor"|"Berkshire"|"SL4 2JN"|"44 17 8443 2428"|"44 17 8449 4048"|"www.sjbwindsor.uk"|""|"Boys"|"Independent School 1"|"Prep"|"Roman Catholic"|214|34|"7-13 (3-13)"|"20241207174240"|"AA00011"|"The network connection of St. John's Beaumont has problem, it is better to use telephone interview instead of Skype Interview. [22 June 2012]"|0|0|17|"Y"|"Y"|"Y"|""|"***********************"|"sport_gd, traditional"
399|"Repton Prep"|"Repton Prep, Milton"|"UK"|"Derby"|"Derbyshire"|"DE65 6EJ"|"44 12 8370 3269"|"44 12 8370 1185"|"https://www.reptonprep.org.uk/"|"office@foremarke.org.uk"|"Co-Ed"|"Independent School 1"|"Prep_S"|"Nondenominational"|406|43|"7-13 (3-13)"|"20241207102333"|"AA00011"|"20210430: From next year Repton and Repton Prep will legally merge to become a straight through school (Repton 3-18)
Therefore it will be guaranteed progression to Year 9 and no need for common entrance.
Also, from a VISA point of view, we can offer sponsorship to get the pupil from Year 8 to the end of Year 11.

20200220: Repton School (SCID:400) is the senior school of Repton Prep."|0|0|17|"Y"|"Y"|"N"|""|"***********************"|""
30026|"Jonathan Markson Tennis (Oxford) Ltd"|"Riverbank House 1 Putney Bridge Approach"|"United Kingdom"|"London"|"Greater London"|"SW6 3BQ"|"44 20 7603 2422"|""|"www.marksontennis.com"|"info@marksontennis.com"|"Co-Ed"|""|""|""|0|0|""|"20150401103527"|"AA00003"|""|0|0|17|"N"|"Y"|"N"|""|"***********************"|""
688|"Packwood Haugh School"|"Ruyton XI Towns"|"UK"|"Shrewsbury"|"Shropshire"|"SY4 1HX"|"44 19 3926 0217"|"44 19 3926 2077"|"https://packwood-haugh.co.uk/"|"headmaster@packwood-haugh.co.uk"|"Co-Ed"|"Independent School 1"|"Prep"|"Church of England"|216|51|"7-13 (4-13)"|"20241206160734"|"AA00011"|""|0|0|17|"Y"|"Y"|"Y"|""|"***********************"|""
30123|"Edgeborough"|"84 Frensham Road, Frensham"|"UK"|"Farnham"|"Surrey"|"GU10 3AH"|"44 01252 792495"|""|"https://www.edgeborough.co.uk/"|"office@edgeborough.co.uk"|"Co-Ed"|"Independent School"|""|""|377|31|"7-13 (2-13)"|"20230219230036"|""|"20220429: Day and Weekly/Flexible Boarding. Linked school: Charterhouse
20221122: non-comm"|0|0|17|"N"|"N"|"N"|""|"***********************"|"Non-comm"
685|"Study Group - International Study Centres (ISC)"|"1 Billinton Way"|"UK"|"Brighton"|"East Sussex"|"BN1 4LF"|"44 12 7333 9339"|""|"www.studygroup.com"|""|"Co-Ed"|"Independent College"|""|""|0|0|""|"20150507105748"|"AA00044"|"[7May15] an Early Booking Discount of GBP 500 or EUR 600 for students who conditionally confirm at any of our International Study Centres in the UK and Europe from today 7 May 2015 until 30 June 2015, pls go filing system for further info

ISC Agent Training Workshop 2012 Materials has been uploaded to Server [08 May 2012]

For all ISC foundation course, students need to 17 at the start of the course. [27 April 2012]

Study Group has moved to a New Office:
Address: Study Group, Unit 713, Lippo Sun Plaza, 28 Canton Road, Tsim Sha Tsui, Hong Kong
香港尖沙咀廣東道28號力寶太陽廣場7樓713室
They had No access to phone calls and limited access to emails during the moving period from 23 April to 3 May, 2012 [23 April 2012]
Old Address: Study Group (Hong Kong & Macau), Unit 302, 3/F, 29 Austin Road, Tsim Sha Tsui, Hong Kong"|0|0|17|"Y"|"Y"|"Y"|""|"***********************"|""
694|"Bell English"|"Hillscross, Red Cross Lane"|"UK"|"Cambridge"|"Cambridgeshire"|"CB2 0QU"|"44 12 2327 5598"|"44 12 2385 0126"|"www.bellenglish.com"|"enquiries@bellenglish.com; agentsupport@bellenglish.com"|"Co-Ed"|"Independent College"|""|""|0|0|""|"20150507162544"|"AA00007"|"[20Mar15] our brochures are available to order from Bell Marketing materials form- http://www.mailworkshop.com/bell_materials/order.aspx"|0|0|17|"Y"|"Y"|"Y"|""|"***********************"|""
33|"Aldro School"|"Lombard Street"|"UK"|"Shackleford"|"Surrey"|"GU8 6AS"|"44 14 8381 0266"|"44 14 8340 9010"|"www.aldro.org"|""|"Boys"|"Independent School"|"Prep"|"Church of England"|204|54|"7-13 (7-13)"|"20220122161712"|"AA00007"|"[22 Jun 2013] Charterhouse recommend Aldro and Highfield, both of which have good boarding facilities and send boys to Charterhouse every year.

[7 Mar 2013] School have had some problems in the past sending tests abroad so they will not be able to help unless the family decide to come over to see the school and meet Mr Aston. It is very important that he meets the parents and make sure school can meet student needs.

sponsorship licence number is XJ71RNDQ4"|0|0|17|"Y"|"Y"|"N"|""|"***********************"|"academic_push, chinese_few, traditional, football"
139|"Dean Close Prep School"|"Lansdown Road"|"UK"|"Cheltenham"|"Gloucestershire"|"GL51 6QS"|""|""|"http://www.deanclose.org.uk/"|"dcpsoffice@deanclose.org.uk"|"Co-Ed"|"Independent School 1"|"Prep_S"|"Church of England"|449|67|"7-13 (2-13)"|"20200623113100"|"AA00006"|"20200218: Dean Close School (SCID:140) is the senior school of Dean Close Prep School."|0|0|17|"Y"|"Y"|"N"|"deancloseprep"|"***********************"|"school_near_town, facilities_gd, friendly"
262|"King's Hall School"|"Kingston Road"|"UK"|"Taunton"|"Somerset"|"TA2 8AA"|"44 18 2328 5920"|"44 18 2328 5956"|"https://www.kings-taunton.co.uk/"|"heads_pa@kingshall.rmplc.co.uk"|"Co-Ed"|"Independent School 1"|"Prep_S"|"Church of England"|299|25|"7-13 (2-13)"|"20241111164144"|"AA00107"|""|0|0|17|"Y"|"Y"|"Y"|"khall"|"***********************"|"rural, Caring_ex, activities_gd"
30034|"Epsom College in Malaysia"|"Persiaran Kolej"|"Malaysia"|"71760 Bandar Enstek"|"Negeri Sembilan Darul Khusus"|""|"60 6240 4188"|""|"http://www.epsomcollege.edu.my/"|"enquiries@epsomcollege.edu.my"|"Co-Ed"|"Independent School"|"S/P"|""|0|0|""|"20160203104441"|"AA00044"|""|0|0|17|"N"|"Y"|"N"|""|"***********************"|""
123|"Clayesmore Prep School"|"Iwerne Minster, Blandford Forum"|"UK"|"Dorset"|"Dorset"|"DT11 8PH"|""|""|"www.clayesmore.com"|"prepsec@clayesmore.com"|"Co-Ed"|"Independent School"|"Prep"|"Church of England"|238|65|"7-13 (2-13)"|"20200313162058"|"AA00078"|"20200218: Clayesmore School (SCID:124) is the senior school of Clayesmore Prep School."|0|0|17|"Y"|"Y"|"N"|""|"***********************"|""
321|"Monkton Combe Junior School"|"Combe Down"|"UK"|"Bath"|"Bath & NE Somerset"|"BA2 7ET"|"44 12 2583 7912"|"44 12 2584 0312"|"www.monktoncombeschool.com"|"admissions@monktonprep.org.uk"|"Co-Ed"|"Independent School 1"|"Prep_S"|"Christian"|354|34|"7-13 (2-13)"|"20200219184724"|"AA00078"|"20200219: Monkton Combe School (SCID:322) is the senior school of Monkton Combe Junior School."|0|0|17|"Y"|"Y"|"N"|""|"***********************"|""
81|"Bromsgrove Preparatory School"|"Old Station Road"|"UK"|"Bromsgrove"|"Worcestershire"|"B60 2BU"|"44 15 2757 9679"|""|"www.bromsgrove-school.co.uk"|"enquiries@bromsgrove-school.co.uk"|"Co-Ed"|"Independent School 1"|"Prep_S"|"Church of England"|724|99|"7-13 (2-13)"|"20241206162546"|"AA00107"|"20200218: Bromsgrove School (SCID:3) is the senior school of Bromsgrove Preparatory School.

Year 3 to 6 - Lower Fee
Year 7 to 8 - Senior Fee"|0|0|17|"Y"|"Y"|"Y"|""|"***********************"|""
463|"St. Mary's School, Melrose"|"Abbey Park"|"UK"|"Melrose, Borders"|"Scotland"|"TD6 9LN"|"44 18 9682 2517"|"44 18 9682 3550"|"www.stmarysmelrose.org.uk"|"office@stmarysmelrose.org.uk"|"Co-Ed"|"Independent School"|"Prep"|""|155|21|"7-13 (2-13)"|"20200222221941"|"AA00078"|"[8Aug14] day & weekly boarding only"|0|0|17|"Y"|"Y"|"Y"|""|"***********************"|""
365|"Port Regis School"|"Motcombe Park"|"UK"|"Shaftesbury"|"Dorset"|"SP7 9QA"|"44 17 4785 7800"|"44 17 4785 7810"|"www.portregis.com/"|"office@portregis.com"|"Co-Ed"|"Independent School 1"|"Prep"|"Inter denominational"|300|175|"7-13 (2-13)"|"20241206165312"|"AA00011"|""|0|0|17|"Y"|"Y"|"N"|""|"***********************"|"football, campus_huge, sport_gd"
317|"Millfield Prep School"|"Edgarley Hall"|"UK"|"Glastonbury"|"Somerset"|"BA6 8LD"|"44 14 5883 2446"|"44 14 5883 3679"|"millfieldschool.com"|"office@millfieldprep.com"|"Co-Ed"|"Independent School 1"|"Prep_S"|"Inter denominational"|474|118|"7-13 (2-13)"|"20241206114334"|"AA00011"|"20200219: Millfield School (SCID:318) is the senior school of Millfield Prep School."|0|0|17|"Y"|"Y"|"N"|""|"***********************"|""
74|"Brambletye School"|"Lewes Road"|"UK"|"East Grinstead"|"West Sussex"|"RH19 3PD"|"44 13 4232 1004"|"44 13 4277 0197"|"www.brambletye.co.uk/"|"schooloffice@brambletye.com"|"Co-Ed"|"Independent School"|"Prep"|"Church of England"|300|77|"7-13 (2-13)"|"20200222172158"|"AA00078"|""|0|0|17|"Y"|"Y"|"N"|""|"***********************"|"football, Caring_ex, chinese_few, rural"
174|"Exeter Cathedral School"|"The Chantry, Palace Gate"|"UK"|"Exeter"|"Devon"|"EX1 1HX"|""|""|"www.exetercathedralschool.org.uk"|"e.info@exetercs.org"|"Co-Ed"|"Independent School"|"Prep"|"Church of England"|241|14|"7-13 (2-13)"|"20200222183246"|"AA00078"|""|0|0|17|"Y"|"Y"|"N"|""|"***********************"|""
30057|"Westbourne House School"|"Coach Road, Shopwyke"|"United Kingdom"|"Chichester"|"West Sussex"|"PO20 2BH"|"44 01243 782 739"|""|"www.westbournehouse.org"|"office@westbournehouse.org"|"Co-Ed"|"Independent School"|"Prep"|""|361|50|"7-13 (2-13)"|"20200222213055"|"AA00078"|""|0|0|17|"N"|"Y"|"N"|""|"***********************"|""
228|"Walhampton School"|""|"UK"|"Lymington"|"Hampshire"|"SO41 5ZG"|"44 15 9067 2013"|""|"http://www.walhampton.com/"|""|"Co-Ed"|"Independent School"|"Prep"|"Church of England"|372|27|"7-13 (2-13)"|"20200222213250"|"AA00078"|"old name: Hordle Walhampton School_updated on 20140313"|0|0|17|"Y"|"Y"|"N"|""|"***********************"|""
567|"Vinehall School"|"."|"UK"|"Robertsbridge"|"East Sussex"|"TN32 5JL"|"44 15 8088 0413"|"44 15 8088 2119"|"http://www.vinehallschool.com/"|""|"Co-Ed"|"Independent School"|"Prep"|"Church of England"|214|21|"7-13 (2-13)"|"20220122162252"|"AA00007"|"The Sponsorship Number is 2JP95Q080"|0|0|17|"Y"|"Y"|"N"|""|"***********************"|"chinese_few, traditional, facilities_gd"
405|"Rochester Independent College"|"Star Hill"|"UK"|"Rochester"|"Kent"|"ME1 1XF"|""|""|"www.rochester-college.org"|""|"Co-Ed"|""|"Senior"|"Non denominational"|339|106|"15-19 (11-19)"|"20200228153354"|"AA00078"|"HTS"|0|0|17|"Y"|"Y"|"Y"|""|"***********************"|"campus_small, school_near_town, friendly"
530|"Downs Malvern (The)"|"Brockhill Road, Colwall"|"UK"|"Malvern"|"Worcestershire"|"WR13 6EY"|"44 16 8454 4100"|"44 16 8454 0094"|"www.thedownsmalvern.org.uk"|"enquiries@thedowns.malcol.org"|"Co-Ed"|"Independent School 1"|"Prep_S"|"Inter denominational"|196|17|"7-13 (3-13)"|"20220430145032"|"AA00078"|"20200218: Malvern College (SCID:304) is the senior school of The Downs Malvern."|0|0|17|"Y"|"Y"|"Y"|""|"***********************"|""
355|"Perrott Hill School"|"North Perrott"|"UK"|"Crewkerne"|"Somerset"|"TA18 7SL"|"44 14 6072 051"|"44 1 4607 8246"|"www.perrotthill.com"|""|"Co-Ed"|"Independent School"|"Prep"|"Church of England"|166|28|"7-13 (3-13)"|"20200225151512"|"AA00078"|""|0|0|17|"Y"|"Y"|"Y"|""|"***********************"|""
277|"Lambrook"|"Winfield Row"|"UK"|"Bracknell"|"Berkshire"|"RG42 6LU"|"44 13 4488 2717"|"44 13 4489 1114"|"www.lambrookschool.co.uk/"|"info@lambrook.berks.sch.uk"|"Co-Ed"|"Independent School 1"|"Prep"|"Church of England"|630|72|"7-13 (3-13)"|"20241209180108"|"AA00107"|"old name : Lambrook Haileybury_updated name on 20140313"|0|0|17|"Y"|"Y"|"N"|""|"***********************"|""
215|"Harrow International School Thailand"|"Harrow International School185/45 Soi Kosumruamjai 7Sikan, Don MuangBangkok 1021010120, Thailand"|"UK"|""|""|""|"66 02 503 7222 "|"66 02 503 7223"|"www.harrowschool.ac.th"|""|"Co-Ed"|"Independent School"|"All"|""|1229|56|"3-19"|"20120806190150"|""|""|13.906022|100.585863|17|"Y"|"Y"|"Y"|""|"***********************"|""
30217|"St Edward's School, Cheltenham"|"Cirencester Road, Charlton Kings"|"UK"|"Cheltenham, Gloucestershire, GL53 8EY"|"UK"|""|""|""|"https://www.stedwards.co.uk/"|""|"Co-Ed"|""|""|""|0|0|""|"20241116175807"|"AA00127"|""|0|0|17|"N"|"Y"|"N"|""|"***********************"|""
511|"Strathallan School"|"Forgandenny"|"UK"|"Perth, Perthshire"|"Scotland"|"PH2 9EG"|"44 17 3881 2546"|"44 17 3881 2549"|"www.strathallan.co.uk"|"admissions@strathallan.co.uk"|"Co-Ed"|"Independent School 1"|"All"|"All Faiths"|606|314|"5-18 (5-18)"|"20241209140342"|"AA00011"|""|0|0|17|"Y"|"Y"|"Y"|"strathallan"|"***********************"|"sport_gd, activities_gd, good feedback, Skiing"
538|"Aurora Eccles School"|"Quidenham"|"UK"|"Norwich"|"Suffolk"|"NR16 2NZ"|""|""|"www.the-aurora-group.com/ecclesschool"|"Referrals@the-aurora-group.com"|"Co-Ed"|"Independent School"|"All"|"Inter denominational"|145|6|"5-19 (5-19)"|"20211201162246"|"AA00078"|"20200225: The New Eccles Hall School is renamed Aurora Eccles School after being bought by new owners. It is an innovative provider of education, care and support for children, young people and adults with special educational needs and disabilities.
 
20191012: Not able to reach website. Cannot find school website on Internet."|0|0|17|"Y"|"Y"|"Y"|""|"***********************"|""
386|"Worksop College Preparatory School, Ranby House"|"Ranby"|"UK"|"Retford"|"Nottinghamshire"|"DN22 8HX"|"44 17 7770 3138"|"44 17 7770 2813"|"www.ranbyhouseschool.co.uk"|"officeprep@wsnl.co.uk"|"Co-Ed"|"Independent School 1"|"Prep_S"|"Church of England"|216|4|"6-13 (3-13)"|"20200221152501"|"AA00078"|"20200221: Worksop College (SCID:592) is the senior school of Worksop College Preparatory School, Ranby House."|0|0|17|"Y"|"Y"|"Y"|""|"***********************"|""
291|"Lincoln Minster School"|"Hillside, Lindum Terrace"|"UK"|"Lincoln"|"Lincolnshire"|"LN2 5RW"|"44 15 2255 1300"|"44 15 2255 1310"|"www.lincolnminsterschool.co.uk"|"enquiries.lincoln@church-schools.com"|"Co-Ed"|"Independent School 1"|"All"|"Inter denominational/Church of England"|473|4|"6-18 (4-18)"|"20241210121142"|"AA00107"|""|0|0|17|"Y"|"Y"|"Y"|"lincoln"|"***********************"|"friendly, urban, school_near_town"
273|"Kingswood Preparatory School"|"College Road, Lansdow"|"UK"|"Bath"|"Bath & NE Somerset"|"BA1 5SD"|"44 12 2573 4460"|"44 12 2573 4470"|"www.kingswood.bath.sch.uk/prep"|"kpsreception@kingswood.bath.sch.uk"|"Co-Ed"|"Independent School 1"|"Prep_S"|"Methodist"|474|0|"7-11 (1-11)"|"20241209174541"|"AA00107"|"20200219: Kingswood School (SCID:274) is the senior school of Kingswood Preparatory School."|0|0|17|"Y"|"Y"|"N"|""|"***********************"|""
217|"Hazlegrove Preparatory School"|"Sparkford"|"UK"|"Yeovil"|"Somerset"|"BA22 7JA"|"44 19 6344 0314"|"44 19 6344 0569"|"www.hazlegrove.co.uk/"|"office@hazlegrove.co.uk"|"Co-Ed"|"Independent School 1"|"Prep"|"Church of England"|409|69|"7-13 (2-13)"|"20241209150624"|"AA00107"|"20200214: Hazlegrove is the prep school of King's School, Bruton (SCID:264)"|0|0|17|"Y"|"Y"|"N"|""|"***********************"|"activities_gd, facilities_gd, friendly"
186|"Framlingham College Prep School"|"Brandeston Hall"|"UK"|"Woodbridge"|"Suffolk"|"IP13 7AH"|"44 17 2868 5331"|"44 17 2868 5437"|"www.framcollege.co.uk"|""|"Co-Ed"|"Independent School"|"Prep_S"|""|283|26|"7-13 (3-13)"|"20200215185646"|"AA00078"|"20200215: Framlingham College (SCID:185) is the senior school of Framlingham College Prep School."|0|0|17|"Y"|"Y"|"N"|""|"***********************"|""
523|"Taunton Preparatory School"|"Staplegrove Road"|"UK"|"Taunton"|"Somerset"|"TA2 6AE"|""|""|"www.tauntonschool.co.uk"|""|"Co-Ed"|"Independent School 1"|"Prep_S"|"Inter denominational"|425|49|"7-13 (0.25 -13)"|"20241209144254"|"AA00011"|"20200221: Taunton School (SCID:524) is the senior school of Taunton Preparatory School. It is linked with Taunton School International (SCID:522)."|0|0|17|"Y"|"Y"|"N"|""|"***********************"|""
471|"St. Andrew's Prep"|"Meads"|"UK"|"Eastbourne"|"East Sussex"|"BN20 7RP"|"44 13 2373 3203"|"44 13 2364 6860"|"www.standrewsprep.co.uk/"|"info@androvian.com"|"Co-Ed"|"Independent School 1"|"Prep"|"Church of England"|323|17|"7-13 (0.25m-13)"|"20241212104720"|"AA00011"|"20200219: Eastbourne College (SCID:159) is the senior school of St. Andrew's Prep."|0|0|17|"Y"|"Y"|"Y"|"standrew"|"***********************"|"football, friendly, down_to_earth"
402|"Riddlesworth Hall Preparatory School"|"Hall Lane"|"UK"|"Diss"|"Norfolk"|"IP22 2TA"|"44 19 5368 1246"|""|"www.riddlesworthhall.com"|"rhps@riddlesworthhall.co.uk"|"Co-Ed"|"Independent School"|"Prep"|"Church of England"|86|5|"7-13 (2-13)"|"20200225160015"|"AA00078"|""|0|0|17|"Y"|"Y"|"Y"|""|"***********************"|""
341|"Oratory Prep School"|"Goring Heath"|"UK"|"Reading"|"Berkshire"|"RG8 7SF"|"44 11 8984 4511"|"44 11 8984 4806"|"http://www.oratoryprep.co.uk/"|"office@oratoryprep.co.uk"|"Co-Ed"|"Independent School 1"|"Prep"|"Roman Catholic"|293|26|"7-13 (2-13)"|"20241211171510"|"AA00011"|"20200220: The Oratory School (SCID:342) is the senior school of Oratory Prep School."|0|0|17|"Y"|"Y"|"N"|""|"***********************"|""
30197|"Exsportise Summer School"|"South Road Haywards Heath"|"UK"|"Haywards Heath"|"Haywards Heath, UK"|"RH16 4NG"|"+44 (0)1444 444 777"|""|"http://exsportise.co.uk/"|"admin@exsportise.co.uk"|"Co-Ed"|""|""|""|0|0|""|"20230527182833"|"AA00078"|""|0|0|17|"N"|"Y"|"N"|""|"***********************"|""
30008|"Abbey College Manchester (DLD Group)"|"5-7 Cheapside, Off King Street"|"UK"|"Manchester"|"Greater Manchester"|"M2 4WG"|"44 16 1817 2700"|"44 16 1817 2705"|"www.abbeymanchester.co.uk/"|"admin@abbeymanchester.co.uk"|"Co-Ed"|"Independent College"|""|""|0|0|"15-19 (15-19)"|"20200313124656"|"AA00078"|""|0|0|17|"Y"|"Y"|"Y"|""|"***********************"|""
78|"Brockenhurst College"|"Lyndhurst Road"|"UK"|"Brockenhurst"|"Hampshire"|"SO42 7ZE"|"44 15 9062 5555"|""|"www.brock.ac.uk"|"international@brock.ac.uk"|"Co-Ed"|"Sixth Form College - Government"|""|""|3000|0|"16-19(Homestay)(16-19)"|"20200226135015"|"AA00078"|"[21Aug15] have EXTENDED our DEADLINE for admission for 2015-16. 
Students will be able to join us up to the end of September (last entry date being Monday 28th September 2015). Any late starters will be put on intensive catch-up classes to ensure they do not fall behind in their studies.

[25Jan13]
in 2013-14 school will be offering the following courses:
• A-levels (2-year course).
• International Baccalaureate (2-year course).
• Fast Track A-levels (1-year course).
• International Foundation Year (1-year course). This course leads to guaranteed progression to a top UK and worldwide university upon successfully completion of the course. Other universities for direct progression will be also available.
• Pre A-levels (1 year course). This course will be offering to study for a 1-year advanced GCSE course to prepare students for A-level study.
• Higher Education Courses (2-year courses) leading to a Higher National Diploma (HND). Courses available in International Hospitality Management, Health and Social Care Adult, Early Years and, Photography. 
• Study Abroad opportunities (8-30 weeks). 
• Vocational Courses (2-year courses) in a variety of subjects leading to either university entry or direct employment progression. Subjects include art and design, media, photography, business, hospitality, travel and tourism, health and social care and, sport. 

 HTS and a General student visa only"|0|0|17|"Y"|"Y"|"Y"|""|"***********************"|""
30053|"St. Michaels University School"|"3400 Richmond Road"|"Canada"|"Victoria"|"B.C."|"V8P 4P5"|"(250) 592-2411"|"(250) 592-2812"|"https://www.smus.ca/"|""|"Co-Ed"|""|""|""|998|258|""|"20190423133500"|"AA00007"|"212 Junior (Kindergarten-G5) , 198 Middle(G6-8), 588 Senior(G9-12)"|0|0|17|"N"|"Y"|"N"|""|"***********************"|""
30069|"The Grange School"|"Bradburns Lane, Hartford"|"United Kingdom"|"Northwich"|"Cheshire"|"CW8 1LU"|"+44 (0)1606 539039"|""|"www.grange.org.uk"|"Admissions@grange.org.uk"|"Co-Ed"|"Independent School"|""|""|1009|0|"16-18(Homestay) (4-18)"|"20200326111150"|"AA00078"|"20200326: Day school. International pupils aged 16+ can join sixth form in Grange Sixth Form."|0|0|17|"N"|"Y"|"N"|""|"***********************"|""
30164|"The Worthgate School"|""|"N/A"|"N/A"|"N/A"|""|""|""|""|""|"Co-Ed"|""|""|""|0|0|""|"20230207225240"|"AA00079"|""|0|0|17|"N"|"Y"|"N"|"worthgate"|"***********************"|""
245|"Itchen Sixth Form College(Do not recommend)"|"Middle Road, Bitterne"|"UK"|"Southampton"|"Hampshire"|"SO19 7TB"|"44 23 8043 5636"|"44 23 8042 1911"|"www.itchen.ac.uk"|"info@itchen.ac.uk"|"Co-Ed"|"Sixth Form College - Government"|""|""|1500|0|"16-19(Homestay)(16-19)"|"20200226131749"|"AA00078"|"20171122: Do not recommend as no T4 licence

[19May16]  School is on the Hong Kong Government list for OEA and it is not a problem for students to pay termly.  We charge no extra for this.
1,300 British and over 100 international students"|0|0|17|"N"|"Y"|"Y"|""|"***********************"|""
247|"John Leggott College"|"West Common Lane"|"UK"|"Scunthorpe"|"Lincolnshire"|"DN17 1DS"|"44 17 2428 2998"|"44 17 2428 1631"|"https://www.leggott.ac.uk/"|"info@leggott.ac.uk"|"Co-Ed"|"Sixth Form College - Government"|""|""|1650|0|"16-19(Homestay)(16-19)"|"20220726152447"|"AA00078"|""|0|0|17|"Y"|"Y"|"Y"|""|"***********************"|""
30207|"Inspired Edcuation Group"|""|"."|"."|"."|""|""|""|""|""|"Co-Ed"|""|""|""|0|0|""|"20240316142605"|"AA00007"|""|0|0|17|"N"|"Y"|"N"|""|"***********************"|""
336|"Notre Dame Catholic Sixth Form College"|"St. Mark's Avenue"|"UK"|"Leeds"|"Lancashire"|"LS2 9BL"|"44 11 3294 6644"|"44 11 3294 6006"|"www.notredamecoll.ac.uk"|"Enquiries@notredamecoll.ac.uk"|"Co-Ed"|"Sixth Form College - Government"|""|"Roman Catholic"|1500|0|"16-19(Homestay/Residential)(16-19)"|"20200317142355"|"AA00078"|"[2June16] Unless a student is claiming the OEA, the full fees are payable by the start of each year of the course.
HTS,
 For consent letter
 Ms Rose Lou 
162 Alwoodley Lane, Leeds , LS17 7PL.
 Tel : 00 44 113 266 3329
 eva.lin08@yahoo.com
 SLN : 54JPRGKT3"|0|0|17|"Y"|"Y"|"Y"|""|"***********************"|""
283|"Leeds English Language School"|"Victoria Lodge, 115 Victoria Road"|"UK"|"Leeds"|"Lancashire"|"LS6 1DR"|"44 11 3275 1964"|"44 11 3294 7772"|"www.leedsenglish.com"|"info@leedsenglish.com"|"Co-Ed"|""|"Senior"|""|0|0|"16-20"|"20131227135111"|"AA00025"|"English and IELTS school"|53.814469|-1.571911|17|"N"|"Y"|"Y"|""|"***********************"|""
44|"Bath Academy"|"27 Queen Square"|"UK"|"Bath"|"Bath & NE Somerset"|"BA1 2HX"|"44 12 2533 4577"|"44 12 2548 2414"|"www.bathacademy.co.uk"|"info@bathacademy.co.uk"|"Co-Ed"|""|""|""|143|143|"16-20"|"20250207210658"|"AA00082"|"HTS"|0|0|17|"Y"|"Y"|"Y"|""|"***********************"|""
681|"Hartpury College"|"Hartpury"|"UK"|"Gloucester"|"Gloucestershire"|"GL19 3BE"|"44 14 5270 2124"|""|"www.hartpury.ac.uk"|"admissions@hartpury.ac.uk"|"Co-Ed"|"Further Education College"|"Senior"|""|3000|1152|"16-22(Residential)(16-25)"|"20200622102423"|"AA00006"|"[5 MAR 2013]
the best arrival time will be 31st August as the full wardening team will not be in place until then.
If students are struggling to find flights for the 31st August or the 1st September we can look into securing an early room for them, however it will need to be agreed on a case by case basis."|0|0|17|"Y"|"Y"|"Y"|""|"***********************"|""
196|"Gloucestershire College"|"Princess Elizabeth Way"|"UK"|"Cheltenham"|"Gloucestershire"|"GL51 7SJ"|""|""|"www.gloscol.ac.uk"|""|"Co-Ed"|"Further Education College"|""|"Non denominational"|3000|0|"16+(Homestay)(16+)"|"20200314180521"|"AA00078"|"There are 25 rooms available in halls of residence for international students, HTS
 SLN : ND8RYN2E3"|0|0|17|"Y"|"Y"|"Y"|"gloucestershire"|"***********************"|""
571|"Warwickshire College"|"Leamington Centre, Warwick New Road"|"UK"|"Royal Leamington Spa"|"Warwickshire"|"CV32 5JE"|"44 19 2631 8000"|"44 19 2631 8111"|"www.warwickshire.ac.uk"|"info@warkscol.ac.uk"|"Co-Ed"|""|"Senior"|""|0|0|"16+(Homestay)(16+)"|"20200317143828"|"AA00078"|"HTS, GENERAL"|0|0|17|"N"|"Y"|"Y"|""|"***********************"|""
301|"Loughborough College"|"Radmoor Road"|"UK"|"Loughborough"|"Leicestershire"|"LE11 3BT"|"44 15 0921 5831"|""|"www.loucoll.ac.uk"|"loucoll@loucoll.ac.uk"|"Co-Ed"|""|""|""|0|0|"16+(Residential) (16+)"|"20200317131441"|"AA00078"|"International Study Centre"|0|0|17|"Y"|"Y"|"Y"|""|"***********************"|""
17|"Colchester Royal Grammar School"|"6 Lexden Road"|"UK"|"Colchester"|"Essex"|"CO3 3ND"|"44 12 0650 9100"|"47 12 0650 9101"|"www.crgs.co.uk"|""|"Boys (6G)"|"Stabis School_Comm"|"All"|"Christian Faith"|1019|20|"16-18 (11-18)"|"20240124170503"|"AA00078"|"[25 Jan 2013] Boarding students normally arrive on the day before term starts.*pls see airport pickup remark for more details."|0|0|17|"N"|"Y"|"N"|"colchester"|"***********************"|"academic_push, science, math, down_to_earth, value_for_money"
30192|"Expo Test"|""|"N/A"|"N/A"|"N/A"|""|""|""|""|""|"Co-Ed"|""|""|""|0|0|""|"20230213173116"|"AA00079"|""|0|0|17|"N"|"Y"|"N"|"expotest"|"***********************"|""
30043|"The National Mathematics and Science College"|"2 The Oaks, Westwood Way"|"UK"|"Coventry"|"Warwickshire"|"CV4 8JB"|"44 02475 092 950"|""|"https://natmatsci.ac.uk/"|"info@natmatsci.ac.uk"|"Co-Ed"|"Independent College"|"S"|""|107|89|"15-19 (15-19)"|"20221217171638"|"AA00007"|""|0|0|17|"N"|"Y"|"N"|""|"***********************"|""
30122|"Richard Huish College"|"South Road"|"UK"|"Taunton"|"Somerset"|"TA1 3DZ"|"44 (0) 1823 320802"|""|"https://www.huish.ac.uk/"|"hello@richuish.ac.uk"|"Co-Ed"|"Sixth Form College - Government"|""|""|0|0|"16-18 (16-18)"|"20211010134150"|"AA00078"|"20211010: We can still accept students who are ‘ESFA funded’ e.g. BN(O) students / students with dependent status etc. But we are no longer able to charge the ‘International Support Fee’ and pass on the commission to our agents through this."|0|0|17|"N"|"Y"|"N"|""|"***********************"|""
30065|"Pembrokeshire College"|"Merlins Bridge"|"United Kingdom"|"Haverfordwest"|"Pembrokeshire"|"SA61 1SZ"|"44 01437 753 000"|""|"www.pembrokeshire.ac.uk"|"admissions@pembrokeshire.ac.uk"|"Co-Ed"|""|""|""|0|0|"16-18 (Homestay)(16-18)"|"20200317162405"|"AA00078"|""|0|0|17|"N"|"Y"|"N"|""|"***********************"|""
565|"Varndean College"|"Surrenden Road"|"UK"|"Brighton"|"East Sussex"|"BN1 6WQ"|"44 12 7350 8011"|"44 12 7354 2950"|"www.varndean.ac.uk"|"office@varndean.ac.uk"|"Co-Ed"|""|"Senior"|""|1200|0|"16-18 (Host Family)(16+)"|"20200317152142"|"AA00078"|"HTS

skype name: varndean.college"|0|0|17|"Y"|"Y"|"Y"|""|"***********************"|"IB"
686|"Collyer's- The College of Richard Collyer"|"Hurst Road"|"UK"|"Horsham"|"West Sussex"|"RH12 2EJ"|"44 14 0321 0822"|"44 14 0321 1915"|"www.collyers.ac.uk"|"admin@collyers.ac.uk"|"Co-Ed"|"Sixth Form College - Government"|""|""|1950|0|"16-18(Homestay)(16-18)"|"20200728131314"|"AA00078"|"20200728: School does not offer boarding but homestay accommodation.
1750 students aged between 16-19"|0|0|17|"Y"|"Y"|"Y"|"collyers"|"***********************"|""
30010|"Norwich School"|"71a The Close"|"UK"|"Norwich"|"Norfolk"|"NR1 4DD"|"44 16 0372 8430"|""|"http://www.norwich-school.org.uk/"|"enquiries@norwich-school.org.uk"|"Co-Ed"|"Independent School 1"|"Senior"|"Church of England"|945|0|"16-18(Host Family)(11-18)"|"20241211170412"|"AA00011"|"Day School, (age range of senior school: 11-18)"|0|0|17|"N"|"Y"|"N"|"norwich"|"***********************"|""
357|"Peter Symonds' Sixth Form College"|"Owens Road"|"UK"|"Winchester"|"Hampshire"|"SO22 6RZ"|"44 19 6285 7500"|"44 19 6285 7501"|"www.psc.ac.uk"|"psc@psc.ac.uk"|"Co-Ed"|"Stabis School"|"Senior"|""|3211|78|"16-19 (16-19)"|"20200226112430"|"AA00078"|"**The College has to give priority to children of UK MOD personnel and there is always a waiting list. Very unlikely that we can place a student** (22 Nov 05) Julia Anderson, Head of Admissions, [janderson@psc.ac.uk]
 NON-COMM"|0|0|17|"N"|"Y"|"N"|""|"***********************"|"Non-comm"
513|"Strode's College"|"High Street"|"UK"|"Egham"|"Surrey"|"TW20 9DR"|"44 17 8443 7506"|""|"www.windsor-forest.ac.uk/strodes-college.html"|"info@strodes.ac.uk"|"Co-Ed"|"Independent School"|"Senior"|""|0|0|"16-19 (16-19)"|"20200508155009"|"AA00078"|"DO NOT USE THIS COLLEGE AS THEY ARE NOT HTS"|0|0|17|"Y"|"Y"|"Y"|""|"***********************"|""
30003|"Exeter College"|"Hele Road"|"UK"|"Exeter"|"."|"EX4 4JS"|"44 84 5111 6000"|""|"www.exe-coll.ac.uk/"|"info@exe-coll.ac.uk"|"Co-Ed"|"Further Education College"|"Senior"|""|5000|94|"16-19 (16-19)"|"20230315114955"|"AA00078"|"20230315: Sadly, the College has decided to pause recruitment of new international learners. This decision has been a very difficult one - but given the projected growth in Devon demographics and our duty as a Tertiary College for the City of Exeter, it is the right decision for our College at the moment."|0|0|17|"Y"|"Y"|"Y"|""|"***********************"|""
113|"Chigwell School"|"High Road"|"UK"|"Chigwell"|"Essex"|"IG7 6QF"|"44 20 8501 5700"|""|"www.chigwell-school.org"|""|"Co-Ed"|"Independent School 1"|"Senior"|"Church of England"|1074|24|"16-19 (4-18)"|"20241207103657"|"AA00107"|""|0|0|17|"Y"|"Y"|"Y"|""|"***********************"|"chinese_few, down_to_earth, football"
594|"Worthing College"|"1 Sanditon Way"|"UK"|"Worthing"|"West Sussex"|"BN14 9FD"|"44 19 0327 5755"|"44 19 0370 7605"|"www.worthing.ac.uk"|""|"Co-Ed"|""|""|""|0|0|"16-19 (Host Family)(16+)"|"20200317151343"|"AA00078"|"20190516: Now part of the Chichester Colleges group. Worthing College will continue as an A level centre. It is also one of the top 5 UK sports colleges for men's and women’s Football and Rugby.

HTS, SLN : QN9VMGUY9
 Minimum IELTS level 5.5 or equivalent Good Intermediate level of English

Old Address: Bolsover Road, Worthing, West Sussex, BN13 1NS, UK"|0|0|17|"Y"|"Y"|"Y"|""|"***********************"|""
470|"St. Andrew's College"|"13 Station Road"|"UK"|"Cambridge"|"Cambridgeshire"|"CB1 2JB"|"44 12 2335 8073"|""|"www.standrewscambridge.co.uk"|"registrations@standrewscambridge.co.uk"|"Co-Ed"|"Independent College"|""|""|0|0|"15-22 (Homestay/Residential/Private-rented)(15-22)"|"20210515094747"|"AA00078"|"20210515: Dukes Education has acquired St Andrews College in Cambridge, adding to its portfolio of five colleges in the UK (Cardiff Sixth Form College, Earlscliffe, Rochester Independent College and Fine Arts College), its London and SE nurseries, prep and senior schools, summer schools and educational consultancy arm.

HTS"|0|0|17|"Y"|"Y"|"Y"|""|"***********************"|""
30018|"International School of Creative Arts"|"15-19 Cavendish Place"|"UK"|"London"|"Greater London"|""|"44 17 5320 8820"|""|"www.isca.uk.com"|"enquiries@isca.uk.com"|"Co-Ed"|"Independent College"|""|""|0|0|"16+ (16+)"|"20200314191237"|"AA00078"|""|0|0|17|"N"|"Y"|"Y"|""|"***********************"|""
145|"Doncaster College"|""|"UK"|"Doncaster"|"South Yorkshire"|""|""|""|"https://www.don.ac.uk/"|""|"Co-Ed"|"Further Education College"|""|""|0|0|"16+ (16+)"|"20200313180755"|"AA00078"|""|0|0|17|"Y"|"Y"|"Y"|""|"***********************"|""
98|"Cambridge School of Visual & Performing Arts (CSVPA)"|"50/60 Station Road, Floor 2,"|"UK"|"Cambridge"|"Cambridgeshire"|"CB1 2JH"|"44 12 2334 1328"|"44 12 2346 7773"|"www.csvpa.com"|"ccare@csvpa.com"|"Co-Ed"|""|""|""|0|0|"16+ (16+)"|"20200313151103"|"AA00078"|"20191004: Old address: Bridge House, Bridge Street, Cambridge, Cambridgeshire, CB2 1UA
[29Dec14] Updated the address & website, which before they're: 
Round Church Street, Cambridge, CB5 8AD
www.ceg-uk.com"|0|0|17|"Y"|"Y"|"Y"|""|"***********************"|""
30166|"Cardiff Sixth Form College (Day Place Application Fee)"|""|"N/A"|"N/A"|"N/A"|""|""|""|""|""|"Co-Ed"|""|""|""|0|0|""|"20230207084316"|"AA00079"|""|0|0|17|"N"|"Y"|"N"|""|"***********************"|""
153|"Dudley College"|"The Broadway"|"UK"|"Dudley"|"West Midlands"|"DY1 4AS"|""|""|"www.dudleycol.ac.uk"|""|"Co-Ed"|"Further Education College"|""|""|0|0|"16+ (Homestay)(16+)"|"20200313181251"|"AA00078"|""|0|0|17|"N"|"Y"|"Y"|""|"***********************"|""
329|"New College"|"New College, Durham."|"UK"|"Durham"|"Durham"|"DH1 5ES"|"0191 375 4000"|""|"www.newcollegedurham.ac.uk"|"admissions@newdur.ac.uk"|"Co-Ed"|""|""|"Church of England"|0|0|"16+ (Homestay/Private-rented)(16+)"|"20200317141818"|"AA00078"|"Further Education College"|0|0|17|"Y"|"Y"|"Y"|""|"***********************"|""
30165|"Z_Day Place Application Fee2"|""|"N/A"|"N/A"|"N/A"|""|""|""|""|""|"Co-Ed"|""|""|""|0|0|""|"20231014153440"|"AA00098"|""|0|0|17|"N"|"Y"|"N"|""|"***********************"|""
137|"Davies Laing & Dick College"|"100 Marylebone Lane"|"UK"|"London"|"London & Greater London"|"W1U 2QB"|"44 20 7935 8411"|"44 20 7935 0755"|"www.dldcollege.co.uk"|"dld@dld.org"|"Co-Ed"|""|""|"All Faiths"|0|0|"14-19 (14-19)"|"20200313172344"|"AA00078"|""|0|0|17|"Y"|"Y"|"Y"|""|"***********************"|""
30167|"Gordonstoun School (Day Place Application Fee)"|""|"N/A"|"N/A"|"N/A"|""|""|""|""|""|"Co-Ed"|""|""|""|0|0|""|"20230207090218"|"AA00079"|""|0|0|17|"N"|"Y"|"N"|""|"***********************"|"academic_push"
30062|"Kensington Park School"|"40-44 Bark Place"|"United Kingdom"|"Bayswater"|"London"|"W2 4AT"|"+44 (0)20 7616 4400"|""|"www.kps.co.uk"|"registrar@kps.co.uk"|"Co-Ed"|""|""|""|238|43|"15-19 (11-19)"|"20211204160938"|"AA00007"|"From September 2020, Chelsea Independent College students will be incorporated into Kensington Park School, and Chelsea Independent College itself will no longer operate.

Kensington Park School (Years 7-11) Address: 40-44 Bark Place, London, W2 4AT   Tel: +44 (0)20 7616 4400
Kensington Park School Sixth Form Address: 59 Queen's Gate, South Kensington, London, SW7 5JP, UK     Tel: +44 (0)20 7225 0577"|0|0|17|"N"|"Y"|"N"|""|"***********************"|""
331|"Newcastle College"|"Rye Hill Campus, Scotswood Road"|"UK"|"Newcastel Upon Tyne"|"North Yorkshire"|"NE4 7SA"|"44 19 1200 4000"|"44 19 1200 4517"|"www.ncl-coll.ac.uk"|"enquiries@ncl-coll.ac.uk"|"Co-Ed"|"Further Education College"|""|""|0|0|"16+ (Homestay/Residential)(16+)"|"20200317140927"|"AA00078"|"[7 Dec 2012] 
Due to a number of changes to our Sixth Form Academy we will no longer be accepting international students to our A Level programme
 
Courses still offering for international students:English Language, Degrees in Engineering, Computing, Business, Hospitality, Travel & Tourism, Art & Design, MA Management & MBA and many more

 [27 Sept 2011]
 Newcastle College International - Master Course
 http://www.ncl-coll.ac.uk/international/courses-and-fees/international-mba.aspx 

HTS Our Sponsor Licence Number is BE814GWK8"|0|0|17|"Y"|"Y"|"Y"|""|"***********************"|""
517|"East Sussex College"|"Cross Levels Way"|"UK"|"Eastbourne"|"East Sussex"|"BN21 2UF"|"44(0) 30 300 39882"|""|"www.escg.ac.uk"|"info@sussexdowns.ac.uk"|"Co-Ed"|"Further Education College"|""|""|0|0|"16+ (Homestay/Residential)(16+)"|"20200425110314"|"AA00078"|"[20180628]:  Sussex Downs College merged with Sussex Coast College in Hastings and we now have a Tier 4 licence to recruit both A Level and BTEC vocational students.

[19Jan16] In April 2015, the UK Government introduced a new regulation stating that Colleges are required to maintain an Ofsted inspection grade 1 or 2 to be eligible to recruit Tier 4 students. The overall inspection result was a grade 3. The inspectors did not look at any of our international provision which is a shame as it remains an outstanding and high quality area of the College. However, as a result of this inspection, Sussex Downs College HAS HAD ITS TIER 4 LICENCE TEMPORARILY SUSPENDED.

We are currently looking at a range of different options that will allow us to regain our Tier 4 licence in the quickest time possible. We are also launching some new six month programmes which are unaffected by Tier 4. We are also meeting local colleges to form partnership agreements on a temporary basis.

Students with EU or British passports do not require Tier 4 visas so we will continue to run all our programmes for those students.

Skype: sdcinternational  / Email: international@sussexdowns.ac.uk"|0|0|17|"N"|"Y"|"N"|""|"***********************"|""
305|"Malvern House London"|"200 Pentonville Road"|"UK"|"London"|"London & Greater London"|"N1 9JP"|"44 20 7520 0470"|""|"www.malvernhouse.com"|"info@malvernhouse.com"|"Co-Ed"|""|""|""|7000|0|"16+ (Homestay/Residential)(16+)"|"20200317133745"|"AA00078"|"[13Nov14]  Students don’t take GCSE or IB exams here but IELTS and Cambridge English Exams. We also have a range of General English courses, Business English and Specialised courses available."|0|0|17|"N"|"Y"|"Y"|""|"***********************"|""
30168|"Kingswood School (Day Place Application Fee)"|""|"N/A"|"N/A"|"N/A"|""|""|""|""|""|"Co-Ed"|""|""|""|0|0|""|"20230207084413"|"AA00079"|""|0|0|17|"N"|"Y"|"N"|""|"***********************"|""
561|"University College Birmingham"|"Summer Row"|"UK"|"Birmingham"|"West Midlands"|"B3 1JB"|"44 12 1604 1000"|"44 12 1608 7100"|"www.ucb.ac.uk"|"marketing@ucb.ac.uk"|"Co-Ed"|""|""|""|0|0|"16+ (Private-rented)(16+)"|"20200317153658"|"AA00078"|"sarah's mobile: 9419 7210"|0|0|17|"N"|"Y"|"Y"|""|"***********************"|""
338|"Oaklands College"|"Freepost 187"|"UK"|"St Albans"|"-"|"AL1 3BR"|"44 17 2773 7175"|"44 17 2773 7273"|"www.oaklands.ac.uk"|"international@oaklands.ac.uk"|"Co-Ed"|""|""|""|0|0|"16+ (Residential)(16+)"|"20200317155036"|"AA00078"|"International Study Centre, HTS"|0|0|17|"Y"|"Y"|"Y"|""|"***********************"|""
356|"Perth College"|"Crieff Road"|"UK"|"Perth"|"Perth & Kinross"|"PH1 2NX"|"44 17 3887 7753"|""|"www.perth.uhi.ac.uk"|""|"Co-Ed"|""|""|""|0|0|"16+ (Residential/Hostelling/Private-rented)(16+)"|"20200317162716"|"AA00078"|"HTS, GENERAL"|0|0|17|"N"|"Y"|"Y"|""|"***********************"|""
562|"University College for the Creative Arts"|"Kent Institute of Art and DesignInternational Students Office, University College for the Creative Arts at Canterbury, Epsom, Farnham, Maidstone and Rochester New Dover Road,"|"UK"|"Canterbury"|"Kent"|"CT1 3AN"|""|""|"www.uca.ac.uk"|""|"Co-Ed"|""|""|""|0|0|"16+ (Residential/Private-rented)(16+)"|"20200728131525"|"AA00078"|""|0|0|17|"N"|"Y"|"Y"|""|"***********************"|""
94|"Cambridge Centre for Sixth-form Studies"|"4-5 Benet Place"|"UK"|"Cambridge"|"Cambridgeshire"|"CB2 1EL"|""|""|"www.ccss.co.uk"|""|"Co-Ed"|"Independent College"|""|"Non denominational"|125|86|"14-21 (14-21)"|"20200429174454"|"AA00078"|"20200429: CCSS has now merged with the Stephen Perse Foundation.
[27May14] old address: 14 St Paul's Road, CB1 2EZ
[15Mar14] Provide e-tutoring course called Cambridge-e. http://www.ccss.co.uk/cambridge-e.htm

Gender of Students Mixed (89 boys; 89 girls)
Numbers by Age 0-2 (EYFS): 5-11:
3-5 (EYFS): 15-24: 178"|0|0|17|"Y"|"Y"|"Y"|""|"***********************"|""
549|"Stephen Perse Foundation"|"Union Road"|"UK"|"Cambridge"|"Cambridgeshire"|"CB2 1HF"|"44 12 2348 8430"|"44 12 2346 7420"|"www.stephenperse.com"|"office@stephenperse.com"|"Co-Ed"|"Independent School 1"|"Senior"|"Non denominational"|1668|60|"15-18 (0.25-18)"|"20241209134449"|"AA00011"|"20240227: In future, when referring to our group of Cambridge schools within the Stephen Perse group, the headline brand will be: Stephen Perse Cambridge.
Individual school names will also reflect this change and will now be referred to in our communications and marketing as:
•	Stephen Perse Cambridge Early Years
•	Stephen Perse Cambridge Junior School
•	Stephen Perse Cambridge Senior School
•	Stephen Perse Cambridge Sixth Form 


20200811: Stephen Perse Sixth Form will be relocating to the Queens Campus on Bateman Street (formerly occupied by Bellerbys College) in time for the start of term in September. Main office remains at Union Road now.

20200220: Stephen Perse Foundation are a family of schools in Cambridge, Saffron Walden and Madingley that educate boys and girls aged 1-18.

20141115: http://senior.stephenperse.com/news/2014-15-senior-school-news/independent-school-of-the-year-2014 

[20Jun14] old address: Fitzwilliam Building, Shaftesbury Road, Cambridge, Cambridgeshire,CB2 8AA, UK
[22 May 2013] For our students, we can only place them to Stephen Perse for sixth form only.
If we have inquiry for lower form to Perse School for Girls, unless the student is BC and the family will move to Cambridge to stay, otherwise, we will not be able to help and this will be a non-comm application.

Total number of student in Sixth Form - 150, Total number of student (7-18)- 800

Stephen Perse is not on the OEA list
--------------------------------------------------------------------------------"|0|0|17|"Y"|"Y"|"Y"|"stephensix"|"***********************"|"academic_push, chinese_few, school_near_town"
235|"Hurtwood House"|"Holmbury St Mary"|"UK"|"Dorking"|"Surrey"|"RH5 6NU"|"44 14 8327 9000"|"44 14 8326 7586"|"www.hurtwoodhouse.com"|"info@hurtwood.net"|"Co-Ed"|"Independent School 1"|"Senior"|"Non denominational"|353|291|"15-18 (15-18)"|"20241209155750"|"AA00107"|""|0|0|17|"Y"|"Y"|"Y"|""|"***********************"|"campus_small, facilities_gd, art_gd, dance_academic"
475|"St. Clare's"|"139 Banbury Road"|"UK"|"Oxford"|"Oxfordshire"|"OX2 7AL"|"44 18 6555 2031"|"44 18 6551 3359"|"www.stclares.ac.uk"|"admissions@stclares.ac.uk"|"Co-Ed"|"Independent College"|"Senior"|"Non denominational"|250|200|"15-18 (15-18)"|"20230213122025"|"AA00078"|"HTS

[9 Nov 2012] It is a requirement that IB Diploma students are interviewed in person. So if students would like to apply after all, they would ideally need to come in person to St. Clare’s. This also has the advantage that they can see the College and experience the atmosphere here. There is a possibility that we will send someone to China early next year to conduct interviews with students there, but this is not confirmed yet."|0|0|17|"Y"|"Y"|"Y"|"stclares"|"***********************"|"urban, campus_small, International_environment, induction, IB"
30160|"Z_Day Place Application Fee"|""|"N/A"|"N/A"|"N/A"|""|""|""|""|""|"."|""|""|""|0|0|""|"20231014153502"|"AA00098"|""|0|0|17|"N"|"Y"|"N"|""|"***********************"|""
680|"Earlscliffe"|"29 Shorncliffe Road"|"UK"|"Folkestone"|"Kent"|"CT20 2NB"|"44 14 2481 5255"|""|"www.earlscliffe.co.uk"|"info@earlscliffe.co.uk"|"Co-Ed"|"Independent College"|"Senior"|""|83|78|"15-19 (15-19)"|"20200221173614"|"AA00078"|""|0|0|17|"Y"|"Y"|"Y"|""|"***********************"|""
652|"Cambridge Tutors College"|"Water Tower Hill"|"UK"|"Croydon"|"Surrey"|"CR0 5SX"|"44 20 8688 5284 / 7363"|"44 20 8686 9220"|"www.ctc.ac.uk"|"admin@ctc.ac.uk"|"Co-Ed"|"Independent College"|"Senior"|"All Faiths"|58|29|"15-20 (14-20)"|"20200221175448"|"AA00078"|"[24Feb15] From September 2015, Computer Science replaces ICT as an A level option
[26 Mar 2013]
- we are very happy for you to supervise testing of CTC applicants, on our behalf
- in the case of applicants who do not require a visa, or who are young enough to be able to apply for a child visa (i.e. under 18 at the time of submitting their visa application), we will issue an unconditional offers, so long as 
* we have received completed application forms 
* the applicants have performed satisfactorily in our entrance tests 
* the applicants have performed satisfactorily in interview (which may be conducted via Skype)
* we have received satisfactory school reports (normally end of last year’s) on the applicants 
We hope that the fact that those students will not be required to obtain a formal IELTS score will assist you in recruiting for CTC. 
If, at any time, you have students who wish to sit the CTC entrance test and you require papers, please let myself or Dr Chris Drew (chris.drew@ctc.ac.uk) know. We would be happy to oblige.


If, at any time, we have students who wish to sit the CTC entrance test and we require papers, please let Mr. Ian Grout (Ian.Grout@ctc.ac.uk) or Dr. Chris Drew (chris.drew@ctc.ac.uk) know. [23 Mar 2013]

Need to do Skype Interview [23 Mar 2013]"|0|0|17|"Y"|"Y"|"Y"|""|"***********************"|""
30198|"David Game College"|"31 Jewry Street"|"UK"|"London"|"London"|"BA1 2HX"|"44 (0)20 7221 6665"|""|"https://www.davidgamecollege.com/"|"info@davidgamecollege.com"|"Co-Ed"|""|""|""|500|140|"14-18 (14-21)"|"20240202164929"|"AA00078"|"London: 31 Jewry Street, London, EC3N 2ET  I Bath: 27 Queens Square, Bath, BA1 2HX
T: +44 (0)20 7221 6665  I   F: +44 (0)20 7243 1730  I  T: +44 (0)1225 334577"|0|0|17|"N"|"Y"|"N"|""|"***********************"|""
641|"Westbourne School"|"Hickman Road"|"UK"|"Penarth, Cardiff"|"South Wales"|"CF64 2AJ"|"44 29 2070 5705"|"44 29 2070 9988"|"www.westbourneschool.com"|"enquiries@westbourneschool.com"|"Co-Ed"|"Independent School 1"|"All"|"All Faiths"|354|59|"14-18 (2-18)"|"20241209161322"|"AA00011"|"[19Mar14]  Advance Fee Payment Scheme- If payment is made before Friday 21st March14, next year’s fees will be chargeable at current year prices of £25,850 for Boarding and £23,850 for Homestay. Fees typically increase by 6-7% a year.

[16Mar11] English for Academic Purposes Course, IB only at 6th Form, homestay only, OEA not eligible
HTS, 
SLN : H5BJB8U21"|0|0|17|"Y"|"Y"|"Y"|"westbourne"|"***********************"|"campus_small, school_near_town,  IB"
30001|"Kings Colleges"|"Kings Central Marketing Unit The Old Market Upper Market Street"|"UK"|"Hove"|"East Sussex"|"BN3 1AS"|"44 12 7380 6018"|"44 12 7380 6610"|"www.kingscolleges.com"|"marketing@kingscolleges.com"|"Co-Ed"|"Independent College"|""|""|0|0|"14-18 (Homestay/Residential) (14-18)"|"20200227152949"|"AA00078"|"Kings London
25 Beckenham Road
Beckenham
Kent
BR3 4PR
UK

Kings Oxford
Temple Road
Cowley
Oxford
OX4 2UJ
UK

Kings Bournemouth
58 Braidley Road
Bournemouth
Dorset BH2 6LD
UK"|0|0|17|"Y"|"Y"|"N"|""|"***********************"|""
30011|"Astrum Education"|"11 Carteret Street"|"UK"|"London"|"London"|"SW1H 9DJ"|"44 20 3667 6640"|""|"http://www.astrumeducation.com/en/"|"info@astrumeducation.com"|"Co-Ed"|"Independent College"|""|"Non-demoniated"|550|230|"14-19 (11-21)"|"20200221183351"|"AA00078"|"20200221: Astrum Education operates two schools: Kensington Park School (SCID:30062) and Chelsea Independent College (Board Age:14-18, Age Range:14-21).

Chelsea Independent College – www.cic.ac
Duff Miller College – www.duffmiller.com
Lansdowne College – www.lansdownecollege.com"|0|0|17|"N"|"Y"|"N"|"astrum"|"***********************"|""
602|"Abbey College in Malvern"|"253 Wells Road"|"UK"|"Malvern Wells"|"Worcestershire"|"WR14 4JF"|"44 16 8489 2300"|"44 16 8489 2757"|"www.abbeycollege.co.uk"|"enquiries@abbeycollege.co.uk"|"Co-Ed"|"Independent School"|""|""|36|31|"14-19 (14-19)"|"20200222155534"|"AA00078"|"HTS"|0|0|17|"Y"|"Y"|"Y"|""|"***********************"|""
101|"Cardiff Sixth Form College"|"1-3 Trinity Court, 21-27 Newport Road"|"UK"|"Cardiff"|"."|"CF24 0AA"|"44 29 2049 3121"|""|"www.ccoex.com/"|"enquiries@ccoex.com"|"Co-Ed"|"Independent School 1"|""|"Non denominational"|367|303|"14-19 (14-19)"|"20241206180049"|"AA00107"|"[2Jan15] CSFC can accept bank draft payment - payable to 'Cardiff Sixth Form College'.

[21Nov14] Applications for Sep 2015 onwards, applicants will have to sit the UKiset. Please note that the candidates will still have to sit the School's admissions tests and the Cambridge IELTS exam. 

[8 Jan 13] It is entirely up to the student if they want to return school prior to the term start.
 The College does arrange airport pick from Heathrow at a cost of £195. We provide accommodation during end of term holidays (except summer).
 
[4 Jan 2013] Complimentary airport pickup will be offered on the 7th of September 2013 from Heathrow terminal 3.
 
Fee: GBP 27000/ year, students are asked to pay in two installments, first in 1st week of August, second in Feb. AS Results will not provide to students who have not paid the 1st installment of the second year. [29 Oct 2012]
 Please be awared that a change in term date has been found in School Website, details listed under supplementary info section [10 March 2012]
 Sept 2012 Entry: the induction will commence on the 28th August [10 Jan 2012] 
The College has arranged for the police to attend on our Induction Day to sort out all students police registration [31 Aug 2012]
 HTS"|0|0|17|"N"|"Y"|"Y"|"cardiff"|"***********************"|"academic_push, science, urban, induction, school_near_town, math"
30156|"Holmewood House School"|"Langton Green, Tunbridge Wells,"|"UK"|"Kent"|"Kent"|"TN3 0EB"|"44 0182 860 000"|""|"www.holmewoodhouse.co.uk"|"admin@holmewoodhouse.co.uk"|"Co-Ed"|""|""|""|0|0|""|"20221212181745"|"AA00078"|""|0|0|17|"N"|"Y"|"N"|""|"***********************"|""
603|"Abbey College Cambridge (DLD Group)"|"Homerton Gardens"|"UK"|"Cambridge"|"Cambridgeshire"|"CB2 8EB"|"+44 (0) 1223 578280"|"44 12 2351 9425"|"www.abbeycambridge.co.uk/"|"admincam@abbeycolleges.co.uk"|"Co-Ed"|"Independent College"|"Senior"|""|0|0|"14-19 (14-19)"|"20230218141219"|"AA00078"|"old address: 17 Station Road, Cambridge, Cambridgeshire, CB1 2JB"|0|0|17|"Y"|"Y"|"Y"|""|"***********************"|""
42|"Harrow School Short Courses"|"5 High Street"|"UK"|"Harrow on the Hill"|"London & Greater London"|"HA1 3HP"|"44 20 8426 4638"|"44 20 8864 7180"|"www.babssco.co.uk"|""|"Co-Ed"|"Summer School"|""|""|0|0|""|"20230213195817"|"AA00007"|""|0|0|17|"Y"|"Y"|"Y"|""|"***********************"|""
30170|"Ratcliffe College (Day Place Application Fee)"|""|"N/A"|"N/A"|"N/A"|""|""|""|""|""|"Co-Ed"|""|""|""|0|0|""|"20230207084535"|"AA00079"|""|0|0|17|"N"|"Y"|"N"|""|"***********************"|""
30009|"DLD College London"|"199 Westminster Bridge Road"|"UK"|"London"|"London"|"SE1 7FX"|"44 20 7824 7300"|"44 20 7824 7309"|"www.dldcollege.co.uk"|"adminlon@abbeylondon.co.uk"|"Co-Ed"|"Independent College"|""|""|0|0|"14-19 (14-19)"|"20230218141908"|"AA00078"|"The other two colleges under the DLD group: Abbey College Cambridge (SCID:603), Abbey College Manchester (SCID:30008)

[29Dec14] In Sep 15, Abbey College London and its sister College, DLD, will relocate to a brand new, purpose-built premises in the heart of London overlooking Westminster and the River Thames. To prepare for the move, Abbey College is being merged with DLD to form DLD College London. (website: www.dldcollege.co.uk)"|0|0|17|"N"|"Y"|"N"|""|"***********************"|""
30169|"Merchiston Castle School (Day Place Application Fee)"|""|"N/A"|"N/A"|"N/A"|""|""|""|""|""|"Co-Ed"|""|""|""|0|0|""|"20230207084506"|"AA00079"|""|0|0|17|"N"|"Y"|"N"|""|"***********************"|""
261|"King's College, Taunton"|"South Road"|"UK"|"Taunton"|"Somerset"|"TA1 3LA"|"44 18 2332 8200"|"44 18 2332 8202"|"www.kings-taunton.co.uk"|""|"Co-Ed"|"Independent School 1"|"Senior"|"Church of England"|427|242|"13-19 (13-19)"|"20241209164419"|"AA00107"|""|0|0|17|"N"|"Y"|"Y"|"kcollege"|"***********************"|"activities_gd, sport_gd, football, Caring_ex"
592|"Worksop College"|"."|"UK"|"Worksop"|"Nottinghamshire"|"S80 3AP"|"44 19 0953 7100"|"44 19 0953 7102"|"www.wsnl.co.uk"|"enquires@worksopcollege.notts.sch.uk"|"Co-Ed"|"Independent School 1"|"Senior"|"Church of England"|730|95|"13-19 (13-19)"|"20241209165245"|"AA00011"|"20200221: Worksop College Preparatory School, Ranby House (SCID:386) is the prep school of Worksop College.

sponsorship details are: WOODARD SCHOOLS (NOTTINGHAMSHIRE) LIMITED
 SPONSOR LICENCE NUMBER: JHFT2WG26"|0|0|17|"Y"|"Y"|"Y"|""|"***********************"|"campus_huge, activities_gd, sport_gd"
172|"Etherton Education"|"Marlands, Sampford Arundel"|"UK"|"Wellington"|"Somerset"|"TA21 9QU"|""|""|"www.ethertoneducation.com"|"info@ethertoneducation.com"|"Co-Ed"|"Summer School"|""|""|140|140|"13-18 (7-18)"|"20200227142427"|"AA00078"|"Etherton can offer 4 weeks and 5 weeks Pre A-level course and the cost for the 4 weeks course is GBP 3360 (plus GBP 100 reg fee). 6 weeks course is not possible at this stage. [17 Jan 2012]"|0|0|17|"N"|"Y"|"N"|""|"***********************"|""
130|"Concord College"|"Acton Burnell Hall"|"UK"|"Shrewsbury"|"Shropshire"|"SY5 7PF"|"44 16 9473 1631"|"44 16 9473 1389"|"www.concordcollegeuk.com"|"theprincipal@concordcollegeuk.com"|"Co-Ed"|"Independent School 1"|"All"|"Non denominational"|605|486|"13-19 (13-19)"|"20220430144353"|"AA00078"|"26Aug17] Concord College is a test centre for the US university entrance exams, both SAT and ACT.  All registration and administration of these exams are handled by the testing centres on their main web sites
[12May16] can't find hard copy regform, online registration only
[27Apr12]School's earliest entry is Year 9, they cannot consider Year 8"|0|0|17|"Y"|"Y"|"Y"|""|"***********************"|"academic_push, chinese_many, facilities_gd, science, math"
316|"Mill Hill School"|"The Ridgeway, Mill Hill Village"|"UK"|"London"|"London & Greater London"|"NW7 1QS"|"44 20 8959 1176"|"44 20 8201 0663"|"www.millhill.org.uk"|"registrations@millhill.org.uk"|"Co-Ed"|"Independent School 1"|"All"|"Non denominational"|881|92|"13-19 (13-19)"|"20241206113753"|"AA00011"|"20210327: The Mill Hill School Foundation has added Cobham Hall to its family of schools, currently comprising our Pre-Prep (Grimsdell), Prep (Belmont), Mill Hill School and The Mount, Mill Hill International.

20200218: Mill Hill School is the senior school that linked with Belmont Mill Hill Preparatory School (SCID:315), The Mount, Mill Hill International (SCID:30022), and Mill Hill Pre-Prep - Grimsdell."|0|0|17|"Y"|"Y"|"Y"|""|"***********************"|"activities_gd, Golf, sports_ex, Tennis, school_near_town"
30159|"CATS Global Schools"|"Suites 6-7, The Turvill Building, Old Swiss, 149 Cherry Hinton Road"|"UK"|"Cambridge"|"Cambridge"|"CB1 7BX"|"+44 (0) 1223 341303"|""|"https://catsglobalschools.com/"|"headoffice@catsglobalschools.com"|"Co-Ed"|"Independent School"|""|""|0|0|"13-20+ (13-20+)"|"20230214103459"|"AA00078"|"20230201: A global community of independent boarding schools, international high schools, an Arts School and English language schools preparing students aged 2-18+ for their next destination.

20230214: CATS Global Schools:
- Bosworth Independent College
- Bournemouth Collegiate School
- CATS Cambridge
- Guildhouse School
- St. Michael's School
- The Worthgate School

Nearest town centres include: Bournemouth, Northampton, Cambridge, Canterbury, London"|0|0|17|"N"|"Y"|"N"|""|"***********************"|""
30171|"Rossall School (Day Place Application Fee)"|""|"N/A"|"N/A"|"N/A"|""|""|""|""|""|"Co-Ed"|""|""|""|0|0|""|"20230207084559"|"AA00079"|""|0|0|17|"N"|"Y"|"N"|""|"***********************"|""
39|"Ashby School"|"Nottingham Road"|"UK"|"Ashby-de-la-Zouch"|"Leicestershire"|"LE65 1DT"|"44 15 3041 3748"|"44 15 3056 0665"|"www.ashbyschool.org.uk"|"admin@ashbyschool.org.uk"|"Co-Ed"|"Stabis School_Comm"|"All"|""|1600|70|"14-18 (14-18)"|"20200225184827"|"AA00078"|"Boarders: boys only, no girls boarding place"|0|0|17|"N"|"Y"|"N"|""|"***********************"|"campus_enclosed, Caring_ex, down_to_earth"
30201|"Cranleigh School"|"Horseshoe Lane"|"UK"|"Cranleigh"|"Surrey"|"GU6 8QQ"|"+44 1483 273666"|""|"https://www.cranleigh.org/"|"reception@cranleigh.org"|"Co-Ed"|"Independent School 1"|""|""|687|516|"13-18 (13-18)"|"20241207120632"|"AA00107"|""|0|0|17|"N"|"Y"|"N"|""|"***********************"|""
199|"Gordon's School"|"West End"|"UK"|"Wokingham"|"Surrey"|"GU24 9PT"|"44 12 7685 8084"|"44 12 7685 5335"|"www.gordons.surrey.sch.uk"|"info@gordons.surrey.sch.uk"|"Co-Ed"|"Stabis School"|"Senior"|""|725|200|"11-18 (11-18)"|"20200226104023"|"AA00078"|"NON-COMM"|0|0|17|"N"|"N"|"N"|""|"***********************"|""
13|"Warwick School"|"Myton Road"|"UK"|"Warwick"|"Warwickshire"|"CV34 6PP"|"44 19 2677 6400"|"44 19 2640 1259"|"www.warwickschool.org"|"enquiries@warwickschool.org"|"Boys"|"Independent School 1"|"All"|"Church of England"|1244|61|"13-18 (7-18)"|"20241209155549"|"AA00011"|"[10 Oct 2017] Age: 7-18 (13-18 boarding)

Boarding - Student will need to bring a duvet and pillow with him (both clearly named), but he does not need pillow case, duvet cover or bed sheets as these are all provided [08 March 2011]"|0|0|17|"Y"|"Y"|"Y"|"warwick"|"***********************"|"science, math, econ, down_to_earth, uni_link, value_for_money, music_gd, academic_push"
349|"Oxford Sixth Fom College"|"12 King Edward Street"|"UK"|"Oxford"|"Oxfordshire"|"OX1 4HT"|"44 18 6579 3333"|"44 18 6579 3233"|"www.oxfordtutorialcollege.com"|"info@oxfordsixthformcollege.com"|"Co-Ed"|""|"Senior"|""|0|0|""|"20210427112250"|"AA00078"|"20210401: School has joined Nord Anglia Education along with d' Overbroeck's, Oxford International College and Bucksmore Education.
20210407: Formerly Oxford Tutorial College"|0|0|17|"Y"|"Y"|"Y"|""|"***********************"|""
372|"Purley Language College"|"34 Brighton Road"|"UK"|"Purley"|"Surrey"|"CR8 3AB"|"44 20 8668 2568/5060"|"44 20 8668 4022"|"www.purleycollege.com"|"encores@purleycollege.com"|"Co-Ed"|""|""|""|0|0|""|"20200228154530"|"AA00078"|"Teaching English to children and adults"|0|0|17|"Y"|"Y"|"Y"|""|"***********************"|""
20|"City of London Freemen's School"|"Ashtead Park, Park Lane"|"UK"|"Ashtead"|"Surrey"|"KT21 1ET"|"44 13 7227 7933"|"44 13 7227 6165"|"https://www.freemens.org/"|""|"Co-Ed"|"Independent School 1"|"All"|"Christian"|952|62|"13-18 (7-18)"|"20241207113324"|"AA00107"|"[11Feb16] Following recent changes and the fact that A-levels have now moved to being linear, pupils can now only opt for THREE A-level subjects. The only exception to the rule is if they choose to study MATHS and FURTHER MATHS in which case they can choose two further options
[26Jan16] If students apply for academic scholarship, school is happy to send the papers to us and will do SKYPE after.
For MUSIC scholarship, students have to FLY to UK

[6Oct15] Regarding overseas applications and it has been decided that those applicants already taking 8 or more GCSEs/IGCSEs at a UK school will NOT be able to sit entrance exams in order to obtain an Unconditional offer. They will need to apply based on their predicted GCSE/IGCSE grades. Further info please go supp info 2016-17 Admissions info

CLFS will email student’s UK current school for confidential report, so please do not give or forward this form to families. [14 Sep 2012]
 
School does not provide sample papers and syllabus for the overseas applicants. [31 Aug 2012]
 
Please send all deposit to Michael Holland; 
Our Licence No is 8U83KR254"|0|0|17|"Y"|"Y"|"Y"|"freemen"|"***********************"|"campus_enclosed, math, science, academic_push, down_to_earth, value_for_money"
444|"Slindon College"|"Top Road, Slindon"|"UK"|"Arundel"|"West Sussex"|"BN18 0RH"|"44 12 4381 4320"|"44 12 4381 4702"|"www.slindoncollege.co.uk"|""|"Boys"|"Independent School"|"Senior"|"Non denominational"|71|12|"13-18 (8-18)"|"20200225170346"|"AA00078"|""|0|0|17|"Y"|"Y"|"N"|""|"***********************"|"special_need_school, Caring_ex, rural"
504|"Stamford School"|"Southfields House, St. Paul's Street"|"UK"|"Stamford"|"Lincolnshire"|"PE9 2BQ"|"44 17 8075 0300"|"44 17 8075 0397"|"https://stamfordschools.org.uk/"|""|"Boys (6G)"|"Independent School 1"|"Senior"|"Christian"|1531|128|"13-18 (8-18)"|"20240823113255"|"AA00078"|"Stamford will become fully co-educational at all stages from September 2023. 
20200220: Stamford School is linked with Stamford High School (SCID:503) and Stamford Junior School (Board Age:7-11,Age Range:3-11).

82 boarders: Full: 46 Weekly: 36"|0|0|17|"Y"|"Y"|"Y"|"stamford"|"***********************"|"diamond_school, school_near_town, math, science, value_for_money, down_to_earth"
11|"Shrewsbury School"|"The Schools"|"UK"|"Shrewsbury"|"Shropshire"|"SY3 7BA"|"44 17 4328 0500"|"44 17 4324 3107"|"www.shrewsbury.org.uk"|""|"Co-Ed"|"Independent School 1"|"Senior"|"Church of England"|839|618|"13-19 (13-19)"|"20241212104444"|"AA00011"|"20240920: Sixth Form applicants is required to submit a personal statement via the online application process.
[24Apr14] School only has FULL BOADERS or DAY PUPILS – at the moment the % works out at roughly 15% day pupils
[01Jun12] School now take 50 girls and 25 boys into their Co-educational Sixth Form each year and in September School will be only two years away from the moment in 2014 when they accept girls into Year 9.
School know that families often only think a year in advance, but School would be grateful if we would bear their 2014 entry of 13 year old boys and girls especially in mind as we begin to see families for the future. 


School will be taking girls at Third Form level from 2014, details can be found from the 2020 Parent Letter in our server [K:\SCHOOLS_and_COLLEGES\ShrewsburySchool\Newsletter] or visit http://www.shrewsbury.org.uk/news/2020-vision [21 Sept 2011]

SLN : JF4MGKPH0

20140530: there is a ""The Friends of Shrewsbury School (HK) Association"" in HK"|0|0|17|"Y"|"Y"|"Y"|""|"***********************"|"art_gd, campus_huge, campus_enclosed, rural, music_gd, science, traditional, satellite_school, football"
431|"Sevenoaks School"|"High Street"|"UK"|"Sevenoaks"|"Kent"|"TN13 1HU"|"44 17 3245 5133"|""|"http://www.sevenoaksschool.org/home"|"admin@sevenoaksschool.org"|"Co-Ed"|"Independent School 1"|"Senior"|"Nondenominational"|1245|452|"13-19 (10-19)"|"20241207122241"|"AA00011"|"[21June16] We no longer use a ‘paper’ registration form.  Applications can now be made online via the Admissions page of our website, see for example entry at 13+ here: https://www.sevenoaksschool.org/admissions/entry-at-13/how-to-apply/ 
[29July15] due to a change in our policy this year, the only places that we will allow our candidates to take their tests are either at their SCHOOL or at the BRITISH COUNCIL
[18Sept12] Sevenoaks charges for GBP 250 for Y12 interview in HK."|0|0|17|"Y"|"Y"|"Y"|""|"***********************"|"academic_push, busy_life, facilities_ex, International_environment, math, science, econ, sports_ex, IB"
611|"St. Edward's School, Oxford"|"Woodstock Road"|"UK"|"Oxford"|"Oxfordshire"|"OX2 7NN"|"44 18 6531 9204"|""|"http://www.stedwardsoxford.org/"|"registrar@stedwards.oxon.sch.uk"|"Co-Ed"|"Independent School 1"|"Senior"|"Church of England"|800|661|"13-18 (13-18)"|"20241207172348"|"AA00011"|"20141128: Michael Couch will handle China students.

[9 jan 2013] Everyone will arrive on 2nd September. The usual start time is around 5pm. Pupils cannot arrive before this time
--------------------------------------------------------------------------------"|0|0|17|"Y"|"Y"|"Y"|"stedwards"|"***********************"|"traditional, famous_uk, chinese_few, school_near_town, posh, IB"
260|"Kingham Hill School"|"Kingham"|"UK"|"Chipping Norton"|"Oxfordshire"|"OX7 6TH"|"44 16 0865 8999"|"44 16 0865 8658"|"www.kingham-hill.oxon.sch.uk"|"secretary@kingham-hill.oxon.sch.uk"|"Co-Ed"|"Independent School"|"Senior"|"Anglican"|334|192|"11-19 (11-19)"|"20200213231328"|"AA00007"|""|0|0|17|"Y"|"Y"|"Y"|""|"***********************"|""
212|"Haileybury"|""|"UK"|"Hertford"|"Hertfordshire"|"SG13 7NU"|"44 19 9270 6200"|""|"https://www.haileybury.com/"|""|"Co-Ed"|"Independent School 1"|"Senior"|"Church of England"|914|541|"11-18 (Y7-8 Weekly) (11-18)"|"20250211133453"|"AA00007"|""|0|0|17|"Y"|"N"|"Y"|""|"***********************"|"football, famous_uk, satellite_school, campus_huge, chinese_few, facilities_gd, IB"
1|"Abingdon School"|"Park Road"|"UK"|"Abingdon"|"Oxfordshire"|"OX14 1DE"|"44 12 3552 1563"|"44 12 3584 9079"|"www.abingdon.org.uk"|"admissions@abingdon.org.uk"|"Boys"|"Independent School 1"|"Senior"|"Inter denominational"|1073|136|"13-19 (11-19)"|"20241212120744"|"AA00107"|"20240516: Abingdon will welcome girls to our Pre-Prep from September this year, and to Abingdon School at Year 7 and in the Sixth Form from September 2026

[10 Oct 2017] Age: 11-19 (boarding 13-19)

20140504: Total Number of Pupils 883, Number of Day Pupils Total: 758, Number of Boarders Total: 125. Full: 95 Weekly: 30

[14 FEB 2013] no longer have 'exeat weekends' but we do have 'activity weekends'

IMPORTANT Updates:
New Structure for the Abingdon School Week from September 2011
Length of Lessons: Lesson length changed from 35 mins to 55 mins
The shape of the day: School had created a longer lunch-break on some days.
The structure of the week: School had decided to remove academic lessons from Saturday mornings, activities on Saturdays will continue to exist. 
[09 Feb 11]
HTS"|0|0|17|"Y"|"Y"|"Y"|""|"***********************"|"science, math, econ, down_to_earth, music_gd, chess_ex, campus_enclosed"
241|"Ipswich School"|"Henley Road"|"UK"|"Ipswich"|"Suffolk"|"IP1 3SG"|"44 14 7340 8300"|""|"www.ipswich.school"|"enquiries@ipswich.school"|"Co-Ed"|"Independent School 1"|"Senior"|"Anglican"|877|66|"13-19 (11-19)"|"20241209155954"|"AA00107"|""|0|0|17|"Y"|"Y"|"Y"|""|"***********************"|"academic_push, down_to_earth, value_for_money, school_near_town, good feedback, chinese_few"
318|"Millfield School"|"Butleigh Road"|"UK"|"Street"|"Somerset"|"BA16 0YD"|"44 14 5844 2291"|""|"www.millfieldschool.com"|"admissions@millfieldschool.com"|"Co-Ed"|"Independent School 1"|"Senior"|"All Faiths"|1383|1024|"13-18 (13-18)"|"20241206114653"|"AA00011"|"20200219: Millfield Prep School (SCID:317) is the prep school of Millfield School.

[4Jun14] Mrs Jacqui Clarke, Head of our Learning Support at Millfield, is happy to consider with mild ADHD as long as parents to consider medication should we feel it is necessary, if the child is not on medication already."|0|0|17|"Y"|"Y"|"Y"|""|"***********************"|"art_ex, sports_strong, busy_life, facilities_ex, International_environment"
418|"Rugby School"|"Lawrence Sheriff Street"|"UK"|"Rugby"|"Warwickshire"|"CV22 5EH"|""|""|"www.rugbyschool.co.uk"|"registry@rugbyschool.net"|"Co-Ed"|"Independent School 1"|"All"|"Church of England"|865|654|"13-18 (13-18)"|"20241207112700"|"AA00011"|"Rugby School has withdrawn from the League Tables from 13 August 2018. Exam results will be posted only after the remark process."|0|0|17|"Y"|"Y"|"N"|""|"***********************"|"Non-comm, busy_life, campus_huge, activities_ex, traditional, famous_worldwide, IB"
6|"Harrow School"|"5 High Street"|"UK"|"Harrow on the Hill, Middlesex"|"London & Greater London"|"HA1 3HP"|"44 20 8872 8007"|"44 20 8872 8012"|"www.harrowschool.org.uk"|"webadmissions@harrowschool.org.uk"|"Boys"|"Independent School 1"|"Senior"|"Church of England"|837|837|"13-18 (13-18)"|"20241209150153"|"AA00107"|"20221123: Current postal address on school website: Harrow School, 5 High Street, Harrow on the Hill, Middlesex HA1 3HP
Previous address on system: 1 High Street, Harrow on the Hill, Middlesex, London & Greater London, HA1 3HT, UK

Full boarding
[20 Sep 2013] School is no longer offering private visits to parents – we have had too many requests and we cannot accommodate them all.  We direct parents to Open Mornings as a way of visiting the School and these are bookable via our website.

[8 Mar 2013] from next term, school will only be offering private tours on Tuesday or Thursday afternoons.

HTS, SLN : 8H742U17X"|0|0|17|"Y"|"Y"|"Y"|""|"***********************"|"campus_huge, music_ex, posh, urban, politics, econ, town school, sports_ex, activities_ex, satellite_school, famous, busy_life, famous_worldwide, facilities_ex"
76|"Brentwood School"|"Middleton Hall Lane"|"UK"|"Brentwood"|"Essex"|"CM15 8EE"|""|"44 12 7724 3299"|"www.brentwoodschool.co.uk"|""|"Co-Ed"|"Independent School 1"|"Senior"|"Church of England"|1919|63|"13-18 (3-18)"|"20241206160936"|"AA00107"|"[12May16] All prospective pupils / parents are asked to register online and the link to the registration form is http://www.brentwoodschool.co.uk/Senior-Registration"|0|0|17|"Y"|"Y"|"Y"|"brentwood"|"***********************"|"friendly, facilities_gd, fencing_ex"
58|"Berkhamsted School"|"133 High Street"|"UK"|"Berkhamsted"|"Hertfordshire"|"HP4 2DJ"|""|""|"www.berkhamsted.com"|"enquiries@berkhamstedschool.org"|"Co-Ed"|"Independent School 1"|"All"|"Church of England"|2088|94|"13-18 (3-18)"|"20241206153124"|"AA00107"|"20191031: As well as our normal entry point of Year 12 we are inviting applications before 13th December for entry into year 9. 
In September we successfully introduced boys into Year 9 and Year 10 and we are now ready to continue with the younger girls. This will be competitive as there are a small number of places but we would welcome all applicants.

[3 Oct 2013] Full boarding is offered to pupils Y10 upwards, and whilst we would consider a Y9 boy for full or weekly boarding, student would be a minority in the Boarding House.  We offer flexi boarding to Year 7 upwards.

From Sep 2012, school will take boarders from Y10. 
school sponsorship license number : B1XRM77W5"|0|0|17|"Y"|"Y"|"Y"|"berkhamsted"|"***********************"|"friendly, urban, diamond_school"
590|"Woodbridge School"|"Burkitt Road"|"UK"|"Woodbridge"|"Suffolk"|"IP12 4JH"|"44 13 9461 5000"|"44 13 9438 0944"|"www.woodbridgeschool.org.uk/"|"enquires@woodbridge.suffolk.sch.uk"|"Co-Ed"|"Independent School 1"|"Senior"|"Church of England"|540|33|"13-18 (4-18)"|"20241209164624"|"AA00011"|"[16Jun11] TWO terms notice for withdrawal.
 
[4June11] We will expect boarders to attend the schola course which starts a week before term starts and is a condition of offer. We do provide a transfer service and the details are given on the schola form. Costs are passed on to parents fee account at cost, a list of local hotels and would advise that it is best to book early 
 HTS"|0|0|17|"Y"|"Y"|"Y"|"woodbridge"|"***********************"|"chess_ex, math, science"
499|"St. Paul's School"|"Lonsdale Road,"|"UK"|"Barnes"|"London & Greater London"|"SW13 9JT"|"44 20 8748 9162"|"44 20 8746 5353"|"www.stpaulsschool.org.uk"|"reception@stpaulsschool.org.uk"|"Boys"|"Independent School 1"|"Senior"|"All Faiths"|1482|33|"13-18 (7-18)"|"20241209115050"|"AA00011"|""|0|0|17|"Y"|"N"|"Y"|""|"***********************"|"Non-comm"
526|"Thames Valley Summer Schools"|"13 Park Street"|"UK"|"Windsor"|"Berkshire"|"SL4 1LU"|""|""|"www.thamesvalleysummer.com"|"english@thamesvalleysummer.co.uk"|"Co-Ed"|"Summer School"|""|""|0|0|""|"20231206153842"|"AA00078"|"new website: not accessible at the moment
old website: www.thamesvalleysummer.co.uk"|0|0|17|"Y"|"Y"|"Y"|""|"***********************"|""
510|"Stowe School"|"Stowe"|"UK"|"Buckingham"|"Buckinghamshire"|"MK18 5EH"|""|""|"www.stowe.co.uk/"|""|"Co-Ed"|"Independent School 1"|"Senior"|"Church of England"|905|620|"13-18 (13-18)"|"20241209140421"|"AA00011"|"[14Mar15] no need to send the originals exam papers to school after finished"|0|0|17|"Y"|"Y"|"N"|""|"***********************"|"posh, campus_huge, campus_enclosed, facilities_ex, sports_ex, famous_uk, art_gd"
430|"Sedbergh School"|"Station Road"|"UK"|"Sedbergh"|"Cumbria"|"LA10 5HG"|"44 15 3962 2211"|""|"www.sedberghschool.org"|"enquiries@sedberghschool.org"|"Co-Ed"|"Independent School 1"|"All"|"Church of England"|575|554|"13-18 (13-18)"|"20241207121851"|"AA00011"|"20200218: Casterton, Sedbergh Preparatory School (SCID:429) is the prep school of Sedbergh School.

[Jun 2013] Merge with Casterton as a prep school

[15 Jun12]: AS PER SECOND MASTER PAUL Wallce-Woodroffe, Sedbergh will not attend any expo


Updated Arrival Details in Supplementary Info under ""Other"" [30 August 2011]
Heather Ayling, Registrar, hla@sedberghschool.org, tel: 441539 622211 *See FM school info* Amanda Bird (PA to HM) hm@sedberghschool.org Chris Morgan crim@sedberghschool.org Bursary: Mr. Ben Close - brc.bursary@sedberghschool.org, HTS"|0|0|17|"Y"|"Y"|"Y"|"sedbergh"|"***********************"|"value_added, sport_gd, activities_gd, good feedback, busy_life"
100|"Canford School"|"Canford Magna"|"UK"|"Wimborne"|"Dorset"|"BH21 3AD"|"44 12 0284 1254"|"44 12 0288 1009"|"www.canford.com"|""|"Co-Ed"|"Independent School 1"|"Senior"|"Church of England"|662|407|"13-18 (13-18)"|"20241206174825"|"AA00107"|"[11May16] School prefer us not hold a registration form on file. We are a selective school and we like to know a bit more about the pupil applying before issuing a registration form.  We would therefore request that any consultant in Academic Asia continues to issue us pupil profiles via email in the first instance
[24Apr14] Canford is 70% full boarding. School has no weekly or flexi-boarding. On average over 60% of the boarders remain in school at weekends.
HTS
 Skype Address: stephen.canford, Dr. Stephen Wilkinson contact number: 1202 847297
 Canford Connect:
 http://canfordconnect.com/
 Login email: battie@academic-asia.com
 Password: zkbjg"|0|0|17|"Y"|"Y"|"Y"|""|"***********************"|"traditional, chinese_few, activities_gd, campus_huge, facilities_ex, campus_enclosed"
533|"King's School (The), Canterbury"|"25 The Precincts"|"UK"|"Canterbury"|"Kent"|"CT1 2ES"|"01227 595501"|""|"www.kings-school.co.uk"|"info@kings-school.co.uk"|"Co-Ed"|"Independent School 1"|"Senior"|"Church of England"|862|658|"13-18 (13-18)"|"20230925155032"|"AA00078"|"20200219: Junior King's School (SCID:532) is the prep school of King's School, Canterbury.
[10 Oct 2017] Age: Junior 7-13; Senior 13-18
[24Apr14] No weekly boarding option"|0|0|17|"Y"|"Y"|"Y"|""|"***********************"|"music_ex, town school, traditional, busy_life, famous_uk, Hum_gd"
4|"Charterhouse"|""|"UK"|"Godalming"|"Surrey"|"GU7 2DX"|"44 14 8329 1501"|"44 14 8329 1507"|"www.charterhouse.org.uk"|"admissions@charterhouse.org.uk"|"Co-Ed"|"Independent School 1"|"Senior"|"Christian"|950|863|"13-18 (13-18)"|"20241207102208"|"AA00107"|"Full boarding
Start to accept Y9 girls in Sep2021

[10 Oct 2017]
1. School Type: Boys (13-18), Girls (16-18)
2. Charterhouse is moving fully co-educational from 2021. The School will enroll girls from Y9 in September 2021. There will be girls in every year group from September 2023.

[24Apr14] There are NO weekly boarders at Charterhouse. A good many of our local pupils go home on Saturday nights, but they are all back for Sunday Chapel (usually at 7.00 pm).
[22Jun13] School recommend Aldro and Highfield, both of which have good boarding facilities and send boys to Charterhouse every year.
[18Feb12] From this year, there will be no Science practical exam, but candidates will choose 2 of the 3 Science written papers.
[02Feb12] Return times for the beginning of term, end of Exeats and Leave Weekends is: Under School 8.30 p.m., Sixth Form: 9.15 p.m. 

Football
Founded in London in 1611, moved to Surrey in 1872"|0|0|17|"Y"|"Y"|"Y"|""|"***********************"|"campus_enclosed, campus_huge, music_ex, sports_ex, activities_ex, busy_life, traditional, football, facilities_ex, DT_ex, IB"
72|"Bradfield College"|"Bradfield"|"UK"|"Reading"|"Berkshire"|"RG7 6AU"|"44 11 8964 4500 (reception)"|""|"www.bradfieldcollege.org.uk"|""|"Co-Ed"|"Independent School 1"|"Senior"|"Church of England"|835|711|"13-18 (13-18)"|"20241206160437"|"AA00107"|"Weekly and full boarding

[10May16] We do not publish the Registration form online
HTS"|0|0|17|"Y"|"Y"|"Y"|""|"***********************"|"campus_huge, facilities_gd, football, chinese_few, dance_academic, IB"
110|"Cheltenham College"|"Bath Road"|"UK"|"Cheltenham"|"Gloucestershire"|"GL53 7LD"|"44 12 4226 5600"|"44 12 4226 5630"|"www.cheltenhamcollege.org"|""|"Co-Ed"|"Independent School 1"|"Senior"|"Christian"|740|584|"13-18 (13-18)"|"20241207102432"|"AA00107"|"20201201: Pls go to the Agent Portal for school info before asking school.
20200218: Cheltenham College Preparatory School (SCID:30015) is the prep school of Cheltenham College."|0|0|17|"Y"|"Y"|"Y"|"cheltenham"|"***********************"|"Caring_ex, facilities_ex, sports_ex, school_near_town, urban"
125|"Clifton College"|"32 College Road"|"UK"|"Clifton"|"Bristol"|"BS8 3JH"|"44 11 7315 7000"|"44 11 7315 7101"|"www.cliftoncollege.com"|"info@cliftoncollege.com"|"Co-Ed"|"Independent School 1"|"Senior"|"Christian"|1274|352|"13-18 (13-18)"|"20241207120042"|"AA00107"|"20200218: Clifton College Preparatory School (SCID:127) is the prep school of Clifton College. There are also pre-prep school and nursery in Clifton College. (Please note Pupil No. includes students in pre-prep and prep schools)"|0|0|17|"Y"|"Y"|"Y"|""|"***********************"|"activities_gd, sport_gd, dance_academic, facilities_gd, school_near_town"
593|"Worth School"|"Paddockhurst Road"|"UK"|"Turners Hill, Crawley"|"West Sussex"|"RH10 4SD"|"44 13 4271 0200"|"44 13 4271 0230"|"www.worthschool.org.uk"|"information@worth.org.uk"|"Co-Ed"|"Independent School 1"|"Senior"|"Roman Catholic/Christian"|660|273|"13-18 (11-18)"|"20241209165623"|"AA00011"|"Please be aware that Worth School needs to receive original acceptance form and deposit payment by deadline, not a scanned copy. [03 Mar 2012]
 
In 2008 we welcomed our first Year 12 girl boarders and day pupils and in September 2010 girls joined in Years 7 and 9. Both day and boarding girls joined the middle school (Year 9 and above). (2/8/11)"|0|0|17|"Y"|"Y"|"Y"|"worth"|"***********************"|"reglious, activities_gd, campus_huge, football, IB"
585|"Winchester College"|"College Street"|"UK"|"Winchester"|"Hampshire"|"SO23 9NA"|""|""|"www.winchestercollege.org"|""|"Boys (6G Day only)"|"Independent School 1"|"Senior"|"Church of England"|726|683|"13-18 (13-18)"|"20241209163202"|"AA00011"|"Full boarding

20240502: Winchester will welcome girl boarders for the first time in 2026

Policy on visits to the School has changed. pls see website at www.winchestercollege.org/admissions.

“Residents of Mainland China, Hong Kong, Japan, Korea, Malaysia, Singapore and Thailand whose children are not presently in a UK school, must begin the admissions process at Testing at the Age of 11 in Hong Kong in January each year. Boys awarded a Guaranteed or Reserve List Place on the basis of testing may then visit the School. Because of pressure of numbers, we regret that it is not possible to arrange visits to the School before the award of a Guaranteed or Reserve List Place. Once a place has been secured a visit to the School may be arranged through the Registrar’s office.”"|0|0|17|"Y"|"N"|"Y"|""|"***********************"|"Non-comm, famous_worldwide, academic_push, traditional, good feedback"
400|"Repton School"|"The Hall"|"UK"|"Repton"|"Derbyshire"|"DE65 6FH"|"44 12 8355 9200"|""|"www.repton.org.uk"|""|"Co-Ed"|"Independent School 1"|"Senior"|"Church of England"|621|428|"13-18 (13-18)"|"20220503163242"|"AA00078"|"20210430: From next year Repton and Repton Prep will legally merge to become a straight through school (Repton 3-18)
Therefore it will be guaranteed progression to Year 9 and no need for common entrance.
Also, from a VISA point of view, we can offer sponsorship to get the pupil from Year 8 to the end of Year 11.

20200220: Repton Prep (SCID:399) is the prep school of Repton School."|0|0|17|"Y"|"Y"|"Y"|""|"***********************"|"traditional, satellite_school, chinese_few, football"
124|"Clayesmore School"|"Iwerne Minster"|"UK"|"Blandford"|"Dorset"|"DT11 8LL"|"44 17 4781 2122"|""|"www.clayesmore.com"|"hmsec@clayesmore.com"|"Co-Ed"|"Independent School 1"|"Senior"|"Church of England"|494|235|"13-18 (13-18)"|"20241207115113"|"AA00107"|"20200218: Clayesmore Prep School (SCID:123) is the prep school of Clayesmore School."|0|0|17|"Y"|"Y"|"Y"|"clayesmore"|"***********************"|"chinese_few, Caring_ex, special_need_school"
47|"Bedales School"|"Church Road"|"UK"|"Steep, Petersfield"|"Hampshire"|"GU32 2DG"|"44 17 3030 0100"|"44 17 3030 0500"|"www.bedales.org.uk"|"admin@bedales.org.uk"|"Co-Ed"|"Independent School 1"|"Senior"|"Non denominational"|466|315|"13-18 (13-18)"|"20241212150120"|"AA00107"|""|0|0|17|"Y"|"Y"|"Y"|""|"***********************"|"art_ex, campus_enclosed, chinese_few"
30194|"Charterhouse Summer School"|""|"UK"|"."|"."|""|""|""|""|""|"Co-Ed"|""|""|""|0|0|""|"20230218112330"|"AA00007"|""|0|0|17|"N"|"Y"|"N"|""|"***********************"|""
68|"Bosworth Independent College"|"Nazareth House, Barrack Road"|"UK"|"Northampton"|"Northamptonshire"|"NN2 6AF"|"44 16 0423 9995"|"44 16 0423 9996"|"www.bosworthcollege.com"|"info@bosworthcollege.com"|"Co-Ed"|"Independent College"|""|"Non denominational"|337|218|"13-18 (13-18)"|"20230207225111"|"AA00079"|"20200414: From 7 April 2020, Bosworth Independent College will formally become part of the CATS Colleges Group.

[5Apr16] dont see application form hard copy on website. online application

HTS
SPONSOR LICENCE NUMBER: YA62NW1R5
 
Bosworth expect students to pay all fee yearly. The best they can do is 2 instalments."|0|0|17|"Y"|"Y"|"Y"|"bosworth"|"***********************"|"campus_small, urban, school_near_town"
309|"Marlborough College"|""|"UK"|"Marlborough"|"Wiltshire"|"SN8 1PA"|"44 16 7289 2300"|"44 16 7289 2307"|"www.marlboroughcollege.org"|""|"Co-Ed"|"Independent School 1"|"Senior"|"Church of England"|1010|969|"13-18 (13-18)"|"20241206104249"|"AA00011"|"Full boarding"|0|0|17|"Y"|"N"|"N"|""|"***********************"|"Non-comm, chinese_few, famous_uk, traditional, satellite_school"
22|"Uppingham School"|"High Street West"|"UK"|"Uppingham"|"Rutland"|"LE15 9QE"|"44 15 7282 2216"|"44 15 7282 2332"|"www.uppingham.co.uk"|""|"Co-Ed"|"Independent School 1"|"Senior"|"Church of England"|844|779|"13-18 (13-18)"|"20241209154613"|"AA00011"|"Full boarding
SLN : 6DAMFQNR1
all families with a mainland address go through Michael Couch"|0|0|17|"Y"|"Y"|"Y"|""|"***********************"|"music_gd, town school, traditional, activities_ex"
30175|"Z_Day Place Application Fee11"|""|"N/A"|"N/A"|"N/A"|""|""|""|""|""|"Co-Ed"|""|""|""|0|0|""|"20241003114040"|"AA00098"|""|0|0|17|"N"|"Y"|"N"|""|"***********************"|""
180|"Felsted School"|"Felsted"|"UK"|"Dunmow"|"Essex"|"CM6 3LL"|"44 13 7182 2600"|"44 13 7182 2607"|"www.felsted.org"|"info@felsted.org"|"Co-Ed"|"Independent School 1"|"All"|"Church of England"|757|290|"13-18 (13-18)"|"20241207152847"|"AA00107"|""|0|0|17|"Y"|"Y"|"Y"|"felsted"|"***********************"|"activities_gd, induction, good feedback, art_gd, IB"
234|"Hurstpierpoint College"|"College Lane, Hurstpierpoint"|"UK"|"Hassocks"|"West Sussex"|"BN6 9JS"|"44 12 7383 3636"|"44 12 7383 5257"|"www.hppc.co.uk"|"info@hppc.co.uk"|"Co-Ed"|"Independent School 1"|"Senior"|"Church of England"|942|387|"13-18 (13-18)"|"20241209155150"|"AA00107"|"20200219: Hurstpierpoint College Preparatory School (Day School, Age Range:4-13) is the prep school of Hurstpierpoint College.

20180728: Full boarding is no longer offered from September 2018

[20Jan17]Hurst will not be running the IB programme in 2017. In addition, football at Hurst is very limited as our main boys sport is rugby."|0|0|17|"Y"|"Y"|"Y"|""|"***********************"|"rural, chinese_few, activities_gd, campus_enclosed, friendly"
95|"Cambridge Education Group"|"51-53 Hills Road"|"UK"|"Cambridge"|"Cambridgeshire"|"CB2 1NT"|""|""|"www.ceg-uk.com/"|""|"Co-Ed"|"Independent College"|""|""|205|205|""|"20201107175044"|"AA00078"|"20200221: CEG has a lot of centres. (Age Range:16-21)

CEG will be running a 14 April 2013 start for the International Foundation Programme for both Business and Engineering pathways at Coventry FoundationCampus. [30 Nov 2012]
 
The Group has decided to increase our deposit amount from £900 to £2,400. 
The £100 registration fee will remain the same.
 •This change will affect all students on all courses at CATS College, Cambridge Schools of Visual & Performing Arts (CSVPA) and FoundationCampus.
 •The only exception is to Study Abroad (High School Programme) students, who are attending for one term only. For these students the £900 deposit amount remains (plus a £100 registration fee). [14 Oct 2011]
 

CATS College, London, Bloomsbury - new Central London Campus (www.catscollege.com), provide pathways in Medicine, Business, and Finance, with fully supervised, boarding accommodation within a 5 minutes walk from Bloomsbury Campus. [09 Mar 2011]
 
School is delighted to confirm that Royal Holloway (RHUL) and Institute of Education (IoE) have joined London FoundationCampus as official partners. [02 Mar 11] 
ALl centres are HTC
 send documents to Ms Mary Pilainayagam in Cambridge"|0|0|17|"N"|"Y"|"Y"|""|"***********************"|""
30174|"Ryde School (Day Place Application Fee)"|""|"N/A"|"N/A"|"N/A"|""|""|""|""|""|"Co-Ed"|""|""|""|0|0|""|"20230207084712"|"AA00079"|""|0|0|17|"N"|"Y"|"N"|""|"***********************"|""
573|"Wellington College"|""|"UK"|"Crowthorne"|"Berkshire"|"RG45 7PU"|"44 13 4444 4000"|"44 13 4444 4002"|"www.wellingtoncollege.org.uk"|"info@wellingtoncollege.org.uk"|"Co-Ed"|"Independent School 1"|"Senior"|"Church of England"|1140|909|"13-18 (13-18)"|"20241209155834"|"AA00011"|"20191017: School withdrew from league tables
[27082014] Wellington College do accept children who are 8 months older than other students in their year group, ie. if their birthday falls in the January of the previous academic year onwards.  

[04Jun14] 2015 Sixth form entry- the new online registration process for 16+ entry to Wellington College which school is implementing from this year onwards.16+ Entry page (http://www.wellingtoncollege.org.uk/2575/admissions/joining-wellington/16-entry) of the Admissions section to our new online registration forms.

[13Sep13] School said Eagle House in Sandhurst is their feeder school."|0|0|17|"Y"|"Y"|"N"|""|"***********************"|"activities_ex, campus_enclosed, music_ex, satellite_school, facilities_ex, econ, politics, IB"
12|"Tonbridge School"|"High Street"|"UK"|"Tonbridge"|"Kent"|"TN9 1JP"|"44 17 3230 4297"|"44 17 3230 4293"|"www.tonbridge-school.co.uk"|"admissions@tonbridge-school.org"|"Boys"|"Independent School 1"|"Senior"|"Church of England"|801|455|"13-18 (13-18)"|"20241209153220"|"AA00011"|"[24Apr14] All boarders are FULL boarders. All boys are therefore in school for 6 nights a week (Sunday to Friday inclusive). As full boarders all are welcome in school on Saturday night too, although in practice a proportion of our more local boarders will spend Saturday evening at home on any chosen weekend (leaving late on Saturday afternoon and returning by late afternoon on Sunday)
[14Jun13] students can take TB exam in Academic Asia, British Council offices or Dolphin UK
[14May12] Need passport biometric page and front page before issuing CAS 
[17May11] IF POSSIBLE PLEASE USE ORIGINAL REGISTRATION FORM"|0|0|17|"Y"|"Y"|"N"|""|"***********************"|"academic_push, science, math, econ, music_ex, sports_ex, busy_life, traditional, facilities_ex"
148|"d'Overbroeck's College"|"333 Banbury Road"|"UK"|"Oxford"|"Oxfordshire"|"OX2 7PL"|"44 18 6531 0000"|"44 18 6555 2296"|"www.doverbroecks.com"|"sixthform@doverbroecks.com"|"Co-Ed"|"Independent School 1"|"Senior"|"Non denominational"|693|309|"13-18 (11-18)"|"20241207121832"|"AA00107"|"20210401: School has joined Nord Anglia Education along with Oxford International College, Oxford Sixth Form College and Bucksmore Education.
HTS"|0|0|17|"Y"|"Y"|"Y"|""|"***********************"|"campus_small, urban"
133|"Cranbrook School"|"."|"UK"|"Cranbrook"|"Kent"|"TN17 3JD"|"44 15 8071 1800"|"44 15 8071 1828"|"www.cranbrookschool.co.uk"|""|"Co-Ed"|"Stabis School_Comm"|"Senior"|""|874|237|"13-18 (11-18)"|"20210828121611"|"AA00079"|"[14Sep17] 2018 entry is now open and closes on the 31 October, 2017.
pls contact the reigistrar."|0|0|17|"N"|"Y"|"N"|"cranbrook"|"***********************"|"Non-comm"
140|"Dean Close School"|"Shelburne Road"|"UK"|"Cheltenham"|"Gloucestershire"|"GL51 6HE"|"44 12 4225 8000"|""|"www.deanclose.org.uk"|"office@deanclose.org.uk"|"Co-Ed"|"Independent School 1"|"Senior"|"Christian"|519|226|"13-18 (13 - 18)"|"20241207122923"|"AA00107"|"20200218: Dean Close Prep School (SCID:139) is the prep school of Dean Close School.
[9Apr14] The accounts office is situated on Shelburne Road.
[3Apr14] OVERSEAS INDUCTION PROGRAMME- Friday 29th August to Sunday 31st August 2014, please go AAS for further info.
[24July13]Supply colour scans from the original passport in future"|0|0|17|"Y"|"Y"|"Y"|"deanclose"|"***********************"|"induction, school_near_town, friendly"
30187|"Z_Day Place Application Fee4"|""|"N/A"|"N/A"|"N/A"|""|""|""|""|""|"Co-Ed"|""|""|""|0|0|""|"20231014153524"|"AA00098"|""|0|0|17|"N"|"Y"|"N"|""|"***********************"|""
472|"Bede's School"|"Upper Dicker"|"UK"|"Hailsham"|"East Sussex"|"BN27 3QH"|"44 13 2384 3252 / 44 13 2344 3838"|"44 13 2344 2628"|"www.bedes.org/"|"school.office@bedes.org"|"Co-Ed"|"Independent School 1"|"Senior"|"Non-denominational"|799|327|"13-18 (13-18)"|"20241212150548"|"AA00107"|"20200218: Bede's Prep School (SCID:450) is the prep school of Bede's School."|0|0|17|"Y"|"Y"|"Y"|"bedesenior"|"***********************"|"rural, friendly, campus_huge, sports_ex, activities_gd, value_added"
438|"Sherborne School"|"Abbey Road"|"UK"|"Sherborne"|"Dorset"|"DT9 3AP"|"44 19 3581 2249"|""|"www.sherborne.org"|"enquiries@sherborne.org"|"Boys"|"Independent School 1"|"Senior"|""|584|543|"13-18 (13-18)"|"20241212104022"|"AA00011"|"20210121: Sherborne School (SCID: 438) will merge with Sherborne Preparatory School (SCID: 437) on 1 April 2021.
[13 Apr 2013] SSG will carry on IB Dip, but Sherborne Boys will stop IB this Sep

Football"|0|0|17|"Y"|"Y"|"Y"|"Sherborneb"|"***********************"|"activities_gd, town school, facilities_gd, famous_uk, DT_ex, science"
159|"Eastbourne College"|"Old Wish Road"|"UK"|"Eastbourne"|"East Sussex"|"BN21 4JX"|"44 13 2345 2300"|"44 13 2345 2307"|"www.eastbourne-college.co.uk"|"reception@eastbourne-college.co.uk"|"Co-Ed"|"Independent School 1"|"Senior"|"Church of England"|622|273|"13-18 (13-18)"|"20241207131512"|"AA00107"|"20200219: St. Andrew's Prep (SCID:471) is the prep school of Eastbourne College."|0|0|17|"Y"|"Y"|"Y"|"eastbourne"|"***********************"|"chinese_few, good feedback, down_to_earth, dance_academic"
319|"Milton Abbey School"|"Blandford Forum"|"UK"|"Milton"|"Dorset"|"DT11 0BZ"|"44 12 5888 0484"|"44 12 5888 1194"|"www.miltonabbey.co.uk"|"info@miltonabbey.co.uk"|"Co-Ed"|"Independent School"|"Senior"|"Church of England"|212|178|"13-18 (13-18)"|"20200225142007"|"AA00078"|""|0|0|17|"Y"|"Y"|"Y"|""|"***********************"|"value_added, Riding_ex, chinese_few, rural, Caring_ex, special_need"
687|"Whitgift School"|"Haling Park"|"UK"|"South Croydon"|"London & Greater London"|"CR2 6YT"|"44 20 8688 9222"|"44 20 8760 0682"|"www.whitgift.co.uk"|"office@whitgift.co.uk"|"Boys"|"Independent School 1"|"Senior"|"Church of England"|1556|100|"13-18 (10-18)"|"20241209162513"|"AA00011"|"[10Nov15] ensure that any students wishing to join us for Summer 2016, register using the online form. http://www.whitgift.co.uk/summerschoolBookingForm.aspx
[26Jun14]  operating a Summer School from 2015 
[10 Jan 2013] Boarders will always need to arrive on the day before school 'officially' begins and usually by 9.00pm (except for the first day of the academic year when they need to arrive by 11.00am).
 However it is accepted that boys will arrive from HK on flights early in the morning and therefore the house will be open from midday on Monday 6th Jan 2014."|0|0|17|"Y"|"Y"|"Y"|"whitgift"|"***********************"|"urban, fencing_ex, sports_ex, campus_enclosed, music_gd, activities_ex, DT_ex, IB"
304|"Malvern College"|"College Road"|"UK"|"Great Malvern"|"Worcestershire"|"WR14 3DF"|"44 16 8458 1500"|"44 16 8458 1617"|"www.malverncollege.org.uk"|"enquiries@malcol.org"|"Co-Ed"|"Independent School 1"|"Senior"|"Church of England"|655|479|"13-18 (13-18)"|"20241210153301"|"AA00107"|"20200218: The Downs Malvern (SCID:530) is the prep school of Malvern College.

[16Jan16] sixth form entry in 2017- Candidates are strongly encouraged to visit the school between January – June 2016.
We will cease to make offers on a case by case basis and in line with many other leading IB schools, we will now make one central announcement of offers on the 1st December 2016.
There is now a fixed deadline for the acceptance of an offer (21st December 2016).
Late applications will be accepted from January 2017 and will be allocated on a case by case basis as additional spaces become available.

[18Nov14] Malvern College doesn’t want us to keep copies of the school’s entrance test.Please destroy any Malvern College tests (soft copies and hard copies) that we have.
[5 Jan 2013]Malvern College insists overseas students to fly to UK for interview

HTS
 Our Sponsor Licence Number is: 2Y3KXR855
 [14 Apr 12] can use COLLEGE GUARDIANS"|0|0|17|"Y"|"Y"|"Y"|""|"***********************"|"campus_huge, International_environment, satellite_school, sport_gd, good feedback, IB"
9|"Lancing College"|""|"UK"|"Lancing"|"West Sussex"|"BN15 0RW"|"44 12 7345 2213"|""|"www.lancingcollege.co.uk"|"admissions@lancing.org.uk"|"Co-Ed"|"Independent School 1"|"Senior"|"Church of England"|596|330|"13-18 (13-18)"|"20241209180230"|"AA00107"|"[9July14] TS14- (1)please ask student to submit passport copy too when register (2) the IELTS requirement for Year 12 is no longer necessary
Football
SLN : E0MTY0AP4"|0|0|17|"Y"|"Y"|"Y"|""|"***********************"|"football, campus_huge, campus_enclosed, rural, DT_ex"
597|"Wycliffe College"|"Bath Road"|"UK"|"Stonehouse"|"Gloucestershire"|"GL10 2JQ"|"44 14 5382 2432"|"44 14 5382 7634"|"www.wycliffe.co.uk"|"senior@wycliffe.co.uk"|"Co-Ed"|"Independent School 1"|"Senior"|"All Faiths"|403|217|"13-18 (13-18)"|"20241209170237"|"AA00011"|"HTS, SLN : 7BMCVK2E0
No. of Pupils: 390(13-18), 334 (7-13)"|0|0|17|"Y"|"Y"|"Y"|"wycliffe"|"***********************"|"chinese_many, Caring_ex, friendly"
264|"King's School, Bruton"|"The Plox"|"UK"|"Bruton"|"Somerset"|"BA10 0ED"|"44 17 4981 4200"|"44 17 4981 3426"|"www.kingsbruton.com/"|"office@kingsbruton.com"|"Co-Ed"|"Independent School 1"|"Senior"|"Church of England"|355|164|"13-18 (13-18)"|"20241209172204"|"AA00107"|"20200214: Hazlegrove Preparatory School (SCID:217) is the prep school of King's School, Bruton
SPONSOR LICENCE NO. W098XH8KO"|0|0|17|"Y"|"Y"|"Y"|""|"***********************"|"art_gd, friendly, good feedback, value_added"
263|"King's Ely - previously King's International Study Centre (KISC)"|""|"UK"|"Ely"|"Cambridgeshire"|"CB7 4DB"|"44 13 5366 0757"|"44 13 5366 7485"|"https://www.kingsely.org/international"|"kisc@kings-ely.cambs.sch.uk"|"Co-Ed"|"Independent School 1"|"Senior"|""|45|45|"13-17"|"20241125115527"|"AA00127"|"20200303: KISC is linked with King's Ely. It offers international programme for international pupils."|0|0|17|"Y"|"Y"|"Y"|""|"***********************"|""
30045|"King's School (The), Canterbury International College"|"25 The Precincts"|"UK"|"Canterbury"|"Kent"|"CT1 2ES"|"01227 595501"|""|"www.international.kings-school.co.uk"|"info@kings-school.co.uk"|"Co-Ed"|"Independent School 1"|"Senior"|"Church of England"|80|76|"13-17 (13-17)"|"20210216100433"|"AA00078"|"first year (Sep2018 entry), aim to take 40, second year upto 80"|0|0|17|"Y"|"Y"|"Y"|""|"***********************"|""
30022|"Mill Hill International"|"Milespit Hill"|"UK"|"London"|"London & Greater London"|"NW7 2RX"|"44 20 8906 6369"|""|"https://www.millhill.org.uk/international/"|""|"Co-Ed"|"Independent School 1"|"Senior"|"Non denominational"|139|109|"13-17 (13-17)"|"20241209151932"|"AA00011"|"20200218: The Mount, Mill Hill International is linked with Belmont Mill Hill Preparatory School (SCID:315), Mill Hill School (SCID:316), and Mill Hill Pre-Prep - Grimsdell.

The Mount, Mill Hill International School, is located within its own newly refurbished campus just a short walk from the main Mill Hill School site, and its pupils are members of the wider Mill Hill School community. With four dedicated boarding houses on the Mill Hill School site, International School pupils have full use of the Senior School’s excellent facilities including an indoor heated swimming pool, sports hall, library, theatre and music department.

[19Dec14] Opens in Sep 2015."|0|0|17|"N"|"Y"|"Y"|""|"***********************"|""
30184|"Z_Day Place Application Fee6"|""|"N/A"|"N/A"|"N/A"|""|""|""|""|""|"Co-Ed"|""|""|""|0|0|""|"20241003113749"|"AA00098"|""|0|0|17|"N"|"Y"|"N"|""|"***********************"|""
384|"Radley College"|"Radley"|"UK"|"Abingdon"|"Oxfordshire"|"OX14 2HR"|"44 12 3554 3000"|"44 12 3554 3106"|"www.radley.org.uk"|"warden@radley.org.uk"|"Boys"|"Independent School 1"|"Senior"|"Church of England"|767|759|"13-18 (13-18)"|"20241206175204"|"AA00011"|"Full boarding"|0|0|17|"Y"|"Y"|"Y"|""|"***********************"|"campus_huge, campus_enclosed, chinese_few, traditional, famous_uk"
16|"Epsom College"|"College Road"|"UK"|"Epsom"|"Surrey"|"KT17 4JQ"|"44 13 7282 1234"|""|"www.epsomcollege.org.uk"|"info@epsomcollege.org.uk"|"Co-Ed"|"Independent School 1"|"Senior"|"Church of England"|1143|300|"13-18 (11-18)"|"20241207132557"|"AA00107"|"20201222: School is not publishing 2020 exam results.
[4 Jan 2013] all new Year 9, 10 and 12 pupils will be required to be at school on Sunday 1st September 2013."|0|0|17|"Y"|"Y"|"Y"|""|"***********************"|"science, sports_ex, satellite_school, campus_huge, facilities_gd"
30056|"King's High Warwick"|"Banbury Road"|"UK"|"Warwick"|"Warwickshire"|"CV34 6YE"|"44 1926 494485"|""|"www.kingshighwarwick.co.uk"|"admissions@kingshighwarwick.co.uk"|"Girls"|"Independent School 1"|""|"Interdenominational"|821|11|"13-18 (11-18)"|"20241209165346"|"AA00107"|"20230228: School will offer sixth form boarding from Sep 2023"|0|0|17|"N"|"Y"|"N"|"kingshigh"|"***********************"|""
265|"King's School (Ely)"|"Barton Road"|"UK"|"Ely"|"Cambridgeshire"|"CB7 4DB"|"44 13 5366 0700"|"44 13 5366 7485"|"www.kingsely.org/"|"enquiries@kings-ely.cambs.sch.uk"|"Co-Ed"|"Independent School 1"|"Senior"|"Church of England"|603|130|"12-18 (12-18)"|"20241209170041"|"AA00107"|""|0|0|17|"Y"|"Y"|"Y"|""|"***********************"|"town school, music_gd, friendly, down_to_earth"
536|"Stewart's Melville College"|"Queensferry Road"|"UK"|"Edinburgh"|"Scotland"|"EH4 3EZ"|""|""|"www.esms.org.uk"|""|"Co-Ed"|"Independent School"|""|""|787|12|"12-18 (12-18)"|"20200215200408"|"AA00078"|"20200215: Steward's Merville College is the senior boys school of ESMS Junior School (SCID:311) and is linked with The Mary Erskine School (SCID:537). Their sixth form is co-ed with The Mary Erskine School."|0|0|17|"Y"|"Y"|"Y"|""|"***********************"|"diamond_school, chinese_few, urban"
537|"Mary Erskine School (The)"|"Ravelston"|"UK"|"Edinburgh"|"Scotland"|"EH4 3NT"|""|""|"www.esms.org.uk"|"smcreception@esms.org.uk"|"Girls"|"Independent School"|""|"Non denominational"|763|13|"12-18 (12-18)"|"20200215202842"|"AA00078"|"20200215: The Mary Erskine School is the senior girls school of ESMS Junior School (SCID:311) and is linked with Stewart's Merville College (SCID:536). Their sixth form is co-ed with Stewart's Merville College."|0|0|17|"Y"|"Y"|"Y"|""|"***********************"|""
195|"Glenalmond College"|"Glenalmond"|"UK"|"Perth"|"Scotland"|"PH1 3RY"|"44 17 3884 2061"|"44 17 3884 2063"|"www.glenalmondcollege.co.uk"|"info@glenalmondcollege.co.uk"|"Co-Ed"|"Independent School 1"|"Senior"|"Episcopal Church of Scotland"|291|200|"12-18 (12-18)"|"20241207174747"|"AA00107"|""|0|0|17|"Y"|"Y"|"Y"|""|"***********************"|"rural, campus_huge, chinese_few"
30007|"ACS Cobham International School"|"Heywood, Portsmouth Road"|"UK"|"Cobham"|"Surrey"|"KT11 1BL"|"44 19 3286 9744"|"44 19 3286 9789"|"www.acs-schools.com"|""|"Co-Ed"|"Independent School"|""|""|1381|157|"12-18 (2-18)"|"20200222155816"|"AA00078"|""|0|0|17|"Y"|"Y"|"Y"|""|"***********************"|"IB"
30027|"Albyn School"|"17-23 Queen's Road"|"UK"|"Aberdeen"|"Scotland"|"AB15 4PB"|"44 12 2432 2408"|""|"http://www.albynschool.co.uk"|"information@albynschool.co.uk"|"Co-Ed"|"Independent School"|"all"|""|740|0|"12-18 (2-18)"|"20200222160156"|"AA00078"|"[14April15] day school. school is considering entering the market for boarding"|0|0|17|"Y"|"Y"|"Y"|""|"***********************"|""
428|"Seaford College"|"Lavington Park"|"UK"|"Petworth"|"West Sussex"|"GU27 0NB"|"44 17 9886 7392"|"44 17 9886 7606"|"www.seaford.org"|"bursar@seaford.freeuk.com"|"Co-Ed"|"Independent School"|"All"|"Church of England"|801|173|"12-18 (6-18)"|"20200225165017"|"AA00078"|"20170111: Full Boarding starts from 13 years old (Y9)
school age from 7-18"|0|0|17|"Y"|"Y"|"Y"|""|"***********************"|"rural, sport_gd, campus_huge, special_need"
167|"Ellesmere College"|""|"UK"|"Ellesmere"|"Shropshire"|"SY12 9AB"|"44 16 9162 2321"|"44 16 9162 3286"|"www.ellesmere.com"|""|"Co-Ed"|"Independent School"|"Senior"|"Church of England"|517|223|"12-18 (7-18)"|"20200222182420"|"AA00078"|""|0|0|17|"Y"|"Y"|"Y"|"ellesmere"|"***********************"|"activities_gd, campus_huge, facilities_gd, friendly, rural, sport_gd, IB"
173|"Eton College"|"Eton"|"UK"|"Windsor"|"Berkshire"|"SL4 6DW"|"44 17 5367 1000"|""|"https://www.etoncollege.com/"|"admissions@etoncollege.org.uk"|"Boys"|"Independent School 1"|"Senior"|"Church of England"|1341|1341|"12-19 (12-19)"|"20241207132852"|"AA00107"|"Full boarding"|0|0|17|"Y"|"N"|"Y"|""|"***********************"|"Non-comm, academic_push, facilities_ex, famous_worldwide, posh, traditional"
208|"Gresham's"|"Cromer Road"|"UK"|"Holt"|"Norfolk"|"NR25 6EA"|"44 12 6371 4500"|"44 12 6371 2028"|"www.greshams.com"|"reception@greshams.com"|"Co-Ed"|"Independent School 1"|"Senior"|"Church of England"|529|237|"13 -18 (13-18)"|"20241207180249"|"AA00107"|"20200219: Gresham's Prep School (Board Age:7-13, Age Range:2-13) is the prep school of Gresham's.

[7Oct15] From now on Gresham’s will be using UKiset as our sole entrance test. Your students will be able to take the test before registering for our school. Please continue to send us student profiles in the first instance and we will give you a ‘yes’ or ‘no’ to the student taking the test. The student will only be required to register with Gresham’s should they pass the UKiset test and they are invited to be interviewed. 
This new procedure will speed up the application process and it means we will be in a position to make offers to your students immediately.
[14Aug14] Gresham’s will accept UKiset results as part of our assessment and we encourage your students to take the test as an initial indicator of their academic ability.  However, there is NO OBLIGATION for students applying to Gresham’s for 2015 entry to take UKiset. Whilst we would prefer to receive UKiset results with an initial application, we will also accept applications without this assessment. We will continue to ask all candidates to undertake our own entrance tests in Maths and English. This is to offer the greatest amount of consistency in our assessment process. However, we will be continuing to review our assessment process during the course of the year. 

[12Feb14] for September 2015, we will continue to offer both the International Baccalaureate Diploma and A Levels.

[24Aug12]Gresham’s will be offering solely the IB in the Sixth Form from September 2015. The switch to IB only will coincide with the opening of our new Sixth Form Centre for Sept 2015, which is a considerable investment for the School.
 
More information can be downloaded from this website: http://www.greshams.biz/flipbooks/sixthform/sthef/index.html 

Up until September 2015 Gresham's will continue to offer both A Levels and the IB Diploma Programme. The school will still be actively recruiting pupils for A Levels in September 2014.

 *********************************************
HTS"|0|0|17|"Y"|"Y"|"Y"|""|"***********************"|"sport_gd, busy_life, International_environment, rural, IB"
519|"Swanbourne House School"|"Swanbourne"|"UK"|"Milton Keynes"|"Buckinghamshire"|"MK17 0HZ"|"44 12 9672 0264"|"44 12 9672 8089"|"www.swanbourne.org"|""|"Co-Ed"|"Independent School"|"Prep"|"Church of England"|322|39|"7-13 (3-13)"|"20200222214614"|"AA00078"|""|0|0|17|"Y"|"Y"|"Y"|""|"***********************"|""
3|"Bromsgrove School"|"Worcester Road"|"UK"|"Bromsgrove"|"Worcestershire"|"B61 7DU"|"44 15 2757 9679"|"44 15 2757 6177"|"www.bromsgrove-school.co.uk"|"admissions@bromsgrove-school.co.uk"|"Co-Ed"|"Independent School 1"|"Senior"|"Church of England"|1049|485|"13 -19 (13 -18)"|"20241206163444"|"AA00107"|"20200629: Pupil Number and Boarders Number at Bromsgrove Prep are included in the figure above.
20200218: Bromsgrove Preparatory School (SCID:81) is the prep school of Bromsgrove School. 

[10 Oct 2017] No. of pupils: 950 (13+), 500 (7+); No. of boarders: 451 (13+), 68 (7+)
[9Sep17] Offer University of London International Foundation Programme from Sept 2018. One year course and will run from September to April. Students study four subjects from Maths and Statistics (Compulsory), Politics, Economics, International Relations and Pure Maths. Aim to teach the programme to 24 students from a wide range of countries from September 2018. £32,000 (this includes a fee of £1,785 to the UoL) for this course, to include all tuition and boarding.

[1Dec15] I am writing to advise all of the agencies that we work with in Hong Kong and China that we have today taken the decision NOT to accept any further registrations for students from your region for September 2016 entry to the Senior school.
We are still accepting applications for Prep school boarders though, from years 3 – 8, and I would love to hear from you with applications for students of these ages.    

Summer School website: http://www.bromsgrove-international-summerschool.com/

If international students give notice of cancellation of their place before the 17th April 2013, we will refund £8665.00 of the deposit but £1000.00 will be retained by the School. If they give notice any time after the 17th April, we will refund £1000.00 but the £8665.00 will be retained by the School.
 [30 Nov 2012]
 
New pupil return date is Thursday 30th August 2012.
 
Summer School on either the 3rd or 17th July please contact my colleague Liberty on lgchance@bromsgrove-school.co.uk
 
School do not offer Y9 scholarship, but pupil can apply for internal scholarship at Y12. [16 Sept 2011]
 
There is internet access but not sure if it is wireless, as this does cause problems with close proximity to other users etc. so it might not be [06 May 2011]
 The joining instructions will all be sent out at the same time at the end of May, they will be available on the website shortly after despatch [06 May 2011]
 HTS"|0|0|17|"Y"|"Y"|"Y"|""|"***********************"|"induction, friendly, value_added, sport_gd, satellite_school, chinese_many, IB"
89|"Burgess Hill School For Girls"|"Keymer Road"|"UK"|"Burgess Hill"|"West Sussex"|"RH15 0EG"|"44 14 4424 1050"|"44 14 4487 0314"|"https://burgesshillgirls.com/"|""|"Girls"|"Independent School 1"|"Senior"|"Non denominational"|510|49|"11-19 (2.5-19)"|"20241206173559"|"AA00107"|"20140601: Senior (11-19) : total no. of pupils = 360
20140601: Junior (2.5-11) : total no. of pupils = 318
20140601: Senior and Junior are in the same campus
We currently have 55 boarders from the age of 11 years. We currently have 36 boarders from Hong Kong. A range of other nationalities including a couple of UK girls make up the rest of the boarding community. [07 Feb 2012].
 
The Licence Number is RYEN5HBT3"|0|0|17|"Y"|"Y"|"Y"|""|"***********************"|"value_added, school_near_town, academic_push"
327|"Mount School (The)"|"Dalton Terrace"|"UK"|"York"|"North Yorkshire"|"YO24 4DD"|"44 19 0466 7500"|""|"www.mountschoolyork.co.uk"|"office@mountschoolyork.co.uk"|"Girls"|"Independent School"|"Senior"|"Quaker"|207|32|"11-19 (2-19)"|"20200225142549"|"AA00078"|""|0|0|17|"Y"|"Y"|"Y"|""|"***********************"|"campus_small, down_to_earth, friendly"
271|"Kingsley School"|"Northdown Road"|"UK"|"Bideford"|"Devon"|"EX39 3LY"|"44 12 3742 6200"|"44 12 3742 5981"|"www.kingsleyschoolbideford.co.uk"|"admissions@kingsleyschoolbideford.co.uk"|"Co-Ed"|"Independent School 1"|"All"|"Methodist"|427|74|"11-19 (2-19)"|"20241209172848"|"AA00107"|"20180914: Kingsley School welcomes pupils with Dyslexia, ADHD, ASD and they can thrive with extra support from of Learning Development Centre.

[31May16] Kingsley will use CAT4 (a GL online test) to replace their entrance exam.
CAT4 includes:Verbal, Quantative, NVR, Spatial
About 72 mins. Parents no need to pay for it, school pay. 

Special deal with Quest Guardian, fee is cheaper, please ask families to apply through school [24 May 11]
 
The school will be established on 1 January 2009 (merged by Grenville and Edgehill) (19 Nov 08), HTS"|0|0|17|"Y"|"Y"|"Y"|"kingsley"|"***********************"|"rural, special_need, Caring_ex, down_to_earth, value_for_money"
455|"St. Francis' College"|"Broadway"|"UK"|"Letchworth Garden City"|"Hertfordshire"|"SG6 3PJ"|"44 14 6267 0511"|"44 14 6268 2361"|"www.st-francis.herts.sch.uk"|"enquiries@st-francis.herts.sch.uk"|"Girls"|"Independent School 1"|"All"|"All Faiths"|301|40|"11-19 (3-19)"|"20241212105541"|"AA00011"|""|0|0|17|"Y"|"Y"|"Y"|"stfrancis"|"***********************"|"campus_small, friendly, value_for_money"
178|"Farringtons School"|"Perry Street"|"UK"|"Chislehurst"|"Kent"|"BR7 6LR"|"44 20 8467 0256"|"44 20 8467 5442"|"www.farringtons.org.uk"|""|"Co-Ed"|"Independent School"|"All"|"Methodist"|709|48|"11-19 (3-19)"|"20200213225820"|"AA00007"|"Co-ed from Sept 2011
 Sponsor Licence Number: 9HKK46AD8"|0|0|17|"Y"|"Y"|"Y"|""|"***********************"|"friendly, school_near_town, art_gd"
32|"Aldenham School"|"Aldenham Road"|"UK"|"Elstree"|"Hertfordshire"|"WD6 3AJ"|"4419 2385 8122"|"44 19 2385 4410"|"www.aldenham.com"|"enquiries@aldenham.com"|"Co-Ed"|"Independent School"|"Senior"|"Church of England"|752|179|"11-19 (3-19)"|"20200213232001"|"AA00007"|""|0|0|17|"Y"|"Y"|"Y"|""|"***********************"|"activities_gd, football, dance_academic"
494|"St. Margaret's School, Bushey"|"Merryhill Road"|"UK"|"Bushey"|"Hertfordshire"|"WD23 1DT"|"44 20 8901 0870"|"44 20 8950 1677"|"www.stmargarets-school.org.uk"|"schooloffice@stmargarets.herts.sch.uk"|"Co-Ed"|"Independent School 1"|"Senior"|"Church of England"|743|32|"11-19 (3-19)"|"20241207174932"|"AA00011"|"20210209: School is now co-educational in Year 12 - and the Junior School.  Years 7 - 11 will become co-educational from September 2022.
20190503: Becoming co-ed school in January 2020
Number of Pupils in 6th Form: School currently have 90 girls and will have 80+ girls for next year [06 June 2012]
Number of Chinese: School have a total of 40 girls in the Senior School (from Year 7 to Year 13)"|0|0|17|"Y"|"Y"|"Y"|""|"***********************"|"down_to_earth, friendly, value_added"
636|"Liverpool College"|"Queens Drive, Mossley Hill"|"UK"|"Liverpool"|"Merseyside"|"L18 8BG"|"44 15 1724 4000"|"44 15 1724 3154"|"www.liverpoolcollege.org.uk"|"admin@liverpoolcollege.org.uk"|"Co-Ed"|"Stabis School"|"All"|"Church of England"|747|9|"11-19 (4-19)"|"20231204132116"|"AA00100"|"[4 Jan 2013] Other than 1 year Pre-course, if students want to start direct at AL, it is possible, Students would be part of the International School but attending classes for A Levels so the fees are ￡25250.00.
 The offer will be unconditional. 
School need to interview and see report to make an offer."|0|0|17|"Y"|"Y"|"Y"|""|"***********************"|"YES School, school_near_town"
28|"Ackworth School"|"Pontefract Road"|"UK"|"Ackworth, Pontefract"|"Yorkshire Area West"|"WF7 7LT"|"44 19 7761 1401"|"44 19 7761 6225"|"www.ackworthschool.com"|"reception@ackworthschool.com"|"Co-Ed"|"Independent School"|"Senior"|"Quaker"|478|107|"11-20 (2-18)"|"20200222155726"|"AA00078"|"Muriel Peacock - Headmaster's Secretary Julie Hart - Travel Secretary"|0|0|17|"Y"|"Y"|"Y"|""|"***********************"|"value_for_money, football, down_to_earth"
605|"Box Hill School International Study Centre"|"Mickleham"|"UK"|"Dorking"|"Surrey"|"RH5 6EA"|""|""|"https://www.boxhillschool.com/userfiles/bhsmvc/documents/International/document-ISC-Boarding-Experience-Sept-19.pdf"|""|"Co-Ed"|"Independent School"|""|""|0|0|"12-16 (12-16)"|"20200222172012"|"AA00078"|"20200222: Box Hill School International Study Centre provides one year courses to ages 12-16."|0|0|17|"Y"|"Y"|"Y"|""|"***********************"|""
40|"Ashford School"|"East Hill"|"UK"|"Ashford"|"Kent"|"TN24 8PB"|"44 12 3362 5171"|"44 12 3364 7185"|"www.ashfordschool.co.uk"|"registrar@ashfordschool.co.uk"|"Co-Ed"|"Independent School 1"|"All"|"Inter denominational"|1058|110|"11-18 (3m-18)"|"20240202130505"|"AA00078"|""|0|0|17|"Y"|"Y"|"Y"|"ashford"|"***********************"|"school_near_town, chinese_many"
275|"Kirkham Grammar School"|"Ribby Road, Kirkham"|"UK"|"Preston"|"Lancashire"|"PR4 2BH"|"44 17 7268 4264"|"44 17 7267 2747"|"www.kirkhamgrammar.co.uk"|"info@kirkhamgrammar.co.uk"|"Co-Ed"|"Independent School 1"|"Senior"|"Christian"|809|70|"11-18 (3-18)"|"20241209175739"|"AA00107"|""|0|0|17|"Y"|"Y"|"N"|""|"***********************"|"value_for_money, down_to_earth, Caring_ex, campus_small"
103|"Caterham School"|"Harestone Valley Road"|"UK"|"Caterham"|"Surrey"|"CR3 6YA"|"44 18 8334 3028 / 335058 (Pat's direct line)"|"44 18 8334 7795   / 344248 (Pat's direct fax)"|"www.caterhamschool.co.uk"|"enquiries@caterhamschool.co.uk"|"Co-Ed"|"Independent School 1"|"Senior"|"United Reformed of Church"|999|163|"11-19 (11-18)"|"20241206181821"|"AA00107"|"[9Sep17] Day 37 boys, 355 girls; boarding 94 boys, 74 girls. Admission: assessment day, school's own exam, interview, previous school reports. Registration: By Oct of year before entry.
[21Jul17]Priority is for Year 7 candidates (11+).  Partnership with some UK’s leading independent prep schools which specialise in boarding for pupils aged 4-13 yrs old.  Candidates who join this programme would be assessed for entry into Caterham School (during Year 6) for entry into Year 9 (13+).  If successful, they would then join one of our partner prep schools in Year 7 with a place already guaranteed at Caterham School for Year 9.  The offer of a place at Caterham would be conditional only on the pupil continuing to make satisfactory academic progress during Years 7 & 8.
[19Jan17]Pls note that from Sep 2017, application to Caterham for Y7 & 8 will join Windlesham House (a prep school), but the progression to Caterham is guaranteed.
[28Oct16]Please also note that Caterham School is now able to provide SAT tutorial classes on every Saturday and help with SAT examination enrollment for those who wish to apply Universities in the USA.
They are also able to help with applications to HK/USA uni.
[15Oct15] Once the pupil is in school and all admissions work has been completed then all contact regarding a particular student would be between their GUARDIANS or with the FAMILY DIRECT and those enquiries should be sent to the relevant form tutor or head of the relevant boarding house. Agents will need to ask the family who the guardian is and then forward the enquiry to them who in turn will contact us.
The problem is that the boarding house would have no idea who the agent is for a particular student and as such not able to correspond with any agent.
[26Jun14]The Senior School has 870 pupils of whom around 300 are in the Sixth Form. 
[16Jan13]Caterham will not arrange school visit unless the student has registered with the school
[01Nov11]Please send school report, AA test and 4 AS subjects to school when check place"|0|0|17|"Y"|"Y"|"Y"|"caterham"|"***********************"|"chess_ex, academic_push, campus_enclosed, math, science"
274|"Kingswood School"|"Lansdown Road"|"UK"|"Bath"|"Bath & NE Somerset"|"BA1 5RG"|"44 12 2573 4200"|"44 12 2573 4305"|"www.kingswood.bath.sch.uk"|"lw@kingswood.bath.sch.uk"|"Co-Ed"|"Independent School 1"|"Senior"|"Christian Methodist"|895|168|"11-19 (11-19)"|"20241209174742"|"AA00107"|"20200219: Kingswood Preparatory School (SCID:273) is the prep school of Kingswood School.

Testing will not take place until September 2012 for 2013 entry. Those that pass our tests will be invited for interview with the Headmaster during the expo in October [18 July 2012]
 
Football (boys and girls team)"|0|0|17|"Y"|"Y"|"Y"|"kingswood"|"***********************"|"activities_gd, Caring_ex, art_gd, geog"
258|"King Edward's School Witley"|"Petworth Road, Witley"|"UK"|"Godalming"|"Surrey"|"GU8 5SG"|"44 14 2868 6700"|"44 14 2868 5260"|"www.kesw.org"|"admissions@kesw.org"|"Co-Ed"|"Independent School 1"|"Senior"|"Church of England"|476|136|"11-19 (11-19)"|"20241209162739"|"AA00107"|"[27Jun14] School will be offering A levels, to run alongside the IB we offer, from September 2015
Pupil spaces available for September 2012:
 Year 7, 8, & 9 - spaces available
 Year 10 - up to 10 spaces available
 Pre-IB - 15 spaces available - can do IGCSE
 Lower Sixth - 15 spaces available [23 April 2012]
 
For Video and Telephone Interview, please contact Christine Meharg. MSN: christine_meharg@hotmail.co.uk. Tel: 44 1428 686 383 Mrs Isabel Lougee lougeeic@kesw.surrey.sch.uk Please contact Mrs. Sandi Beeton-Caird (Fees Officer) for all financial enquiries Director of School Development: birdrj@kesw.surrey.sch.uk
 
A Levels will no longer be offered from September 2010
 
SLN : RP599CY9X"|0|0|17|"Y"|"Y"|"Y"|"kingedwad"|"***********************"|"chinese_few, friendly, Caring_ex, rural, IB"
483|"St. George's School Ascot"|"Wells Lane"|"UK"|"Ascot"|"Berkshire"|"SL5 7DZ"|"44 13 4462 9920"|"44 13 4462 9901"|"www.stgeorges-ascot.org.uk"|"office@stgeorges-ascot.org.uk"|"Girls"|"Independent School 1"|"All"|"Church of England"|263|85|"11-19 (11-19)"|"20241207173743"|"AA00011"|"[6Jan15] Skype: stgeorgesschoolascot

School offers a flexible termly boarding option, from 4 nights to 7 nights"|0|0|17|"Y"|"Y"|"Y"|"stgeorges"|"***********************"|"math, campus_enclosed, chinese_few"
82|"Brooke House College"|"Market Harborough"|"UK"|"-"|"Leicestershire"|"LE16 7AU"|""|""|"www.brookehouse.com"|""|"Co-Ed"|"Independent College"|""|"Non denominational"|222|205|"11-19 (11-19)"|"20200221180830"|"AA00078"|"[5April16] cant find regform hard copy on website. online registration"|0|0|17|"Y"|"Y"|"Y"|""|"***********************"|""
10|"Roedean School"|"Roedean Way"|"UK"|"Brighton"|"East Sussex"|"BN2 5RQ"|"44 12 7366 7500"|""|"www.roedean.co.uk"|"info@roedean.co.uk"|"Girls"|"Independent School 1"|"Senior"|"Church of England"|680|311|"11-19 (11-19)"|"20241207104257"|"AA00011"|"[4 Oct 2013] ****Nothing by post or hard copy any more to school (inc Exam papers, except Bank Draft). School are now a paperless office now!****


[4 May 2013] Roedean School will be partnering with Kaplan International Colleges to deliver a new Pre-A level course for international students from September 2013. 


2012 Entrance Examination Arrangment:
 All the girls need to sit a Non Verbal Reasoning paper,
 Year 9 do need to sit the 12-14 Non Verbal Reasoning paper. 
The only girls that are required to do the Sixth Form paper are girls over the age of 15 years and 3 months [08 Oct 11]
 
Skype Address: roedeanschool
 ONLINE Joining Pack: http://www.roedean.co.uk/2011-international-boarder/"|0|0|17|"Y"|"Y"|"Y"|""|"***********************"|"facilities_gd, school_near_town, induction, campus_enclosed, International_environment, math, science, Caring_ex"
177|"Farlington School"|"Strood Park"|"UK"|"Horsham"|"West Sussex"|"RH12 3PN"|""|""|"https://www.farlingtonschool.com/"|"office@farlingtonschool.net"|"Co-Ed"|"Independent School 1"|"Senior"|"Christian"|429|36|"11-18 (4-18)"|"20241207152713"|"AA00107"|"20190504: From September 2019,  Farlington's Lower Sixth will become co-educational. This will be a transitional year. Years 3,7, and 9 will become entry points for boys from September 2020. Boys are already welcome to join Reception and Year 1 from September 2019"|0|0|17|"Y"|"Y"|"Y"|"farlington"|"***********************"|"friendly, Riding_ex, campus_small, Caring_ex"
257|"Kimbolton School"|"Kimbolton"|"UK"|"Huntingdon"|"Cambridgeshire"|"PE28 0EA"|"44 14 8086 0505"|"44 14 8086 1763"|"www.kimbolton.cambs.sch.uk"|"registrar@kimbolton.cambs.sch.uk"|"Co-Ed"|"Independent School 1"|"Senior"|"Non denominational"|1082|31|"11-18 (4-18)"|"20241209162011"|"AA00107"|"The Licence number is 9339N74V0"|0|0|17|"Y"|"Y"|"N"|"kimbolton"|"***********************"|"chinese_few, down_to_earth, value_for_money, school_near_town"
344|"Oswestry School"|"Upper Brook Street"|"UK"|"Oswestry"|"Shropshire"|"SY11 2TL"|"44 16 9165 5711"|"44 16 9167 1194"|"www.oswestryschool.org.uk"|"enquiries@oswestryschool.org.uk"|"Co-Ed"|"Independent School 1"|"All"|"Non denominational"|507|122|"11-18 (4-18)"|"20241206160903"|"AA00011"|"[8Dec14] Skype: oswestry.school

[27May11] Year 10 will have 8 HK/Chinese students (Year total 57) and Year 12, 10 out of 53"|0|0|17|"Y"|"Y"|"Y"|"oswestry"|"***********************"|"Caring_ex, value_for_money, friendly, football"
154|"Dulwich College"|"Dulwich Common"|"UK"|"London"|"London & Greater London"|"SE21 7LD"|"44 20 8693 3601"|"44 20 8693 6319"|"www.dulwich.org.uk"|"info@dulwich.org.uk"|"Boys"|"Independent School 1"|"Senior"|"Church of England"|1899|136|"11-19 (6m-19)"|"20241207124933"|"AA00107"|"20210506: Dulwich will not offer Y7 & 8 boarding anymore. Boarding starts at Y9.

[6Jan15] Students whose first language is not English should have taken IELTS and bring this certificate on their arrival.

New boarders are being asked to join the boarding house in Saturday 1 September. There will be induction programmes for them on the following day and on Monday 3 September. [20 Dec 2011]
 
Candy Chiu from CIS said if we have already registered boys for Dulwich 2012, we can email her the Reg form and copy of fee. friends@cistour.com, her tel: 3521 0688. [22 July 2011]
 Upper School Administrator: Ms Helen Delves (Yr 12), delvesh@dulwich.org.uk (Airport pick-up) Lower Form Mrs Sarah Betts The Registrar Allison Williams Assistant Registrar JoAnn Thornton Admissions Assistant The above can be contacted on the.registrar@dulwich.org.uk Maggie Li at CIS Tel : (852) 3521 0688 Fax: (852) 2735 6632 Assistant to Maggie Li Mi Ki or Joe Siu CIS: friends@cistour.com OR joesiu@cistour.com Add: Rm2124, Sun Hung Kai Centre, 30 Harbour Road, Hong Kong. E-mail: ops@cistour.com Web site: www.cistour.com Tony Binns: binnsaj@dulwich.org.uk"|0|0|17|"Y"|"Y"|"Y"|""|"***********************"|"math, science, econ, Hist, academic_push, satellite_school, school_near_town, facilities_gd"
547|"Royal School, Haslemere (The)"|"Farnham Lane"|"UK"|"Haslemere"|"Surrey"|"GU27 1HQ"|"44 14 2860 5805"|"44 14 2860 3028"|"www.royal-school.org"|"admissions@royal-school.org"|"Co-Ed"|"Independent School"|"All"|"Church of England"|461|56|"11-19 (0-19)"|"20200225163109"|"AA00078"|"[18Dec14] Boys and Girls are taught separately.  
HTS
162 in Junior (Senior school fr Y7)
Facebook (facebook.com/theroyalschool) & Twitter (the_royalschool)"|0|0|17|"Y"|"Y"|"Y"|""|"***********************"|"campus_enclosed, special_need"
299|"Lord Wandsworth College"|"Long Sutton"|"UK"|"Hook"|"Hampshire"|"RG29 1TA"|"44 12 5686 2201"|"44 12 5686 0363"|"www.lordwandsworth.org"|"admissions@lordwandsworth.org"|"Co-Ed"|"Independent School 1"|"Senior"|"Non denominational"|683|387|"11-19 (11-18)"|"20241210144842"|"AA00107"|""|0|0|17|"Y"|"Y"|"Y"|""|"***********************"|"rural, chinese_few, campus_huge, art_gd"
427|"Scarborough College"|"Filey Road"|"UK"|"Scarborough"|"North Yorkshire"|"YO11 3BA"|"44 17 2336 0620"|"44 17 2337 7265"|"www.scarboroughcollege.co.uk"|""|"Co-Ed"|"Independent School"|"All"|"Mixed denomination"|403|84|"11-18 (3-18)"|"20200225164858"|"AA00078"|"HTS, GENERAL

Facebook   Scarborough-College
Twitter     @ScarboroughCol1"|0|0|17|"Y"|"Y"|"Y"|""|"***********************"|"activities_gd, campus_small, friendly, value_for_money, IB"
30152|"Dukes Education"|"14-16 Waterloo Place"|"UK"|"London"|"London"|"SW1Y 4AR"|"+44 (0)20 3696 5300"|""|"www.dukeseducation.com"|"info@dukeseducation.com"|"Co-Ed"|""|""|""|0|0|""|"20221112174959"|"AA00078"|"""Dukes Education is a family of schools, colleges, and nurseries located throughout the UK - in London, Cambridge, Kent, Cardiff, and Worthing. Surrounding our schools, we also have a collection of complementary education offerings – day camps, summer schools, and university application consultancies. This way, we create a wrap-around experience for every family that joins us, not just in school time, but beyond the classroom as well. Though each of our organisations is unique, we are connected by a common thread: working to give our children an education that inspires & enables them to go on to live extraordinary lives."""|0|0|17|"N"|"Y"|"N"|""|"***********************"|""
424|"Headington Rye Oxford (Previously Rye St Antony School)"|"Pullen's Lane"|"UK"|"Oxford"|"Oxfordshire"|"OX3 0BY"|"44 18 6576 2802"|"44 18 6576 3611"|"www.ryestantony.co.uk"|"enquiries@ryestantony.co.uk"|"Co-Ed"|"Independent School"|"All"|"Roman Catholic"|1179|190|"11-18 (3-18)"|"20241209152528"|"AA00107"|"20230916: Today we have officially announced that Headington School Oxford will be merging with Rye St Antony School to form a single, all-through school.

The new school, led by Caroline Jordan as Headmistress, will be known as Headington Rye Oxford, with a prep school for girls and boys aged 3-11 located on the current 12-acre Rye site while the senior school will remain a single sex school for girls aged 11-18 based on the adjacent 23-acre Headington senior school site.

Old school name: Rye St Antony School

[Dec13] also accept 3 to 8 years Day Boys
SLN : T9Y664H12"|0|0|17|"Y"|"Y"|"Y"|""|"***********************"|"value_for_money, campus_small, chinese_few, Caring_ex"
558|"Truro School"|"Trennick Lane"|"UK"|"Truro"|"Cornwall"|"TR1 1TH"|"44 18 7227 2763"|""|"www.truroschool.com"|"enquiries@truroschool.com"|"Co-Ed"|"Independent School 1"|"Senior"|"Methodist"|821|53|"11-18 (3-18)"|"20241209153930"|"AA00011"|""|0|0|17|"Y"|"Y"|"Y"|""|"***********************"|"value_for_money, down_to_earth, fencing_ex, friendly, school_near_town"
389|"Ratcliffe College"|"Fosse Way"|"UK"|"Ratcliffe on the Wreake"|"Leicestershire"|"LE7 4SG"|"44 15 0981 7000"|"44 15 0981 7004"|"www.ratcliffecollege.com"|""|"Co-Ed"|"Independent School 1"|"All"|"Roman Catholic"|917|87|"11-18 (3-18)"|"20241206175517"|"AA00011"|"[15Mar14] Promotional Films: 
Boarding: www.ratcliffe-college.co.uk/school-life/boarding/
Sixth Form: www.ratcliffe-college.co.uk/sixth-form/"|0|0|17|"Y"|"Y"|"Y"|"ratcliffe"|"***********************"|"rural, campus_enclosed, traditional, value_for_money, chinese_few"
413|"Royal Russell School"|"Coombe Lane"|"UK"|"Croydon"|"Surrey"|"CR9 5BX"|"44 20 8657 3669"|"44 20 8657 9555"|"www.royalrussell.co.uk"|""|"Co-Ed"|"Independent School 1"|"Senior"|"Church of England"|899|181|"11-18 (3-18)"|"20240125152134"|"AA00078"|"[28May16] only see online registration on school web. no registration form in hard copy
Registered Charity Number: 271907
[27Jul17] does not provide airport pickup service to students."|0|0|17|"Y"|"Y"|"Y"|"rrussell"|"***********************"|"activities_gd, rural, good feedback, value_added, football"
30000|"Campbell College"|"Belmont Road"|"UK"|"Belfast"|"Northern Ireland"|"BT4 2ND"|"44 28 9076 3076"|"44 28 9076 1894"|"www.campbellcollege.co.uk"|"hmoffice@campbellcollege.co.uk"|"Boys (6G)"|"Independent School 1"|"Senior"|""|1239|146|"11-18 (3-18)"|"20241206174054"|"AA00107"|"[26Mar14] Mindful that the system in Northern Ireland is slightly contradictory to the Mainland (England) LABELLING. In England year 10 is the start of GCSE, in Northern Ireland this is referenced Year 11

HMC"|0|0|17|"Y"|"Y"|"Y"|""|"***********************"|"value_for_money, sport_gd, friendly, down_to_earth"
7|"Headington School"|""|"UK"|"Oxford"|"Oxfordshire"|"OX3 7TD"|"44 18 6575 9100"|"44 18 6576 0268"|"www.headington.org"|"enquiries@headington.org"|"Girls"|"Independent School 1"|"All"|"Church of England"|1085|204|"11-18 (3-18)"|"20230925154934"|"AA00078"|"20230916: Today we have officially announced that Headington School Oxford will be merging with Rye St Antony School to form a single, all-through school.

[10 Oct 2017]
Age: 3-18 (boarding 11-18)
No. of pupils: 818 (Senior)

[16Sept16] Headington does NOT offer boarding for Year6 and below and they cannot issue Tier4 student visas for Year6 and below as well. For those who do NOT require visa to study in UK, they can apply Day places only and have to live with their parents and not another relative.
[30 March16] new Sixth Form Electives Programme which will be available  when starts in the Lower Sixth at Headington in September 2016. The Sixth Form Electives Programme is included within the school fees with no extra cost.
[25Sep15] Sharron Herrmann's interview fee for 2016/17 applicants will be HK$1800. Venue remains the same.

[13Nov14] If student declined a place and would like to register again next year or in the future, they will have to make the reg fee payment again. However, if they defer the place, no need to pay reg fee.

[26 FEB 2013] L4, U4 and L5 (Year 8, 9 and 10)) boarders should arrive on the morning of Wednesday 4 September, not Tuesday 3rd which is only for U3 and L6 (Years 7 and 12).

For students who reside in Mainland China and wish to apply to Headington, they will have to go through Michael Couch (mcouchchina@yahoo.com.au)
you can refer those students to him and cc to Sue for reference.
With the only exception that the girl has a permanent residental address in HK (not company address), then we can handle the application through HK. [06 Oct 11]

School does not offer weekly boarding to families that reside overseas. It is only an option for families who have proven permanent residence in the UK [06 Oct 11]

About future applications:
School will not consider any more year 10 and year 12. If we have new Y7-9 enquiry from now on, School are happy to view students details
About Scholarship:
Y9 – No such Y9 scholarship to apply, school will automatically grant the scholarship to those exceptional students based on performance
Y12 – Possible; fill scholarship form and applicants are requested to sit for one hour Scholarship General paper.
Music Scholarship – the completed music scholarship form and DVD will need to be returned to Music Director in due course.
All the forms has been uploaded to server. [27 Sept 2011]

******************************************

The school doesn't provide Exam Syllabus, the school tells students that the examinations are based on the English National Curriculum. So if it is a Sixth Form entrant, they should look at study and revision guides for GCSE. [5 Sep 2012]"|0|0|17|"Y"|"Y"|"Y"|""|"***********************"|"academic_push, busy_life, urban"
30098|"Wallington County Grammar School"|"Croydon Road"|"UK"|"Wallington"|"Surrey"|"SM6 7PH"|"44 020 8647 2235"|""|"www.wcgs-sutton.co.uk"|"enquiries@wcgs.foliotrust.uk"|"Boys (6G)"|""|""|""|0|0|""|"20210522160100"|"AA00078"|""|0|0|17|"N"|"Y"|"N"|""|"***********************"|""
21|"Brighton College"|"Eastern Road"|"UK"|"Brighton"|"East Sussex"|"BN2 0AL"|"44 12 7370 4202"|"44 12 7370 4204"|"www.brightoncollege.net"|""|"Co-Ed"|"Independent School 1"|"Senior"|"Church of England"|1242|448|"11-18 (3-18)"|"20241206162126"|"AA00107"|"20210327: NOTICE FOR AGENTS: without agent details on the online registration form, Admissions Co-ordinators are unable match up a registration with an agent email correspondence/school reports.  Since introducing the online form, Co-ordinators now rely solely on the information that is provided on that online form.  If the agent who has introduced the candidate/handling the candidate’s application, is not included as a ‘contact’ on the submitted online form, they will miss important information which we send out by email, including assessment information and indeed, agency commission.

26APR14: For Y7 & 8 : DAY PLACE ONLY

[24Apr14] School has approximately 850 pupils in the senior school, with 1/3 being boarders. Year on year the split between weekly and full boarding is literally 50/50.
[9Oct12] Brighton College does not provide past papers or syllabus. 

Brighton College has a strong rugby tradition 
Football is the predominant sport of the spring term."|0|0|17|"Y"|"Y"|"Y"|""|"***********************"|"urban, dance_academic, academic_push, campus_small, satellite_school, econ, math"
67|"Bootham School"|"51 Bootham"|"UK"|"York"|"North Yorkshire"|"YO30 7BU"|"44 19 0462 3261"|"44 19 0465 2106"|"www.boothamschool.com"|"office@boothamschool.com"|"Co-Ed"|"Independent School 1"|"Senior"|"Quaker"|665|76|"11-18 (3-18)"|"20241206160141"|"AA00107"|""|0|0|17|"Y"|"Y"|"Y"|""|"***********************"|"campus_small, town school, value_for_money, math, science, down_to_earth"
146|"Dover College"|"Effingham Crescent"|"UK"|"Dover"|"Kent"|"CT17 9RH"|"44 13 0420 5969"|"44 13 0424 2208"|"www.dovercollege.org.uk"|"admin@dovercollege.org.uk"|"Co-Ed"|"Independent School"|"Senior"|""|285|85|"11-18 (3-18)"|"20200222182212"|"AA00078"|""|0|0|17|"Y"|"Y"|"Y"|""|"***********************"|"football, school_near_town, urban"
189|"Fulneck School"|"Fulneck"|"UK"|"Pudsey"|"West Yorkshire"|"LS28 8DS"|"44 11 3257 0235"|"44 11 3255 7316"|"www.fulneckschool.co.uk"|"enquiries@fulneckschool.co.uk"|"Co-Ed"|"Independent School"|"All"|"Moravian"|297|46|"11-18 (3-18)"|"20200222205025"|"AA00078"|"HTS"|0|0|17|"Y"|"Y"|"Y"|""|"***********************"|"value_for_money, Caring_ex, down_to_earth, friendly, special_need"
574|"Wellington School"|"South Street"|"UK"|"Wellington"|"Somerset"|"TA21 8NT"|"44 18 2366 8800"|"44 18 2366 8844"|"www.wellington-school.org.uk"|""|"Co-Ed"|"Independent School 1"|"Senior"|"Non denominational"|908|167|"11-18 (3-18)"|"20241209160222"|"AA00011"|"Wellington School Sponsor Licence Number (SLN)CJHV7HNN1"|0|0|17|"Y"|"Y"|"Y"|""|"***********************"|"down_to_earth, Caring_ex, value_for_money"
30177|"Stonyhurst College (Day Place Application Fee)"|""|"N/A"|"N/A"|"N/A"|""|""|""|""|""|"Co-Ed"|""|""|""|0|0|""|"20230207084820"|"AA00079"|""|0|0|17|"N"|"Y"|"N"|""|"***********************"|""
30178|"Taunton School (Day Place Application Fee)"|""|"N/A"|"N/A"|"N/A"|""|""|""|""|""|"Co-Ed"|""|""|""|0|0|""|"20230207084842"|"AA00079"|""|0|0|17|"N"|"Y"|"N"|""|"***********************"|""
544|"Royal High School (The)"|"Landsdown Road"|"UK"|"Bath"|"Somerset"|"BA1 5SZ"|"44 12 2531 3877"|""|"www.royalhighbath.gdst.net/index.php"|"royalhigh@rhsb.gdst.net"|"Girls"|"Independent School 1"|"All"|"Non denominational"|579|77|"11-18 (3-18)"|"20241207104954"|"AA00011"|"[25Aug16] fees should really be sent to the GDST Headquarters in London – 100 Rochester Row, London SW1P 1JP UK
[16Oct15] From September 2016 the students will take 3 A level subjects only
Co-ed in Sixth Form, but only girls boarding is available;
 SLN : 58BW2CRC5"|0|0|17|"Y"|"Y"|"Y"|""|"***********************"|"value_for_money, school_near_town, down_to_earth, friendly"
440|"Sibford School"|"Sibford Ferris"|"UK"|"Banbury"|"Oxfordshire"|"OX15 5QL"|"44 12 9578 1200"|"44 12 9578 1204"|"www.sibford.oxon.sch.uk"|"admissions@sibfordschool.co.uk"|"Co-Ed"|"Independent School"|"All"|"Quaker"|405|52|"11-18 (3-18)"|"20200225165739"|"AA00078"|"not an academically selective school"|0|0|17|"Y"|"Y"|"N"|""|"***********************"|"value_for_money, special_need, rural, chinese_few"
300|"Loretto School"|"Linkfield Road"|"UK"|"Musselburg, East Lothian"|"Scotland"|"EH21 7RE"|"44 13 1653 4444"|""|"www.loretto.com"|"admissions@loretto.com"|"Co-Ed"|"Independent School 1"|"Senior"|"Non denominational"|369|197|"11-18 (3-18)"|"20241210150133"|"AA00107"|"44 13 1653 4455 (Admission)"|0|0|17|"Y"|"Y"|"Y"|""|"***********************"|"Golf, chinese_few, friendly"
268|"King's Rochester"|"Satis House, Boley Hill"|"UK"|"Rochester"|"Kent"|"ME1 1TE"|"44 16 3488 8555"|""|"www.kings-rochester.co.uk"|"info@kings-rochester.co.uk"|"Co-Ed"|"Independent School 1"|"Senior"|"Church of England"|672|26|"11-18 (3-18)"|"20241209165850"|"AA00107"|""|0|0|17|"Y"|"Y"|"Y"|"krochester"|"***********************"|"music_gd, Caring_ex, chinese_few"
187|"Frensham Heights"|"Rowledge"|"UK"|"Farnham"|"Surrey"|"GU10 4EA"|"44 12 5279 2561"|"44 12 5279 4335"|"http://www.frensham.org/"|""|"Co-Ed"|"Independent School"|"Senior"|"Non denominational"|545|77|"11-18 (3-18)"|"20220107145820"|"AA00078"|""|0|0|17|"Y"|"Y"|"N"|""|"***********************"|"chinese_few, art_gd, dance_academic"
591|"Woodhouse Grove School"|"Apperley Lane"|"UK"|"Apperley Bridge"|"West Yorkshire"|"BD10 0NR"|""|"44 11 3250 5290"|"www.woodhousegrove.co.uk"|"enquiries@woodhousegrove.co.uk"|"Co-Ed"|"Independent School 1"|"Senior"|"Methodist"|751|58|"11-18 (3-18)"|"20241209165005"|"AA00011"|"20141128: school will no longer charge Reg Fee

Term dates on the website is incorrect. School will update soon.
 Please use the one saved on our server for the time being. [22 Feb 11]
 HTS"|0|0|17|"Y"|"Y"|"Y"|"woodhouse"|"***********************"|"value_for_money, value_added, down_to_earth"
577|"West Buckland School"|"West Buckland"|"UK"|"Barnstaple"|"Devon"|"EX32 0SX"|"44 15 9876 0281"|"44 15 9876 0546"|"www.westbuckland.com"|"enquiries@westbuckland.com"|"Co-Ed"|"Independent School 1"|"All"|"Church of England"|626|107|"11-18 (3-18)"|"20241209160759"|"AA00011"|"[31Jan13] The lower sixth induction is for all Year 12 students and takes place at 9.45am on 2nd September. Therefore all Year 12 students should arrive in the boarding house on the evening of 1st September so that they are here for the following morning.

HTS"|0|0|17|"Y"|"Y"|"Y"|"westbuckland"|"***********************"|"down_to_earth, Caring_ex, value_for_money"
30054|"Ipswich High School"|"Ipswich High School, Woolverstone, Suffolk, IP9 1AZ, United Kingdom."|"UK"|"Woolverstone, Ipswich"|"Suffolk"|"IP9 1AZ"|"01473 780201"|""|"www.ipswichhighschool.co.uk"|"office@ihs.gdst.net"|"Co-Ed"|"Independent School"|""|""|450|0|"11-18 (2-19)"|"20200222210458"|"AA00078"|"20190502: Will fully become a Diamond Model school by September 2023."|0|0|17|"N"|"Y"|"N"|""|"***********************"|""
30214|"Cranmore School"|"Epsom Road, West Horsley"|"UK"|"Surrey"|"Surrey"|"KT24 6AT"|"44 01483 280340"|""|"https://www.cranmore.org/"|"office@cranmore.org"|"Boys"|"Independent School"|""|""|0|0|""|"20240903095903"|"AA00078"|""|0|0|17|"N"|"Y"|"N"|""|"***********************"|""
155|"Durham Cathedral Schools Foundation"|"Quarryheads Lane"|"UK"|"Durham"|"County Durham"|"DH1 4SZ"|"44 19 1386 4783"|"44 19 1383 1025"|"https://www.dcsf.org.uk/"|"enquiries@durhamschool.co.uk"|"Co-Ed"|"Independent School 1"|"Senior"|"Church of England"|753|82|"11-18 (3-18)"|"20241207125223"|"AA00107"|"20211120: Old school name: Durham School
HTS"|0|0|17|"Y"|"Y"|"Y"|""|"***********************"|"school_near_town, value_for_money, friendly, down_to_earth"
474|"St. Christopher School"|"Barrington Road"|"UK"|"Letchworth"|"Hertfordshire"|"SG6 3JZ"|"44 14 6265 0902"|"44 14 6248 1578"|"www.stchris.co.uk"|"school.admin@stchris.co.uk"|"Co-Ed"|"Independent School"|"All"|"Non denominational"|558|40|"11-18 (3-18)"|"20200225171458"|"AA00078"|"The planned closure of St Christopher’s has been delayed by 1 year [29 April 2011]
20140821: B decided not to teach, 30 boarders (only 2 full boarders)"|0|0|17|"Y"|"Y"|"Y"|""|"***********************"|""
30183|"Z_Day Place Application Fee7"|""|"N/A"|"N/A"|"N/A"|""|""|""|""|""|"Co-Ed"|""|""|""|0|0|""|"20241003113800"|"AA00098"|""|0|0|17|"N"|"Y"|"N"|""|"***********************"|""
53|"Beechwood School"|"12 Pembury Road"|"UK"|"Tunbridge Wells"|"Kent"|"TN2 3QD"|"44 18 9253 2747"|"44 18 9253 6164"|"www.beechwood.org.uk"|"bsh@beechwood.org.uk"|"Co-Ed"|"Independent School 1"|"All"|"Roman Catholic"|324|27|"11-18 (3-18)"|"20230318171830"|"AA00078"|"20201208: School has become a member of the Alpha Schools Group. It was previously known as Beechwood Sacred Heart School.
[11Feb16] send serveral emails, school no reply for exam results
[11Apr14]  Year 7 to Year 11- 154.  20 in Year 7.  Next year we already have 31 for Year 7 who will be divided into two classes.  18 boys and 13 girls.  We have 53 in Years 12 and 13.  However, we are expecting more in September.  The new Headmaster has a great reputation and we are being inundated with enquiries throughout the whole school.
Boarder: Boys :15	Girls :35


[3Oct13] will be taking BOYS into boarding from September 2014

[20Apr13]From this September, Mr Lennon will introduce into the curriculum a new cognitive development course, known as COGS.

[16Mar10]Following the move to co-ed which began in 2008, BSH has continued to offer boarding places to girls only. We cannot at present extend this to boys, but we can accept applications from boys for Sixth Form as day pupils whilst living with local host families. 
SPONSOR LICENCE NUMBER: 5XU7VB7Q9"|0|0|17|"Y"|"Y"|"Y"|"beechwood"|"***********************"|"Caring_ex, campus_small"
479|"St. Edmund's College"|"Old Hall Green"|"UK"|"Ware"|"Hertfordshire"|"SG11 1DS"|"44 19 2082 4247 (823233 Caroline)"|"44 19 2082 3011"|"www.stedmundscollege.org"|"enquiries@stedmundscollege.org"|"Co-Ed"|"Independent School 1"|"Senior"|"Roman Catholic"|863|87|"11-18 (3-18)"|"20241207171848"|"AA00011"|"[30Apr14]http://www.ukboardingschools.com/news/st-edmunds-college-summer-school-tops-uks-centres-excellence-perfect-inspection-score/#.U1-tJtLQc2w 
[13Mar14] http://www.englishukeast.com/news/article/St-Edmunds-College-is-Top-of-Exceptional-Summer-Schools"|0|0|17|"Y"|"Y"|"Y"|""|"***********************"|"value_for_money, rural, reglious, campus_huge, IB"
441|"Sidcot School"|"Oakridge Lane"|"UK"|"Winscombe"|"North Somerset"|"BS25 1PD"|"44 19 3484 3102"|"44 19 3484 4181"|"www.sidcot.org.uk"|"admissions@sidcot.org.uk"|"Co-Ed"|"Independent School 1"|"All"|"Quaker"|639|144|"11-18 (3-18)"|"20241207154226"|"AA00011"|"HTS

[13Mar14] registered charity no. 296491"|0|0|17|"Y"|"Y"|"Y"|""|"***********************"|"chinese_many, math, science, friendly, IB"
456|"St George's School, Edinburgh"|"Garscube Terrace"|"UK"|"Edinburgh"|"Scotland"|"EH12 6BG"|"44 13 131 18000"|"44 13 1311 8120"|"http://www.stge.org.uk/"|"office@st-georges.edin.sch.uk"|"Girls"|"Independent School 1"|"All"|"Non denominational"|669|38|"11-18 (3-18)"|"20241207154615"|"AA00011"|"old name: St. George's School For Girls, Edinburgh
4 boys are in the nursery (age range 3-4) from isc (updated on 22Jun 2020)"|0|0|17|"Y"|"Y"|"Y"|""|"***********************"|"campus_small, down_to_earth, friendly, school_near_town"
631|"St. Michael's School"|"Bryn"|"UK"|"Llanelli"|"Carmarthenshire"|"SA14 9TU"|"44 15 5482 0325"|"44 15 5482 1716"|"www.stmikes.co.uk/"|"office@stmikes.co.uk"|"Co-Ed"|"Independent School 1"|"Senior"|"Non denominational"|313|55|"11-18 (3-18)"|"20241207180815"|"AA00011"|"The school recommends using Oxford Guardians, as ""they look after some of our students and are very good."" Please contact Caroline Durkin on caroline@oxfordguardians.com [30 Nov 2012]

St. Michael’s School expect students to pay all fee yearly. Termly payment can only be done for OEA families."|0|0|17|"Y"|"Y"|"Y"|"stmichaels"|"***********************"|"value_for_money, rural, down_to_earth"
528|"Cheltenham Ladies' College (The)"|"Bayshill Road"|"UK"|"Cheltenham"|"Gloucestershire"|"GL50 3EP"|"44 12 4252 0691"|"44 12 4222 7882"|"www.cheltladiescollege.org"|"enquiries@cheltladiescollege.org"|"Girls"|"Independent School 1"|"Senior"|"Christian"|851|662|"11-18 (11-18)"|"20241207103401"|"AA00107"|"[8Sept15] CLC is happy for AA to arrange the invigilation for these exams, but the student has to attend the assessment day in the UK on Monday 18th January 2016.
Sponsor Licence Number: P8UVHY3V4"|0|0|17|"Y"|"N"|"Y"|""|"***********************"|"Non-comm, academic_push, town school, science, math, IB"
534|"Leys School (The)"|"Trumpington Road"|"UK"|"Cambridge"|"Cambridgeshire"|"CB2 7AD"|"44 12 2350 8900"|""|"www.theleys.net"|"office@theleys.net"|"Co-Ed"|"Independent School 1"|"Senior"|"Methodist"|570|240|"11-18 (11-18)"|"20241125184140"|"AA00127"|"[8 Jan 2013] New Bank details
hv discount if pay early, see server for details
AA will organise group exam for Leys applicants, all applicants have to take the exam on the same date with the group, if exceptional case, please ask school for permission."|0|0|17|"Y"|"Y"|"Y"|""|"***********************"|"chinese_few, facilities_gd, famous_uk, school_near_town, traditional"
518|"Sutton Valence School"|"North Street, Sutton Valence"|"UK"|"Maidstone"|"Kent"|"ME17 3HL"|"44 16 2284 5200"|"44 16 2284 4103"|"www.svs.org.uk"|""|"Co-Ed"|"Independent School 1"|"Senior"|"Church of England"|895|121|"11-18 (2-18)"|"20241209143205"|"AA00011"|"HTS
Skype: sutton.valence"|0|0|17|"Y"|"Y"|"Y"|"sutton"|"***********************"|"value_added, chinese_few, art_gd"
36|"Ardingly College"|"College Road"|"UK"|"Haywards Heath"|"West Sussex"|"RH17 6SQ"|"+44 14 4489 3000"|"44 14 4489 3001"|"www.ardingly.com"|"academicsec@ardingly.com"|"Co-Ed"|"Independent School 1"|"Senior"|"Church of England"|1046|295|"11-18 (2-18)"|"20241212121303"|"AA00107"|"Football; 
SPONSOR LICENCE NUMBER JAGW7VWX9"|0|0|17|"Y"|"Y"|"Y"|"ardingly"|"***********************"|"football, International_environment, rural, campus_huge, IB"
398|"Rendcomb College"|"Rendcomb"|"UK"|"Cirencester"|"Gloucestershire"|"GL7 7HA"|"44 12 8583 1213"|"44 12 8583 1121"|"www.rendcombcollege.co.uk"|"info@rendcomb.gloucs.sch.uk"|"Co-Ed"|"Independent School 1"|"Senior"|"Church of England"|418|51|"11-18 (2-18)"|"20241211174910"|"AA00011"|"Ms. Jane Stutchbury , HTS"|0|0|17|"Y"|"Y"|"Y"|""|"***********************"|"rural, friendly"
520|"Talbot Heath School"|"Rothesay Road"|"UK"|"Bournemouth"|"Dorset"|"BH4 9NJ"|"44 12 0276 1881"|"44 12 0276 8155"|"www.talbotheath.org/"|"admissions@talbotheath.org"|"Girls"|"Independent School 1"|"All"|"Church of England"|587|29|"11-18 (2-18)"|"20241209143559"|"AA00011"|""|0|0|17|"Y"|"Y"|"Y"|""|"***********************"|"good feedback, down_to_earth, value_for_money, traditional"
41|"Ashville College"|"Green Lane"|"UK"|"Harrogate"|"North Yorkshire"|"HG2 9JP"|"44 14 2356 6358"|""|"www.ashville.co.uk"|"ashville@ashville.co.uk"|"Co-Ed"|"Independent School 1"|"All"|"Methodist"|786|58|"11-18 (2-18)"|"20241206120025"|"AA00107"|"20240208: School will close its boarding provision in July 2025 to focus on day offering
hts, SLN : V5PFH3B98"|0|0|17|"Y"|"Y"|"Y"|"ashville"|"***********************"|"value_added, value_for_money, friendly, value_added"
213|"Embley"|"Embley Park"|"UK"|"Romsey"|"Hampshire"|"SO51 6ZE  (Senior School), SO51 6ZA (Junior School)"|"44 17 9451 2206 (Senior School & main switchboard"|"44 17 9451 8737"|"https://www.embley.org.uk/"|"info@embley.org.uk"|"Co-Ed"|"Independent School"|"All"|"Church of England"|469|64|"11-18 (2-18)"|"20201103141403"|"AA00078"|"20200222: Former name: Hampshire Collegiate School

New email: info@embley.org.uk
Old email: info@hampshirecs.org.uk
[11Apr14] Total in Senior School (Yr 7-13) 415; 78 Pupils in 6th Form"|0|0|17|"N"|"Y"|"N"|""|"***********************"|"good feedback, chinese_few, rural"
576|"Bournemouth Collegiate School"|"College Road, Southbourne"|"UK"|"Bournemouth"|"Dorset"|"BH5 2DY"|"44 12 0243 6550"|"44 12 0214 8030"|"www.bournemouthcollegiateschool.co.uk"|"senior-admin@bournemouthcollegiateschool.co.uk"|"Co-Ed"|"Independent School"|"All"|"Christian"|615|77|"11-18 (2-18)"|"20230207225153"|"AA00079"|""|0|0|17|"Y"|"Y"|"Y"|"bourne"|"***********************"|"school_near_town, urban, YES School"
345|"Oundle School"|"Great Hall, New Street"|"UK"|"Oundle"|"Peterborough"|"PE8 4GH"|"44 18 3227 7122"|"44 18 3227 7123"|"www.oundleschool.org.uk"|"admissions@oundleschool.org.uk"|"Co-Ed"|"Independent School 1"|"Senior"|"Church of England"|1121|810|"11-18 (11-18)"|"20241206160822"|"AA00011"|"[24Apr14] School does not have any weekly boarders but have 865 full boarders out of 1110 pupils ( 80%).
[24Oct13]*** In future, if we have students from China applying to Oundle, we will have to refer to Michael Couch, like Headington***

Football, HTS, SLN : 3CMWNN992
 Skype Interview Contact Person: Ms. Caitriona Redding, CMR@oundleschool.org.uk, 1832 277117 or 1832 272699"|0|0|17|"Y"|"Y"|"Y"|""|"***********************"|"town school, activities_ex, busy_life, campus_huge, music_ex, science, DT_ex, facilities_ex"
303|"Luckley House School"|"Luckley Road"|"UK"|"Wokingham"|"Berkshire"|"RG40 3EU"|"44 11 8978 4175"|"44 11 8977 0305"|"www.luckleyhouseschool.org"|"office@luckley.houseschool.org"|"Co-Ed"|"Independent School"|"Senior"|"Anglican"|273|28|"11-18 (11-18)"|"20200222211600"|"AA00078"|"20161121: don't recommend to our students_B

[8Dec14]  Co-education from Sep 2015.

[26Jul13] The Governors decided that from 1st September 2013, the school will be re-named Luckley House School.

[03Feb12] School have been awarded a ‘Top 10 UK Girls’ Boarding School’ Gold Star certificate by Education Advisors Ltd. 
 
[14Oct11] The instrumental teachers earn their income from the students and not directly from the school, so their fees cannot be added to the school invoice. 
 
Sponsor Licence Number: F7BUV9RC0"|0|0|17|"Y"|"Y"|"Y"|"luckley"|"***********************"|"down_to_earth, value_for_money, Caring_ex"
342|"Oratory School (The)"|"Woodcote"|"UK"|"Nr Reading"|"Berkshire"|"RG8 0PJ"|"44 14 9168 3500"|"44 14 9168 0020"|"www.oratory.co.uk"|"enquiries@oratory.co.uk"|"Co-Ed"|"Independent School 1"|"Senior"|"Roman Catholic"|372|122|"11-18 (11-18)"|"20241206160944"|"AA00011"|"20200220: Oratory Prep School (SCID:341) is the prep school of The Oratory School.

Ms S Morano, School Secretary PA to the Bursar: Clare Bleimschein: C.Bleimschein@oratory.co.uk
 Football"|0|0|17|"Y"|"Y"|"Y"|"oratory"|"***********************"|"reglious, sport_gd, friendly"
128|"Cobham Hall School"|"Cobham"|"UK"|"Gravesend"|"Kent"|"DA12 3BL"|"44 14 7482 3371"|""|"www.cobhamhall.com"|"enquiries@cobhamhall.com"|"Girls"|"Independent School"|"Senior"|"Inter denominational"|140|40|"11-18 (11-18)"|"20230314171851"|"AA00078"|"20210327: The Mill Hill School Foundation has added Cobham Hall to its family of schools, currently comprising our Pre-Prep (Grimsdell), Prep (Belmont), Mill Hill School and The Mount, Mill Hill International.

Pre-IB"|0|0|17|"Y"|"Y"|"Y"|"cobham"|"***********************"|"facilities_gd, International_environment, posh, IB"
419|"Ruthin School"|"Mold Road"|"UK"|"Ruthin"|"Denbighshire"|"LL15 1EE"|"44 18 2470 2543"|"44 18 2470 7141"|"www.ruthinschool.co.uk"|"office@ruthinschool.co.uk"|"Co-Ed"|"Independent School 1"|"All"|"Non denominational"|235|113|"11-18 (11-18)"|"20241207113029"|"AA00011"|"Sponsor License number : 92XRC9M40"|0|0|17|"Y"|"Y"|"Y"|"ruthin"|"***********************"|"academic_push, rural, chinese_many, value_for_money"
489|"St. John's School, Leatherhead"|"Epsom Road"|"UK"|"Leatherhead"|"Surrey"|"KT22 8SP"|"44 13 7237 3000"|"44 13 7238 6606"|"www.stjohnsleatherhead.co.uk/"|"school@stjohns.surrey.sch.uk"|"Co-Ed"|"Independent School"|"Senior"|"Church of England"|826|182|"11-18 (11-18)"|"20211022125327"|"AA00007"|"20211022: school can accept applicants from AA and AA can invigilate the exam, but they don't give commission
[May2012] School no longer offer full boarding at St John’s. Pupils may weekly board or be day pupils."|0|0|17|"Y"|"Y"|"Y"|""|"***********************"|""
218|"Heathfield School"|"London Road"|"UK"|"Ascot"|"Berkshire"|"SL5 8BQ"|"44 13 4489 8343"|"44 13 4489 0689"|"www.heathfieldschool.net"|"registrar@heathfieldschool.net"|"Girls"|"Independent School 1"|"All"|"Christian"|226|118|"11-18 (11-18)"|"20241209152949"|"AA00107"|"School renamed as Heathfield School in 2009"|0|0|17|"Y"|"Y"|"N"|"heathfield"|"***********************"|"traditional, Hum_gd, Caring_ex, uni_link, art_gd"
45|"Battle Abbey School"|"Battle"|"UK"|"-"|"East Sussex"|"TN33 0AD"|"44 14 2477 2385"|""|"www.battleabbeyschool.com"|"info@battleabbeyschool.com"|"Co-Ed"|"Independent School"|"All"|"Inter denominational/Church of England"|487|51|"11-18 (0-18)"|"20200222162943"|"AA00078"|""|0|0|17|"Y"|"Y"|"Y"|""|"***********************"|"school_near_town, football, friendly, dance_academic"
412|"Royal Hospital School"|"Holbrook"|"UK"|"Ipswich"|"Suffolk"|"IP9 2RX"|"44 14 7332 6200"|""|"www.royalhospitalschool.org"|"reception@royalhospitalschool.org"|"Co-Ed"|"Independent School 1"|"Senior"|"Church of England"|611|326|"11-18 (11-18)"|"20241207105809"|"AA00011"|"[25Apr14] 281 (40%) are female and 421 (60%) are male."|0|0|17|"Y"|"Y"|"Y"|"rhs"|"***********************"|"activities_ex, campus_huge, facilities_ex, chinese_few, good feedback"
493|"Mayfield School"|"The Old Palace"|"UK"|"Mayfield"|"East Sussex"|"TN20 6PH"|""|""|"www.mayfieldgirls.org"|"enquiry@mayfieldgirls.org"|"Girls"|"Independent School 1"|"Senior"|"Roman Catholic"|397|170|"11-18 (11-18)"|"20241206105314"|"AA00011"|"HTS, SLN : 8QPCKPTN8

was St Leonards-Mayfield School"|0|0|17|"Y"|"Y"|"Y"|"mayfield"|"***********************"|"Riding_ex, art_gd, campus_enclosed, Hum_gd, Caring_ex, chinese_few, down_to_earth"
30035|"Tudor Hall School"|"Wykham Park"|"UK"|"Banbury"|"Oxfordshire"|"OX16 9UR"|"44 12 9526 3434"|"44 12 9525 3264"|"http://www.tudorhallschool.com/"|"admin@tudorhallschool.com"|"Girls"|"Independent School 1"|"Senior"|"Church of England"|304|234|"11-18 (11-18)"|"20241209154154"|"AA00011"|""|0|0|17|"Y"|"Y"|"N"|"tudor"|"***********************"|"campus_enclosed, chinese_few"
403|"Ripon Grammar School"|"Clotherholme Road"|"UK"|"Ripon"|"North Yorkshire"|"HG4 2DG"|"44 17 6560 2647"|"44 17 6560 6388"|"www.ripongrammar.co.uk"|"admin@ripongrammar.com"|"Co-Ed"|"Stabis School"|"Senior"|""|925|100|"11-18 (11-18)"|"20211230154002"|"AA00078"|"NON-COMM"|0|0|17|"N"|"Y"|"N"|""|"***********************"|""
433|"Shaftesbury School"|"Salisbury Road"|"UK"|"Shaftesbury"|"Dorset"|"SP7 8ER"|"44 17 4785 4498"|"44 17 4785 1208"|"www.shaftesburyschool.co.uk"|"office@shaftesburyschool.co.uk"|"Co-Ed"|"Stabis School_Comm"|"Senior"|""|901|26|"11-18 (11-18)"|"20231121100615"|"AA00078"|"20231121: Boarding house was closed permanently in July 2023

[26Nov15] From September 2016 A levels will become 2 year courses with examinations at the end of the second year.  As a result A Levels will only be available to students studying for 2 years.  Students applying to join Sixth Form for one year will be able to choose three L3 BTEC courses and, for one remaining year only, maths A Level.  Students who have not previously achieved a GCSE in English and Maths will also work towards GCSE English and Maths in addition to the BTEC courses. Our assessments for those students who have not got GCSEs or IGCSEs will remain the same.
[18July14] this school is now an Academy

For application form, pls post to: Mrs T Dunn>>, 
Barton Hill House, 
Shaftesbury, 
Dorset
SP7 8DQ
England"|0|0|17|"N"|"Y"|"N"|""|"***********************"|"sport_gd, friendly, chinese_few"
373|"Queen Anne's School"|"6 Henley Road, Caversham"|"UK"|"Reading"|"Berkshire"|"RG4 6DX"|"44 11 8918 7300"|"44 11 8918 7310"|"www.qas.org.uk"|"admissions@qas.org.uk"|"Girls"|"Independent School 1"|"Senior"|"Church of England"|403|185|"11-18 (11-18)"|"20241206172105"|"AA00011"|"[18Aug14] From September 2014, Queen Anne’s School will be using UKiset results BEFORE a girl registers with them. On receipt of the UKiset results, the student will then only be required to take the EAL paper and have a Skype interview.

[24 June 2011] Any girl applying for a place in the Sixth Form to begin an A Level course will need to have taken the IELTS exam, and they will need to have gained a score of 5.5 or above."|0|0|17|"Y"|"Y"|"Y"|"queena"|"***********************"|"urban, posh, chinese_few"
135|"Dallam School"|"Haverflatts Lane"|"UK"|"Milnthorpe"|"Cumbria"|"LA7 7DD"|"44 15 3956 5165"|"44 15 3956 5175"|"www.dallamschool.co.uk"|"enquiries@dallam.eu"|"Co-Ed"|"Stabis School_Comm"|"Senior"|""|1039|120|"11-18 (11-18)"|"20230111153009"|"AA00078"|"Religious Studies, Textiles and Health & Social Care double are no longer being offered"|0|0|17|"N"|"Y"|"N"|""|"***********************"|"rural, YES School, friendly, facilities_gd, Caring_ex, IB"
278|"Lancaster Royal Grammar School"|"East Road"|"UK"|"Lancaster"|"Lancashire"|"LA1 3EF"|"44 15 2458 0600"|"44 15 2484 7947"|"www.lrgs.org.uk"|""|"Boys (6G)"|"Stabis School_Comm"|"Senior"|""|1262|170|"11-18 (11-18)"|"20220107161743"|"AA00078"|""|0|0|17|"N"|"N"|"N"|"lancaster"|"***********************"|""
554|"Trent College"|"Derby Road"|"UK"|"Long Eaton"|"Nottinghamshire"|"NG10 4AD"|"44 11 5849 4949"|"44 11 5849 4997"|"www.trentcollege.net"|"enquiries@trentcollege.net"|"Co-Ed"|"Independent School 1"|"Senior"|"Anglican"|826|107|"11-18 (11-18)"|"20230513175407"|"AA00078"|"UK Sponsor License number: NM63JQCC7

[17June11] The network of Trent College cannot support Skype Interview, if there is any interview with Trent College, it’s better to use telephone interview instead"|0|0|17|"Y"|"Y"|"Y"|"trent"|"***********************"|"induction, urban, chinese_few, sport_gd, good feedback, Caring_ex"
367|"Prior Park College"|"Ralph Allen Drive"|"UK"|"Bath, Avon"|"Bath & NE Somerset"|"BA2 5AH"|"44 12 2583 1000 / 44 12 2583 5353"|"44 12 2583 5753"|"http://www.priorparkcollege.com/"|"admissions@priorparkschools.com"|"Co-Ed"|"Independent School 1"|"Senior"|"Roman Catholic/Christian"|600|147|"11-18 (11-18)"|"20241206170412"|"AA00011"|"Sixth Form year group for 2012 entry is full [19 Oct 2011]"|0|0|17|"Y"|"Y"|"Y"|""|"***********************"|"dance_academic, activities_gd"
655|"Christ's Hospital"|"."|"UK"|"Horsham"|"West Sussex"|"RH13 0LJ"|"44 14 0321 1293"|"44 14 0321 1580"|"www.christs-hospital.org.uk"|"enquiries@christs-hospital.org.uk"|"Co-Ed"|"Independent School 1"|"All"|"Church of England"|872|815|"11-18 (11-18)"|"20240124165531"|"AA00078"|"[20Apr16] 22% of our 6th Form are currently taking the IB.
SKYPE ID ""HM-office-2010""
RH13 0YP - old post code"|0|0|17|"Y"|"Y"|"Y"|"christs"|"***********************"|"campus_enclosed, campus_huge, facilities_gd, music_gd, busy_life"
65|"Blundell's School"|"Blundell Road"|"UK"|"Tiverton"|"Devon"|"EX16 4DN"|"44 18 8425 2543"|"44 18 8424 3232"|"www.blundells.org"|""|"Co-Ed"|"Independent School 1"|"Senior"|"Anglican"|634|248|"11-18 (11-18)"|"20241206155449"|"AA00107"|"Overseas Students: 55 (35 boys & 20 girls)
 5 from Hong Kong, 15 from China, 10 from Germany, others from Austria, France, Ghana, Greece, Czech Republic, Hungary, India, Japan, Mexico, Nepal, Netherlands, Nigeria, Russia, S.africa, S.Korea, Spain, Thailand, Taiwan, Ukaraine, and USA
 Full Time TESOL at varying support Levels
 TESOL courses included IELTS, TEOFL(USA), UCLES(Cambridge)
 Accept Year 7,8,12&13, also Year 9,10&11 only if beds are available.
 For term (1 term) entrance, only in exceptional circumstances and when a bed is available 
(2011-2012 Info)"|0|0|17|"Y"|"Y"|"Y"|""|"***********************"|"traditional, chinese_few, activities_gd"
59|"Bethany School"|"Goudhurst"|"UK"|"Cranbrook"|"Kent"|"TN17 1LB"|"44 15 8021 1273"|"44 15 8021 1151"|"www.bethanyschool.org.uk"|""|"Co-Ed"|"Independent School"|"Senior"|"Christian"|322|107|"11-18 (11-18)"|"20200222171027"|"AA00078"|"[25Apr14] NO LONGER offer 1-year GCSE courses after school offered 1 year GCSE courses in 2013-14.
SLN : D1KGNENP7"|0|0|17|"Y"|"Y"|"Y"|"bethany"|"***********************"|"rural, friendly, special_need, Caring_ex, YES School"
352|"Pangbourne College"|"Pangbourne"|"UK"|"Reading"|"Berkshire"|"RG8 8LA"|"44 11 8984 2101"|""|"www.pangbourne.com/"|"registrar@pangcoll.co.uk"|"Co-Ed"|"Independent School"|"Senior"|"Church of England"|429|223|"11-18 (11-18)"|"20200225150526"|"AA00078"|""|0|0|17|"Y"|"Y"|"Y"|""|"***********************"|"campus_huge, YES School, sport_gd, rural, Caring_ex"
71|"Box Hill School"|"Old London Road, Mickleham"|"UK"|"Dorking"|"Surrey"|"RH5 6EA"|"44 13 7237 3382"|"44 13 7236 3942"|"www.boxhillschool.com"|"enquiries@boxhillschool.org.uk"|"Co-Ed"|"Independent School"|"Senior"|"Non denominational"|419|160|"11-18 (11-18)"|"20200222171533"|"AA00078"|"[3 Jul 2013] Please refer to server for Summer Course info

New pre-Sixth Form Foundation Course will be introduced in September 2012 [08 May 2012]"|0|0|17|"Y"|"Y"|"Y"|""|"***********************"|"football, rural, art_gd, IB"
136|"Dauntsey's School"|"West Lavington"|"UK"|"Devizes"|"Wiltshire"|"SN10 4HE"|"44 13 8081 4500"|""|"www.dauntseys.org"|"info@dauntseys.org"|"Co-Ed"|"Independent School 1"|"Senior"|"Christian"|854|318|"11-18 (11-18)"|"20241207122006"|"AA00107"|""|0|0|17|"Y"|"Y"|"Y"|""|"***********************"|"activities_gd, campus_huge, good feedback, campus_enclosed"
259|"King William's College"|""|"UK"|"Castletown"|"Isle of Man"|"IM9 1TP"|"44 16 2482 0400"|"44 16 2482 4287"|"www.kwc.im/home"|"reception@kwc.sch.im"|"Co-Ed"|"Independent School 1"|"Senior"|"Church of England"|324|49|"11-18 (11-18)"|"20241209163341"|"AA00107"|""|0|0|17|"Y"|"Y"|"Y"|"kwilliams"|"***********************"|"Caring_ex, rural, friendly"
599|"Wymondham College"|"."|"UK"|"Wymondham"|"Norfolk"|"NR18 9SZ"|"44 19 5360 9000"|"44 19 5360 3313"|"www.wymondhamcollege.org"|"enquiries@wymondhamcollege.org"|"Co-Ed"|"Stabis School_Comm"|"Senior"|""|1428|614|"11-18 (11-18)"|"20220122102751"|"AA00078"|"Forms Submit for Main School:
 1) Admissions Form
 2) Candidate Reference for a Borading place Form
 Forms Submit for Year 12:
 1) Admissions Form
 2) Predicted Grades / Boarding Reference Form
 [11 Oct 2011]"|0|0|17|"N"|"Y"|"N"|""|"***********************"|"rural, good feedback, facilities_gd, chinese_few"
88|"Burford School"|"Cheltenham Road"|"UK"|"Burford"|"Oxfordshire"|"OX18 4PL"|"44 1993 823303"|""|"www.burford.oxon.sch.uk"|"office@burford.oxon.sch.uk"|"Co-Ed"|"Stabis School_Comm"|"All"|""|1200|95|"11-18 (11-18)"|"20210112142841"|"AA00078"|"Burford can now accept applicants who are not taking GCSEs

When check place with Burford please make sure the attached application form is also completed and sent to the school together with a copy of student’s passport.

skype ID: burfordboardingschool"|0|0|17|"N"|"Y"|"N"|""|"***********************"|"Caring_ex, good feedback, rural"
29|"Haberdashers' Adams"|"High Street"|"UK"|"Newport"|"Shropshire"|"TF10 7BD"|"44 19 5238 6300"|"44 19 5238 6301"|"www.adamsgs.uk/"|"TAW705Enquiries@taw.org.uk"|"Boys (6G Day only)"|"Stabis School_Comm"|""|"Non Denominational"|838|100|"11-18 (11-18)"|"20210119185606"|"AA00007"|"use to be called Adams' Grammar School"|0|0|17|"N"|"Y"|"N"|"adams"|"***********************"|"school_near_town, science, econ, math"
15|"Woldingham School"|"Marden Park"|"UK"|"Woldingham"|"Surrey"|"CR3 7YA"|"44 18 8334 9431"|"44 18 8365 4060"|"www.woldinghamschool.co.uk"|"info@woldingham.surrey.sch.uk"|"Girls"|"Independent School 1"|"Senior"|"Roman Catholic"|550|277|"11-18 (11-18)"|"20241209163508"|"AA00011"|"[3Jun14] School will be using UKiset for all new applicants from overseas for 2015 onwards.  Once school has received the applicant’s UKiset results and has considered their application school will respond to you accordingly and the process will continue as normal.  School will NOT require a registration fee until they decide whether or not to pursue their application. 
Key Dates 2011/2012
 Open Day - 24 September 2011 All welcome
 Saturday Open Mornings - 17 March, 12 May & 16 June 2012
 Saturday Open Mornings are by appointment only. Please call the Registrar on tel: 01883 654206 or email: registrar@woldingham.surrey.sch.uk
 Year 10 & Sixth Form Assessment - 31 October 2011
 Sixth Form Scholarship - 1&2 November 2011
 11+ Sleepover & Activity Day - 7 October 2011
 11+ Assessment Day - 9 November 2011
 13+ Assessment & Sleepover Day - 2 December 2011
 11+ & 13+ Scholarships - 16&17 January 2012
 [30 Sept 2011]
 
Sponsor License no: DJBBWUX58"|0|0|17|"Y"|"Y"|"Y"|""|"***********************"|"science, econ, math, campus_huge, art_gd"
551|"Thomas Adams School"|"Adams House,100 High Street"|"UK"|"Wem"|"Shropshire"|"SY4 5DS"|""|""|"https://thomasadams.net/"|"enquiries@adamshouse.co.uk"|"Co-Ed"|"Stabis School_Comm"|""|""|1200|62|"11-18 (11-18)"|"20210706113225"|"AA00078"|"all boarding enquireis go to Head of Boarding at the above address.
 Cheque payable to Adams House"|0|0|17|"N"|"Y"|"N"|""|"***********************"|"chinese_few, friendly, activities_gd"
443|"Skegness Grammar School"|"Vernon Road"|"UK"|"Skegness"|"Lincolnshire"|"PE25 2QS"|"44 17 5461 0000"|"44 17 5476 3947"|"www.sgs.lincs.sch.uk/"|""|"Co-Ed"|"Stabis School"|"Senior"|""|800|65|"11-18 (11-18)"|"20210304132605"|"AA00078"|"20210304: School is closing the boarding house, Wainfleet Hall, for academic year 2020-21 and is unable to accept any boarding applications.  At this moment School is unaware when it can re-open the facility for new boarders.

cannot work with (9 Feb 07)
NON-COMM"|0|0|17|"N"|"Y"|"N"|""|"***********************"|""
370|"Prior's Field School"|"Priorsfield Road"|"UK"|"Godalming"|"Surrey"|"GU7 2RH"|"44 14 8381 0551"|"44 14 8381 0180"|"www.priorsfieldschool.com"|"office@priorsfieldschool.com"|"Girls"|"Independent School 1"|"All"|"All Faiths"|347|52|"11-18 (11-18)"|"20241206170741"|"AA00011"|""|0|0|17|"Y"|"Y"|"Y"|""|"***********************"|"campus_enclosed, chinese_few"
150|"Downside School"|"Stratton on the Fosse, Radstock"|"UK"|"Bath"|"Somerset"|"BA3 4RJ"|"44 17 6123 5100"|""|"www.downside.co.uk"|"admin@downside.co.uk"|"Co-Ed"|"Independent School 1"|"All"|"Roman Catholic"|334|237|"11-18 (11-18)"|"20241207124034"|"AA00107"|"Headmaster's Secretary: Marilyn Miland"|0|0|17|"Y"|"Y"|"Y"|"downside"|"***********************"|"value_added, campus_huge, rural, activities_gd"
454|"St. Catherine's School"|"Bramley"|"UK"|"Guildford"|"Surrey"|"GU5 0DF"|"44 14 8389 3363"|"44 14 8389 9608"|"www.stcatherines.info"|"schooloffice@stcatherines.info"|"Girls"|"Independent School 1"|"Senior"|"Church of England"|629|173|"11-18 (11-18)"|"20241207171532"|"AA00011"|"no.of pupils: age 3-5: 32, 5-11: 230, 11-18: 633

don’t admit pupils into Year 10"|0|0|17|"Y"|"N"|"Y"|""|"***********************"|"Non-comm, traditional, chinese_few, academic_push"
149|"Downe House School"|"Cold Ash"|"UK"|"Thatcham"|"Berkshire"|"RG18 9JJ"|"44 16 3520 0286"|""|"www.downehouse.net"|"AdminManager@downehouse.net"|"Girls"|"Independent School 1"|"Senior"|"Church of England"|569|522|"11-18 (11-18)"|"20241207123237"|"AA00107"|""|0|0|17|"Y"|"N"|"Y"|""|"***********************"|"Non-comm, traditional, famous_uk, activities_ex, busy_life"
141|"Denstone College"|""|"UK"|"Uttoxeter"|"Staffordshire"|"ST14 5HN"|"44 18 8959 0484"|"44 18 8959 0744"|"www.denstonecollege.org"|"admin@denstonecollege.org"|"Co-Ed"|"Independent School 1"|"Senior"|"Church of England"|618|192|"11-18 (11-18)"|"20200702111555"|"AA00006"|""|0|0|17|"Y"|"Y"|"Y"|""|"***********************"|"rural, value_for_money, chinese_few"
381|"Queenswood"|"Shepherds Way, Brookmans Park"|"UK"|"Hatfield"|"Hertfordshire"|"AL9 6NS"|"44 17 0760 2500"|"44 17 0760 2597"|"www.queenswood.org"|"go@queenswood.org"|"Girls"|"Independent School 1"|"Senior"|"Methodist"|469|220|"11-18 (11-18)"|"20241206174801"|"AA00011"|"Licence number 7D115K038"|0|0|17|"Y"|"Y"|"Y"|""|"***********************"|"Caring_ex, campus_enclosed, sports_ex, activities_gd, Tennis"
596|"Wychwood School"|"74 Banbury Road"|"UK"|"Oxford"|"Oxfordshire"|"OX2 6JR"|"44 18 6555 7976"|"44 18 6555 6806"|"http://www.wychwoodschool.org/"|"admin@wychwoodschool.org"|"Co-Ed"|"Independent School 1"|"Senior"|"Christian"|127|30|"11-18 (11-18)"|"20241209170044"|"AA00011"|"20230214: From September 2023, Wychwood School will be moving to co-education"|0|0|17|"Y"|"Y"|"N"|""|"***********************"|"value_for_money, campus_small, down_to_earth"
279|"Langley School"|"Langley Park"|"UK"|"Loddon"|"Norfolk"|"NR14 6BJ"|"44 15 0852 0210"|"44 15 0852 8058"|"www.langleyschool.co.uk"|"office@langleyschool.co.uk"|"Co-Ed"|"Independent School"|"All"|"All Faiths"|514|101|"10-18 (10-18)"|"20200222211116"|"AA00078"|""|0|0|17|"Y"|"Y"|"Y"|""|"***********************"|"rural, YES School, friendly, special_need"
18|"Sherborne Girls"|"Bradford Road"|"UK"|"Sherborne"|"Dorset"|"DT9 3QN"|"44 19 3581 2245"|""|"www.sherborne.com"|"office@sherborne.com"|"Girls"|"Independent School 1"|"Senior"|"Church of England"|475|415|"11-18 (11-18)"|"20241207122553"|"AA00011"|"[6Nov14] From Dec 2014, the school will only email bills unless a hard copy in the post is preferred. If parents would like their bills posted, please inform Jacqueline Hatcher, Finance Manager jmh@sherborne.com prior to the end of term.

[7Oct14] Sherborne Girls decided to follow the UKiSet testing service and this will be the way forward in all cases for the future. Please see below application procedure:
•        Registration for Sherborne Girls to be completed
•        Apply for the UKiSet test
•        UkiSet results will be sent to us
The school is happy to interview girls even if they have not yet sat the UKiSet tests before interview.
[13 Apr 2013] SSG will carry on IB Dip, but Sherborne Boys will stop IB this Sep

HTS, Sponsor Licence number MUHAM1PN7"|0|0|17|"Y"|"Y"|"Y"|"Sherborneg"|"***********************"|"activities_gd, busy_life, art_gd, facilities_gd"
543|"Royal Grammar School (The)"|"Amersham Road"|"UK"|"High Wycombe"|"Buckinghamshire"|"HP13 6QT"|"44 14 9452 4955"|"44 14 9455 1410"|"www.rgshw.com"|""|"Boys"|"Stabis School_Comm"|""|""|1380|70|"11-18 (11-18)"|"20200225180132"|"AA00078"|"They can take pupils from HK in Y9, Y10 and Y12 Weekly boarding: Y7 and 8"|0|0|17|"N"|"Y"|"N"|"rgshw"|"***********************"|"academic_push, science, chinese_few"
595|"Wrekin College"|"Wellington"|"UK"|"Telford"|"Shropshire"|"TF1 3BH"|"44 19 5226 5600"|"44 19 5241 5068"|"www.wrekincollege.com"|"admissions@wrekincollege.ac.uk"|"Co-Ed"|"Independent School 1"|"Senior"|"Church of England"|551|91|"11-18 (11-18)"|"20241209165906"|"AA00011"|"School has vacancy for 1-2 for each year group [24 April 2012]"|0|0|17|"Y"|"Y"|"Y"|""|"***********************"|"rural, chinese_few"
340|"Old Swinford Hospital"|"Heath Lane"|"UK"|"Stourbridge"|"West Midlands"|"DY8 1QX"|"44 13 8481 7300"|"44 13 8444 1686"|"www.oshsch.com"|"reception@oshsch.com"|"Boys (6G Day only)"|"Stabis School_Comm"|"Senior"|""|657|406|"11-18 (11-18)"|"20200225182719"|"AA00078"|"[11June16] online registration, http://www.oshsch.com/registration-form/  be able to register students for all places (Years 7-12) using one form
There are at present 658 pupils in the school, the vast majority being boarders, with some 272 in the Sixth Form [06 Sept 2011]"|0|0|17|"N"|"Y"|"N"|""|"***********************"|"good feedback, urban, school_near_town, math"
497|"St. Mary's School, Ascot"|"St. Mary's Road"|"UK"|"Ascot"|"Berkshire"|"SL5 9JF"|"44 13 4462 3721"|"44 13 4487 3281"|"www.st-marys-ascot.co.uk"|"gen-enquiries@st-marys-ascot.co.uk"|"Girls"|"Independent School 1"|"All"|"Roman Catholic"|398|376|"11-18 (11-18)"|"20241207180143"|"AA00011"|""|0|0|17|"Y"|"N"|"Y"|""|"***********************"|"Non-comm"
138|"De Aston School"|"Willingham Road"|"UK"|"Market Rasen"|"Lincolnshire"|"LN8 3RF"|"44 16 7384 3415"|"44 16 7384 0823"|"www.de-aston.lincs.sch.uk"|"enquiries@de-aston.lincs.sch.uk"|"Co-Ed"|"Stabis School_Comm"|"Senior"|""|1150|70|"11-18 (11-18)"|"20200225183141"|"AA00078"|""|0|0|17|"N"|"Y"|"N"|""|"***********************"|"good feedback, school_near_town, Caring_ex"
285|"Leighton Park School"|"Shinfield Road"|"UK"|"Reading"|"Berkshire"|"RG2 7ED"|"44 11 8987 9600"|"44 11 8987 9625"|"www.leightonpark.com"|"info@leightonpark.com"|"Co-Ed"|"Independent School 1"|"Senior"|"Quaker"|537|132|"11-18 (11-18)"|"20241210104240"|"AA00107"|"[3Jun14] Leighton Park has approximately 490 students (sixth form approx. 150). Around 26% are boarding students ( approx. 127, 35 of which are weekly boarders), with 26% internatinal students representing over 20 different nationalities.
[5Oct13] The other part of the examination will be the interview via skype with the Head of Sixth Form 

Nigel Williams, the Head, will be in Hong Kong on Friday 1st November. He will be available between 10am and 3pm to meet with more potential candidates and their families / agents at:
Excelsior Hong Kong
281 Gloucester Road
Causeway Bay
(5 Oct 2013)"|0|0|17|"Y"|"Y"|"Y"|""|"***********************"|"traditional, friendly, IB"
414|"Royal School Dungannon (The)"|"1-7 Northland Row"|"UK"|"Dungannon"|"Northern Ireland"|"BT71 6AY"|""|"44 28 8772 7725"|"www.royaldungannon.com/"|"info@rsd.dungannon.ni.sch.uk"|"Co-Ed"|"Independent School 1"|"Senior"|"info@rsd.dungannon.ni.sch.uk"|640|54|"11-18 (11-18)"|"20200622101649"|"AA00006"|""|0|0|17|"Y"|"Y"|"Y"|""|"***********************"|"value_for_money, down_to_earth, friendly"
645|"West Hill Park School"|"St Margaret's Lane"|"UK"|"Titchfield"|"Hampshire"|"PO14 4BS"|"44 13 2984 2356"|"44 13 2984 2911"|"www.westhillpark.com"|"admissions@westhillpark.com"|"Co-Ed"|"Independent School"|"Prep"|"Inter denominational"|268|41|"7-13 (2-13)"|"20200222212906"|"AA00078"|""|0|0|17|"Y"|"Y"|"Y"|""|"***********************"|""
598|"Wycombe Abbey School"|"Abbey Way"|"UK"|"High Wycombe"|"Buckinghamshire"|"HP11 1PE"|"44 14 9452 0381"|"44 14 9447 3836"|"www.wycombeabbey.com"|"schoolsecretary@wycombeabbey.com"|"Girls"|"Independent School 1"|"Senior"|"Church of England"|645|574|"11-18 (11-18)"|"20241209170413"|"AA00011"|"Registered in England No 47031"|0|0|17|"Y"|"N"|"Y"|""|"***********************"|"Non-comm, academic_push, campus_enclosed"
484|"St. George's School, Hertfordshire"|"Sun Lane"|"UK"|"Harpenden"|"Hertfordshire"|"AL5 4TD"|"44 15 8276 5477"|"44 15 8246 9830"|"www.stgeorges.herts.sch.uk"|"admin@stgeorges.herts.sch.uk"|"Co-Ed"|"Stabis School"|"Senior"|""|1340|130|"11-18 (11-18)"|"20200226121834"|"AA00078"|""|0|0|17|"N"|"Y"|"N"|""|"***********************"|"Non-comm"
57|"Benenden School"|"-"|"UK"|"Cranbrook"|"Kent"|"TN17 4AA"|"44 15 8024 0592"|"44 15 8024 0280"|"www.benenden.kent.sch.uk"|"schooloffice@benenden.school"|"Girls"|"Independent School 1"|"Senior"|"Church of England"|584|536|"11-18 (11-18)"|"20241206152811"|"AA00107"|"Full boarding"|0|0|17|"Y"|"N"|"Y"|""|"***********************"|"Non-comm"
30095|"Bucksmore Education"|"259 Greenwich High Road"|"United Kingdom"|"London"|"London"|"SE10 8NB"|"+44 (0) 208 312 8060"|""|""|"info@bucksmore.com"|"Co-Ed"|""|""|""|0|0|""|"20210427110800"|"AA00078"|"20210401: Bucksmore Education has joined Nord Anglia Education along with d' Overbroeck's, Oxford Sixth Form College and Oxford International College."|0|0|17|"N"|"Y"|"N"|""|"***********************"|""
240|"INTO - University of Exeter"|"The Old Library, Prince of Wales Road"|"UK"|"Exeter"|"Devon"|"EX4 4SB"|""|""|""|""|"Co-Ed"|""|""|""|14000|0|""|"20220607160923"|"AA00082"|""|0|0|17|"Y"|"Y"|"Y"|""|"***********************"|""
312|"Marymount International School"|"George Road"|"UK"|"Kingston Upon Thames"|"Surrey"|"KT2 7PE"|"44 20 8949 0571"|"44 20 8336 2485"|"www.marymountlondon.com"|"info@marymountlondon.com"|"Girls"|"Independent School"|"Senior"|"Roman Catholic"|246|57|"11-18 (11-18)"|"20200225141708"|"AA00078"|""|0|0|17|"Y"|"Y"|"Y"|""|"***********************"|"International_environment, friendly, campus_small, IB"
35|"Ampleforth College"|""|"UK"|"York"|"North Yorkshire"|"YO62 4ER"|"44 14 3976 6000"|"44 14 3978 8330"|"www.ampleforthcollege.org.uk/college/"|""|"Co-Ed"|"Independent School 1"|"Senior"|"Roman Catholic"|425|340|"11-18 (11-18)"|"20241216172124"|"AA00107"|"20200218: St. Martin's Ampleforth (SCID:461) is the prep school of Ampleforth College."|0|0|17|"Y"|"Y"|"Y"|""|"***********************"|"reglious, rural, traditional, campus_huge, busy_life"
432|"Sexey's School"|"Cole Road"|"UK"|"Bruton"|"Somerset"|"BA10 0DF"|"44 17 4981 3393"|"44 17 4981 2870"|"www.sexeys.somerset.sch.uk"|"enquiries@sexeys.somerset.sch.uk"|"Co-Ed"|"Stabis School"|"Senior"|""|560|300|"11-18 (11-18)"|"20200226120222"|"AA00078"|"NON-COMM"|0|0|17|"N"|"Y"|"N"|""|"***********************"|"Non-comm"
375|"Queen Elizabeth's Academy Trust"|"Western Road"|"UK"|"Crediton"|"Devon"|"EX17 3LU"|"44 13 6377 3401"|"44 13 6377 7859"|"www.qe.devon.sch.uk"|"admin@qe.devon.sch.uk"|"Co-Ed"|"Stabis School_Comm"|"Senior"|""|1526|55|"11-18 (11-18)"|"20200225182029"|"AA00078"|"20190402: Boarding is closing in August 2019 and we are not taking any new admissions
20190119: The School may close boarding from August 2019.
[13Sep14] Received request of amending the contact email addresses from Helen Mardon on 8 Sep (@qe.devon.sch.uk instead of @queenelizabeths.devon.sch.uk). Also amended the website URL as well."|0|0|17|"N"|"Y"|"N"|""|"***********************"|"YES School, friendly, down_to_earth, dance_academic"
255|"Keswick School"|"Vicarage Hill"|"UK"|"Keswick"|"Cumbria"|"CA12 5QB"|"44 17 6877 2605"|"44 17 6877 4813"|"www.keswick.cumbria.sch.uk"|"admin@keswick.cumbria.sch.uk"|"Co-Ed"|"Stabis School"|""|""|1080|54|"11-18 (11-18)"|"20200226104105"|"AA00078"|"NON-COMM"|0|0|17|"N"|"Y"|"N"|""|"***********************"|"Non-comm"
506|"Steyning Grammar School"|"Shooting Field"|"UK"|"Steyning"|"West Sussex"|"BN44 3RX"|""|""|"www.sgs.uk.net"|""|"Co-Ed"|"Stabis School"|"Senior"|""|1986|120|"11-18 (11-18)"|"20200226121408"|"AA00078"|"[6 Jul 2013] the school will no longer offer IB 

Entry by application and interview Debbie Woods, Boarding Bursar, use same address as email 2 (skype interivew is acceptable [5/10/11])
NON-COMM"|0|0|17|"N"|"Y"|"N"|""|"***********************"|"Non-comm"
423|"Ryde School"|"7 Queen's Road"|"UK"|"Ryde"|"Isle of Wight"|"PO33 3BE"|"44 19 8356 2229"|"44 19 8356 4714"|"www.rydeschool.org.uk"|"school.office@rydeschool.org.uk"|"Co-Ed"|"Independent School 1"|"All"|"Christian"|570|67|"11-18 (11-18)"|"20241212102002"|"AA00011"|"[16Feb] we will be continuing to offer both A Level & IB options, but we are also offering an additional choice from September 2015 in the form of the IBCP (IB careers programme).
SLN number is: 93QDJEQ74 

Skype Address: Nicholas_England"|0|0|17|"Y"|"Y"|"Y"|"ryde"|"***********************"|"value_for_money, friendly, down_to_earth, Caring_ex, IB"
328|"Mount St. Mary's College"|"Spinkhill"|"UK"|"Sheffield"|"Derbyshire"|"S21 3YL"|"44 12 4643 3388"|"44 12 4643 5511"|"www.msmcollege.com"|""|"Co-Ed"|"Independent School 1"|"Senior"|"Roman Catholic"|342|40|"11-18 (11-18)"|"20241211165651"|"AA00011"|"Updated Application Procedure, please refer to ""Admission Procedures"" under ""Supplementary Info"" session [31 August 2011]
 SLN : QJ1B2TPGX"|0|0|17|"Y"|"Y"|"Y"|"mstmary"|"***********************"|"chinese_few, friendly, value_for_money, down_to_earth, Caring_ex"
30051|"Holyport College"|"Ascot Road"|"United Kingdom"|"Holyport"|"Berkshire"|"SL6 3LE"|"01628 640150"|""|"http://www.holyportcollege.org.uk/"|"info@holyportcollege.org.uk"|"Co-Ed"|"Stabis School_Comm"|"S"|""|445|179|"11-18 (11-18)"|"20210113104026"|"AA00078"|"20180630: School category - Academy free school
20180630: Offer boarding for 40% of pupils each year
20180630: Eton College is the sole educational sponsor
20180630: Main entry year(s) - Years 7 & 9 (start opening sixth form study from September 2018)"|0|0|17|"N"|"Y"|"N"|""|"***********************"|""
225|"Hockerill Anglo - European School"|"Dunmow Road"|"UK"|"Bishop's Stortford"|"Hertfordshire"|"CM23 5HX"|"44 12 7965 8451"|"44 12 7975 5918"|"www.hockerill.herts.sch.uk"|"admin@hockerill.com"|"Co-Ed"|"Stabis School_Comm"|"Senior"|""|841|295|"11-18 (11-18)"|"20210119121541"|"AA00078"|"20210119: Flexi-boarder no. - 80"|0|0|17|"N"|"Y"|"N"|""|"***********************"|"chinese_few, facilities_gd, good feedback"
64|"Bloxham School"|"Bloxham"|"UK"|"Banbury"|"Oxfordshire"|"OX15 4PE"|"44 12 9572 0222"|"44 12 9572 1897"|"www.bloxhamschool.com"|""|"Co-Ed"|"Independent School"|"All"|"Church of England"|439|197|"11-18 (11-18)"|"20200213231435"|"AA00007"|""|0|0|17|"Y"|"Y"|"N"|""|"***********************"|"chinese_few, special_need"
30100|"Wilson’s School"|"Mollison Dr"|"United Kingdom"|"Wallington"|"Wallington"|"SM6 9JW"|"+44 20 8773 2931"|""|"https://www.wilsons.school/"|"office@wilsonsschool.sutton.sch.uk"|"Boys"|"Stabis"|""|""|0|0|""|"20210612132902"|"AA00078"|""|0|0|17|"N"|"N"|"N"|""|"***********************"|""
362|"Plymouth College"|"Ford Park"|"UK"|"Plymouth"|"Devon"|"PL4 6RN"|"44 17 5220 3300"|"44 17 5220 3246"|"www.plymouthcollege.com"|"mail@plymouthcollege.com"|"Co-Ed"|"Independent School 1"|"Senior"|"Christian"|512|64|"10-19 (2-19)"|"20241211172919"|"AA00011"|"20180911: VAT No. 301 5373 45
Sponsor Licence No. AQA8W25D3"|0|0|17|"Y"|"Y"|"Y"|"plymouth"|"***********************"|"Swimming, DT_ex, math, good feedback, down_to_earth, IB"
107|"Chase Grammar School"|"St. John's Road"|"UK"|"Cannock"|"Staffordshire"|"WS11 3UR"|"44 15 4350 1800"|"44 15 4350 1801"|"www.chaseacademy.com"|"info@chaseacademy.com"|"Co-Ed"|"Independent School"|"Senior"|"Church of England"|320|110|"10-19 (2-19)"|"20200222175326"|"AA00078"|"[6Mar13] Pervious school name: Chase Academy

[25June11] Our OEA special rate of GBP 13,800 per year is available for good, eligible students. Scholarships are also still available reducing the school fees by up to 50%."|0|0|17|"Y"|"Y"|"Y"|""|"***********************"|"YES School, value_for_money, chinese_many"
459|"St. Joseph's College"|"Birkfield"|"UK"|"Ipswich"|"Suffolk"|"IP2  9DR"|"44 14 7369 0281"|"44 14 7360 2409"|"www.stjos.co.uk"|"admin@stjos.co.uk"|"Co-Ed"|"Independent School"|"All"|"Christian"|609|99|"10-19 (3-18)"|"20200225173912"|"AA00078"|""|0|0|17|"Y"|"Y"|"Y"|""|"***********************"|"chinese_many, school_near_town, YES School"
284|"Leicester College"|"Welford Road"|"UK"|"Leicester"|"Leicestershire"|"LE2 7LW"|"44 11 6224 2240"|""|"www.leicestercollege.ac.uk"|"info@leicestercollege.ac.uk"|"Co-Ed"|""|""|""|26000|0|"(16-19)"|"20200227155604"|"AA00078"|"Further Education - they have many centres, HTS"|0|0|17|"Y"|"Y"|"Y"|""|"***********************"|""
250|"Kent College, Canterbury"|"Whitstable Road"|"UK"|"Canterbury"|"Kent"|"CT2 9DT"|"44 12 2776 3231"|"44 12 2778 7450"|"www.kentcollege.com"|"enquiries@kentcollege.co.uk"|"Co-Ed"|"Independent School 1"|"Senior"|"Methodist"|568|168|"11 -18 (11 -18)"|"20241209160755"|"AA00107"|"Number of students in Year 12 and 13 approx; IB 14 and A Level 140
 Pre-IB"|0|0|17|"Y"|"Y"|"Y"|"kentcan"|"***********************"|"chinese_many, school_near_town, math, science, satellite_school, IB"
251|"Kent College, Pembury"|"Old Church Road, Tunbridge Wells"|"UK"|"Pembury"|"Kent"|"TN2 4AX"|"44 18 9282 2006"|"44 18 9282 0221"|"www.kent-college.co.uk"|"schooloffice@kentcollege.kent.sch.uk"|"Girls"|"Independent School 1"|"Senior"|"Methodist"|348|40|"11 -18 (3-18)"|"20241209161837"|"AA00107"|""|0|0|17|"Y"|"Y"|"Y"|"kentpem"|"***********************"|"chinese_few, Caring_ex, dance_academic, rural"
656|"Hammond School (The)"|"Hoole Bank, Mannings Lane"|"UK"|"Chester"|"Cheshire"|"CH2 4ES"|"44 12 4430 5350"|"44 12 4430 5351"|"www.thehammondschool.co.uk"|"enquiries@thehammondschool.co.uk"|"Co-Ed"|"Independent School 1"|"All"|"Church of England"|279|127|"11-16 (11-21)"|"20241207181124"|"AA00107"|""|0|0|17|"N"|"Y"|"N"|""|"***********************"|"Non-comm, dance_academic"
408|"Rossall International Study Centre"|"Rossall School"|"UK"|"Fleetwood"|"Lancashire"|"FY7 8JW"|"44 12 5377 4204"|"44 12 5377 9415"|"www.rossall.org.uk"|"director@rossall-isc.org.uk"|"Co-Ed"|"Independent School"|"Senior"|"Non denominational"|75|75|"11-17"|"20200304105211"|"AA00078"|"20200304: Rossall International Study Centre is linked with Rossall School. It provides special programmes for international pupils with lower English standard."|0|0|17|"Y"|"Y"|"Y"|""|"***********************"|""
30039|"Brymore Academy"|"Cannington"|"UK"|"Bridgwater"|"Somerset"|"TA5 2NB"|"44 12 7865 2369"|"44 12 7865 3244"|"http://brymoreacademy.co.uk/"|"office@brymore.somerset.sch.uk"|"Boys"|"Stabis School"|""|""|192|131|"11-17 (11-17)"|"20200226103743"|"AA00078"|""|0|0|17|"N"|"Y"|"N"|""|"***********************"|""
302|"Loughborough Grammar School"|"Burton Walks"|"UK"|"Loughborough"|"Leicestershire"|"LE11 2DU"|"44 15 0923 3233"|"44 15 0921 8436"|"https://lsf.org/grammar/"|"admin@loughgs.leics.sch.uk"|"Boys"|"Independent School 1"|"All"|"Church of England"|847|42|"10-18 (10-18)"|"20250110122132"|"AA00132"|"Loughborough Amherst School is entering consultation for a proposed closure at the end of the academic year. (10-Jan 2025)"|0|0|17|"Y"|"Y"|"Y"|"loughborough"|"***********************"|"math, science, down_to_earth, value_for_money, football"
30180|"Z_Day Place Application Fee8"|""|"N/A"|"N/A"|"N/A"|""|""|""|""|""|"Co-Ed"|""|""|""|0|0|""|"20241003113812"|"AA00098"|""|0|0|17|"N"|"Y"|"N"|""|"***********************"|""
337|"Oakham School"|"Chapel Close, Oakham"|"UK"|"Rutland"|"Leicestershire"|"LE15 6DT"|"44 15 7275 8758"|"44 15 7275 8595"|"www.oakham.rutland.sch.uk"|"admissions@oakham.rutland.sch.uk"|"Co-Ed"|"Independent School 1"|"All"|"Church of England"|973|474|"10-18 (10-18)"|"20241206153135"|"AA00011"|"[24Apr14] School has 25% day boarders (3 nights per week) and 75% full boarders (7 days a week).
Space Availability (08 Mar 12)
 For 2012 Entry
 Year 6 & 7 only
 
Space Availability (08 Feb 11)
 For 2011
 Year 6 and 7, boys and girls Full Boarders
 Year 8, girls only Full Boarders
 For 2012
 Year 6,7, and 8, boys and girls full boarders
 Year 9 - girls only Full Boarders
 Year 12, School shall be happy to receive reports now for shortlisted visit interviews during the summer and winter terms of 2011
 (08 Feb 2011)"|0|0|17|"Y"|"Y"|"Y"|""|"***********************"|"sports_ex, famous_uk, traditional, IB"
30179|"Taunton School International (Day Place Application Fee)"|""|"N/A"|"N/A"|"N/A"|""|""|""|""|""|"Co-Ed"|""|""|""|0|0|""|"20230207084917"|"AA00079"|""|0|0|17|"N"|"Y"|"N"|""|"***********************"|""
462|"St. Mary's School Calne"|"Curzon Street"|"UK"|"Calne"|"Wiltshire"|"SN11 0DF"|"44 12 4985 7200"|"44 12 4985 7207"|"www.stmaryscalne.org"|""|"Girls"|"Independent School 1"|""|"Church of England"|347|293|"10-18 (10-18)"|"20241207175834"|"AA00011"|"School does not have a weekly boarding option, only offers either full boarding places or day places [06 Oct 11]"|0|0|17|"Y"|"Y"|"Y"|""|"***********************"|"academic_push, campus_enclosed, art_gd, chinese_few, music_gd"
607|"Westonbirt School"|"."|"UK"|"Tetbury"|"Gloucestershire"|"GL8 8QG"|"44 16 6688 0333"|"44 16 6688 0364"|"www.westonbirt.org"|"enquiries@westonbirt.org"|"Co-Ed"|"Independent School 1"|"Senior"|"Church of England"|789|103|"10-18 (2-18)"|"20241209162238"|"AA00011"|"20180725: Accept boys from 2019

[1June16] online registration, can not find registration form hard copy
HTS
Boarder Total: 135 Full: 116 Weekly: 19"|0|0|17|"Y"|"Y"|"Y"|"westonbirt"|"***********************"|"rural, friendly, Caring_ex, value_added"
38|"Ashbourne Independent Sixth Form College"|"17 Old Court Place"|"UK"|"Kensington"|"London & Greater London"|"W8 4PL"|"44 20 7937 3858"|""|"www.ashbournecollege.co.uk"|""|"Co-Ed"|"Independent College"|""|""|0|0|"(16-19)"|"20200226145220"|"AA00078"|""|0|0|17|"N"|"Y"|"Y"|""|"***********************"|""
480|"St. Edmund's School"|"St. Thomas' Hill"|"UK"|"Canterbury"|"Kent"|"CT2 8HU"|"44 12 2747 5600"|"44 12 2747 1083"|"www.stedmunds.org.uk"|"seniorschool@stedmunds.org.uk"|"Co-Ed"|"Independent School 1"|"Senior"|"Church of England"|630|115|"10-18 (3-18)"|"20230104164623"|"AA00078"|"[12Mar11] Presently we have boarding for 100 and 40 are overseas

Skype ID: admissionsstedmunds"|0|0|17|"Y"|"Y"|"Y"|"stedmunds"|"***********************"|"football, down_to_earth, Caring_ex"
465|"St. Mary's School, Cambridge"|"Bateman Street"|"UK"|"Cambridge"|"Cambridgeshire"|"CB2 1LY"|""|""|"www.stmaryscambridge.co.uk"|"enquiries@stmaryscambridge.co.uk"|"Girls"|"Independent School 1"|"Senior"|"Roman Catholic"|611|64|"10-18 (3-18)"|"20241207180434"|"AA00011"|"[9Jan13] The boarders leave on Friday 25 October and return on the evening of Sunday 3 November. The website is a little misleading about this.

[17Dec11]Please do always send a photograph with each application form.

Skype Accounts
1. stmaryscambridge (for Headmistress)
2. stmarysadmissions (for Admissions Office)

SLN : N5F02ENY3"|0|0|17|"Y"|"Y"|"Y"|""|"***********************"|"campus_small, school_near_town, friendly, urban"
632|"Millfield Enterprises"|"Millfield School"|"UK"|"Street"|"Somerset"|"BA16 0YD"|"44 14 5844 4320"|"44 14 5884 0584"|"www.millfieldenterprises.com/melhc"|"info@millfieldenterprises.com"|"Co-Ed"|"Summer School"|""|""|0|0|""|"20211012175422"|"AA00078"|"Old website: www.englishholidaycourses.com
[6 Nov 2013] 
An account has been created for you; your access details are:
E-mail: 	battie@academic-asia.com
Password: 	suzgerqu



require ONLINE booking, www.englishholidaycourses.com
 Summer School"|0|0|17|"Y"|"Y"|"Y"|""|"***********************"|""
190|"Fyling Hall School"|"Robin Hood's Bay"|"UK"|"Whitby"|"North Yorkshire"|"YO22 4QD"|"44 19 4788 0353"|"44 19 4788 1097"|"www.fylinghall.org"|"office@fylinghall.org"|"Co-Ed"|"Independent School"|"All"|"Inter denominational"|165|44|"10-18 (4-18)"|"20200222205152"|"AA00078"|""|0|0|17|"Y"|"Y"|"Y"|""|"***********************"|"rural, friendly, value_for_money"
416|"Royal School, Wolverhampton (The)"|"Penn Road"|"UK"|"Wolverhampton"|"West Midlands"|"WV3 0EG"|"44 19 0234 1230"|"44 19 0234 4496"|"https://theroyalschool.co.uk/"|"info@royal.wolverhampton.sch.uk"|"Co-Ed"|"Stabis School"|"Senior"|"Church of England"|1400|90|"10-18 (4-19)"|"20230321173705"|"AA00078"|"SLN : KCYGC8AY8

[16Jan15] New plans to become a free school from Sep 2015 and the result will be known in spring."|0|0|17|"Y"|"Y"|"Y"|""|"***********************"|"chinese_many, friendly"
144|"Dollar Academy"|"Dollar"|"UK"|"Dollar, Clackmannanshire"|"Scotland"|"FK14 7DU"|"44 12 5974 2511"|"44 12 5974 2867"|"www.dollaracademy.org.uk"|"rector@dollaracademy.org.uk"|"Co-Ed"|"Independent School"|"All"|"Non denominational"|1269|71|"10-18 (5-18)"|"20200222181907"|"AA00078"|""|0|0|17|"Y"|"Y"|"Y"|""|"***********************"|"value_for_money, rural, friendly"
460|"St. Leonards School & Sixth Form College"|""|"UK"|"St Andrews, Fife"|"Scotland"|"KY16 9QJ"|"+00 44 (0)1334 472126"|""|"www.stleonards-fife.org"|"info@stleonards-fife.org"|"Co-Ed"|"Independent School"|"All"|"Christian"|567|149|"10-18 (5-18)"|"20240206180756"|"AA00078"|"20180516: Number of pupils: 510 (senior 360, junior 150); Age range: 5 to 19 (senior 12-19, preparatory 5-12)
Years 6 and 7 in the Junior School, Year 8 (S1) in the Senior School and for IB1 (S5 for entry to the Sixth Form)"|0|0|17|"Y"|"Y"|"Y"|""|"***********************"|"Golf, campus_huge, chinese_few, IB"
87|"Buckswood School"|"Rye Road"|"UK"|"Guestling"|"East Sussex"|"TN35 4LT"|"44 14 2481 3813"|"44 14 2481 2100"|"www.buckswood.co.uk"|"achieve@buckswood.co.uk"|"Co-Ed"|"Independent School"|"Senior"|""|307|172|"10-19 (10-19)"|"20200222172420"|"AA00078"|"HTS
same group as Buckswood St George's"|0|0|17|"Y"|"Y"|"Y"|""|"***********************"|"IB, football"
445|"Solihull College"|"The Student Services Centre, Solihull College, Blossomfield Road"|"UK"|"Solihull"|"West Midlands"|"B91 1SB"|"44 12 1678 7000"|""|"www.solihull.ac.uk"|"enquiries@solihull.ac.uk"|"Co-Ed"|""|""|"Church of England"|0|0|"(16+)"|"20200228152319"|"AA00078"|"HTS"|0|0|17|"Y"|"Y"|"Y"|""|"***********************"|""
223|"Hilderstone College"|"14-16 St Peter's Rd"|"UK"|"Broadstairs"|"Kent"|"CT10 2JW"|"44 0 1843 869171"|""|"www.hilderstonecollege.com"|"info@hilderstone.ac.uk"|"Co-Ed"|""|""|""|0|0|"(16+)"|"20200703161719"|"AA00078"|"English courses"|0|0|17|"Y"|"Y"|"Y"|""|"***********************"|""
359|"Peterborough Regional College"|"Park Crescent"|"UK"|"Peterborough"|"East Yorkshire"|"PE1 4DZ"|"44 84 5872 8722"|"44 17 3376 7986"|"www.peterborough.ac.uk"|"info@peterborough.ac.uk"|"Co-Ed"|""|""|""|0|0|"(16+)"|"20200228161637"|"AA00078"|"Further Education college, HTS"|0|0|17|"N"|"Y"|"Y"|""|"***********************"|""
683|"St. Dominic's Sixth Form College"|"Mount Park Avenue"|"UK"|"Harrow-on-the-Hill"|"Middlesex"|"HA1 3HX"|"44 20 8422 8084"|"44 20 8422 3759"|"www.stdoms.ac.uk"|"stdoms@stdoms.ac.uk"|"Co-Ed"|"Independent College"|"Senior"|""|0|0|"(16-18)"|"20200226142536"|"AA00078"|""|0|0|17|"N"|"Y"|"Y"|""|"***********************"|""
122|"City of Bristol College"|"Brunel Centre, Ashley Down"|"UK"|"Bristol"|"Bristol"|"BS7 9BU"|"44 11 7904 5000"|"44 11 7904 5050"|"www.cityofbristol.ac.uk"|"enquiries@cityofbristol.ac.uk"|"Co-Ed"|""|""|""|0|0|"(16-18)"|"20200227124135"|"AA00078"|""|0|0|17|"Y"|"Y"|"Y"|""|"***********************"|""
30024|"City and Islington College"|"The Marlborough Building, 383 Holloway Road"|"UK"|"London"|"London"|"N7 0RN"|"020 7700 9333"|"020 7700 9222"|"www.candi.ac.uk"|""|"Co-Ed"|"Further Education College"|""|""|0|0|"(16-19)"|"20200313161707"|"AA00078"|"[2Dec16]On 1 August 2016, City and Islington College and Westminster Kingsway College merged to form The WKCIC Group (interim name only*)"|0|0|17|"Y"|"Y"|"Y"|""|"***********************"|""
397|"Reigate College, Sixth Form"|"Castlefield Road"|"UK"|"Reigate"|"Surrey"|"RH2 0SD"|"44 17 3722 1118"|"44 17 3722 2657"|"www.reigate.ac.uk"|"enquiries@reigate.ac.uk"|"Co-Ed"|""|""|""|0|0|"(16-19)"|"20200228154429"|"AA00078"|""|0|0|17|"Y"|"Y"|"Y"|""|"***********************"|""
31|"Albemarle Independent College"|"18 Dunraven Street, Mayfair"|"UK"|"London"|"London & Greater London"|"W1K 7FE"|"44 20 7409 7273"|""|"www.albemarle.org.uk"|"admin@albemarle.org.uk"|"Co-Ed"|""|""|""|0|0|"(16-25)"|"20200227114604"|"AA00078"|""|0|0|17|"Y"|"Y"|"Y"|""|"***********************"|""
347|"Oxford International College"|"Southern House, 1 Cambridge Terrace"|"UK"|"Oxford"|"Oxfordshire"|"OX1 1RR"|"44 18 6520 3988"|"44 18 6520 3998"|"www.oxcoll.com"|"info@oxss.co.uk"|"Co-Ed"|""|""|""|0|0|""|"20220916111024"|"AA00006"|"AA do not deal with OIC. 
20210401: School has joined Nord Anglia Education along with d' Overbroeck's, Oxford Sixth Form College and Bucksmore Education.
20191010: Not a school, yet a revision course provider, offering short courses throughout the year"|0|0|17|"Y"|"N"|"Y"|""|"***********************"|""
555|"Tresham College"|"St Mary's Road"|"UK"|"Kettering"|"Nottinghamshire"|"NN15 7BS"|""|""|"www.tresham.ac.uk"|"info@tresham.ac.uk"|"Co-Ed"|""|""|""|0|0|"(16-25)"|"20200227183137"|"AA00078"|"old name: Tresham Institute_updated name on 20140313"|0|0|17|"Y"|"Y"|"Y"|""|"***********************"|""
30064|"International School of London"|"139 Gunnersbury Avenue,"|"UK"|"London,"|"London"|"W3 8LG"|"44 (0) 20 8992 5823"|""|"https://www.isllondon.org/"|"mail@isllondon.org"|"Co-Ed"|"Independent School"|"S"|""|0|0|"(3-19)"|"20200227152346"|"AA00078"|""|0|0|17|"N"|"Y"|"N"|""|"***********************"|""
409|"Rossall School"|"Broadway"|"UK"|"Fleetwood"|"Lancashire"|"FY7 8JW"|"44 12 5377 4201"|"44 12 5377 2052"|"www.rossall.org.uk"|"enquiries@rossallcorporation.co.uk"|"Co-Ed"|"Independent School 1"|"Senior"|"Church of England"|856|345|"0-18 (11-18)"|"20240828174037"|"AA00078"|"HTS"|0|0|17|"Y"|"Y"|"Y"|"rossall"|"***********************"|"chinese_many, YES School, friendly, IB"
522|"Taunton School International"|"Taunton School"|"UK"|"Taunton"|"Somerset"|"TA2 6AD"|"44 18 2370 3200"|"44 18 2370 3233"|"www.tauntonschool.co.uk"|"tsi@tauntonschool.co.uk"|"Co-Ed"|"Independent School 1"|"Senior"|""|55|55|"0-18 (7-18)"|"20230207230128"|"AA00079"|"only do GCSE course, no more language courses (4 Nov 10), SLN : K32FJTAC8"|0|0|17|"Y"|"Y"|"Y"|"tauntonint"|"***********************"|""
311|"ESMS Junior School"|"Queensferry Road"|"UK"|"Edinburgh"|"Scotland"|"EH4 3EZ"|"44 13 1311 1111"|""|"www.esms.org.uk"|"admissions@esmgc.com"|"Co-Ed"|"Independent School"|"Prep"|""|1227|1|"10-12 (3-12)"|"20200215201046"|"AA00078"|"20200215: The Mary Erskine School (SCID:537) is the girls senior school of ESMS Junior School. Stewart's Merville College (SCID:536) is the boys senior school of ESMS Junior School."|0|0|17|"Y"|"Y"|"Y"|""|"***********************"|""
498|"St. Olave's School"|"."|"UK"|"York"|"North Yorkshire"|"YO30 6AB"|"44 19 0452 7416"|"44 19 0452 7303"|"www.stpetersyork.org.uk/st_peters_8_13"|"enquiries@st-olaves.york.sch.uk"|"Co-Ed"|""|"Prep"|"Church of England"|353|9|"10-13 (8-13)"|"20200723153339"|"AA00078"|"20200228: St. Peter's School (SCID:468) is the senior school of St. Olave's School.

SLN : 9C2Y9RBJ0"|0|0|17|"Y"|"Y"|"Y"|""|"***********************"|""
30215|"Kaplan International Pathways"|"4/F, Opulent Building, 402-406 Hennessy Road, Wanchai, Hong Kong"|"Hong Kong"|"Hong Kong"|"Hong Kong"|""|""|""|""|""|"Co-Ed"|""|""|""|0|0|""|"20240912113021"|"AA00078"|""|0|0|17|"N"|"Y"|"N"|""|"***********************"|""
501|"St. Teresa's School"|"Effingham Hill"|"UK"|"Dorking"|"Surrey"|"RH5 6ST"|""|""|"www.st-teresas.com/"|"info@stteresas.surrey.sch.uk"|"Girls"|"Independent School 1"|"Senior"|"Roman Catholic"|629|54|"11-18 (7-18)"|"20241209120604"|"AA00011"|"HTS"|0|0|17|"Y"|"Y"|"Y"|""|"***********************"|"campus_enclosed, Caring_ex, art_gd"
502|"Cambridge Education Group- Stafford House School of English"|"19 New Dover Road"|"UK"|"Canterbury"|"Kent"|"CT1 3AH"|"44 12 2344 7707 (Admissions)"|""|"www.staffordhouse.com"|"soe@staffordhouse.com"|"Co-Ed"|"Independent School"|""|""|0|0|"(16+)"|"20200303110819"|"AA00078"|"HTS
[Dec2013] Skype: stafford.house.admissions

Stafford House School of English
2 Southampton Place, London, WC1A 2DA
Tel: +44 (0) 207 841 1590
Fax: +44 (0) 1223 346181

Stafford House School of English Brighton
61 Western Road, Brighton, Brighton and Hove, BN3 1JD
Tel: +44 (0) 1273 646510 
Fax: +44 (0) 1223 346181

Stafford House School of English Canterbury
19 New Dover Road, Canterbury CT1 3AH
Tel: +44 (0) 1227 452250
Fax: +44 (0) 1227 453579"|0|0|17|"Y"|"Y"|"Y"|""|"***********************"|""
684|"Rotherham College of Arts and Technology"|"Eastwood Lane"|"UK"|"Rotherham"|"South Yorkshire"|"S65 1EG"|"44 17 0972 2701"|""|"www.rotherham.ac.uk"|"info@rotherham.ac.uk"|"Co-Ed"|"Independent College"|"Senior"|""|0|0|"(16+)"|"20200226145436"|"AA00078"|"20200226: provide courses for school leavers and adults including Higher Education and skills"|0|0|17|"Y"|"Y"|"Y"|""|"***********************"|""
401|"Richmond upon Thames College"|"Egerton Road, Twickenham"|"UK"|"Middlesex"|"UK"|"TW2 7SJ"|"+44 20 8607 8000"|"+44 20 8744 9738"|"www.rutc.ac.uk"|""|"Co-Ed"|""|""|""|4000|0|"(16+)"|"20200228154302"|"AA00078"|"[21Nov2014] Updated areas: (1) website which before it's www.richmond-utcoll.ac.uk  (2) address  (3) Tel & Fax"|0|0|17|"Y"|"Y"|"Y"|""|"***********************"|""
112|"Chichester College"|"Westgate Field"|"UK"|"Chichester"|"West Sussex"|"PO19 1SB"|""|""|"www.chichester.ac.uk"|""|"Co-Ed"|"Further Education College"|""|""|0|0|"(16+)"|"20200226150042"|"AA00078"|"HTS
 The planned closure of St Christopher’s has been delayed by 1 year [29 April 2011]"|0|0|17|"Y"|"Y"|"Y"|""|"***********************"|""
30161|"Z_Day Place Application Fee1"|""|"N/A"|"N/A"|"N/A"|""|""|""|""|""|"Co-Ed"|""|""|""|0|0|""|"20231014153426"|"AA00098"|""|0|0|17|"N"|"Y"|"N"|""|"***********************"|""
132|"Coventry College"|"Butts"|"UK"|"Coventry"|"West Midlands"|"CV1 3GD"|""|""|"www.coventrycollege.ac.uk"|""|"Co-Ed"|""|""|""|0|0|"(16+)"|"20200619172720"|"AA00078"|"old name Coventry Technical College_updated on 20140313"|0|0|17|"Y"|"Y"|"Y"|""|"***********************"|""
246|"West College Scotland"|"Finnart Street"|"UK"|"Greenock"|"Greenock"|"PA16 8HF"|"44 14 7572 4433"|"44 14 7588 8079"|"www.westcollegescotland.ac.uk"|"info@wcs.ac.uk"|"Co-Ed"|""|""|""|0|0|"(16+)"|"20200227182228"|"AA00078"|"old name: James Watt Collegeof Further and Higher Education_updated name on 20140313"|0|0|17|"N"|"Y"|"Y"|""|"***********************"|""
30155|"Bright World"|"Forge House, 105 High Street"|"UK"|"Hurstpierpoint"|"West Sussex"|"BN6 9PU"|"44 (0) 1273 835745"|""|"https://www.brightworldguardianships.com/en/"|""|"."|""|""|""|0|0|""|"20221129143723"|"AA00078"|""|0|0|17|"N"|"Y"|"N"|""|"***********************"|""
73|"Bradford College"|"Great Horton Road,"|"UK"|"Bradford"|"West Yorkshire"|"BD7 1AY"|""|""|"www.bradfordcollege.ac.uk"|""|"Co-Ed"|""|""|""|0|0|"(16+)"|"20200227115235"|"AA00078"|""|0|0|17|"N"|"Y"|"Y"|""|"***********************"|""
77|"Bridgwater & Taunton College"|"Bath Road"|"UK"|"Bridgwater"|"Somerset"|"TA6 4PZ"|""|""|"www.btc.ac.uk"|""|"Co-Ed"|""|""|""|0|0|"(14-16)"|"20200227120623"|"AA00078"|""|0|0|17|"N"|"Y"|"Y"|""|"***********************"|""
30029|"Farnham Sixth Form College"|"Morley Road"|"UK"|"Farnham"|"Surrey"|"GU9 8LU"|"44 1 5271 6988"|""|"www.farnham.ac.uk"|"farnham@guildford.ac.uk"|"Co-Ed"|"Independent School"|""|""|0|0|"(16+)"|"20200227143740"|"AA00078"|""|0|0|17|"N"|"Y"|"N"|""|"***********************"|""
121|"Bath College"|"Avon Street"|"UK"|"Bath"|"Bath & NE Somerset"|"BA1 1UP"|""|""|"www.citybathcoll.ac.uk"|"info@bathcollege.ac.uk"|"Co-Ed"|""|""|""|0|0|"(16+)"|"20200227123910"|"AA00078"|""|0|0|17|"Y"|"Y"|"Y"|""|"***********************"|""
203|"Grantham College"|"Stonebridge Road"|"UK"|"Grantham"|"Lincolnshire"|"NG31 9AP"|""|""|"www.grantham.ac.uk"|""|"Co-Ed"|""|""|""|0|0|"(16+)"|"20200227144137"|"AA00078"|"HTS, GENERAL"|0|0|17|"Y"|"Y"|"Y"|""|"***********************"|""
210|"Guildford College"|"Merrist Wood Campus, Worplesdon"|"UK"|"Guildford"|"Surrey"|"GU3 3PE"|""|""|"www.guildford.ac.uk"|""|"Co-Ed"|""|""|""|0|0|"(16+)"|"20200227144258"|"AA00078"|""|0|0|17|"Y"|"Y"|"Y"|""|"***********************"|""
119|"Manchester College (The)"|"International Office, Nicholls House, Hyde Road"|"UK"|"Ardwick, Manchester"|"Greater Manchester"|"M12 6BA"|"44 16 1455 2434"|"44 16 1953 2955"|"www.tmc.ac.uk"|"international@themanchestercollege.ac.uk"|"Co-Ed"|""|""|""|0|0|"(16+)"|"20200317133904"|"AA00078"|"HTS, GENERAL"|0|0|17|"N"|"N"|"Y"|""|"***********************"|""
30173|"Z_Day Place Application Fee12"|""|"N/A"|"N/A"|"N/A"|""|""|""|""|""|"Co-Ed"|""|""|""|0|0|""|"20241003114050"|"AA00098"|""|0|0|17|"N"|"Y"|"N"|""|"***********************"|""
588|"Wirral Metropolitan College"|"Europa Boulevard"|"UK"|"Birkenhead"|"Merseyside"|"CH41 4NT"|""|""|"www.wmc.ac.uk"|""|"Co-Ed"|""|""|""|0|0|"(16+)"|"20200227173432"|"AA00078"|""|0|0|17|"N"|"Y"|"Y"|""|"***********************"|""
579|"West Suffolk College"|"Out Risbygate"|"UK"|"Bury St Edmunds"|"Suffolk"|"IP33 3RL"|""|""|"www.wsc.ac.uk"|""|"Co-Ed"|""|""|""|0|0|"(16+)"|"20200227175832"|"AA00078"|""|0|0|17|"Y"|"Y"|"Y"|""|"***********************"|""
569|"Waltham Forest College"|"Forest Road"|"UK"|"London & Greater London"|"London & Greater London"|"E17 4JB"|"44 20 8501 8000"|"44 20 8501 8001"|"www.waltham.ac.uk"|"info@waltham.ac.uk"|"Co-Ed"|""|"Senior"|""|0|0|"(16+)"|"20200227182529"|"AA00078"|""|0|0|17|"N"|"Y"|"Y"|""|"***********************"|""
446|"Somerset College of Arts and Technology"|"Wellington Road"|"UK"|"Taunton"|"Somerset"|"TA1 5AX"|"44 18 2336 6331"|"44 18 2336 6418"|"www.somerset.ac.uk"|"enquiries@somerset.ac.uk"|"Co-Ed"|""|""|""|0|0|"(16+)"|"20200228152150"|"AA00078"|"20190615: University Centre Somerset is part of Bridgwater & Taunton College and works in partnership with Plymouth University, Oxford Brookes University, University of the West of England, and the Open University"|0|0|17|"Y"|"Y"|"Y"|""|"***********************"|""
648|"Stockport College"|"International Office, Town Centre Campus, Wellington Road South"|"UK"|"Stockport"|"Greater Manchester"|"SK1 3UQ"|"44 16 1958 3100"|"44 16 1480 6636"|"stockport.ac.uk"|"admissions@stockport.ac.uk"|"Co-Ed"|""|""|""|0|0|"(16+)"|"20200228151131"|"AA00078"|""|0|0|17|"Y"|"Y"|"Y"|""|"***********************"|""
449|"South Thames College"|"South Thames College"|"UK"|"London"|"London & Greater London"|""|"44 20 8918 7777"|""|"www.south-thames.ac.uk"|"studentservices@south-thames.ac.uk"|"Co-Ed"|""|""|""|0|0|"(16+)"|"20200228151809"|"AA00078"|"HTS"|0|0|17|"Y"|"Y"|"Y"|""|"***********************"|""
448|"South Devon College"|"Newton Road"|"UK"|"Torquay"|"Devon"|"TQ2 5BY"|"44 18 0354 0540"|""|"www.southdevon.ac.uk"|"enquiries@southdevon.ac.uk"|"Co-Ed"|""|""|""|0|0|"(16+)"|"20200228152006"|"AA00078"|"HTS"|0|0|17|"Y"|"Y"|"Y"|""|"***********************"|""
30219|"The King's Hospital School"|"The King's Hospital School Palmerstown, Dublin 20, D20 V256, Ireland."|"Ireland"|"Dublin"|"Ireland"|""|"+3531 643 6500"|""|"https://kingshospital.ie/"|"reception@thekingshospital.ie"|"Co-Ed"|""|""|""|0|0|""|"20250325181307"|"AA00136"|""|0|0|17|"Y"|"Y"|"Y"|""|"***********************"|""
106|"Crawley College"|"Harlands Road"|"UK"|"Haywards Heath"|"West Sussex"|"RH10 1NR"|""|""|"www.crawley.ac.uk"|""|"Co-Ed"|""|""|""|0|0|"(16+)"|"20200304110139"|"AA00078"|"20200304: Central Sussex College has merged and renamed as Crawley College."|0|0|17|"N"|"Y"|"Y"|""|"***********************"|""
30191|"Z_Day Place Application Fee9"|""|"N/A"|"N/A"|"N/A"|""|""|""|""|""|"Co-Ed"|""|""|""|0|0|""|"20241003113821"|"AA00098"|""|0|0|17|"N"|"Y"|"N"|""|"***********************"|""
30186|"Z_Day Place Application Fee3"|""|"N/A"|"N/A"|"N/A"|""|""|""|""|""|"Co-Ed"|""|""|""|0|0|""|"20231014153451"|"AA00098"|""|0|0|17|"N"|"Y"|"N"|""|"***********************"|""
162|"Edinburgh Academy"|"42 Henderson Row"|"UK"|"Edinburgh"|"Edinburgh"|"EH3 5BL"|""|""|"www.edinburghacademy.org.uk"|""|"Co-Ed"|"Independent School"|""|"Non denominational"|954|0|""|"20221201142831"|"AA00078"|"20221201: Status has been changed back to ""Normal"" as requested by exam"|0|0|17|"N"|"Y"|"Y"|""|"***********************"|""
30013|"Newland College"|"Newland Park"|"UK"|"Chalfont St Giles"|"Buckinghamshire"|"HP8 4AD"|""|""|"www.newlandcollege.co.uk"|"info@newlandcollege.co.uk"|"Co-Ed"|""|""|""|0|0|"(11-16)"|"20200228140508"|"AA00078"|"20200228: Can't find the school website
20181113: Formerly ""SKOLA- Newland College""
[25Mar14] Aim to offer the IB Diploma from 2016.
[22Mar14]
REGISTRAR station in another office:
Kasha Handcock
Skola Admissions, 
1st Floor, 111 Baker Street,
London W1U 6SG
kasha@skola.co.uk
Tel: + 44 (0) 207 298 8877
Fax: + 44 (0) 207 706 8171"|0|0|17|"N"|"Y"|"N"|""|"***********************"|""
690|"Atlantic College"|"St Donat's Castle, St Donats"|"UK"|"Llantwit Major"|"Vale of Glamorgan"|"CF61 1WF"|"44 14 4679 9000"|"44 14 4679 9277"|"www.atlanticcollege.org"|"enquiries@atlanticcollege.org"|"Co-Ed"|"Independent School"|"Sixth Form"|"Non denominational"|350|0|"(13-20)"|"20200304141026"|"AA00078"|"20180429: School do not publish exam results
[14Apr15] li po chun in HK is one of the united world colleges"|0|0|17|"Y"|"Y"|"Y"|""|"***********************"|""
30004|"Grimsby Institute"|"Nuns Corner"|"UK"|"Grimsby"|"North East Lincolnshire"|"DN34 5BQ"|"44 80 031 5002"|"44 14 7287 9924"|"www.grimsby.ac.uk/index.php"|"infocent@grimsby.ac.uk"|"Co-Ed"|"Further Education College"|""|""|0|0|"(14+)"|"20200226150843"|"AA00078"|""|0|0|17|"N"|"Y"|"N"|""|"***********************"|""
30181|"Warwick School (Day Place Application Fee)"|""|"N/A"|"N/A"|"N/A"|""|""|""|""|""|"Co-Ed"|""|""|""|0|0|""|"20230207085025"|"AA00079"|""|0|0|17|"N"|"Y"|"N"|""|"***********************"|""
527|"East Kent College"|"Ramsgate Road"|"UK"|"Broadstairs"|"Kent"|"CT10 1PN"|"44 18 4360 5040"|"44 18 4360 5013"|"www.ekcgroup.ac.uk"|""|"Co-Ed"|"Further Education College"|""|""|0|0|"(14+)"|"20200314154653"|"AA00078"|"20200314: The EKC Group has several colleges.
[10 Apr 2013] Changed name from Thanet College to East Kent College


* please contact Marina Barrett, EFL & International Assistant on Suzanne's absence, HTS"|0|0|17|"Y"|"Y"|"Y"|""|"***********************"|""
30185|"Z_Day Place Application Fee5"|""|"N/A"|"N/A"|"N/A"|""|""|""|""|""|"Co-Ed"|""|""|""|0|0|""|"20241003113738"|"AA00098"|""|0|0|17|"N"|"Y"|"N"|""|"***********************"|""
30182|"King's High Warwick (Day Place Application Fee)"|""|"N/A"|"N/A"|"N/A"|""|""|""|""|""|"Co-Ed"|""|""|""|0|0|""|"20230207085053"|"AA00079"|""|0|0|17|"N"|"Y"|"N"|""|"***********************"|""
354|"Leeds City College"|"Park Lane"|"UK"|"Leeds"|"Lancashire"|"LS3 1AA"|"44 84 5045 7275"|""|"http://www.leedscitycollege.ac.uk/"|"course.enquiry@leedscitycollege.ac.uk"|"Co-Ed"|"Further Education College"|""|""|0|0|"(14+)"|"20200226152157"|"AA00078"|"[10 Apr 2013] Park Lane College is now under Leeds City College as one of their campuses."|0|0|17|"Y"|"Y"|"Y"|""|"***********************"|""
30176|"Z_Day Place Application Fee10"|""|"N/A"|"N/A"|"N/A"|""|""|""|""|""|"Co-Ed"|""|""|""|0|0|""|"20241003114031"|"AA00098"|""|0|0|17|"N"|"Y"|"N"|""|"***********************"|""
231|"Hull College"|"Queen’s Gardens"|"UK"|"Hull"|"Hull"|"HU1 3DG"|""|""|"www.hull-college.ac.uk"|""|"Co-Ed"|""|""|""|0|0|"(14+)"|"20200227145238"|"AA00078"|""|0|0|17|"Y"|"Y"|"Y"|""|"***********************"|""
79|"Bromley College"|"Rookery Lane"|"UK"|"Bromley"|"Kent"|"BR2 8HE"|""|""|"www.lsec.ac.uk/locations/bromley"|""|"Co-Ed"|""|""|""|0|0|"(14+)"|"20200227121106"|"AA00078"|"20190726: Former website: www.bromley.ac.uk. Now one of the London South East Colleges"|0|0|17|"N"|"Y"|"Y"|""|"***********************"|""
297|"London International Study Centre"|"392- 394 Ewell Road"|"UK"|"Surbiton"|"Surrey"|"KT6 7BB"|"44 20 8390 8810"|"44 20 8390 4775"|"www.londonisc.com"|"contact@londonisc.com"|"Co-Ed"|""|""|""|0|0|"(14-19)"|"20200227160802"|"AA00078"|""|0|0|17|"Y"|"Y"|"Y"|""|"***********************"|""
69|"Bournemouth & Poole College"|"The Lansdowne"|"UK"|"Bournemouth"|"Dorset"|"BH1 3JJ"|"44 12 0220 5205"|""|"www.thecollege.co.uk/"|""|"Co-Ed"|"Further Education College"|""|""|0|0|"(14-19)"|"20200226145954"|"AA00078"|"20141011: AA lapsed contract with this college, if you have any student interested in this college, pls let B know."|0|0|17|"Y"|"Y"|"Y"|""|"***********************"|""
97|"Cambridge Regional College"|"Kings Hedges Road"|"UK"|"Cambridge"|"Cambridgeshire"|"CB4 2QT"|""|""|"www.camre.ac.uk"|""|"Co-Ed"|""|""|""|0|0|"(16+)"|"20230221151856"|"AA00078"|"Old address: City Centre Campus, Newmarket Road, Cambridge, Cambridgeshire, CB5 8EG
English and adult courses"|0|0|17|"Y"|"Y"|"Y"|""|"***********************"|""
30061|"Oxford International Education Group"|"259 Greenwich High Road"|"United Kingdom"|"Greenwich"|"London"|"SE10 8NB"|"+44 020 8293 1188"|""|"www.oxfordinternational.com"|"info@oxfordinternational.com"|"Co-Ed"|""|""|""|0|0|""|"20230131122809"|"AA00078"|"20230131: From January 2023, East Coast Language College and East Coast International College will be referred to as Oxford International Halifax and Oxford International College Halifax respectively."|0|0|17|"N"|"Y"|"N"|""|"***********************"|""
30188|"CATS Cambridge (Day Place Application Fee)"|""|"N/A"|"N/A"|"N/A"|""|""|""|""|""|"Co-Ed"|""|""|""|0|0|""|"20230207085302"|"AA00079"|""|0|0|17|"N"|"Y"|"N"|""|"***********************"|""
30189|"Guildhouse School (Day Place Application Fee)"|""|"N/A"|"N/A"|"N/A"|""|""|""|""|""|"Co-Ed"|""|""|""|0|0|""|"20230207085323"|"AA00079"|""|0|0|17|"N"|"Y"|"N"|""|"***********************"|""
30190|"St. Michael's School (Day Place Application Fee)"|""|"N/A"|"N/A"|"N/A"|""|""|""|""|""|"Co-Ed"|""|""|""|0|0|""|"20230207085345"|"AA00079"|""|0|0|17|"N"|"Y"|"N"|""|"***********************"|""
30211|"Leading Education"|""|"UK"|"London"|"London & Greater London"|""|""|""|""|""|"Co-Ed"|""|""|""|0|0|""|"20240530114335"|"AA00084"|""|0|0|17|"N"|"Y"|"N"|""|"***********************"|""
30163|"Guildhouse School"|""|"N/A"|"N/A"|"N/A"|""|""|""|""|""|"Co-Ed"|""|""|""|0|0|""|"20230207225351"|"AA00079"|""|0|0|17|"N"|"Y"|"N"|"guildho"|"***********************"|""
192|"Giggleswick School"|"Giggleswick"|"UK"|"Settle"|"North Yorkshire"|"BD24 0DE"|"44 17 2989 3000"|"44 17 2989 3150"|"www.giggleswick.org.uk/"|""|"Co-Ed"|"Independent School 1"|"Senior"|"Church of England"|441|182|"10-18 (2-18)"|"20241207174548"|"AA00107"|"20200219: Giggleswick Junior School (Board Age:9-11, Age Range:3-11) is the junior school of Giggleswick School."|0|0|17|"Y"|"Y"|"Y"|"giggleswick"|"***********************"|"facilities_gd, friendly, good feedback, art_gd, activities_gd"
30221|"Southbank International School"|""|"London"|"London"|"London"|""|""|""|""|""|"Co-Ed"|""|""|""|0|0|""|"20250527170959"|"AA00129"|""|0|0|17|"N"|"Y"|"N"|""|"***********************"|""
30220|"Sable International (Cross-border Financial and Immigration)"|"5th Floor, 18 St. Swithin's Lane, London, EC4N 8AD"|"London"|"Swithin's Lane"|"London"|"EC4N 8AD"|"+44 (0) 20 7759 7514"|""|"https://www.sableinternational.com/"|"se@sableinternational.com"|"."|""|""|""|0|0|""|"20250514161944"|"AA00113"|"cc:se@sableinternational.com
Subject: Visa Support for [Child Name] – [School Name] Entry 2025/26

Dear [Parent Name],
Thank you for confirming that [Child Name] will be attending [School Name] in the 2025/2026 academic year.
We highly recommend engaging with our trusted immigration partner, Sable International, based in the UK, to assist with [Child Name]’s visa application. I’ve CC’d them into this email, and they will follow up shortly to discuss their services.
Please don’t hesitate to contact us if you have any questions.
Best regards,
[Consultant Name]
Academic Asia"|0|0|17|"N"|"N"|"N"|""|"***********************"|""
377|"Queen Margaret's School"|"Escrick Park"|"UK"|"York"|"North Yorkshire"|"YO19 6EU"|"44 19 0472 7600 (main switchboard)"|""|"www.queenmargarets.com/"|"enquiries@queenmargarets.com"|"Girls"|"Independent School"|"Senior"|"Church of England"|213|127|"11-19 (11-19)"|"20250614015540"|"AA00007"|"20250614: closed in July 2025
AL subject: No Law, No Psy, hv Govt & Politics
 need guardian details before issuing CAS... (14/5/2012)"|0|0|17|"Y"|"N"|"Y"|""|"***********************"|"activities_gd, busy_life, chinese_few, down_to_earth, dance_academic"
214|"Harrogate Ladies' College (New name from Sept 2026: Duchy College, Harrogate)"|"Clarence Drive"|"UK"|"Harrogate"|"North Yorkshire"|"HG1 2QG"|"44 14 2350 4543"|"44 14 2356 8893"|"www.hlc.org.uk"|"enquire@hlc.org.uk"|"Girls"|"Independent School 1"|"All"|"Church of England"|557|127|"10-18 (9-18)"|"20250614155314"|"AA00136"|"gradually become a full co-ed school over the next 5 years as follows

•	September 2026: co-ed in Year 7 and Year 12 (all other year groups will be girls only)
•	September 2027: co-ed in Years 7, 8, 12 and 13 (all other year groups will be girls only)
•	September 2028: co-ed in Years 7, 8, 9, 12 and 13 (Year 10 and 11 will be girls only)
•	September 2029: co-ed in Years 7, 8, 9, 10, 12 and 13 (Year 11 will be co-ed)
•	September 2030: fully co-ed from Year 7 to Year 13

[23Feb16] 1 Year GCSE students are fully integrated into our main school and they attend standard Year 11 classes, as well as “top up” classes to cover the Year 10 syllabus.
[11Mar15] From the Autumn Term 2015, the Non EU boarding fee will not include EAL or IELTS lessons. Instead, these lessons will be charged separately to parents on a termly basis."|0|0|17|"Y"|"Y"|"Y"|"harrogate"|"***********************"|"campus_small, friendly, chinese_many"
30222|"Attentus Guardianship"|""|"UK"|"UK"|"UK"|""|""|""|""|""|"."|""|""|""|0|0|""|"20250621121521"|"AA00129"|""|0|0|17|"N"|"Y"|"N"|""|"***********************"|""
500|"St. Swithun's School"|"Alresford Road"|"UK"|"Winchester"|"Hampshire"|"SO21 1HA"|"44 19 6283 5700"|"44 19 6283 5779"|"www.stswithuns.com"|""|"Girls"|"Independent School 1"|"Senior"|"Anglican"|522|228|"11-18 (11-18)"|"20250704224341"|"AA00007"|""|0|0|17|"Y"|"Y"|"Y"|""|"***********************"|"chinese_few, famous_uk, rural, traditional"
30223|"Aysgarth School"|""|"UK"|"North Yorkshire"|"UK"|""|""|""|""|""|"Co-Ed"|""|""|""|0|0|""|"20250723113221"|"AA00129"|""|0|0|17|"N"|"Y"|"N"|""|"***********************"|""
